####
#
# OBJ File Generated by Meshlab
#
####
# Object ankle_pitch.OBJ
#
# Vertices: 2694
# Faces: 5698
#
####
vn 1.0712300979114444 3.0966004537027638 2.8038588662316526
v 0.0053326585330069 0.0119932387024164 0.0096216537058353
vn 1.4943521451991129 3.1362759543756518 2.6303984912241081
v 0.0054335994645953 0.0120000001043081 0.0095643084496260
vn -1.4943594643862186 3.1362789461389768 -2.6303947003590284
v 0.0029637815896422 0.0120000001043081 0.0052168956026435
vn -1.0712341204468072 3.0965931772126103 -2.8038563169133282
v 0.0030647222883999 0.0119932387024164 0.0051595498807728
vn 1.8600003528739650 3.0965898180312519 2.3557496741376269
v 0.0055345399305224 0.0119932387024164 0.0095069631934166
vn 2.3648195233624811 2.9321697459598890 2.0020524996964557
v 0.0057309800758958 0.0119396923109889 0.0093953628093004
vn -0.5089477699948051 2.9321665007479067 -3.0563960110466537
v 0.0032611619681120 0.0119396923109889 0.0050479499623179
vn 2.9277493700604458 2.6070176240855880 1.6822409205011475
v 0.0059113879688084 0.0118354875594378 0.0092928707599640
vn 0.0539881505699691 2.6070141385980672 -3.3762036043789028
v 0.0034415698610246 0.0118354875594378 0.0049454583786428
vn 3.4103102691762541 2.1413108527544105 1.4080960657495847
v 0.0060660382732749 0.0116862412542105 0.0092050125822425
vn 0.5365476806210159 2.1413161612386267 -3.6503532829037693
v 0.0035962201654911 0.0116862412542105 0.0048575997352600
vn 3.7864898696782752 1.5601772758104364 1.1943782313468680
v 0.0061865933239460 0.0115000000223517 0.0091365231201053
vn 0.9127216875278639 1.5601793500617243 -3.8640604006529027
v 0.0037167754489928 0.0115000000223517 0.0047891107387841
vn 4.0359917311356126 0.8949259252942792 1.0526394677327469
v 0.0062665543518960 0.0112868035212159 0.0090910969302058
vn 1.1622291911410030 0.8949281468200848 -4.0058072742553703
v 0.0037967367097735 0.0112868035212159 0.0047436836175621
vn 4.1453838512333139 0.1814326526564731 0.9904874165157607
v 0.0063016107305884 0.0110581452026963 0.0090711805969477
vn 1.2716186929310545 0.1814314943374864 -4.0679539580283741
v 0.0038317930884659 0.0110581452026963 0.0047237677499652
vn 4.1087540210194682 -0.5418394555180484 1.0113035593128301
v 0.0062898723408580 0.0108263520523906 0.0090778497979045
vn 1.2349906917900229 -0.5418435750403507 -4.0471451625550046
v 0.0038200546987355 0.0108263520523906 0.0047304364852607
vn 3.9280833335040417 -1.2359061066445511 1.1139388459623250
v 0.0062319724820554 0.0106039205566049 0.0091107431799173
vn 1.0543206866757946 -1.2359072685668961 -3.9445058510648132
v 0.0037621543742716 0.0106039205566049 0.0047633303329349
vn 3.6131142164398642 -1.8633474250213757 1.2928768822528449
v 0.0061310315504670 0.0104028414934874 0.0091680884361267
vn 0.7393514420139954 -1.8633436861051258 -3.7655663731259263
v 0.0036612136755139 0.0104028414934874 0.0048206760548055
vn 3.1808265651707339 -2.3903285119690816 1.5384668684993459
v 0.0059924917295575 0.0102339554578066 0.0092467945069075
vn 0.3070620424589174 -2.3903261427320088 -3.5199791275789449
v 0.0035226740874350 0.0102339554578066 0.0048993821255863
vn 2.6545160671936845 -2.7884434519256902 1.8374690278125283
v 0.0058238222263753 0.0101063670590520 0.0093426182866096
vn -0.2192490273309331 -2.7884437223638607 -3.2209712766542937
v 0.0033540045842528 0.0101063670590520 0.0049952049739659
vn 2.0625635380260987 -3.0362393167552373 2.1737661120387020
v 0.0056341160088778 0.0100269550457597 0.0094503927975893
vn -0.8112023940852804 -3.0362433851519626 -2.8846807035273647
v 0.0031642979010940 0.0100269550457597 0.0051029799506068
vn 1.4368792464577027 -3.1203501014774622 2.5292223658480801
v 0.0054335994645953 0.0099999997764826 0.0095643084496260
vn -1.4368796393000072 -3.1203505755498755 -2.5292220344949277
v 0.0029637815896422 0.0099999997764826 0.0052168956026435
vn 0.8111994844347469 -3.0362416395742091 2.8846818251617012
v 0.0052330829203129 0.0100269550457597 0.0096782241016626
vn -2.0625635196730583 -3.0362388411423717 -2.1737671278746480
v 0.0027632650453597 0.0100269550457597 0.0053308112546802
vn 0.2192498603440013 -2.7884515747769001 3.2209725549705954
v 0.0050433762371540 0.0101063670590520 0.0097859986126423
vn -2.6545140139728494 -2.7884489187762416 -1.8374678303259748
v 0.0025735583622009 0.0101063670590520 0.0054385862313211
vn -0.3070551109799584 -2.3903266566954553 3.5199747253495990
v 0.0048747067339718 0.0102339554578066 0.0098818223923445
vn -3.1808227547083034 -2.3903250500509134 -1.5384697781900052
v 0.0024048888590187 0.0102339554578066 0.0055344090797007
vn -0.7393535503993958 -1.8633395080458144 3.7655647082279611
v 0.0047361669130623 0.0104028414934874 0.0099605284631252
vn -3.6131149022604645 -1.8633419060761343 -1.2928775820347720
v 0.0022663492709398 0.0104028414934874 0.0056131151504815
vn -1.0543226378676325 -1.2359084874667097 3.9445096331165983
v 0.0046352264471352 0.0106039205566049 0.0100178737193346
vn -3.9280860718234600 -1.2359070013139140 -1.1139401822221264
v 0.0021654085721821 0.0106039205566049 0.0056704608723521
vn -1.2349876530004771 -0.5418427818152149 4.0471412143007459
v 0.0045773261226714 0.0108263520523906 0.0100507680326700
vn -4.1087535793238663 -0.5418436777828862 -1.0112995168861276
v 0.0021075082477182 0.0108263520523906 0.0057033547200263
vn -1.2716212753619058 0.1814317579433903 4.0679578297113999
v 0.0045655877329409 0.0110581452026963 0.0100574363023043
vn -4.1453814736580128 0.1814324529194901 -0.9904908817138680
v 0.0020957698579878 0.0110581452026963 0.0057100234553218
vn -1.1622277539760626 0.8949229958161229 4.0058063956738943
v 0.0046006441116333 0.0112868035212159 0.0100375209003687
vn -4.0359936386072022 0.8949279264409282 -1.0526343881256497
v 0.0021308262366802 0.0112868035212159 0.0056901075877249
vn -0.9127200564942846 1.5601816047669612 3.8640567016870291
v 0.0046806051395833 0.0115000000223517 0.0099920937791467
vn -3.7864840251046772 1.5601769850531606 -1.1943858060945507
v 0.0022107874974608 0.0115000000223517 0.0056446804665029
vn -0.5365487001906774 2.1413190965646454 3.6503561330922030
v 0.0048011606559157 0.0116862412542105 0.0099236043170094
vn -3.4103137524788156 2.1413173450835687 -1.4080917397290589
v 0.0023313427809626 0.0116862412542105 0.0055761919356883
vn -0.0539867472908621 2.6070102393738188 3.3762014576669355
v 0.0049558109603822 0.0118354875594378 0.0098357461392879
vn -2.9277481300969415 2.6070120260035301 -1.6822437899441747
v 0.0024859930854291 0.0118354875594378 0.0054883328266442
vn 0.5089523746994876 2.9321687950365014 3.0563935215541260
v 0.0051362188532948 0.0119396923109889 0.0097332540899515
vn -2.3648184893750495 2.9321712953086227 -2.0020532807971474
v 0.0026664009783417 0.0119396923109889 0.0053858412429690
vn -1.8600015862877006 3.0965922231512115 -2.3557478139347361
v 0.0028628406580538 0.0119932387024164 0.0052742413245142
vn 3.1036650647804604 -0.0000001330018812 5.4631200581733781
v 0.0054335994645953 0.0109999999403954 0.0095643084496260
vn -3.1036644450822131 0.0000001160256808 -5.4631204102316273
v 0.0029637815896422 0.0109999999403954 0.0052168956026435
vn 3.1058731010180560 2.9804855329752713 0.3990644601517120
v 0.0119021562859416 0.0115000000223517 0.0015292717143893
vn 0.0000000000000000 6.2831853071795862 0.0000000000000000
v 0.0110502485185862 0.0115000000223517 0.0030434485524893
vn 3.0016383724747921 2.9804851445362002 0.8921137463255508
v 0.0115027138963342 0.0115000000223517 0.0034187089186162
vn 0.2736793962630785 2.9804849237111579 -3.1194229063646097
v 0.0010487803956494 0.0115000000223517 -0.0119540812447667
vn 0.0000000000000000 6.2831853071795862 0.0000000000000000
v 0.0030434485524893 0.0115000000223517 -0.0110502485185862
vn 0.7705258042168934 2.9804858636434082 -3.0351260945429002
v 0.0029527680017054 0.0115000000223517 -0.0116310426965356
vn -2.2102280820422955 3.0935590244082665 -2.2313234772734045
v -0.0085683623328805 0.0115000000223517 -0.0084013789892197
vn 0.0000000000000000 6.2831853071795845 0.0000000000000000
v -0.0070352461189032 0.0115000000223517 -0.0092294486239552
vn -2.0131995518630479 3.0224336119873518 -2.4045039144581231
v -0.0078947972506285 0.0115000000223517 -0.0090372655540705
vn -3.0636903463109819 2.9804844698785860 -0.6476888013218217
v -0.0117405066266656 0.0115000000223517 -0.0024820382241160
vn 0.0000000000000000 6.2831853071795871 0.0000000000000000
v -0.0110502485185862 0.0115000000223517 -0.0030434485524893
vn -2.9201196879013254 2.9804857853742504 -1.1307525684750306
v -0.0111903222277761 0.0115000000223517 -0.0043332069180906
vn 1.1052303242358521 5.8231098044093947 0.7931055898915711
v 0.0007894855807535 0.0115000000223517 0.0110057583078742
vn 0.0000000000000000 6.2831853071795862 0.0000000000000000
v 0.0009544982458465 0.0115000000223517 0.0087789660319686
vn 1.1161578190157304 5.8231093059064243 -0.7776529895257576
v 0.0008242667536251 0.0115000000223517 0.0060058790259063
vn -1.2315454240349659 5.8231097848181959 -0.5777941091264427
v -0.0099920937791467 0.0115000000223517 0.0046806051395833
vn 0.1342345915014697 5.8231094138969572 -1.3537107974385969
v -0.0056446804665029 0.0115000000223517 0.0022107874974608
vn 0.0000000000000000 6.2831853071795862 0.0000000000000000
v -0.0078164497390389 0.0115000000223517 0.0026487349532545
vn -0.7776533146169952 5.8231090312512546 -1.1161579974113223
v -0.0109937097877264 0.0115000000223517 -0.0009425236494280
vn 0.0154530859828727 5.3630334781939473 -2.2213883645155277
v -0.0098521756008267 0.0115000000223517 -0.0009345827274956
vn 1.2394656783329339 5.8231090186851286 -0.5606052198990485
v -0.0047369385138154 0.0115000000223517 -0.0037830430082977
vn 0.0000000000000000 6.2831853071795809 0.0000000000000000
v -0.0070523014292121 0.0115000000223517 -0.0053147305734456
vn -0.1153885366991335 5.8231104710595432 -1.3554458039589641
v -0.0090495701879263 0.0115000000223517 -0.0063131046481431
vn 1.3554455801232459 5.8231105791913720 -0.1153886680150432
v 0.0063131046481431 0.0115000000223517 -0.0090495701879263
vn 0.0000000000000000 6.2831853071795880 0.0000000000000000
v 0.0062772468663752 0.0115000000223517 -0.0053580645471811
vn 0.0000000000000000 6.2831853071795845 0.0000000000000000
v 0.0092294486239552 0.0115000000223517 -0.0070352461189032
vn 0.7776529906057061 5.8231093627303521 1.1161576637736934
v -0.0060058790259063 0.0115000000223517 0.0008242667536251
vn -0.7931055921367478 5.8231096367322923 1.1052306469906192
v -0.0110057583078742 0.0115000000223517 0.0007894855807535
vn 1.2024335749489912 3.3832531962579355 2.8775618193607726
v 0.0021205660887063 0.0115000000223517 0.0050747608765960
vn 0.4788470744752902 3.3832542632107967 3.0817061419980112
v 0.0008444766863249 0.0115000000223517 0.0054347827099264
vn 0.0000000000000000 6.2831853071795862 0.0000000000000000
v 0.0026487349532545 0.0115000000223517 0.0078164497390389
vn -1.3554455801232459 5.8231105791913720 0.1153886680150432
v -0.0063131046481431 0.0115000000223517 0.0090495701879263
vn -0.5606052596966862 5.8231089818785593 -1.2394657016807162
v -0.0037830430082977 0.0115000000223517 0.0047369385138154
vn -2.2641785056333203 3.3832535045104599 2.1446920191480396
v -0.0039930208586156 0.0115000000223517 0.0037822986487299
vn 1.3554479825718388 5.8231089395901803 -0.1153882610624049
v -0.0022891038097441 0.0115000000223517 0.0056133773177862
vn 0.0000000000000000 6.2831853071795862 0.0000000000000000
v -0.0030434485524893 0.0115000000223517 0.0110502485185862
vn -1.1161580316413908 5.8231090186213521 0.7776531758292230
v -0.0009425236494280 0.0115000000223517 0.0109937097877264
vn -1.1052316348897711 5.8231087595528477 -0.7931062412984025
v -0.0009077420691028 0.0115000000223517 0.0059938305057585
vn -1.0081424663120226 3.3832538276504418 2.9512466092089098
v -0.0017779222689569 0.0115000000223517 0.0052047087810934
vn -1.6851274318041942 3.3832535663506489 2.6242243859697885
v -0.0029718275181949 0.0115000000223517 0.0046279844827950
vn -0.2725683706763228 3.3832532807966693 3.1067531137630384
v -0.0004806909419131 0.0115000000223517 0.0054789539426565
vn 0.0000000000000000 6.2831853071795845 0.0000000000000000
v 0.0053580645471811 0.0115000000223517 0.0062772468663752
vn 0.1153886045138894 5.8231105332575828 1.3554456883647095
v 0.0090495701879263 0.0115000000223517 0.0063131046481431
vn -1.2394657016807162 5.8231089818785593 0.5606052596966862
v 0.0047369385138154 0.0115000000223517 0.0037830430082977
vn 1.8561378440695353 3.3832534282119591 2.5061844617443323
v 0.0032734160777181 0.0115000000223517 0.0044198129326105
vn 2.4019712648894660 3.3832541459630163 1.9891559635871146
v 0.0042360271327198 0.0115000000223517 0.0035080017987639
vn 2.8082107081750145 3.3832531178994927 1.3565254282312202
v 0.0049524554051459 0.0115000000223517 0.0023923176340759
vn -0.1153883221215976 5.8231090092575526 -1.3554478784930966
v 0.0056133773177862 0.0115000000223517 0.0022891038097441
vn 3.0512467789009481 3.3832539524608398 0.6450587008925541
v 0.0053810654208064 0.0115000000223517 0.0011376012116671
vn 1.2394648492872833 5.8231098801365508 -0.5606043693730748
v 0.0099260089918971 0.0115000000223517 0.0048191649839282
vn -0.7931062412984025 5.8231087595528468 1.1052316348897711
v 0.0059938305057585 0.0115000000223517 0.0009077420691028
vn 3.1169557642355921 3.3832537301148085 -0.1038973519131248
v 0.0054969470947981 0.0115000000223517 -0.0001832286798162
vn -0.7776529895257573 5.8231093059064243 -1.1161578190157304
v 0.0060058790259063 0.0115000000223517 -0.0008242667536251
vn 3.0015186166768912 3.3832532788976462 -0.8468142786669419
v 0.0052933660335839 0.0115000000223517 -0.0014934099745005
vn 0.0000000000000000 6.2831853071795880 0.0000000000000000
v 0.0078164497390389 0.0115000000223517 -0.0026487349532545
vn -1.2315461308505151 5.8231093587286491 -0.5777944955036405
v 0.0047891107387841 0.0115000000223517 -0.0037167754489928
vn 2.2641785056333203 3.3832535045104595 -2.1446920191480396
v 0.0039930208586156 0.0115000000223517 -0.0037822986487299
vn 2.7116440139256923 3.3832538579323921 -1.5405176035110624
v 0.0047821542248130 0.0115000000223517 -0.0027167997322977
vn -0.1342345915014697 5.8231094138969572 1.3537107974385969
v 0.0056446804665029 0.0115000000223517 -0.0022107874974608
vn 1.6851274318041942 3.3832535663506489 -2.6242243859697885
v 0.0029718275181949 0.0115000000223517 -0.0046279844827950
vn 0.5606052198990485 5.8231090186851269 1.2394656783329339
v 0.0037830430082977 0.0115000000223517 -0.0047369385138154
vn -1.3554480240692908 5.8231089219801255 0.1153882367173710
v 0.0022891038097441 0.0115000000223517 -0.0056133773177862
vn -0.5606040941081257 5.8231100378711931 -1.2394646877992739
v 0.0048191649839282 0.0115000000223517 -0.0099260089918971
vn 1.0081424663120226 3.3832538276504414 -2.9512466092089098
v 0.0017779222689569 0.0115000000223517 -0.0052047087810934
vn 0.2725683706763228 3.3832532807966689 -3.1067531137630384
v 0.0004806909419131 0.0115000000223517 -0.0054789539426565
vn -1.1052307381546620 5.8231096123043677 -0.7931055927709025
v -0.0007894855807535 0.0115000000223517 -0.0110057583078742
vn 0.0000000000000000 6.2831853071795871 0.0000000000000000
v -0.0026487349532545 0.0115000000223517 -0.0078164497390389
vn -1.1161575808736330 5.8231094012053433 0.7776529911823955
v -0.0008242667536251 0.0115000000223517 -0.0060058790259063
vn -0.4788470744752902 3.3832542632107971 -3.0817061419980112
v -0.0008444766863249 0.0115000000223517 -0.0054347827099264
vn 1.1052312623040197 5.8231089324747893 0.7931062387066599
v 0.0009077420691028 0.0115000000223517 -0.0059938305057585
vn -1.2024335749489912 3.3832531962579355 -2.8775618193607726
v -0.0021205660887063 0.0115000000223517 -0.0050747608765960
vn 1.3537107974385969 5.8231094138969572 0.1342345915014697
v -0.0022107874974608 0.0115000000223517 -0.0056446804665029
vn -1.8561378440695353 3.3832534282119591 -2.5061844617443323
v -0.0032734160777181 0.0115000000223517 -0.0044198129326105
vn -0.5777944889782991 5.8231093630615804 1.2315461271433894
v -0.0037167754489928 0.0115000000223517 -0.0047891107387841
vn -2.4019712648894660 3.3832541459630168 -1.9891559635871146
v -0.0042360271327198 0.0115000000223517 -0.0035080017987639
vn 0.0000000000000000 6.2831853071795862 0.0000000000000000
v -0.0053580645471811 0.0115000000223517 -0.0062772468663752
vn 0.1153882367173710 5.8231089219801255 1.3554480240692908
v -0.0056133773177862 0.0115000000223517 -0.0022891038097441
vn -2.8082107081750145 3.3832531178994922 -1.3565254282312202
v -0.0049524554051459 0.0115000000223517 -0.0023923176340759
vn -3.0512467789009481 3.3832539524608398 -0.6450587008925541
v -0.0053810654208064 0.0115000000223517 -0.0011376012116671
vn 0.7931062416101277 5.8231089242785590 -1.1052312926943422
v -0.0059938305057585 0.0115000000223517 -0.0009077420691028
vn -1.2394648741092675 5.8231098669925405 0.5606044116835236
v -0.0099260089918971 0.0115000000223517 -0.0048191649839282
vn -3.1169557642355921 3.3832537301148085 0.1038973519131248
v -0.0054969470947981 0.0115000000223517 0.0001832286798162
vn -3.0015186166768912 3.3832532788976462 0.8468142786669419
v -0.0052933660335839 0.0115000000223517 0.0014934099745005
vn 2.8196628715473304 2.9804855218545159 1.3620577979652713
v 0.0108053572475910 0.0115000000223517 0.0052196020260453
vn 2.5646598698619858 2.9804855194855873 1.7967247714173706
v 0.0098281474784017 0.0115000000223517 0.0068853111006320
vn 2.2432327557176546 2.9804847443648557 2.1848584261676827
v 0.0085963942110538 0.0115000000223517 0.0083726942539215
vn 1.8637073980825780 2.9804857567223775 2.5164051888424837
v 0.0071419985033572 0.0115000000223517 0.0096432277932763
vn 0.7776531765079245 5.8231090936190286 1.1161579340813612
v 0.0109937097877264 0.0115000000223517 0.0009425236494280
vn 0.7931055921367478 5.8231096367322923 -1.1052306469906192
v 0.0110057583078742 0.0115000000223517 -0.0007894855807535
vn 3.1296671953048900 2.9804848253013758 -0.1043208963840564
v 0.0119933392852545 0.0115000000223517 -0.0003997717576567
vn 3.0724047933603504 2.9804860563709550 -0.6050036058056328
v 0.0117739001289010 0.0115000000223517 -0.0023184616584331
vn 1.2315454240349659 5.8231097848181959 0.5777941091264427
v 0.0099920937791467 0.0115000000223517 -0.0046806051395833
vn 0.0000000000000000 6.2831853071795862 0.0000000000000000
v 0.0107686510309577 0.0115000000223517 -0.0043259160593152
vn 0.1342343517664514 5.8231089972280765 -1.3537114813353934
v 0.0091365231201053 0.0115000000223517 -0.0061865933239460
vn 1.2474163600913104 2.9804846311187694 -2.8722207216109568
v 0.0047802818007767 0.0115000000223517 -0.0110067669302225
vn 1.6919995624065010 2.9804858726948371 -2.6349265478795818
v 0.0064839874394238 0.0115000000223517 -0.0100974207744002
vn 2.0927604017521189 2.9804848615626276 -2.3293890899445451
v 0.0080197621136904 0.0115000000223517 -0.0089265573769808
vn 2.4393201892389573 2.9804856970880271 -1.9635216594848168
v 0.0093478281050920 0.0115000000223517 -0.0075245006009936
vn -0.2302545925602067 2.9804862156358256 -3.1229286776965521
v -0.0008823706302792 0.0115000000223517 -0.0119675146415830
vn 1.1161581831462601 5.8231089780247567 -0.7776531747752737
v 0.0009425236494280 0.0115000000223517 -0.0109937097877264
vn 0.5777941091264427 5.8231097848181959 -1.2315454240349659
v -0.0046806051395833 0.0115000000223517 -0.0099920937791467
vn 0.0000000000000000 6.2831853071795862 0.0000000000000000
v -0.0043259160593152 0.0115000000223517 -0.0107686510309577
vn -1.3537114813353934 5.8231089972280765 -0.1342343517664514
v -0.0061865933239460 0.0115000000223517 -0.0091365231201053
vn -3.1279131736454988 2.9804862681745625 -0.1478510165635271
v -0.0119866160675883 0.0115000000223517 -0.0005665873177350
vn 0.0000000000000000 6.2831853071795889 0.0000000000000000
v -0.0062772468663752 0.0115000000223517 0.0053580645471811
vn 1.2315461308505151 5.8231093587286491 0.5777944955036405
v -0.0047891107387841 0.0115000000223517 0.0037167754489928
vn -0.1342343517664514 5.8231089972280765 1.3537114813353934
v -0.0091365231201053 0.0115000000223517 0.0061865933239460
vn -2.8684747876032524 3.0207620727303466 1.2670739811889900
v -0.0108769284561276 0.0115000000223517 0.0050687701441348
vn -3.0137592935376576 2.9804856033159988 0.8502676868378509
v -0.0115491626784205 0.0115000000223517 0.0032583491411060
vn -3.1111243781784013 2.9804848075345540 0.3558155311812303
v -0.0119222803041339 0.0115000000223517 0.0013635382056236
vn -2.7293446647224462 3.0610387275011224 1.5505740719956784
v -0.0104337912052870 0.0115000000223517 0.0059275631792843
vn -2.5570572069482180 3.0207625139571697 1.8152362886875497
v -0.0099229868501425 0.0115000000223517 0.0067479130811989
vn -2.2734122683864526 2.9804851758635009 2.1534383061153024
v -0.0087120458483696 0.0115000000223517 0.0082522882148623
vn -1.8985360883139002 2.9804852609485275 2.4902330551612462
v -0.0072754668071866 0.0115000000223517 0.0095429336652160
vn 0.5606040941081257 5.8231100378711931 1.2394646877992739
v -0.0048191649839282 0.0115000000223517 0.0099260089918971
vn -1.4744895238157114 2.9804857232987647 2.7625316211404405
v -0.0056504569947720 0.0115000000223517 0.0105864219367504
vn -1.0122539063511589 2.9804848882791566 2.9632822480688525
v -0.0038791040424258 0.0115000000223517 0.0113557279109955
vn -2.7116440139256923 3.3832538579323925 1.5405176035110624
v -0.0047821542248130 0.0115000000223517 0.0027167997322977
vn -2.7009198767126290 2.9804854867267729 -1.5845289350315297
v -0.0103503158316016 0.0115000000223517 -0.0060721463523805
vn -2.4630916350525069 3.0285172650411418 -1.9419756180594032
v -0.0092422412708402 0.0115000000223517 -0.0076538217253983
vn -2.3085036724722703 3.0996456896992397 -2.1298061699830386
v -0.0087252315133810 0.0115000000223517 -0.0082383453845978
vn -0.7282261139056023 2.9804842459786540 -3.0455518171955225
v -0.0027906687464565 0.0115000000223517 -0.0116709973663092
vn -1.2073376278230801 2.9804858021742500 -2.8892968398077690
v -0.0046266894787550 0.0115000000223517 -0.0110722053796053
vn -1.6551778586919585 2.9804855145857641 -2.6582111286582406
v -0.0063428818248212 0.0115000000223517 -0.0101866498589516
vn 2.9355685854419531 2.9804849222987735 -1.0900168621353692
v 0.0112495245411992 0.0115000000223517 -0.0041771046817303
vn 2.7227023946070057 2.9804852567332487 -1.5468004443729737
v 0.0104337912052870 0.0115000000223517 -0.0059275631792843
vn 1.4359136553273180 2.9804853378557272 2.7827777458812797
v 0.0055026290938258 0.0115000000223517 0.0106640076264739
vn 0.9709305411130682 2.9804856870983931 2.9770781261701753
v 0.0037207442801446 0.0115000000223517 0.0114085953682661
vn 0.4808000925813185 2.9804848459246536 3.0942738873747317
v 0.0018424945883453 0.0115000000223517 0.0118577070534229
vn -0.0217832498746805 2.9804854025384548 3.1313296775898829
v -0.0000834757011035 0.0115000000223517 0.0119997095316648
vn -0.5238012874342952 2.9804855866187099 3.0872856066016707
v -0.0020072832703590 0.0115000000223517 0.0118309259414673
vn -2.2102280820422959 -3.0935590244082660 -2.2313234772734045
v -0.0085683623328805 0.0104999998584390 -0.0084013789892197
vn 0.0000000000000000 -6.2831853071795845 0.0000000000000000
v -0.0070352461189032 0.0104999998584390 -0.0092294486239552
vn 0.0000000000000000 -6.2831853071795845 0.0000000000000000
v -0.0053580645471811 0.0104999998584390 -0.0062772468663752
vn -0.1153886141764914 -5.8231104110267840 -1.3554459190131749
v -0.0090495701879263 0.0104999998584390 -0.0063131046481431
vn 0.0000000000000000 -6.2831853071795827 0.0000000000000000
v -0.0070523014292121 0.0104999998584390 -0.0053147305734456
vn 1.2394658399130054 -5.8231089218455603 -0.5606052482022010
v -0.0047369385138154 0.0104999998584390 -0.0037830430082977
vn 0.7931055414073480 -5.8231098276092368 -1.1052303013727218
v 0.0110057583078742 0.0104999998584390 -0.0007894855807535
vn 0.0000000000000000 -6.2831853071795862 0.0000000000000000
v 0.0078164497390389 0.0104999998584390 -0.0026487349532545
vn 0.0000000000000000 -6.2831853071795880 0.0000000000000000
v 0.0107686510309577 0.0104999998584390 -0.0043259160593152
vn -0.5606052896996692 -5.8231089042355038 -1.2394658642580192
v -0.0037830430082977 0.0104999998584390 0.0047369385138154
vn -1.3554458034189203 -5.8231104732248236 0.1153886819912474
v -0.0063131046481431 0.0104999998584390 0.0090495701879263
vn 0.0000000000000000 -6.2831853071795898 0.0000000000000000
v -0.0062772468663752 0.0104999998584390 0.0053580645471811
vn 1.8561378440695351 -3.3832534282119591 2.5061844617443318
v 0.0032734160777181 0.0104999998584390 0.0044198129326105
vn 2.4019712648894664 -3.3832541459630168 1.9891559635871150
v 0.0042360271327198 0.0104999998584390 0.0035080017987639
vn 0.0000000000000000 -6.2831853071795836 0.0000000000000000
v 0.0053580645471811 0.0104999998584390 0.0062772468663752
vn 0.5606052482022010 -5.8231089218455594 1.2394658399130054
v 0.0037830430082977 0.0104999998584390 -0.0047369385138154
vn 1.3554458034189203 -5.8231104732248236 -0.1153886819912474
v 0.0063131046481431 0.0104999998584390 -0.0090495701879263
vn 0.0000000000000000 -6.2831853071795880 0.0000000000000000
v 0.0062772468663752 0.0104999998584390 -0.0053580645471811
vn 0.0000000000000000 -6.2831853071795862 0.0000000000000000
v -0.0078164497390389 0.0104999998584390 0.0026487349532545
vn -0.7931055414073480 -5.8231098276092368 1.1052303013727218
v -0.0110057583078742 0.0104999998584390 0.0007894855807535
vn -3.0015186166768917 -3.3832532788976462 0.8468142786669419
v -0.0052933660335839 0.0104999998584390 0.0014934099745005
vn 0.7776529420722194 -5.8231093878625417 1.1161576937139672
v -0.0060058790259063 0.0104999998584390 0.0008242667536251
vn 0.0000000000000000 -6.2831853071795862 0.0000000000000000
v -0.0110502485185862 0.0104999998584390 -0.0030434485524893
vn -1.2394648200455216 -5.8231098904718825 0.5606044161791326
v -0.0099260089918971 0.0104999998584390 -0.0048191649839282
vn 0.0154530183220515 -5.3630333470717027 -2.2213884961115462
v -0.0098521756008267 0.0104999998584390 -0.0009345827274956
vn 0.1153882918194804 -5.8231090327369834 1.3554478334942948
v -0.0056133773177862 0.0104999998584390 -0.0022891038097441
vn 0.7931062830907984 -5.8231087407778501 -1.1052316533744726
v -0.0059938305057585 0.0104999998584390 -0.0009077420691028
vn -1.8561378440695351 -3.3832534282119586 -2.5061844617443318
v -0.0032734160777181 0.0104999998584390 -0.0044198129326105
vn -0.5777944334687419 -5.8231093633173145 1.2315461439329509
v -0.0037167754489928 0.0104999998584390 -0.0047891107387841
vn -1.2024335749489912 -3.3832531962579355 -2.8775618193607730
v -0.0021205660887063 0.0104999998584390 -0.0050747608765960
vn 1.3537107769143475 -5.8231094184856218 0.1342346514867405
v -0.0022107874974608 0.0104999998584390 -0.0056446804665029
vn -0.4788470744752902 -3.3832542632107971 -3.0817061419980112
v -0.0008444766863249 0.0104999998584390 -0.0054347827099264
vn 0.0000000000000000 -6.2831853071795871 0.0000000000000000
v -0.0026487349532545 0.0104999998584390 -0.0078164497390389
vn -1.1052303897177613 -5.8231097952719271 -0.7931055420219133
v -0.0007894855807535 0.0104999998584390 -0.0110057583078742
vn -1.1161576937139672 -5.8231093878625408 0.7776529420722194
v -0.0008242667536251 0.0104999998584390 -0.0060058790259063
vn -0.5606042068451986 -5.8231100154166855 -1.2394646972368668
v 0.0048191649839282 0.0104999998584390 -0.0099260089918971
vn -1.3554478334942948 -5.8231090327369843 0.1153882918194804
v 0.0022891038097441 0.0104999998584390 -0.0056133773177862
vn 0.0000000000000000 -6.2831853071795862 0.0000000000000000
v 0.0030434485524893 0.0104999998584390 -0.0110502485185862
vn 1.1052316352078650 -5.8231087592300685 0.7931062419729628
v 0.0009077420691028 0.0104999998584390 -0.0059938305057585
vn 1.1161579344088093 -5.8231090932962504 -0.7776531771779939
v 0.0009425236494280 0.0104999998584390 -0.0109937097877264
vn -0.1342346514867405 -5.8231094184856227 1.3537107769143475
v 0.0056446804665029 0.0104999998584390 -0.0022107874974608
vn 3.0015186166768917 -3.3832532788976453 -0.8468142786669419
v 0.0052933660335839 0.0104999998584390 -0.0014934099745005
vn -1.2315461439329509 -5.8231093633173145 -0.5777944334687419
v 0.0047891107387841 0.0104999998584390 -0.0037167754489928
vn 2.7116440139256923 -3.3832538579323925 -1.5405176035110624
v 0.0047821542248130 0.0104999998584390 -0.0027167997322977
vn 2.2641785056333203 -3.3832535045104599 -2.1446920191480396
v 0.0039930208586156 0.0104999998584390 -0.0037822986487299
vn -0.7776529424442263 -5.8231093859302199 -1.1161576402382456
v 0.0060058790259063 0.0104999998584390 -0.0008242667536251
vn 1.2394648200455216 -5.8231098904718825 -0.5606044161791326
v 0.0099260089918971 0.0104999998584390 0.0048191649839282
vn -0.1153882064152538 -5.8231089454595564 -1.3554479790704890
v 0.0056133773177862 0.0104999998584390 0.0022891038097441
vn 0.0000000000000000 -6.2831853071795862 0.0000000000000000
v 0.0110502485185862 0.0104999998584390 0.0030434485524893
vn -0.7931062408930858 -5.8231088160540398 1.1052314799657548
v 0.0059938305057585 0.0104999998584390 0.0009077420691028
vn 0.7776531764992919 -5.8231090182985730 1.1161580319688389
v 0.0109937097877264 0.0104999998584390 0.0009425236494280
vn 0.1153886141764914 -5.8231104110267840 1.3554459190131749
v 0.0090495701879263 0.0104999998584390 0.0063131046481431
vn -1.2394658642580192 -5.8231089042355029 0.5606052896996692
v 0.0047369385138154 0.0104999998584390 0.0037830430082977
vn 2.8082107081750145 -3.3832531178994922 1.3565254282312198
v 0.0049524554051459 0.0104999998584390 0.0023923176340759
vn 3.0512467789009490 -3.3832539524608398 0.6450587008925542
v 0.0053810654208064 0.0104999998584390 0.0011376012116671
vn 3.1169557642355916 -3.3832537301148085 -0.1038973519131249
v 0.0054969470947981 0.0104999998584390 -0.0001832286798162
vn 0.0000000000000000 -6.2831853071795862 0.0000000000000000
v 0.0026487349532545 0.0104999998584390 0.0078164497390389
vn 0.0000000000000000 -6.2831853071795853 0.0000000000000000
v 0.0009544982458465 0.0104999998584390 0.0087789660319686
vn 1.1161576402382456 -5.8231093859302190 -0.7776529424442263
v 0.0008242667536251 0.0104999998584390 0.0060058790259063
vn -1.1052314799657550 -5.8231088160540407 -0.7931062408930856
v -0.0009077420691028 0.0104999998584390 0.0059938305057585
vn -1.1161580319688389 -5.8231090182985730 0.7776531764992923
v -0.0009425236494280 0.0104999998584390 0.0109937097877264
vn 0.0000000000000000 -6.2831853071795862 0.0000000000000000
v -0.0030434485524893 0.0104999998584390 0.0110502485185862
vn 1.2024335749489912 -3.3832531962579355 2.8775618193607730
v 0.0021205660887063 0.0104999998584390 0.0050747608765960
vn 0.4788470744752902 -3.3832542632107971 3.0817061419980112
v 0.0008444766863249 0.0104999998584390 0.0054347827099264
vn -0.2725683706763227 -3.3832532807966684 3.1067531137630375
v -0.0004806909419131 0.0104999998584390 0.0054789539426565
vn 1.3554479790704890 -5.8231089454595564 -0.1153882064152538
v -0.0022891038097441 0.0104999998584390 0.0056133773177862
vn 0.5606042068451986 -5.8231100154166864 1.2394646972368668
v -0.0048191649839282 0.0104999998584390 0.0099260089918971
vn -0.1342343783359045 -5.8231089770556919 1.3537115196302458
v -0.0091365231201053 0.0104999998584390 0.0061865933239460
vn 1.2315461439329509 -5.8231093633173154 0.5777944334687419
v -0.0047891107387841 0.0104999998584390 0.0037167754489928
vn -2.2641785056333203 -3.3832535045104599 2.1446920191480396
v -0.0039930208586156 0.0104999998584390 0.0037822986487299
vn -1.6851274318041938 -3.3832535663506489 2.6242243859697880
v -0.0029718275181949 0.0104999998584390 0.0046279844827950
vn -1.0081424663120226 -3.3832538276504418 2.9512466092089102
v -0.0017779222689569 0.0104999998584390 0.0052047087810934
vn 2.2432327557176546 -2.9804847443648561 2.1848584261676831
v 0.0085963942110538 0.0104999998584390 0.0083726942539215
vn 2.5646598698619854 -2.9804855194855873 1.7967247714173706
v 0.0098281474784017 0.0104999998584390 0.0068853111006320
vn 2.8196628715473300 -2.9804855218545159 1.3620577979652708
v 0.0108053572475910 0.0104999998584390 0.0052196020260453
vn 3.0016383724747921 -2.9804851445362006 0.8921137463255508
v 0.0115027138963342 0.0104999998584390 0.0034187089186162
vn 3.1058731010180560 -2.9804855329752713 0.3990644601517120
v 0.0119021562859416 0.0104999998584390 0.0015292717143893
vn 3.1296671953048900 -2.9804848253013758 -0.1043208963840565
v 0.0119933392852545 0.0104999998584390 -0.0003997717576567
vn 3.0724047933603500 -2.9804860563709545 -0.6050036058056327
v 0.0117739001289010 0.0104999998584390 -0.0023184616584331
vn 1.2315454494286422 -5.8231097893131016 0.5777940687620327
v 0.0099920937791467 0.0104999998584390 -0.0046806051395833
vn 0.0000000000000000 -6.2831853071795853 0.0000000000000000
v 0.0092294486239552 0.0104999998584390 -0.0070352461189032
vn 0.1342343783359045 -5.8231089770556910 -1.3537115196302458
v 0.0091365231201053 0.0104999998584390 -0.0061865933239460
vn 2.0927604017521193 -2.9804848615626280 -2.3293890899445446
v 0.0080197621136904 0.0104999998584390 -0.0089265573769808
vn 1.6919995624065007 -2.9804858726948371 -2.6349265478795809
v 0.0064839874394238 0.0104999998584390 -0.0100974207744002
vn 1.2474163600913106 -2.9804846311187694 -2.8722207216109568
v 0.0047802818007767 0.0104999998584390 -0.0110067669302225
vn 0.7705258042168937 -2.9804858636434077 -3.0351260945429002
v 0.0029527680017054 0.0104999998584390 -0.0116310426965356
vn 0.2736793962630785 -2.9804849237111579 -3.1194229063646093
v 0.0010487803956494 0.0104999998584390 -0.0119540812447667
vn -0.2302545925602068 -2.9804862156358256 -3.1229286776965521
v -0.0008823706302792 0.0104999998584390 -0.0119675146415830
vn -0.7282261139056023 -2.9804842459786540 -3.0455518171955229
v -0.0027906687464565 0.0104999998584390 -0.0116709973663092
vn 0.0000000000000000 -6.2831853071795871 0.0000000000000000
v -0.0043259160593152 0.0104999998584390 -0.0107686510309577
vn -2.4019712648894664 -3.3832541459630168 -1.9891559635871150
v -0.0042360271327198 0.0104999998584390 -0.0035080017987639
vn -1.3537115944935882 -5.8231089455405014 -0.1342343358050986
v -0.0061865933239460 0.0104999998584390 -0.0091365231201053
vn 0.5777941807739260 -5.8231097331306954 -1.2315455130639696
v -0.0046806051395833 0.0104999998584390 -0.0099920937791467
vn 0.2725683706763227 -3.3832532807966684 -3.1067531137630375
v 0.0004806909419131 0.0104999998584390 -0.0054789539426565
vn 1.0081424663120226 -3.3832538276504422 -2.9512466092089102
v 0.0017779222689569 0.0104999998584390 -0.0052047087810934
vn 1.6851274318041938 -3.3832535663506493 -2.6242243859697880
v 0.0029718275181949 0.0104999998584390 -0.0046279844827950
vn -2.3085036724722698 -3.0996456896992397 -2.1298061699830386
v -0.0087252315133810 0.0104999998584390 -0.0082383453845978
vn -2.4630916350525078 -3.0285172650411418 -1.9419756180594034
v -0.0092422412708402 0.0104999998584390 -0.0076538217253983
vn -2.7009198767126290 -2.9804854867267729 -1.5845289350315293
v -0.0103503158316016 0.0104999998584390 -0.0060721463523805
vn -2.9201196879013249 -2.9804857853742504 -1.1307525684750308
v -0.0111903222277761 0.0104999998584390 -0.0043332069180906
vn -3.0636903463109819 -2.9804844698785855 -0.6476888013218216
v -0.0117405066266656 0.0104999998584390 -0.0024820382241160
vn -0.7776533139382932 -5.8231089562535781 -1.1161580949713519
v -0.0109937097877264 0.0104999998584390 -0.0009425236494280
vn -1.2315454494286422 -5.8231097893131025 -0.5777940687620327
v -0.0099920937791467 0.0104999998584390 0.0046806051395833
vn 0.1342346514867405 -5.8231094184856227 -1.3537107769143475
v -0.0056446804665029 0.0104999998584390 0.0022107874974608
vn -2.7116440139256923 -3.3832538579323925 1.5405176035110624
v -0.0047821542248130 0.0104999998584390 0.0027167997322977
vn -2.2734122683864526 -2.9804851758635009 2.1534383061153028
v -0.0087120458483696 0.0104999998584390 0.0082522882148623
vn -2.5570572069482180 -3.0207625139571697 1.8152362886875497
v -0.0099229868501425 0.0104999998584390 0.0067479130811989
vn -2.7293446647224466 -3.0610387275011219 1.5505740719956784
v -0.0104337912052870 0.0104999998584390 0.0059275631792843
vn -2.8684747876032524 -3.0207620727303466 1.2670739811889900
v -0.0108769284561276 0.0104999998584390 0.0050687701441348
vn -3.0137592935376576 -2.9804856033159988 0.8502676868378509
v -0.0115491626784205 0.0104999998584390 0.0032583491411060
vn -3.1111243781784013 -2.9804848075345545 0.3558155311812303
v -0.0119222803041339 0.0104999998584390 0.0013635382056236
vn -3.1279131736454984 -2.9804862681745616 -0.1478510165635271
v -0.0119866160675883 0.0104999998584390 -0.0005665873177350
vn -1.0122539063511589 -2.9804848882791566 2.9632822480688530
v -0.0038791040424258 0.0104999998584390 0.0113557279109955
vn -1.4744895238157110 -2.9804857232987647 2.7625316211404396
v -0.0056504569947720 0.0104999998584390 0.0105864219367504
vn -1.8985360883139006 -2.9804852609485271 2.4902330551612466
v -0.0072754668071866 0.0104999998584390 0.0095429336652160
vn 0.9709305411130680 -2.9804856870983931 2.9770781261701744
v 0.0037207442801446 0.0104999998584390 0.0114085953682661
vn 0.4808000925813186 -2.9804848459246536 3.0942738873747322
v 0.0018424945883453 0.0104999998584390 0.0118577070534229
vn 1.1052303013727218 -5.8231098276092368 0.7931055414073480
v 0.0007894855807535 0.0104999998584390 0.0110057583078742
vn -0.0217832498746806 -2.9804854025384544 3.1313296775898829
v -0.0000834757011035 0.0104999998584390 0.0119997095316648
vn -0.5238012874342952 -2.9804855866187094 3.0872856066016707
v -0.0020072832703590 0.0104999998584390 0.0118309259414673
vn 1.8637073980825776 -2.9804857567223775 2.5164051888424832
v 0.0071419985033572 0.0104999998584390 0.0096432277932763
vn 1.4359136553273180 -2.9804853378557272 2.7827777458812797
v 0.0055026290938258 0.0104999998584390 0.0106640076264739
vn 2.4393201892389573 -2.9804856970880271 -1.9635216594848171
v 0.0093478281050920 0.0104999998584390 -0.0075245006009936
vn 2.7227023946070061 -2.9804852567332487 -1.5468004443729737
v 0.0104337912052870 0.0104999998584390 -0.0059275631792843
vn 2.9355685854419526 -2.9804849222987730 -1.0900168621353692
v 0.0112495245411992 0.0104999998584390 -0.0041771046817303
vn -2.0131995518630479 -3.0224336119873518 -2.4045039144581226
v -0.0078947972506285 0.0104999998584390 -0.0090372655540705
vn -1.6551778586919590 -2.9804855145857641 -2.6582111286582411
v -0.0063428818248212 0.0104999998584390 -0.0101866498589516
vn -1.2073376278230799 -2.9804858021742504 -2.8892968398077681
v -0.0046266894787550 0.0104999998584390 -0.0110722053796053
vn -2.8082107081750145 -3.3832531178994922 -1.3565254282312198
v -0.0049524554051459 0.0104999998584390 -0.0023923176340759
vn -3.0512467789009490 -3.3832539524608398 -0.6450587008925542
v -0.0053810654208064 0.0104999998584390 -0.0011376012116671
vn -3.1169557642355916 -3.3832537301148085 0.1038973519131249
v -0.0054969470947981 0.0104999998584390 0.0001832286798162
vn -1.5354499397727523 -2.6279954557836458 2.6073749664604278
v -0.0005765073001385 0.0101339742541313 0.0109962560236454
vn -0.0182099651356257 -3.0345396217773204 2.6179311507834919
v -0.0000765190197853 0.0099999997764826 0.0109997345134616
vn 1.4990250753525842 -2.6279942068633901 2.6284849423018266
v 0.0004234687949065 0.0101339742541313 0.0110032120719552
vn 0.0182118573493659 -3.0345511222749408 -2.6179310649504215
v -0.0000417378505517 0.0099999997764826 0.0059998547658324
vn -1.4990234870198036 -2.6279890687046548 -2.6284844009570971
v -0.0005417257198133 0.0101339742541313 0.0059963762760162
vn 1.5354472317068599 -2.6279926209779472 -2.6073754187997387
v 0.0004582502006087 0.0101339742541313 0.0060033327899873
vn 1.5354478177426429 2.6279936356757143 -2.6073754448375319
v 0.0004582502006087 0.0118660256266594 0.0060033327899873
vn 1.4990250400015259 2.6279942332632449 2.6284849721703760
v 0.0004234687949065 0.0118660256266594 0.0110032120719552
vn 0.0182118484670826 3.0345511135870509 -2.6179310155707141
v -0.0000417378505517 0.0120000001043081 0.0059998547658324
vn -0.0182099733300316 3.0345396130894557 2.6179311012850528
v -0.0000765190197853 0.0120000001043081 0.0109997345134616
vn -1.4990240880516752 2.6279900621672039 -2.6284843732362599
v -0.0005417257198133 0.0118660256266594 0.0059963762760162
vn -1.5354499193929896 2.6279954609487555 2.6073749346990800
v -0.0005765073001385 0.0118660256266594 0.0109962560236454
vn -1.3247366812371759 -3.0345428569620925 2.2580890502931394
v -0.0055661345832050 0.0099999997764826 0.0094877891242504
vn -0.0160474232695389 -2.6280001222236562 3.0258477489326236
v -0.0051348712295294 0.0101339742541313 0.0097407950088382
vn -2.6334245667509033 -2.6279978258397207 1.4903303276138762
v -0.0059973974712193 0.0101339742541313 0.0092347832396626
vn 1.3247372974125753 -3.0345489845653084 -2.2580889033713754
v -0.0030360731761903 0.0099999997764826 0.0051751579158008
vn 0.0160489506050326 -2.6279917071784653 -3.0258463361352539
v -0.0034673365298659 0.0101339742541313 0.0049221515655518
vn 2.6334240170244816 -2.6279906140636529 -1.4903295195632760
v -0.0026048100553453 0.0101339742541313 0.0054281638003886
vn 2.6334238718802654 2.6279903285833344 -1.4903296791031242
v -0.0026048100553453 0.0118660256266594 0.0054281638003886
vn -0.0160479003252822 2.6279993441271516 3.0258475434533607
v -0.0051348712295294 0.0118660256266594 0.0097407950088382
vn 1.3247373483864409 3.0345489957538101 -2.2580889472856391
v -0.0030360731761903 0.0120000001043081 0.0051751579158008
vn -1.3247366946995005 3.0345428681506088 2.2580891162140841
v -0.0055661345832050 0.0120000001043081 0.0094877891242504
vn 0.0160489986526224 2.6279913323592821 -3.0258462191022204
v -0.0034673365298659 0.0118660256266594 0.0049221515655518
vn -2.6334241741748206 2.6279969584035867 1.4903304690797148
v -0.0059973974712193 0.0118660256266594 0.0092347832396626
vn -3.0257760035004941 -2.6279905449329126 -0.0260465544356393
v -0.0098112905398011 0.0101339742541313 0.0049988580867648
vn -2.2763002558886671 -3.0345446626755281 1.2931946408053223
v -0.0095643084496260 0.0099999997764826 0.0054335994645953
vn -1.5268213970787932 -2.6279928449195116 2.6124360758998439
v -0.0093173263594508 0.0101339742541313 0.0058683408424258
vn 2.2763007542996769 -3.0345469552163213 -1.2931931948054596
v -0.0052168956026435 0.0099999997764826 0.0029637815896422
vn 1.5268227205699472 -2.6279923281282120 -2.6124349459205205
v -0.0054638772271574 0.0101339742541313 0.0025290402118117
vn 3.0257776101034901 -2.6279938311927404 0.0260491994028480
v -0.0049699139781296 0.0101339742541313 0.0033985227346420
vn 3.0257777564065513 2.6279942358980311 0.0260494754793246
v -0.0049699139781296 0.0118660256266594 0.0033985227346420
vn -1.5268213441341787 2.6279928189738326 2.6124361505425178
v -0.0093173263594508 0.0118660256266594 0.0058683408424258
vn 2.2763007513679874 3.0345469579189008 -1.2931932311009917
v -0.0052168956026435 0.0120000001043081 0.0029637815896422
vn -2.2763002091916773 3.0345457454270552 1.2931947541374411
v -0.0095643084496260 0.0120000001043081 0.0054335994645953
vn 1.5268225308755139 2.6279927416775601 -2.6124351593847734
v -0.0054638772271574 0.0118660256266594 0.0025290402118117
vn -3.0257762889700839 2.6279913858722250 -0.0260471773607431
v -0.0098112905398011 0.0118660256266594 0.0049988580867648
vn -2.6073750673360903 -2.6279955140332123 -1.5354498822235745
v -0.0109962560236454 0.0101339742541313 -0.0005765073001385
vn -2.6179311507834919 -3.0345396217773204 -0.0182099651356257
v -0.0109997345134616 0.0099999997764826 -0.0000765190197853
vn -2.6284849423018266 -2.6279942068633901 1.4990250753525842
v -0.0110032120719552 0.0101339742541313 0.0004234687949065
vn 2.6073754256459689 -2.6279915654661679 1.5354462474653425
v -0.0060033327899873 0.0101339742541313 0.0004582502006087
vn 2.6179310623918419 -3.0345485496523912 0.0182122256219244
v -0.0059998547658324 0.0099999997764826 -0.0000417378505517
vn 2.6284844418285522 -2.6279900753439600 -1.4990239718756408
v -0.0059963762760162 0.0101339742541313 -0.0005417257198133
vn -2.6073750437364511 2.6279923472655882 -1.5354475542329855
v -0.0109962560236454 0.0118660256266594 -0.0005765073001385
vn 2.6073754506593305 2.6279926473777628 1.5354469808457794
v -0.0060033327899873 0.0118660256266594 0.0004582502006087
vn -2.6284849988477124 2.6279995034275530 1.4990288761803989
v -0.0110032120719552 0.0118660256266594 0.0004234687949065
vn 2.6179310202829127 3.0345463862818405 0.0182111717509032
v -0.0059998547658324 0.0120000001043081 -0.0000417378505517
vn -2.6179310907064584 3.0345408392768363 -0.0182114943674833
v -0.0109997345134616 0.0120000001043081 -0.0000765190197853
vn 2.6284843483867499 2.6279853182827044 -1.4990205174424354
v -0.0059963762760162 0.0118660256266594 -0.0005417257198133
vn -3.0258492945104853 -2.6280040111670928 -0.0160447887171165
v -0.0097407950088382 0.0101339742541313 -0.0051348712295294
vn -2.2580888512813360 -3.0345487489276342 -1.3247370204633411
v -0.0094877891242504 0.0099999997764826 -0.0055661345832050
vn -1.4903295859606991 -2.6279995321689671 -2.6334258309345007
v -0.0092347832396626 0.0101339742541313 -0.0059973974712193
vn 1.4903305800551205 -2.6279878844385891 2.6334222093480530
v -0.0054281638003886 0.0101339742541313 -0.0026048100553453
vn 2.2580886824119615 -3.0345459342049672 1.3247376740537011
v -0.0051751579158008 0.0099999997764826 -0.0030360731761903
vn 3.0258461682501285 -2.6279914008997172 0.0160492367743338
v -0.0049221515655518 0.0101339742541313 -0.0034673365298659
vn 1.4903296367942940 2.6279906348620732 2.6334239439985452
v -0.0054281638003886 0.0118660256266594 -0.0026048100553453
vn -3.0258493430346869 2.6280040319655784 -0.0160448328059652
v -0.0097407950088382 0.0118660256266594 -0.0051348712295294
vn 2.2580891198779964 3.0345466131420586 1.3247370541961128
v -0.0051751579158008 0.0120000001043081 -0.0030360731761903
vn -2.2580889172022811 3.0345487601161505 -1.3247370339256657
v -0.0094877891242504 0.0120000001043081 -0.0055661345832050
vn 3.0258455641997712 2.6279897457835339 0.0160501149674734
v -0.0049221515655518 0.0118660256266594 -0.0034673365298659
vn -1.4903294734206258 2.6279994636284432 -2.6334258713239862
v -0.0092347832396626 0.0118660256266594 -0.0059973974712193
vn -1.2931947752390176 -3.0345457427244842 -2.2763001795154030
v -0.0054335994645953 0.0099999997764826 -0.0095643084496260
vn -2.6124364182483952 -2.6279933930399633 -1.5268212025862791
v -0.0058683408424258 0.0101339742541313 -0.0093173263594508
vn 0.0260474398513956 -2.6279919510948080 -3.0257765065176980
v -0.0049988580867648 0.0101339742541313 -0.0098112905398011
vn 1.2931931948054596 -3.0345469552163213 2.2763007542996769
v -0.0029637815896422 0.0099999997764826 -0.0052168956026435
vn 2.6124349459205205 -2.6279923281282120 1.5268227205699472
v -0.0025290402118117 0.0101339742541313 -0.0054638772271574
vn -0.0260491994028480 -2.6279938311927404 3.0257776101034901
v -0.0033985227346420 0.0101339742541313 -0.0049699139781296
vn -0.0260493725518220 2.6279940851788144 3.0257776979322726
v -0.0033985227346420 0.0118660256266594 -0.0049699139781296
vn -2.6124361505425178 2.6279928189738326 -1.5268213441341787
v -0.0058683408424258 0.0118660256266594 -0.0093173263594508
vn 1.2931932074870933 3.0345467682029414 2.2763007647834068
v -0.0029637815896422 0.0120000001043081 -0.0052168956026435
vn -1.2931947541374411 3.0345457454270552 -2.2763002091916773
v -0.0054335994645953 0.0120000001043081 -0.0095643084496260
vn 2.6124351518499522 2.6279927416775588 1.5268225351561333
v -0.0025290402118117 0.0118660256266594 -0.0054638772271574
vn 0.0260471773607431 2.6279913858722250 -3.0257762889700839
v -0.0049988580867648 0.0118660256266594 -0.0098112905398011
vn 0.0182106378901006 -3.0345349221518654 -2.6179311460910832
v 0.0000765190197853 0.0099999997764826 -0.0109997345134616
vn -1.4990252140679696 -2.6279947692838879 -2.6284849432666726
v -0.0004234687949065 0.0101339742541313 -0.0110032120719552
vn 1.5354473607850601 -2.6279922846096815 -2.6073749844028375
v 0.0005765073001385 0.0101339742541313 -0.0109962560236454
vn -1.5354462474653425 -2.6279915654661679 2.6073754256459689
v -0.0004582502006087 0.0101339742541313 -0.0060033327899873
vn -0.0182122256219244 -3.0345485496523912 2.6179310623918424
v 0.0000417378505517 0.0099999997764826 -0.0059998547658324
vn 1.4990239904778910 -2.6279900570020844 2.6284844044605640
v 0.0005417257198133 0.0101339742541313 -0.0059963762760162
vn -1.5354462125332806 2.6279915918660159 2.6073754560034699
v -0.0004582502006087 0.0118660256266594 -0.0060033327899873
vn -1.4990288761803989 2.6279995034275530 -2.6284849988477124
v -0.0004234687949065 0.0118660256266594 -0.0110032120719552
vn -0.0182113619427348 3.0345457696709577 2.6179310189599412
v 0.0000417378505517 0.0120000001043081 -0.0059998547658324
vn 0.0182109229555735 3.0345426918217240 -2.6179310946838150
v 0.0000765190197853 0.0120000001043081 -0.0109997345134616
vn 1.4990205174424354 2.6279853182827044 2.6284843483867499
v 0.0005417257198133 0.0118660256266594 -0.0059963762760162
vn 1.5354499193929896 2.6279954609487555 -2.6073749346990800
v 0.0005765073001385 0.0118660256266594 -0.0109962560236454
vn 1.3247366812371759 -3.0345428569620925 -2.2580890502931394
v 0.0055661345832050 0.0099999997764826 -0.0094877891242504
vn 0.0160474232695389 -2.6280001222236562 -3.0258477489326236
v 0.0051348712295294 0.0101339742541313 -0.0097407950088382
vn 2.6334245667509033 -2.6279978258397207 -1.4903303276138762
v 0.0059973974712193 0.0101339742541313 -0.0092347832396626
vn -2.6334222093480526 -2.6279878844385891 1.4903305800551201
v 0.0026048100553453 0.0101339742541313 -0.0054281638003886
vn -1.3247376740537011 -3.0345459342049672 2.2580886824119615
v 0.0030360731761903 0.0099999997764826 -0.0051751579158008
vn -0.0160492367743338 -2.6279914008997172 3.0258461682501285
v 0.0034673365298659 0.0101339742541313 -0.0049221515655518
vn -2.6334239439985447 2.6279906348620732 1.4903296367942938
v 0.0026048100553453 0.0118660256266594 -0.0054281638003886
vn 0.0160479003252822 2.6279993441271516 -3.0258475434533607
v 0.0051348712295294 0.0118660256266594 -0.0097407950088382
vn -1.3247370541961128 3.0345466131420586 2.2580891198779964
v 0.0030360731761903 0.0120000001043081 -0.0051751579158008
vn 1.3247366946995005 3.0345428681506088 -2.2580891162140841
v 0.0055661345832050 0.0120000001043081 -0.0094877891242504
vn -0.0160501149674734 2.6279897457835339 3.0258455641997712
v 0.0034673365298659 0.0118660256266594 -0.0049221515655518
vn 2.6334241741748206 2.6279969584035867 -1.4903304690797148
v 0.0059973974712193 0.0118660256266594 -0.0092347832396626
vn 3.0257760035004941 -2.6279905449329126 0.0260465544356393
v 0.0098112905398011 0.0101339742541313 -0.0049988580867648
vn 2.2763002558886671 -3.0345446626755281 -1.2931946408053223
v 0.0095643084496260 0.0099999997764826 -0.0054335994645953
vn 1.5268213970787932 -2.6279928449195116 -2.6124360758998439
v 0.0093173263594508 0.0101339742541313 -0.0058683408424258
vn -2.2763007542996769 -3.0345469552163213 1.2931931948054596
v 0.0052168956026435 0.0099999997764826 -0.0029637815896422
vn -1.5268227205699472 -2.6279923281282120 2.6124349459205205
v 0.0054638772271574 0.0101339742541313 -0.0025290402118117
vn -3.0257776101034901 -2.6279938311927404 -0.0260491994028480
v 0.0049699139781296 0.0101339742541313 -0.0033985227346420
vn -3.0257777564065513 2.6279942358980311 -0.0260494754793246
v 0.0049699139781296 0.0118660256266594 -0.0033985227346420
vn 1.5268213441341787 2.6279928189738326 -2.6124361505425178
v 0.0093173263594508 0.0118660256266594 -0.0058683408424258
vn -2.2763007513679874 3.0345469579189008 1.2931932311009917
v 0.0052168956026435 0.0120000001043081 -0.0029637815896422
vn 2.2763002091916773 3.0345457454270552 -1.2931947541374411
v 0.0095643084496260 0.0120000001043081 -0.0054335994645953
vn -1.5268225308755139 2.6279927416775601 2.6124351593847734
v 0.0054638772271574 0.0118660256266594 -0.0025290402118117
vn 3.0257762889700839 2.6279913858722250 0.0260471773607431
v 0.0098112905398011 0.0118660256266594 -0.0049988580867648
vn 2.6073749664604278 -2.6279954557836458 1.5354499397727523
v 0.0109962560236454 0.0101339742541313 0.0005765073001385
vn 2.6179311507834919 -3.0345396217773204 0.0182099651356257
v 0.0109997345134616 0.0099999997764826 0.0000765190197853
vn 2.6284849423018266 -2.6279942068633901 -1.4990250753525842
v 0.0110032120719552 0.0101339742541313 -0.0004234687949065
vn -2.6179310649504215 -3.0345511222749408 -0.0182118573493659
v 0.0059998547658324 0.0099999997764826 0.0000417378505517
vn -2.6284844009570971 -2.6279890687046548 1.4990234870198034
v 0.0059963762760162 0.0101339742541313 0.0005417257198133
vn -2.6073754187997387 -2.6279926209779472 -1.5354472317068599
v 0.0060033327899873 0.0101339742541313 -0.0004582502006087
vn -2.6073754448375319 2.6279936356757143 -1.5354478177426429
v 0.0060033327899873 0.0118660256266594 -0.0004582502006087
vn 2.6284849988477124 2.6279995034275530 -1.4990288761803989
v 0.0110032120719552 0.0118660256266594 -0.0004234687949065
vn -2.6179310155707141 3.0345511135870509 -0.0182118484670826
v 0.0059998547658324 0.0120000001043081 0.0000417378505517
vn 2.6179310907064584 3.0345408392768363 0.0182114943674833
v 0.0109997345134616 0.0120000001043081 0.0000765190197853
vn -2.6284843732362599 2.6279900621672039 1.4990240880516752
v 0.0059963762760162 0.0118660256266594 0.0005417257198133
vn 2.6073749507585378 2.6279922897748320 1.5354476110782753
v 0.0109962560236454 0.0118660256266594 0.0005765073001385
vn 3.0258492945104853 -2.6280040111670928 0.0160447887171165
v 0.0097407950088382 0.0101339742541313 0.0051348712295294
vn 2.2580888512813360 -3.0345487489276342 1.3247370204633411
v 0.0094877891242504 0.0099999997764826 0.0055661345832050
vn 1.4903295859606991 -2.6279995321689671 2.6334258309345007
v 0.0092347832396626 0.0101339742541313 0.0059973974712193
vn -2.2580889033713749 -3.0345489845653084 -1.3247372974125748
v 0.0051751579158008 0.0099999997764826 0.0030360731761903
vn -3.0258463361352539 -2.6279917071784653 -0.0160489506050326
v 0.0049221515655518 0.0101339742541313 0.0034673365298659
vn -1.4903295195632760 -2.6279906140636529 -2.6334240170244816
v 0.0054281638003886 0.0101339742541313 0.0026048100553453
vn -1.4903306422152152 2.6279879052370196 -2.6334222301936512
v 0.0054281638003886 0.0118660256266594 0.0026048100553453
vn 3.0258493430346869 2.6280040319655784 0.0160448328059652
v 0.0097407950088382 0.0118660256266594 0.0051348712295294
vn -2.2580887263262253 3.0345459453934689 -1.3247377250275669
v 0.0051751579158008 0.0120000001043081 0.0030360731761903
vn 2.2580887616200518 3.0345477633112159 1.3247372991260637
v 0.0094877891242504 0.0120000001043081 0.0055661345832050
vn -3.0258461485972212 2.6279913323592581 -0.0160491188323319
v 0.0049221515655518 0.0118660256266594 0.0034673365298659
vn 1.4903301019285293 2.6279977572992133 2.6334248000029086
v 0.0092347832396626 0.0118660256266594 0.0059973974712193
vn 2.7116440139256923 -2.8999314492471941 -1.5405176035110624
v 0.0047821542248130 0.0099999997764826 -0.0027167997322977
vn 3.0015186166768912 -2.8999320282819405 -0.8468142786669419
v 0.0052933660335839 0.0099999997764826 -0.0014934099745005
vn 3.1169557642355921 -2.8999315770647778 -0.1038973519131248
v 0.0054969470947981 0.0099999997764826 -0.0001832286798162
vn 3.0512467789009481 -2.8999313547187469 0.6450587008925541
v 0.0053810654208064 0.0099999997764826 0.0011376012116671
vn 2.8082107081750145 -2.8999321892800944 1.3565254282312202
v 0.0049524554051459 0.0099999997764826 0.0023923176340759
vn 2.4019712648894660 -2.8999311612165699 1.9891559635871146
v 0.0042360271327198 0.0099999997764826 0.0035080017987639
vn 1.8561378440695353 -2.8999318789676281 2.5061844617443323
v 0.0032734160777181 0.0099999997764826 0.0044198129326105
vn 1.2024335749489912 -2.8999321109216512 2.8775618193607726
v 0.0021205660887063 0.0099999997764826 0.0050747608765960
vn 0.4788470744752902 -2.8999310439687904 3.0817061419980112
v 0.0008444766863249 0.0099999997764826 0.0054347827099264
vn -0.2725683706763228 -2.8999320263829178 3.1067531137630384
v -0.0004806909419131 0.0099999997764826 0.0054789539426565
vn -1.0081424663120226 -2.8999314795291453 2.9512466092089098
v -0.0017779222689569 0.0099999997764826 0.0052047087810934
vn -1.6851274318041942 -2.8999317408289373 2.6242243859697885
v -0.0029718275181949 0.0099999997764826 0.0046279844827950
vn -2.2641785056333203 -2.8999318026691272 2.1446920191480396
v -0.0039930208586156 0.0099999997764826 0.0037822986487299
vn -2.7116440139256923 -2.8999314492471946 1.5405176035110624
v -0.0047821542248130 0.0099999997764826 0.0027167997322977
vn -3.0015186166768912 -2.8999320282819401 0.8468142786669419
v -0.0052933660335839 0.0099999997764826 0.0014934099745005
vn -3.1169557642355921 -2.8999315770647782 0.1038973519131248
v -0.0054969470947981 0.0099999997764826 0.0001832286798162
vn -3.0512467789009481 -2.8999313547187473 -0.6450587008925541
v -0.0053810654208064 0.0099999997764826 -0.0011376012116671
vn -2.8082107081750145 -2.8999321892800940 -1.3565254282312202
v -0.0049524554051459 0.0099999997764826 -0.0023923176340759
vn -2.4019712648894660 -2.8999311612165699 -1.9891559635871146
v -0.0042360271327198 0.0099999997764826 -0.0035080017987639
vn -1.8561378440695353 -2.8999318789676281 -2.5061844617443323
v -0.0032734160777181 0.0099999997764826 -0.0044198129326105
vn -1.2024335749489912 -2.8999321109216512 -2.8775618193607726
v -0.0021205660887063 0.0099999997764826 -0.0050747608765960
vn -0.4788470744752902 -2.8999310439687900 -3.0817061419980112
v -0.0008444766863249 0.0099999997764826 -0.0054347827099264
vn 0.2725683706763228 -2.8999320263829174 -3.1067531137630384
v 0.0004806909419131 0.0099999997764826 -0.0054789539426565
vn 1.0081424663120226 -2.8999314795291453 -2.9512466092089098
v 0.0017779222689569 0.0099999997764826 -0.0052047087810934
vn 1.6851274318041942 -2.8999317408289378 -2.6242243859697885
v 0.0029718275181949 0.0099999997764826 -0.0046279844827950
vn 2.2641785056333203 -2.8999318026691276 -2.1446920191480396
v 0.0039930208586156 0.0099999997764826 -0.0037822986487299
vn 3.0974046779768645 -3.3929201600232495 0.3473509188128707
v -0.0049688536673784 0.0099999997764826 -0.0005572205409408
vn 2.9137110953401493 -3.3929203687924638 1.1067320347020100
v -0.0046741729602218 0.0099999997764826 -0.0017754180589691
vn 2.5469385120116330 -3.3929197855838265 1.7965725912164605
v -0.0040857964195311 0.0099999997764826 -0.0028820594307035
vn 2.0201324972781345 -3.3929201570003422 2.3735275640075768
v -0.0032406945247203 0.0099999997764826 -0.0038076105993241
vn 1.3663944684647540 -3.3929196824170056 2.8013452380306489
v -0.0021919677965343 0.0099999997764826 -0.0044939154759049
vn 0.6267998343048642 -3.3929208182575685 3.0531442088212462
v -0.0010055119637400 0.0099999997764826 -0.0048978514969349
vn -0.1521784464287415 -3.3929193833638012 3.1131031260686695
v 0.0002441242104396 0.0099999997764826 -0.0049940366297960
vn -0.9215946802661226 -3.3929207580895993 2.9774537630816322
v 0.0014784210361540 0.0099999997764826 -0.0047764289192855
vn -1.6331037342225527 -3.3929192612176298 2.6547206437337270
v 0.0026198232080787 0.0099999997764826 -0.0042586997151375
vn -2.2419985796484032 -3.3929207141705655 2.1651813062045089
v 0.0035966124851257 0.0099999997764826 -0.0034733817446977
vn -2.7100210019335815 -3.3929194405255627 1.5395958729563208
v 0.0043474128469825 0.0099999997764826 -0.0024698178749532
vn -3.0077624574886208 -3.3929209766142003 0.8172713118199086
v 0.0048250500112772 0.0099999997764826 -0.0013110665604472
vn -3.1165155410201590 -3.3929191372127692 0.0435951575307091
v 0.0049995104782283 0.0099999997764826 -0.0000699357406120
vn -3.0294461584826307 -3.3929203407618536 -0.7328193167479736
v 0.0048598344437778 0.0099999997764826 0.0011755891609937
vn -2.7520255915867651 -3.3929201084539100 -1.4631895319788075
v 0.0044147968292236 0.0099999997764826 0.0023472474422306
vn -2.3016846566038849 -3.3929204941037301 -2.1016221666873318
v 0.0036923610605299 0.0099999997764826 0.0033714198507369
vn -1.7067213587744887 -3.3929193222193312 -2.6080014631202566
v 0.0027379204984754 0.0099999997764826 0.0041837529279292
vn -1.0045177163542136 -3.3929209190643124 -2.9505104009238541
v 0.0016114467289299 0.0099999997764826 0.0047332062385976
vn -0.2391965953469450 -3.3929193891584184 -3.1076284100192990
v 0.0003837194526568 0.0099999997764826 0.0049852537922561
vn 0.5411530941521483 -3.3929201936198412 -3.0694823158656113
v -0.0008681179606356 0.0099999997764826 0.0049240603111684
vn 1.2875012683940887 -3.3929201341422264 -2.8384694670894102
v -0.0020654085092247 0.0099999997764826 0.0045534698292613
vn 1.9529508530481432 -3.3929201224440941 -2.4291050639381826
v -0.0031329218763858 0.0099999997764826 0.0038967679720372
vn 2.4442740761770074 -3.3300882936235627 -1.9513379135364244
v -0.0040035820566118 0.0099999997764826 0.0029952179174870
vn 2.7261701614521270 -3.2672562561046696 -1.5487699398832482
v -0.0043474128469825 0.0099999997764826 0.0024698178749532
vn 2.9276392604174335 -3.3300881011179180 -1.1005107683008342
v -0.0046226824633777 0.0099999997764826 0.0019054672447965
vn 3.0864767073968578 -3.3929199824317573 -0.4338549902863050
v -0.0049513229168952 0.0099999997764826 0.0006959891761653
vn -2.7100210019335815 3.3929194405255627 1.5395958729563211
v 0.0043474128469825 0.0120000001043081 -0.0024698178749532
vn -3.0077624574886213 3.3929209766142003 0.8172713118199086
v 0.0048250500112772 0.0120000001043081 -0.0013110665604472
vn -3.1165155410201586 3.3929191372127701 0.0435951575307091
v 0.0049995104782283 0.0120000001043081 -0.0000699357406120
vn -3.0294461584826307 3.3929203407618536 -0.7328193167479737
v 0.0048598344437778 0.0120000001043081 0.0011755891609937
vn -2.7520255915867651 3.3929201084539100 -1.4631895319788075
v 0.0044147968292236 0.0120000001043081 0.0023472474422306
vn -2.3016846566038849 3.3929204941037301 -2.1016221666873318
v 0.0036923610605299 0.0120000001043081 0.0033714198507369
vn -1.7067213587744887 3.3929193222193312 -2.6080014631202566
v 0.0027379204984754 0.0120000001043081 0.0041837529279292
vn -1.0045177163542134 3.3929209190643119 -2.9505104009238536
v 0.0016114467289299 0.0120000001043081 0.0047332062385976
vn -0.2391965953469450 3.3929193891584184 -3.1076284100192995
v 0.0003837194526568 0.0120000001043081 0.0049852537922561
vn 0.5411530941521484 3.3929201936198412 -3.0694823158656117
v -0.0008681179606356 0.0120000001043081 0.0049240603111684
vn 1.2875012683940885 3.3929201341422273 -2.8384694670894097
v -0.0020654085092247 0.0120000001043081 0.0045534698292613
vn 1.9529508530481432 3.3929201224440932 -2.4291050639381826
v -0.0031329218763858 0.0120000001043081 0.0038967679720372
vn 2.4442740761770079 3.3300882936235636 -1.9513379135364246
v -0.0040035820566118 0.0120000001043081 0.0029952179174870
vn 2.7261701614521270 3.2672562561046687 -1.5487699398832482
v -0.0043474128469825 0.0120000001043081 0.0024698178749532
vn 2.9276392604174335 3.3300881011179175 -1.1005107683008342
v -0.0046226824633777 0.0120000001043081 0.0019054672447965
vn 3.0864767073968586 3.3929199824317564 -0.4338549902863051
v -0.0049513229168952 0.0120000001043081 0.0006959891761653
vn 3.0974046779768640 3.3929201600232495 0.3473509188128707
v -0.0049688536673784 0.0120000001043081 -0.0005572205409408
vn 2.9137110953401484 3.3929203687924643 1.1067320347020100
v -0.0046741729602218 0.0120000001043081 -0.0017754180589691
vn 2.5469385120116335 3.3929197855838260 1.7965725912164607
v -0.0040857964195311 0.0120000001043081 -0.0028820594307035
vn 2.0201324972781340 3.3929201570003422 2.3735275640075764
v -0.0032406945247203 0.0120000001043081 -0.0038076105993241
vn 1.3663944684647540 3.3929196824170056 2.8013452380306494
v -0.0021919677965343 0.0120000001043081 -0.0044939154759049
vn 0.6267998343048642 3.3929208182575685 3.0531442088212462
v -0.0010055119637400 0.0120000001043081 -0.0048978514969349
vn -0.1521784464287415 3.3929193833638016 3.1131031260686699
v 0.0002441242104396 0.0120000001043081 -0.0049940366297960
vn -0.9215946802661226 3.3929207580895993 2.9774537630816322
v 0.0014784210361540 0.0120000001043081 -0.0047764289192855
vn -1.6331037342225527 3.3929192612176293 2.6547206437337270
v 0.0026198232080787 0.0120000001043081 -0.0042586997151375
vn -2.2419985796484032 3.3929207141705664 2.1651813062045089
v 0.0035966124851257 0.0120000001043081 -0.0034733817446977
vn -2.2641785056333203 2.8999318026691268 2.1446920191480396
v -0.0039930208586156 0.0120000001043081 0.0037822986487299
vn -1.6851274318041938 2.8999317408289373 2.6242243859697880
v -0.0029718275181949 0.0120000001043081 0.0046279844827950
vn -1.0081424663120226 2.8999314795291449 2.9512466092089102
v -0.0017779222689569 0.0120000001043081 0.0052047087810934
vn -0.2725683706763227 2.8999320263829178 3.1067531137630375
v -0.0004806909419131 0.0120000001043081 0.0054789539426565
vn 0.4788470744752902 2.8999310439687904 3.0817061419980112
v 0.0008444766863249 0.0120000001043081 0.0054347827099264
vn 1.2024335749489912 2.8999321109216512 2.8775618193607730
v 0.0021205660887063 0.0120000001043081 0.0050747608765960
vn 1.8561378440695351 2.8999318789676281 2.5061844617443318
v 0.0032734160777181 0.0120000001043081 0.0044198129326105
vn 2.4019712648894664 2.8999311612165699 1.9891559635871150
v 0.0042360271327198 0.0120000001043081 0.0035080017987639
vn 2.8082107081750145 2.8999321892800944 1.3565254282312198
v 0.0049524554051459 0.0120000001043081 0.0023923176340759
vn 3.0512467789009490 2.8999313547187473 0.6450587008925542
v 0.0053810654208064 0.0120000001043081 0.0011376012116671
vn 3.1169557642355916 2.8999315770647778 -0.1038973519131249
v 0.0054969470947981 0.0120000001043081 -0.0001832286798162
vn 3.0015186166768917 2.8999320282819401 -0.8468142786669419
v 0.0052933660335839 0.0120000001043081 -0.0014934099745005
vn 2.7116440139256923 2.8999314492471946 -1.5405176035110624
v 0.0047821542248130 0.0120000001043081 -0.0027167997322977
vn 2.2641785056333203 2.8999318026691268 -2.1446920191480396
v 0.0039930208586156 0.0120000001043081 -0.0037822986487299
vn 1.6851274318041938 2.8999317408289373 -2.6242243859697880
v 0.0029718275181949 0.0120000001043081 -0.0046279844827950
vn 1.0081424663120226 2.8999314795291449 -2.9512466092089102
v 0.0017779222689569 0.0120000001043081 -0.0052047087810934
vn 0.2725683706763227 2.8999320263829178 -3.1067531137630375
v 0.0004806909419131 0.0120000001043081 -0.0054789539426565
vn -0.4788470744752902 2.8999310439687904 -3.0817061419980112
v -0.0008444766863249 0.0120000001043081 -0.0054347827099264
vn -1.2024335749489912 2.8999321109216516 -2.8775618193607730
v -0.0021205660887063 0.0120000001043081 -0.0050747608765960
vn -1.8561378440695351 2.8999318789676276 -2.5061844617443318
v -0.0032734160777181 0.0120000001043081 -0.0044198129326105
vn -2.4019712648894664 2.8999311612165695 -1.9891559635871150
v -0.0042360271327198 0.0120000001043081 -0.0035080017987639
vn -2.8082107081750145 2.8999321892800940 -1.3565254282312198
v -0.0049524554051459 0.0120000001043081 -0.0023923176340759
vn -3.0512467789009490 2.8999313547187477 -0.6450587008925542
v -0.0053810654208064 0.0120000001043081 -0.0011376012116671
vn -3.1169557642355916 2.8999315770647773 0.1038973519131249
v -0.0054969470947981 0.0120000001043081 0.0001832286798162
vn -3.0015186166768917 2.8999320282819405 0.8468142786669419
v -0.0052933660335839 0.0120000001043081 0.0014934099745005
vn -2.7116440139256923 2.8999314492471946 1.5405176035110624
v -0.0047821542248130 0.0120000001043081 0.0027167997322977
vn -0.0784079435515418 -2.9987930005520433 3.1326071304309950
v -0.0003416366525926 -0.0099999997764826 0.0069916583597660
vn 0.4480680397732121 -3.3659919493628481 -3.0895167641195576
v -0.0007176350336522 -0.0099999997764826 0.0049482318572700
vn -0.2506473569101792 -3.3659918184250452 -3.1117607315309721
v 0.0004014427249786 -0.0099999997764826 0.0049838582053781
vn -2.9123516341951303 -3.3659921936497907 -1.1243160118900275
v 0.0046644806861877 -0.0099999997764826 0.0018007276812568
vn 2.7779577197905887 -2.9511933543597717 1.4364460457243404
v 0.0062179150991142 -0.0099999997764826 0.0032152032945305
vn -2.5891490234376624 -3.3659921079587067 -1.7441863330275980
v 0.0041468329727650 -0.0099999997764826 0.0027935241814703
vn 2.4559072844448409 -2.9511929733284763 1.9362193547169015
v 0.0054970681667328 -0.0099999997764826 0.0043338485993445
vn -2.1361154932672548 -3.3659922940435614 -2.2765959292269682
v 0.0034212456084788 -0.0099999997764826 0.0036462419666350
vn 2.0450934519294308 -2.9511928411157338 2.3660132351212702
v 0.0045775426551700 -0.0099999997764826 0.0052958573214710
vn -1.5759683801204236 -3.3659919739753970 -2.6948473874925920
v 0.0025241025723517 -0.0099999997764826 0.0043161218054593
vn 1.5603649942216880 -2.9511933255580307 2.7102928611370318
v 0.0034925725776702 -0.0099999997764826 0.0060664596967399
vn -0.9367951557015493 -3.3659925645081006 -2.9779679254160367
v 0.0015003904700279 -0.0099999997764826 0.0047695734538138
vn 1.0192413333228207 -2.9511931903141679 2.9566151738876369
v 0.0022813722025603 -0.0099999997764826 0.0066178045235574
vn 0.4412797356666779 -2.9511933423379801 3.0960779251956541
v 0.0009877171833068 -0.0099999997764826 0.0069299647584558
vn -1.7441863330275980 -3.3659921079587063 2.5891490234376624
v 0.0027935241814703 -0.0099999997764826 -0.0041468329727650
vn 2.0508834817880568 -2.9511933697051891 -2.3609962502472230
v 0.0045905006118119 -0.0099999997764826 -0.0052846288308501
vn -2.2765959292269682 -3.3659922940435614 2.1361154932672548
v 0.0036462419666350 -0.0099999997764826 -0.0034212456084788
vn 2.4606423843083784 -2.9511932713612685 -1.9301982577581869
v 0.0055076670832932 -0.0099999997764826 -0.0043203704990447
vn -2.6948473874925920 -3.3659919739753965 1.5759683801204236
v 0.0043161218054593 -0.0099999997764826 -0.0025241025723517
vn 2.7814677371202841 -2.9511929435619111 -1.4296374291858018
v 0.0062257722020149 -0.0099999997764826 -0.0031999628990889
vn -2.9779679254160367 -3.3659925645081010 0.9367951557015493
v 0.0047695734538138 -0.0099999997764826 -0.0015003904700279
vn 3.0017638686128802 -2.9511926783619420 -0.8774049127882837
v 0.0067188614048064 -0.0099999997764826 -0.0019639004021883
vn -3.1117607315309721 -3.3659918184250452 0.2506473569101792
v 0.0049838582053781 -0.0099999997764826 -0.0004014427249786
vn 3.1135681822384087 -2.9511938726631866 -0.2934620824316921
v 0.0069691129028797 -0.0099999997764826 -0.0006568574463017
vn -3.0895167641195576 -3.3659919493628472 -0.4480680397732121
v 0.0049482318572700 -0.0099999997764826 0.0007176350336522
vn 3.1128398903775585 -2.9511926829744350 0.3010872383159064
v 0.0069674835540354 -0.0099999997764826 0.0006739262025803
vn 2.9996054915120873 -2.9511929828526595 0.8847558327329026
v 0.0067140306346118 -0.0099999997764826 0.0019803524482995
vn -0.4503926948860362 -3.0463922462922381 3.1055442936059245
v -0.0010046891402453 -0.0099999997764826 0.0069275251589715
vn -0.8147396745761047 -2.9987930416814921 3.0258179936664624
v -0.0016586428973824 -0.0099999997764826 0.0068006548099220
vn 1.1243160118900275 -3.3659921936497907 -2.9123516341951303
v -0.0018007276812568 -0.0099999997764826 0.0046644806861877
vn -1.3026388808946763 -2.9511933353110900 2.8431599081678147
v -0.0029157013632357 -0.0099999997764826 0.0063638575375080
vn 1.7441863330275980 -3.3659921079587067 -2.5891490234376624
v -0.0027935241814703 -0.0099999997764826 0.0041468329727650
vn -1.8171695504588086 -2.9511932488642714 2.5452546162579806
v -0.0040673785842955 -0.0099999997764826 0.0056970543228090
vn 2.2765959292269682 -3.3659922940435614 -2.1361154932672548
v -0.0036462419666350 -0.0099999997764826 0.0034212456084788
vn -2.2660232987490896 -2.9511931566455059 2.1553571769196083
v -0.0050720507279038 -0.0099999997764826 0.0048243445344269
vn 2.6948473874925920 -3.3659919739753970 -1.5759683801204236
v -0.0043161218054593 -0.0099999997764826 0.0025241025723517
vn -2.6329774192263722 -2.9511929013527665 1.6875591314067080
v -0.0058934055268764 -0.0099999997764826 0.0037772706709802
vn 2.9779679254160367 -3.3659925645081006 -0.9367951557015493
v -0.0047695734538138 -0.0099999997764826 0.0015003904700279
vn 1.5759683801204236 -3.3659919739753965 2.6948473874925920
v -0.0025241025723517 -0.0099999997764826 -0.0043161218054593
vn -1.2956702761348664 -2.9511938747718993 -2.8463424524787051
v -0.0029001042712480 -0.0099999997764826 -0.0063709802925587
vn 0.9367951557015493 -3.3659925645081010 2.9779679254160367
v -0.0015003904700279 -0.0099999997764826 -0.0047695734538138
vn -0.7335825476833329 -2.9511927258945541 -3.0401122337869095
v -0.0016419797902927 -0.0099999997764826 -0.0068046972155571
vn 0.2506473569101792 -3.3659918184250457 3.1117607315309721
v -0.0004014427249786 -0.0099999997764826 -0.0049838582053781
vn -0.1449804037374182 -2.9511932591500845 -3.1240049501938154
v -0.0003245096886531 -0.0099999997764826 -0.0069924741983414
vn -0.4480680397732121 -3.3659919493628481 3.0895167641195576
v 0.0007176350336522 -0.0099999997764826 -0.0049482318572700
vn 0.4488614850686965 -2.9511928816915591 -3.0949877642746975
v 0.0010046891402453 -0.0099999997764826 -0.0069275251589715
vn -1.1243160118900275 -3.3659921936497907 2.9123516341951303
v 0.0018007276812568 -0.0099999997764826 -0.0046644806861877
vn 1.0264806230935495 -2.9511930758742202 -2.9541096129887165
v 0.0022975758183748 -0.0099999997764826 -0.0066121970303357
vn 1.5669999605088178 -2.9511929216569786 -2.7064620918974605
v 0.0035074220504612 -0.0099999997764826 -0.0060578868724406
vn -2.9047689257437153 -2.9511930280074279 1.1587681038365385
v -0.0065017570741475 -0.0099999997764826 0.0025936763267964
vn -3.0715742547012690 -2.9511934325452076 0.5880969359690608
v -0.0068751182407141 -0.0099999997764826 0.0013163393596187
vn 3.1117607315309721 -3.3659918184250457 -0.2506473569101792
v -0.0049838582053781 -0.0099999997764826 0.0004014427249786
vn -3.1273648375912697 -2.9511924599254491 -0.0038304686785993
v -0.0069999950937927 -0.0099999997764826 -0.0000085732499429
vn 3.0895167641195576 -3.3659919493628481 0.4480680397732121
v -0.0049482318572700 -0.0099999997764826 -0.0007176350336522
vn -3.0701243983269526 -2.9511934027711364 -0.5956194751944702
v -0.0068718730472028 -0.0099999997764826 -0.0013331760419533
vn 2.9123516341951303 -3.3659921936497907 1.1243160118900275
v -0.0046644806861877 -0.0099999997764826 -0.0018007276812568
vn -2.9019217786058826 -2.9511932644536607 -1.1658800290378526
v -0.0064953840337694 -0.0099999997764826 -0.0026095942594111
vn 2.5891490234376624 -3.3659921079587067 1.7441863330275980
v -0.0041468329727650 -0.0099999997764826 -0.0027935241814703
vn -2.6288361085684659 -2.9511930615172020 -1.6940031806396321
v -0.0058841351419687 -0.0099999997764826 -0.0037916949950159
vn 2.1361154932672548 -3.3659922940435614 2.2765959292269682
v -0.0034212456084788 -0.0099999997764826 -0.0036462419666350
vn -2.2607376448977550 -2.9511933307919973 -2.1609006488390539
v -0.0050602182745934 -0.0099999997764826 -0.0048367539420724
vn -1.8109294079814329 -2.9511924366278492 -2.5496980522098052
v -0.0040534120053053 -0.0099999997764826 -0.0057070003822446
vn -2.2765959292269682 3.3659922940435614 2.1361154932672548
v 0.0036462419666350 0.0099999997764826 -0.0034212456084788
vn 2.0508834817880572 2.9511933697051891 -2.3609962502472239
v 0.0045905006118119 0.0099999997764826 -0.0052846288308501
vn -1.7441863330275980 3.3659921079587063 2.5891490234376620
v 0.0027935241814703 0.0099999997764826 -0.0041468329727650
vn 1.5669999605088178 2.9511929216569790 -2.7064620918974605
v 0.0035074220504612 0.0099999997764826 -0.0060578868724406
vn -1.1243160118900282 3.3659921936497907 2.9123516341951312
v 0.0018007276812568 0.0099999997764826 -0.0046644806861877
vn 1.0264806230935490 2.9511930758742198 -2.9541096129887148
v 0.0022975758183748 0.0099999997764826 -0.0066121970303357
vn -0.4480680397732124 3.3659919493628472 3.0895167641195593
v 0.0007176350336522 0.0099999997764826 -0.0049482318572700
vn 0.4488614850686967 2.9511928816915591 -3.0949877642746983
v 0.0010046891402453 0.0099999997764826 -0.0069275251589715
vn 0.2506473569101791 3.3659918184250457 3.1117607315309712
v -0.0004014427249786 0.0099999997764826 -0.0049838582053781
vn -0.1449804037374182 2.9511932591500845 -3.1240049501938150
v -0.0003245096886531 0.0099999997764826 -0.0069924741983414
vn 0.9367951557015486 3.3659925645081010 2.9779679254160349
v -0.0015003904700279 0.0099999997764826 -0.0047695734538138
vn -2.5891490234376620 3.3659921079587063 -1.7441863330275980
v 0.0041468329727650 0.0099999997764826 0.0027935241814703
vn 2.7779577197905878 2.9511933543597717 1.4364460457243400
v 0.0062179150991142 0.0099999997764826 0.0032152032945305
vn -2.9123516341951312 3.3659921936497907 -1.1243160118900282
v 0.0046644806861877 0.0099999997764826 0.0018007276812568
vn 2.9996054915120878 2.9511929828526595 0.8847558327329030
v 0.0067140306346118 0.0099999997764826 0.0019803524482995
vn -3.0895167641195593 3.3659919493628481 -0.4480680397732124
v 0.0049482318572700 0.0099999997764826 0.0007176350336522
vn 3.1128398903775589 2.9511926829744350 0.3010872383159064
v 0.0069674835540354 0.0099999997764826 0.0006739262025803
vn -3.1117607315309712 3.3659918184250452 0.2506473569101791
v 0.0049838582053781 0.0099999997764826 -0.0004014427249786
vn 3.1135681822384100 2.9511938726631866 -0.2934620824316922
v 0.0069691129028797 0.0099999997764826 -0.0006568574463017
vn -2.9779679254160349 3.3659925645081010 0.9367951557015486
v 0.0047695734538138 0.0099999997764826 -0.0015003904700279
vn 3.0017638686128789 2.9511926783619424 -0.8774049127882834
v 0.0067188614048064 0.0099999997764826 -0.0019639004021883
vn -2.6948473874925929 3.3659919739753965 1.5759683801204236
v 0.0043161218054593 0.0099999997764826 -0.0025241025723517
vn 2.7814677371202854 2.9511929435619111 -1.4296374291858025
v 0.0062257722020149 0.0099999997764826 -0.0031999628990889
vn 2.4606423843083771 2.9511932713612685 -1.9301982577581862
v 0.0055076670832932 0.0099999997764826 -0.0043203704990447
vn -0.7335825476833329 2.9511927258945536 -3.0401122337869095
v -0.0016419797902927 0.0099999997764826 -0.0068046972155571
vn -1.2956702761348668 2.9511938747718993 -2.8463424524787060
v -0.0029001042712480 0.0099999997764826 -0.0063709802925587
vn 1.5759683801204236 3.3659919739753965 2.6948473874925929
v -0.0025241025723517 0.0099999997764826 -0.0043161218054593
vn -1.8109294079814324 2.9511924366278492 -2.5496980522098047
v -0.0040534120053053 0.0099999997764826 -0.0057070003822446
vn 2.1361154932672548 3.3659922940435618 2.2765959292269682
v -0.0034212456084788 0.0099999997764826 -0.0036462419666350
vn -2.2607376448977545 2.9511933307919969 -2.1609006488390539
v -0.0050602182745934 0.0099999997764826 -0.0048367539420724
vn 2.5891490234376620 3.3659921079587063 1.7441863330275980
v -0.0041468329727650 0.0099999997764826 -0.0027935241814703
vn -2.6288361085684677 2.9511930615172015 -1.6940031806396330
v -0.0058841351419687 0.0099999997764826 -0.0037916949950159
vn 2.9123516341951312 3.3659921936497907 1.1243160118900282
v -0.0046644806861877 0.0099999997764826 -0.0018007276812568
vn -2.9019217786058809 2.9511932644536607 -1.1658800290378517
v -0.0064953840337694 0.0099999997764826 -0.0026095942594111
vn 3.0895167641195593 3.3659919493628481 0.4480680397732124
v -0.0049482318572700 0.0099999997764826 -0.0007176350336522
vn -3.0701243983269539 2.9511934027711373 -0.5956194751944704
v -0.0068718730472028 0.0099999997764826 -0.0013331760419533
vn 3.1117607315309712 3.3659918184250461 -0.2506473569101791
v -0.0049838582053781 0.0099999997764826 0.0004014427249786
vn 0.4480680397732124 3.3659919493628485 -3.0895167641195593
v -0.0007176350336522 0.0099999997764826 0.0049482318572700
vn -0.0784079435515417 2.9987930005520433 3.1326071304309937
v -0.0003416366525926 0.0099999997764826 0.0069916583597660
vn -0.2506473569101791 3.3659918184250452 -3.1117607315309712
v 0.0004014427249786 0.0099999997764826 0.0049838582053781
vn 0.4412797356666777 2.9511933423379793 3.0960779251956527
v 0.0009877171833068 0.0099999997764826 0.0069299647584558
vn -0.9367951557015486 3.3659925645081010 -2.9779679254160349
v 0.0015003904700279 0.0099999997764826 0.0047695734538138
vn 1.0192413333228210 2.9511931903141679 2.9566151738876374
v 0.0022813722025603 0.0099999997764826 0.0066178045235574
vn -1.5759683801204236 3.3659919739753965 -2.6948473874925929
v 0.0025241025723517 0.0099999997764826 0.0043161218054593
vn 1.5603649942216880 2.9511933255580307 2.7102928611370318
v 0.0034925725776702 0.0099999997764826 0.0060664596967399
vn -2.1361154932672548 3.3659922940435614 -2.2765959292269682
v 0.0034212456084788 0.0099999997764826 0.0036462419666350
vn 2.0450934519294313 2.9511928411157338 2.3660132351212706
v 0.0045775426551700 0.0099999997764826 0.0052958573214710
vn 2.4559072844448404 2.9511929733284759 1.9362193547169011
v 0.0054970681667328 0.0099999997764826 0.0043338485993445
vn 1.1243160118900282 3.3659921936497912 -2.9123516341951312
v -0.0018007276812568 0.0099999997764826 0.0046644806861877
vn -0.8147396745761047 2.9987930416814921 3.0258179936664629
v -0.0016586428973824 0.0099999997764826 0.0068006548099220
vn -0.4503926948860359 3.0463922462922381 3.1055442936059245
v -0.0010046891402453 0.0099999997764826 0.0069275251589715
vn -3.1273648375912693 2.9511924599254487 -0.0038304686785993
v -0.0069999950937927 0.0099999997764826 -0.0000085732499429
vn -3.0715742547012699 2.9511934325452076 0.5880969359690611
v -0.0068751182407141 0.0099999997764826 0.0013163393596187
vn 2.9779679254160349 3.3659925645081010 -0.9367951557015486
v -0.0047695734538138 0.0099999997764826 0.0015003904700279
vn -2.9047689257437135 2.9511930280074279 1.1587681038365378
v -0.0065017570741475 0.0099999997764826 0.0025936763267964
vn 2.6948473874925929 3.3659919739753970 -1.5759683801204236
v -0.0043161218054593 0.0099999997764826 0.0025241025723517
vn -2.6329774192263731 2.9511929013527665 1.6875591314067082
v -0.0058934055268764 0.0099999997764826 0.0037772706709802
vn 2.2765959292269682 3.3659922940435614 -2.1361154932672548
v -0.0036462419666350 0.0099999997764826 0.0034212456084788
vn -2.2660232987490887 2.9511931566455054 2.1553571769196074
v -0.0050720507279038 0.0099999997764826 0.0048243445344269
vn 1.7441863330275980 3.3659921079587063 -2.5891490234376620
v -0.0027935241814703 0.0099999997764826 0.0041468329727650
vn -1.8171695504588095 2.9511932488642709 2.5452546162579819
v -0.0040673785842955 0.0099999997764826 0.0056970543228090
vn -1.3026388808946765 2.9511933353110900 2.8431599081678152
v -0.0029157013632357 0.0099999997764826 0.0063638575375080
vn 0.8265558043004231 3.0965907896104268 2.8854740065189057
v 0.0044869105331600 -0.0100067611783743 0.0100439591333270
vn 1.2630146167860272 3.1362779537050791 2.7489780384501308
v 0.0045924019068480 -0.0099999997764826 0.0099954912438989
vn -1.2630137056212487 3.1362771287518836 -2.7489785693045041
v 0.0025049464311451 -0.0099999997764826 0.0054520862177014
vn -0.8265548577468584 3.0965925770658211 -2.8854738619226348
v 0.0026104380376637 -0.0100067611783743 0.0054036183282733
vn 1.6508850379502689 3.0965948501245886 2.5067376856975594
v 0.0046978932805359 -0.0100067611783743 0.0099470233544707
vn 2.1842033386522060 2.9321675572809345 2.1976909927399402
v 0.0049031889066100 -0.0100603075698018 0.0098527008667588
vn -0.2446641477995529 2.9321687901820033 -3.0888066831679200
v 0.0028157336637378 -0.0100603075698018 0.0053092958405614
vn 2.7725122925179062 2.6070214439377151 1.9273894926793549
v 0.0050917300395668 -0.0101645123213530 0.0097660757601261
vn 0.3436469452977218 2.6070161154904015 -3.3591015222188805
v 0.0030042747966945 -0.0101645123213530 0.0052226711995900
vn 3.2768238215908077 2.1413136866149500 1.6956878976823515
v 0.0052533526904881 -0.0103137586265802 0.0096918195486069
vn 0.8479624806929759 2.1413161123361455 -3.5908087201766801
v 0.0031658972147852 -0.0103137586265802 0.0051484140567482
vn 3.6699642917691579 1.5601760142156660 1.5150547398555754
v 0.0053793429397047 -0.0104999998584390 0.0096339331939816
vn 1.2410980479875422 1.5601772738906530 -3.7714317287469763
v 0.0032918874640018 -0.0104999998584390 0.0050905281677842
vn 3.9307183457627852 0.8949247595161109 1.3952567799898863
v 0.0054629086516798 -0.0107131963595748 0.0095955394208431
vn 1.5018536628308485 0.8949266331794897 -3.8912355084251180
v 0.0033754534088075 -0.0107131963595748 0.0050521339289844
vn 4.0450391409830946 0.1814329239960457 1.3427322175878107
v 0.0054995454847813 -0.0109418556094170 0.0095787066966295
vn 1.6161731721679795 0.1814307730352141 -3.9437598209821374
v 0.0034120902419090 -0.0109418556094170 0.0050353012047708
vn 4.0067552371053283 -0.5418446953676463 1.3603200835498053
v 0.0054872781038284 -0.0111736478284001 0.0095843430608511
vn 1.5778943829041516 -0.5418440874855632 -3.9261733857442191
v 0.0033998226281255 -0.0111736478284001 0.0050409375689924
vn 3.8179480788098239 -1.2359110766236387 1.4470683720886104
v 0.0054267672821879 -0.0113960793241858 0.0096121439710259
vn 1.3890791994749283 -1.2359071185003152 -3.8394230048472533
v 0.0033393120393157 -0.0113960793241858 0.0050687389448285
vn 3.4887773645281071 -1.8633419864169138 1.5983035632274667
v 0.0053212759085000 -0.0115971583873034 0.0096606118604541
vn 1.0599115706835867 -1.8633435606952820 -3.6881871067042260
v 0.0032338206656277 -0.0115971583873034 0.0051172068342566
vn 3.0369949044431985 -2.3903228165485326 1.8058768532171854
v 0.0051764906384051 -0.0117660444229841 0.0097271334379911
vn 0.6081287677450077 -2.3903251153844574 -3.4806168918892815
v 0.0030890353955328 -0.0117660444229841 0.0051837279461324
vn 2.4869593260170664 -2.7884495072827149 2.0585834460025767
v 0.0050002173520625 -0.0118936328217387 0.0098081212490797
vn 0.0580948443735418 -2.7884494474562995 -3.2279037487364342
v 0.0029127618763596 -0.0118936328217387 0.0052647166885436
vn 1.8683222862069275 -3.0362398156835710 2.3428196012024847
v 0.0048019583337009 -0.0119730448350310 0.0098992111161351
vn -0.5605433954205632 -3.0362403824466702 -2.9436748761198115
v 0.0027145028579980 -0.0119730448350310 0.0053558060899377
vn 1.2144317509407276 -3.1203501410573273 2.6432450802207343
v 0.0045924019068480 -0.0120000001043081 0.0099954912438989
vn -1.2144323683440783 -3.1203497065166568 -2.6432446883813707
v 0.0025049464311451 -0.0120000001043081 0.0054520862177014
vn 0.5605456703347450 -3.0362428592841435 2.9436741208003676
v 0.0043828454799950 -0.0119730448350310 0.0100917713716626
vn -1.8683215961855391 -3.0362425335215755 -2.3428197976220200
v 0.0022953902371228 -0.0119730448350310 0.0055483663454652
vn -0.0580959484815332 -2.7884419131006357 3.2279022366970089
v 0.0041845864616334 -0.0118936328217387 0.0101828612387180
vn -2.4869575679454581 -2.7884448741258270 -2.0585863523084869
v 0.0020971312187612 -0.0118936328217387 0.0056394557468593
vn -0.6081329014697419 -2.3903281225873507 3.4806218253234720
v 0.0040083131752908 -0.0117660444229841 0.0102638490498066
vn -3.0369970087357894 -2.3903270761607813 -1.8058732117079959
v 0.0019208575831726 -0.0117660444229841 0.0057204444892704
vn -1.0599087906784699 -1.8633456405166280 3.6881846346076284
v 0.0038635276723653 -0.0115971583873034 0.0103303706273437
vn -3.4887756432993973 -1.8633441859122704 -1.5983042244953007
v 0.0017760723130777 -0.0115971583873034 0.0057869656011462
vn -1.3890792492792410 -1.2359029062890829 3.8394221455900448
v 0.0037580362986773 -0.0113960793241858 0.0103788385167718
vn -3.8179445323413406 -1.2359063148720633 -1.4470702741833008
v 0.0016705809393898 -0.0113960793241858 0.0058354330249131
vn -1.5778974942375206 -0.5418410015955164 3.9261756633944609
v 0.0036975257098675 -0.0111736478284001 0.0104066394269466
vn -4.0067591765864430 -0.5418431629176630 -1.3603197736351897
v 0.0016100704669952 -0.0111736478284001 0.0058632344007492
vn -1.6161742709121425 0.1814308035031983 3.9437603882242396
v 0.0036852580960840 -0.0109418556094170 0.0104122757911682
vn -4.0450387651598039 0.1814299655739589 -1.3427317146993067
v 0.0015978028532118 -0.0109418556094170 0.0058688707649708
vn -1.5018574015112458 0.8949248149959540 3.8912373140241696
v 0.0037218949291855 -0.0107131963595748 0.0103954430669546
vn -3.9307160115187361 0.8949260790791935 -1.3952558725041913
v 0.0016344395698979 -0.0107131963595748 0.0058520380407572
vn -1.2410942263336173 1.5601749803675873 3.7714302052903741
v 0.0038054611068219 -0.0104999998584390 0.0103570492938161
vn -3.6699627134500101 1.5601794102643567 -1.5150575375741151
v 0.0017180056311190 -0.0104999998584390 0.0058136442676187
vn -0.8479627260240777 2.1413201267905038 3.5908094530663015
v 0.0039314511232078 -0.0103137586265802 0.0102991629391909
vn -3.2768316288709345 2.1413154492304232 -1.6956836257850918
v 0.0018439958803356 -0.0103137586265802 0.0057557583786547
vn -0.3436514264489989 2.6070173581404665 3.3591033882655639
v 0.0040930733084679 -0.0101645123213530 0.0102249057963490
vn -2.7725118328346863 2.6070126162386331 -1.9273900128794854
v 0.0020056180655956 -0.0101645123213530 0.0056815012358129
vn 0.2446610740825909 2.9321667973072829 3.0888072193125140
v 0.0042816144414246 -0.0100603075698018 0.0101382816210389
vn -2.1842010320956629 2.9321694486345260 -2.1976913913087328
v 0.0021941591985524 -0.0100603075698018 0.0055948765948415
vn -1.6508843666409019 3.0965954026770297 -2.5067382042658739
v 0.0023994550574571 -0.0100067611783743 0.0055005541071296
vn 2.6231733503132002 0.0000004377496484 5.7094114564078593
v 0.0045924019068480 -0.0109999999403954 0.0099954912438989
vn -2.6231740409317421 0.0000000084978288 -5.7094111391051854
v 0.0025049464311451 -0.0109999999403954 0.0054520862177014
vn 3.0601439812436091 2.9804849852158717 0.6642428346898336
v 0.0117269167676568 -0.0104999998584390 0.0025454740971327
vn 0.0000000000000000 6.2831853071795853 0.0000000000000000
v 0.0107481554150581 -0.0104999998584390 0.0039809201844037
vn 2.9139636982190726 2.9804853126747073 1.1465232461907351
v 0.0111667327582836 -0.0104999998584390 0.0043936413712800
vn 0.5404842712520318 2.9804856563571964 -3.0844086974948017
v 0.0020712148398161 -0.0104999998584390 -0.0118199009448290
vn 0.0000000000000000 6.2831853071795862 0.0000000000000000
v 0.0039809201844037 -0.0104999998584390 -0.0107481554150581
vn 1.0282586330567161 2.9804853204152688 -2.9577667552168574
v 0.0039404383860528 -0.0104999998584390 -0.0113345906138420
vn -2.0104970973069562 3.0935594159453519 -2.4128435816216198
v -0.0078154327347875 -0.0104999998584390 -0.0091059878468513
vn 0.0000000000000000 6.2831853071795862 0.0000000000000000
v -0.0062168841250241 -0.0104999998584390 -0.0097993751987815
vn -1.7993293373971064 3.0224344853516323 -2.5684676284105534
v -0.0070897606201470 -0.0104999998584390 -0.0096816979348660
vn -2.9967714967934920 2.9804847469113636 -0.9083282098132047
v -0.0114840641617775 -0.0104999998584390 -0.0034808444324881
vn 0.0000000000000000 6.2831853071795862 0.0000000000000000
v -0.0107481554150581 -0.0104999998584390 -0.0039809201844037
vn -2.8122581194486580 2.9804859089965272 -1.3772816452112266
v -0.0107769807800651 -0.0104999998584390 -0.0052779424004257
vn 1.0330569412771655 5.8231105084997701 0.8850655768708391
v -0.0001583188713994 -0.0104999998584390 0.0110329026356339
vn 0.0000000000000000 6.2831853071795862 0.0000000000000000
v 0.0001972637692234 -0.0104999998584390 0.0088284993544221
vn 1.1788011174014115 5.8231094537287422 -0.6789549431789494
v 0.0003055940323975 -0.0104999998584390 0.0060544703155756
vn -1.1773929346913872 5.8231093067080488 -0.6813941691951498
v -0.0103570492938161 -0.0104999998584390 0.0038054611068219
vn 0.2499604655505054 5.8231095384456477 -1.3371878630054757
v -0.0058136442676187 -0.0104999998584390 0.0017180056311190
vn 0.0000000000000000 6.2831853071795871 0.0000000000000000
v -0.0080149937421083 -0.0104999998584390 0.0019678806420416
vn -0.6789552644944707 5.8231091200783016 -1.1788014508312998
v -0.0108721982687712 -0.0104999998584390 -0.0018828986212611
vn 0.2061113537738822 5.3630334067257746 -2.2118597358877650
v -0.0097355609759688 -0.0104999998584390 -0.0017769816331565
vn 1.2830186997340145 5.8231096561921616 -0.4521218049173154
v -0.0043946583755314 -0.0104999998584390 -0.0041757607832551
vn 0.0000000000000000 6.2831853071795889 0.0000000000000000
v -0.0065699708648026 -0.0104999998584390 -0.0059005762450397
vn 0.0014082191345722 5.8231094211134282 -1.3603491989213579
v -0.0084741506725550 -0.0104999998584390 -0.0070667373947799
vn 1.3603488841967875 5.8231096258136823 0.0014079961017219
v 0.0070667373947799 -0.0104999998584390 -0.0084741506725550
vn 0.0000000000000000 6.2831853071795845 0.0000000000000000
v 0.0067140813916922 -0.0104999998584390 -0.0047993538901210
vn 0.0000000000000000 6.2831853071795853 0.0000000000000000
v 0.0097993751987815 -0.0104999998584390 -0.0062168841250241
vn 0.6789549702058915 5.8231095603495708 1.1788008273645110
v -0.0060544703155756 -0.0104999998584390 0.0003055940323975
vn -0.8850656610750611 5.8231100549145447 1.0330578448998617
v -0.0110329026356339 -0.0104999998584390 -0.0001583188713994
vn 0.9509433885417724 3.3832534783158357 2.9701708477953104
v 0.0016770473448560 -0.0104999998584390 0.0052380827255547
vn 0.2125015955794418 3.3832542173835289 3.1114386370871938
v 0.0003747603041120 -0.0104999998584390 0.0054872175678611
vn 0.0000000000000000 6.2831853071795880 0.0000000000000000
v 0.0019678806420416 -0.0104999998584390 0.0080149937421083
vn -1.3603488841967875 5.8231096258136823 -0.0014079961017219
v -0.0070667373947799 -0.0104999998584390 0.0084741506725550
vn -0.4521218061811529 5.8231096357148813 -1.2830187006296456
v -0.0041757607832551 -0.0104999998584390 0.0043946583755314
vn -2.4399492868326456 3.3832531978242004 1.9423841026539086
v -0.0043030031956732 -0.0104999998584390 0.0034255161881447
vn 1.3603502519258868 5.8231086324158783 0.0014084835672609
v -0.0027625833172351 -0.0104999998584390 0.0053961221128702
vn 0.0000000000000000 6.2831853071795862 0.0000000000000000
v -0.0039809201844037 -0.0104999998584390 0.0107481554150581
vn -1.1788014393929160 5.8231090739265321 0.6789551360436449
v -0.0018828986212611 -0.0104999998584390 0.0108721982687712
vn -1.0330597604592242 5.8231085344537759 -0.8850666453539698
v -0.0014189853100106 -0.0104999998584390 0.0058937664143741
vn -1.2577962189562477 3.3832537843447041 2.8537968574289225
v -0.0022182033862919 -0.0104999998584390 0.0050328494980931
vn -1.9042058504082349 3.3832539846311240 2.4698598491876589
v -0.0033581862226129 -0.0104999998584390 0.0043557533062994
vn -0.5382893517093398 3.3832530326514751 3.0718810675966353
v -0.0009493067045696 -0.0104999998584390 0.0054174545221031
vn 0.0000000000000000 6.2831853071795871 0.0000000000000000
v 0.0047993538901210 -0.0104999998584390 0.0067140813916922
vn -0.0014078447221176 5.8231097216443537 1.3603486705829648
v 0.0084741506725550 -0.0104999998584390 0.0070667373947799
vn -1.2830187006296456 5.8231096357148813 0.4521218061811529
v 0.0043946583755314 -0.0104999998584390 0.0041757607832551
vn 1.6341182982388336 3.3832531378643527 2.6562880082419085
v 0.0028818706050515 -0.0104999998584390 0.0046845297329128
vn 2.2223252371035467 3.3832543761241354 2.1880305467580237
v 0.0039192102849483 -0.0104999998584390 0.0038587294984609
vn 2.6813788080210368 3.3832529972529075 1.5926130883936387
v 0.0047287791967392 -0.0104999998584390 0.0028086730744690
vn 0.0014083996740969 5.8231087161864759 -1.3603501335433017
v 0.0053961221128702 -0.0104999998584390 0.0027625833172351
vn 2.9845997619980604 3.3832539539103834 0.9046390950649003
v 0.0052635292522609 -0.0104999998584390 0.0015953873516992
vn 1.2830201107448340 5.8231085171940418 -0.4521223569406962
v 0.0094756139442325 -0.0104999998584390 0.0056535596959293
vn -0.8850666453539698 5.8231085344537759 1.0330597604592242
v 0.0058937664143741 -0.0104999998584390 0.0014189853100106
vn 3.1143671089106704 3.3832536541963796 0.1640899038005042
v 0.0054923817515373 -0.0104999998584390 0.0002893832861446
vn -0.6789549431789497 5.8231094537287396 -1.1788011174014115
v 0.0060544703155756 -0.0104999998584390 -0.0003055940323975
vn 3.0631386271710741 3.3832534496861482 -0.5859948616224072
v 0.0054020369425416 -0.0104999998584390 -0.0010334387188777
vn 0.0000000000000000 6.2831853071795862 0.0000000000000000
v 0.0080149937421083 -0.0104999998584390 -0.0019678806420416
vn -1.1773925722446981 5.8231095705522939 -0.6813940725701372
v 0.0050905281677842 -0.0104999998584390 -0.0032918874640018
vn 2.4399492868326456 3.3832531978242004 -1.9423841026539086
v 0.0043030031956732 -0.0104999998584390 -0.0034255161881447
vn 2.8338915077357916 3.3832538860719308 -1.3020240528259559
v 0.0049977456219494 -0.0104999998584390 -0.0022962009534240
vn -0.2499604655505054 5.8231095384456477 1.3371878630054757
v 0.0058136442676187 -0.0104999998584390 -0.0017180056311190
vn 1.9042058504082349 3.3832539846311240 -2.4698598491876589
v 0.0033581862226129 -0.0104999998584390 -0.0043557533062994
vn 0.4521218049173157 5.8231096561921616 1.2830186997340143
v 0.0041757607832551 -0.0104999998584390 -0.0043946583755314
vn -1.3603503275333013 5.8231085984971109 -0.0014085371473134
v 0.0027625833172351 -0.0104999998584390 -0.0053961221128702
vn -0.4521224205961845 5.8231085274776966 -1.2830201558549987
v 0.0056535596959293 -0.0104999998584390 -0.0094756139442325
vn 1.2577962189562477 3.3832537843447041 -2.8537968574289225
v 0.0022182033862919 -0.0104999998584390 -0.0050328494980931
vn 0.5382893517093398 3.3832530326514751 -3.0718810675966353
v 0.0009493067045696 -0.0104999998584390 -0.0054174545221031
vn -1.0330580093429949 5.8231100106612459 -0.8850656763986151
v 0.0001583188713994 -0.0104999998584390 -0.0110329026356339
vn 0.0000000000000000 6.2831853071795871 0.0000000000000000
v -0.0019678806420416 -0.0104999998584390 -0.0080149937421083
vn -1.1788010337914003 5.8231094641314547 0.6789549509701169
v -0.0003055940323975 -0.0104999998584390 -0.0060544703155756
vn -0.2125015955794418 3.3832542173835285 -3.1114386370871938
v -0.0003747603041120 -0.0104999998584390 -0.0054872175678611
vn 1.0330594256698440 5.8231086905033083 0.8850666141569746
v 0.0014189853100106 -0.0104999998584390 -0.0058937664143741
vn -0.9509433885417724 3.3832534783158357 -2.9701708477953104
v -0.0016770473448560 -0.0104999998584390 -0.0052380827255547
vn 1.3371878630054757 5.8231095384456477 0.2499604655505054
v -0.0017180056311190 -0.0104999998584390 -0.0058136442676187
vn -1.6341182982388336 3.3832531378643527 -2.6562880082419085
v -0.0028818706050515 -0.0104999998584390 -0.0046845297329128
vn -0.6813940675433476 5.8231095737461738 1.1773925699351524
v -0.0032918874640018 -0.0104999998584390 -0.0050905281677842
vn -2.2223252371035467 3.3832543761241354 -2.1880305467580237
v -0.0039192102849483 -0.0104999998584390 -0.0038587294984609
vn 0.0000000000000000 6.2831853071795871 0.0000000000000000
v -0.0047993538901210 -0.0104999998584390 -0.0067140813916922
vn -0.0014085371473134 5.8231085984971109 1.3603503275333013
v -0.0053961221128702 -0.0104999998584390 -0.0027625833172351
vn -2.6813788080210368 3.3832529972529080 -1.5926130883936387
v -0.0047287791967392 -0.0104999998584390 -0.0028086730744690
vn -2.9845997619980604 3.3832539539103834 -0.9046390950649003
v -0.0052635292522609 -0.0104999998584390 -0.0015953873516992
vn 0.8850666096167357 5.8231087107756423 -1.0330593499405214
v -0.0058937664143741 -0.0104999998584390 -0.0014189853100106
vn -1.2830202477894004 5.8231084536843367 0.4521225503260632
v -0.0094756139442325 -0.0104999998584390 -0.0056535596959293
vn -3.1143671089106704 3.3832536541963796 -0.1640899038005042
v -0.0054923817515373 -0.0104999998584390 -0.0002893832861446
vn -3.0631386271710741 3.3832534496861482 0.5859948616224072
v -0.0054020369425416 -0.0104999998584390 0.0010334387188777
vn 2.6923136153686400 2.9804856261540058 1.5991083869595344
v 0.0103173367679119 -0.0104999998584390 0.0061280140653253
vn 2.4009346127332920 2.9804858048532363 2.0102769370364202
v 0.0092007275670767 -0.0104999998584390 0.0077036749571562
vn 2.0473710308474287 2.9804841344282820 2.3693819696157226
v 0.0078458245843649 -0.0104999998584390 0.0090798158198595
vn 1.6407822091151498 2.9804862076793723 2.6671210020033831
v 0.0062877177260816 -0.0104999998584390 0.0102207921445370
vn 0.6789551414789373 5.8231091781298074 1.1788013810652136
v 0.0108721982687712 -0.0104999998584390 0.0018828986212611
vn 0.8850656610750611 5.8231100549145447 -1.0330578448998617
v 0.0110329026356339 -0.0104999998584390 0.0001583188713994
vn 3.1270680357787555 2.9804852895205016 0.1647588233639778
v 0.0119833787903190 -0.0104999998584390 0.0006313816411421
vn 3.1130024958693046 2.9804853316012800 -0.3389918351347558
v 0.0119294775649905 -0.0104999998584390 -0.0012990637915209
vn 1.1773929346913872 5.8231093067080497 0.6813941691951498
v 0.0103570492938161 -0.0104999998584390 -0.0038054611068219
vn 0.0000000000000000 6.2831853071795880 0.0000000000000000
v 0.0111002884805202 -0.0104999998584390 -0.0033854108769447
vn 0.2499604344497877 5.8231095595274267 -1.3371878255159242
v 0.0096339331939816 -0.0104999998584390 -0.0053793429397047
vn 1.4894026360969308 2.9804849559136484 -2.7545198299831046
v 0.0057076076045632 -0.0104999998584390 -0.0105557199567556
vn 1.9119715241976944 2.9804855928395244 -2.4799324791270418
v 0.0073269517160952 -0.0104999998584390 -0.0095034614205360
vn 2.2850208053595509 2.9804853777552287 -2.1411165216274211
v 0.0087565323337913 -0.0104999998584390 -0.0082050682976842
vn 2.5988898198973889 2.9804850400369252 -1.7468461514421660
v 0.0099593233317137 -0.0104999998584390 -0.0066941683180630
vn 0.0387122266370532 2.9804856805009416 -3.1311661794407075
v 0.0001483475352870 -0.0104999998584390 -0.0119990827515721
vn 1.1788018303323489 5.8231089687208009 -0.6789550996140988
v 0.0018828986212611 -0.0104999998584390 -0.0108721982687712
vn 0.6813941691951499 5.8231093067080497 -1.1773929346913869
v -0.0038054611068219 -0.0104999998584390 -0.0103570492938161
vn 0.0000000000000000 6.2831853071795862 0.0000000000000000
v -0.0033854108769447 -0.0104999998584390 -0.0111002884805202
vn -1.3371878255159242 5.8231095595274267 -0.2499604344497877
v -0.0053793429397047 -0.0104999998584390 -0.0096339331939816
vn -3.1036703669906229 2.9804855137006805 -0.4158490120107005
v -0.0118937147781253 -0.0104999998584390 -0.0015935954870656
vn 0.0000000000000000 6.2831853071795862 0.0000000000000000
v -0.0067140813916922 -0.0104999998584390 0.0047993538901210
vn 1.1773925722446981 5.8231095705522922 0.6813940725701372
v -0.0050905281677842 -0.0104999998584390 0.0032918874640018
vn -0.2499604344497877 5.8231095595274267 1.3371878255159242
v -0.0096339331939816 -0.0104999998584390 0.0053793429397047
vn -2.9666670821365475 3.0207621019913642 1.0161252492159873
v -0.0112719424068928 -0.0104999998584390 0.0041162259876728
vn -3.0756306435094105 2.9804854276373240 0.5883844188150766
v -0.0117862625047565 -0.0104999998584390 0.0022547754924744
vn -3.1301855254663922 2.9804854347365688 0.0873994358042280
v -0.0119953248649836 -0.0104999998584390 0.0003349270264152
vn -2.8523902829893446 3.0610386611638987 1.3105235208726287
v -0.0109041724354029 -0.0104999998584390 0.0050098928622901
vn -2.7034614251758065 3.0207627219194699 1.5889999338140384
v -0.0104656843468547 -0.0104999998584390 0.0058710686862469
vn -2.4498999833075734 2.9804851416905791 1.9503050851169641
v -0.0093883713707328 -0.0104999998584390 0.0074738538824022
vn -2.1053224423754910 2.9804846692505080 2.3180416072387597
v -0.0080679040402174 -0.0104999998584390 0.0088830702006817
vn 0.4521224205961845 5.8231085274776975 1.2830201558549987
v -0.0056535596959293 -0.0104999998584390 0.0094756139442325
vn -1.7062197173264289 2.9804864257013142 2.6257408756134959
v -0.0065384814515710 -0.0104999998584390 0.0100622186437249
vn -1.2629265983212383 2.9804846184538114 2.8654346696970716
v -0.0048397169448435 -0.0104999998584390 0.0109807625412941
vn -2.8338915077357920 3.3832538860719312 1.3020240528259559
v -0.0049977456219494 -0.0104999998584390 0.0022962009534240
vn -2.5549091270410837 2.9804854039000830 -1.8105632862096506
v -0.0097907809540629 -0.0104999998584390 -0.0069383434019983
vn -2.2872708507266690 3.0285174048013745 -2.1462716130629103
v -0.0085510043427348 -0.0104999998584390 -0.0084190461784601
vn -2.1171264397598621 3.0996445253449867 -2.3201376951878405
v -0.0079857194796205 -0.0104999998584390 -0.0089570246636868
vn -0.4640642447832807 2.9804844767012191 -3.0968280067758585
v -0.0017783619696274 -0.0104999998584390 -0.0118674952536821
vn -0.9548218699150590 2.9804855648473918 -2.9822835856010537
v -0.0036590122617781 -0.0104999998584390 -0.0114285442978144
vn -1.4208487081924983 2.9804853900719417 -2.7904997757193080
v -0.0054448964074254 -0.0104999998584390 -0.0106936004012823
vn 3.0183120311823135 2.9804857396655220 -0.8339621148583853
v 0.0115666091442108 -0.0104999998584390 -0.0031958639156073
vn 2.8454489499268467 2.9804853138777223 -1.3073332639028283
v 0.0109041724354029 -0.0104999998584390 -0.0050098928622901
vn 1.1916993297397129 2.9804852699035491 2.8957818740773034
v 0.0045667630620301 -0.0104999998584390 0.0110970567911863
vn 0.7117508222795799 2.9804852525876759 3.0494443277446255
v 0.0027275313623250 -0.0104999998584390 0.0116859134286642
vn 0.2133680638042406 2.9804851030745381 3.1241277009788742
v 0.0008176588453352 -0.0104999998584390 0.0119721107184887
vn -0.2905402240653399 2.9804856402534137 3.1178977895538500
v -0.0011133917141706 -0.0104999998584390 0.0119482362642884
vn -0.7869231202772557 2.9804854691659286 3.0309160521607175
v -0.0030156052671373 -0.0104999998584390 0.0116149093955755
vn -2.0104970973069558 -3.0935594159453514 -2.4128435816216198
v -0.0078154327347875 -0.0115000000223517 -0.0091059878468513
vn 0.0000000000000000 -6.2831853071795862 0.0000000000000000
v -0.0062168841250241 -0.0115000000223517 -0.0097993751987815
vn 0.0000000000000000 -6.2831853071795871 0.0000000000000000
v -0.0047993538901210 -0.0115000000223517 -0.0067140813916922
vn 0.0014082492170124 -5.8231094479421479 -1.3603491447207046
v -0.0084741506725550 -0.0115000000223517 -0.0070667373947799
vn 0.0000000000000000 -6.2831853071795889 0.0000000000000000
v -0.0065699708648026 -0.0115000000223517 -0.0059005762450397
vn 1.2830186395227048 -5.8231096625436249 -0.4521218166027927
v -0.0043946583755314 -0.0115000000223517 -0.0041757607832551
vn 0.8850655152005873 -5.8231105369619227 -1.0330569184384140
v 0.0110329026356339 -0.0115000000223517 0.0001583188713994
vn 0.0000000000000000 -6.2831853071795862 0.0000000000000000
v 0.0080149937421083 -0.0115000000223517 -0.0019678806420416
vn 0.0000000000000000 -6.2831853071795862 0.0000000000000000
v 0.0111002884805202 -0.0115000000223517 -0.0033854108769447
vn -0.4521218922101318 -5.8231096286249349 -1.2830186931026575
v -0.0041757607832551 -0.0115000000223517 0.0043946583755314
vn -1.3603486163823115 -5.8231097484730725 -0.0014078748045578
v -0.0070667373947799 -0.0115000000223517 0.0084741506725550
vn 0.0000000000000000 -6.2831853071795862 0.0000000000000000
v -0.0067140813916922 -0.0115000000223517 0.0047993538901210
vn 1.6341182982388334 -3.3832531378643527 2.6562880082419085
v 0.0028818706050515 -0.0115000000223517 0.0046845297329128
vn 2.2223252371035467 -3.3832543761241363 2.1880305467580241
v 0.0039192102849483 -0.0115000000223517 0.0038587294984609
vn 0.0000000000000000 -6.2831853071795880 0.0000000000000000
v 0.0047993538901210 -0.0115000000223517 0.0067140813916922
vn 0.4521218166027927 -5.8231096625436267 1.2830186395227048
v 0.0041757607832551 -0.0115000000223517 -0.0043946583755314
vn 1.3603486163823115 -5.8231097484730707 0.0014078748045578
v 0.0070667373947799 -0.0115000000223517 -0.0084741506725550
vn 0.0000000000000000 -6.2831853071795862 0.0000000000000000
v 0.0067140813916922 -0.0115000000223517 -0.0047993538901210
vn 0.0000000000000000 -6.2831853071795862 0.0000000000000000
v -0.0080149937421083 -0.0115000000223517 0.0019678806420416
vn -0.8850655152005873 -5.8231105369619227 1.0330569184384140
v -0.0110329026356339 -0.0115000000223517 -0.0001583188713994
vn -3.0631386271710741 -3.3832534496861482 0.5859948616224071
v -0.0054020369425416 -0.0115000000223517 0.0010334387188777
vn 0.6789548831624149 -5.8231094596165844 1.1788011224926425
v -0.0060544703155756 -0.0115000000223517 0.0003055940323975
vn 0.0000000000000000 -6.2831853071795862 0.0000000000000000
v -0.0107481554150581 -0.0115000000223517 -0.0039809201844037
vn -1.2830202657819836 -5.8231084457847588 0.4521225472574669
v -0.0094756139442325 -0.0115000000223517 -0.0056535596959293
vn 0.2061112895333616 -5.3630332566114038 -2.2118598926385982
v -0.0097355609759688 -0.0115000000223517 -0.0017769816331565
vn -0.0014083908164957 -5.8231087082868971 1.3603501495023835
v -0.0053961221128702 -0.0115000000223517 -0.0027625833172351
vn 0.8850666942648785 -5.8231085129733566 -1.0330597774749313
v -0.0058937664143741 -0.0115000000223517 -0.0014189853100106
vn -1.6341182982388334 -3.3832531378643527 -2.6562880082419085
v -0.0028818706050515 -0.0115000000223517 -0.0046845297329128
vn -0.6813941638316200 -5.8231095337912828 1.1773926141745545
v -0.0032918874640018 -0.0115000000223517 -0.0050905281677842
vn -0.9509433885417723 -3.3832534783158357 -2.9701708477953099
v -0.0016770473448560 -0.0115000000223517 -0.0052380827255547
vn 1.3371879167774057 -5.8231095227664165 0.2499603925199317
v -0.0017180056311190 -0.0115000000223517 -0.0058136442676187
vn -0.2125015955794418 -3.3832542173835289 -3.1114386370871943
v -0.0003747603041120 -0.0115000000223517 -0.0054872175678611
vn 0.0000000000000000 -6.2831853071795871 0.0000000000000000
v -0.0019678806420416 -0.0115000000223517 -0.0080149937421083
vn -1.0330572500518096 -5.8231104150571538 -0.8850655461020668
v 0.0001583188713994 -0.0115000000223517 -0.0110329026356339
vn -1.1788011224926425 -5.8231094596165844 0.6789548831624149
v -0.0003055940323975 -0.0115000000223517 -0.0060544703155756
vn -0.4521222039136233 -5.8231086154089340 -1.2830200224677899
v 0.0056535596959293 -0.0115000000223517 -0.0094756139442325
vn -1.3603501495023833 -5.8231087082868962 -0.0014083908164957
v 0.0027625833172351 -0.0115000000223517 -0.0053961221128702
vn 0.0000000000000000 -6.2831853071795862 0.0000000000000000
v 0.0039809201844037 -0.0115000000223517 -0.0107481554150581
vn 1.0330597639138244 -5.8231085301485717 0.8850666546822263
v 0.0014189853100106 -0.0115000000223517 -0.0058937664143741
vn 1.1788013861838593 -5.8231091738246112 -0.6789551500082904
v 0.0018828986212611 -0.0115000000223517 -0.0108721982687712
vn -0.2499603925199317 -5.8231095227664174 1.3371879167774057
v 0.0058136442676187 -0.0115000000223517 -0.0017180056311190
vn 3.0631386271710741 -3.3832534496861482 -0.5859948616224072
v 0.0054020369425416 -0.0115000000223517 -0.0010334387188777
vn -1.1773926141745545 -5.8231095337912828 -0.6813941638316200
v 0.0050905281677842 -0.0115000000223517 -0.0032918874640018
vn 2.8338915077357916 -3.3832538860719312 -1.3020240528259557
v 0.0049977456219494 -0.0115000000223517 -0.0022962009534240
vn 2.4399492868326469 -3.3832531978241995 -1.9423841026539095
v 0.0043030031956732 -0.0115000000223517 -0.0034255161881447
vn -0.6789549138171550 -5.8231095888118052 -1.1788007935244247
v 0.0060544703155756 -0.0115000000223517 -0.0003055940323975
vn 1.2830202657819836 -5.8231084457847606 -0.4521225472574669
v 0.0094756139442325 -0.0115000000223517 0.0056535596959293
vn 0.0014085282897122 -5.8231085905975322 -1.3603503434923829
v 0.0053961221128702 -0.0115000000223517 0.0027625833172351
vn 0.0000000000000000 -6.2831853071795845 0.0000000000000000
v 0.0107481554150581 -0.0115000000223517 0.0039809201844037
vn -0.8850666276553956 -5.8231086367695193 1.0330594738767296
v 0.0058937664143741 -0.0115000000223517 0.0014189853100106
vn 0.6789551445729984 -5.8231090696213359 1.1788014445115615
v 0.0108721982687712 -0.0115000000223517 0.0018828986212611
vn -0.0014082492170124 -5.8231094479421461 1.3603491447207046
v 0.0084741506725550 -0.0115000000223517 0.0070667373947799
vn -1.2830186931026577 -5.8231096286249349 0.4521218922101317
v 0.0043946583755314 -0.0115000000223517 0.0041757607832551
vn 2.6813788080210363 -3.3832529972529075 1.5926130883936382
v 0.0047287791967392 -0.0115000000223517 0.0028086730744690
vn 2.9845997619980613 -3.3832539539103839 0.9046390950649006
v 0.0052635292522609 -0.0115000000223517 0.0015953873516992
vn 3.1143671089106699 -3.3832536541963796 0.1640899038005040
v 0.0054923817515373 -0.0115000000223517 0.0002893832861446
vn 0.0000000000000000 -6.2831853071795871 0.0000000000000000
v 0.0019678806420416 -0.0115000000223517 0.0080149937421083
vn 0.0000000000000000 -6.2831853071795862 0.0000000000000000
v 0.0001972637692234 -0.0115000000223517 0.0088284993544221
vn 1.1788007935244247 -5.8231095888118070 -0.6789549138171550
v 0.0003055940323975 -0.0115000000223517 0.0060544703155756
vn -1.0330594738767296 -5.8231086367695193 -0.8850666276553956
v -0.0014189853100106 -0.0115000000223517 0.0058937664143741
vn -1.1788014445115615 -5.8231090696213368 0.6789551445729981
v -0.0018828986212611 -0.0115000000223517 0.0108721982687712
vn 0.0000000000000000 -6.2831853071795862 0.0000000000000000
v -0.0039809201844037 -0.0115000000223517 0.0107481554150581
vn 0.9509433885417723 -3.3832534783158357 2.9701708477953099
v 0.0016770473448560 -0.0115000000223517 0.0052380827255547
vn 0.2125015955794418 -3.3832542173835289 3.1114386370871943
v 0.0003747603041120 -0.0115000000223517 0.0054872175678611
vn -0.5382893517093397 -3.3832530326514747 3.0718810675966348
v -0.0009493067045696 -0.0115000000223517 0.0054174545221031
vn 1.3603503434923827 -5.8231085905975322 0.0014085282897122
v -0.0027625833172351 -0.0115000000223517 0.0053961221128702
vn 0.4521222039136233 -5.8231086154089349 1.2830200224677899
v -0.0056535596959293 -0.0115000000223517 0.0094756139442325
vn -0.2499604344497882 -5.8231095595274258 1.3371878255159229
v -0.0096339331939816 -0.0115000000223517 0.0053793429397047
vn 1.1773926141745545 -5.8231095337912828 0.6813941638316200
v -0.0050905281677842 -0.0115000000223517 0.0032918874640018
vn -2.4399492868326469 -3.3832531978242000 1.9423841026539095
v -0.0043030031956732 -0.0115000000223517 0.0034255161881447
vn -1.9042058504082349 -3.3832539846311240 2.4698598491876589
v -0.0033581862226129 -0.0115000000223517 0.0043557533062994
vn -1.2577962189562477 -3.3832537843447046 2.8537968574289230
v -0.0022182033862919 -0.0115000000223517 0.0050328494980931
vn 2.0473710308474287 -2.9804841344282820 2.3693819696157226
v 0.0078458245843649 -0.0115000000223517 0.0090798158198595
vn 2.4009346127332925 -2.9804858048532363 2.0102769370364206
v 0.0092007275670767 -0.0115000000223517 0.0077036749571562
vn 2.6923136153686396 -2.9804856261540067 1.5991083869595344
v 0.0103173367679119 -0.0115000000223517 0.0061280140653253
vn 2.9139636982190726 -2.9804853126747073 1.1465232461907349
v 0.0111667327582836 -0.0115000000223517 0.0043936413712800
vn 3.0601439812436086 -2.9804849852158712 0.6642428346898337
v 0.0117269167676568 -0.0115000000223517 0.0025454740971327
vn 3.1270680357787559 -2.9804852895205016 0.1647588233639778
v 0.0119833787903190 -0.0115000000223517 0.0006313816411421
vn 3.1130024958693046 -2.9804853316012800 -0.3389918351347559
v 0.0119294775649905 -0.0115000000223517 -0.0012990637915209
vn 1.1773928836781906 -5.8231093309837432 0.6813941633446710
v 0.0103570492938161 -0.0115000000223517 -0.0038054611068219
vn 0.0000000000000000 -6.2831853071795845 0.0000000000000000
v 0.0097993751987815 -0.0115000000223517 -0.0062168841250241
vn 0.2499604344497882 -5.8231095595274249 -1.3371878255159229
v 0.0096339331939816 -0.0115000000223517 -0.0053793429397047
vn 2.2850208053595504 -2.9804853777552291 -2.1411165216274211
v 0.0087565323337913 -0.0115000000223517 -0.0082050682976842
vn 1.9119715241976942 -2.9804855928395244 -2.4799324791270410
v 0.0073269517160952 -0.0115000000223517 -0.0095034614205360
vn 1.4894026360969308 -2.9804849559136484 -2.7545198299831051
v 0.0057076076045632 -0.0115000000223517 -0.0105557199567556
vn 1.0282586330567161 -2.9804853204152684 -2.9577667552168578
v 0.0039404383860528 -0.0115000000223517 -0.0113345906138420
vn 0.5404842712520317 -2.9804856563571964 -3.0844086974948013
v 0.0020712148398161 -0.0115000000223517 -0.0118199009448290
vn 0.0387122266370532 -2.9804856805009416 -3.1311661794407080
v 0.0001483475352870 -0.0115000000223517 -0.0119990827515721
vn -0.4640642447832807 -2.9804844767012191 -3.0968280067758580
v -0.0017783619696274 -0.0115000000223517 -0.0118674952536821
vn 0.0000000000000000 -6.2831853071795862 0.0000000000000000
v -0.0033854108769447 -0.0115000000223517 -0.0111002884805202
vn -2.2223252371035467 -3.3832543761241354 -2.1880305467580241
v -0.0039192102849483 -0.0115000000223517 -0.0038587294984609
vn -1.3371878705289124 -5.8231095413957581 -0.2499604137686863
v -0.0053793429397047 -0.0115000000223517 -0.0096339331939816
vn 0.6813942133845039 -5.8231093096581574 -1.1773929066688709
v -0.0038054611068219 -0.0115000000223517 -0.0103570492938161
vn 0.5382893517093397 -3.3832530326514743 -3.0718810675966348
v 0.0009493067045696 -0.0115000000223517 -0.0054174545221031
vn 1.2577962189562477 -3.3832537843447046 -2.8537968574289230
v 0.0022182033862919 -0.0115000000223517 -0.0050328494980931
vn 1.9042058504082349 -3.3832539846311240 -2.4698598491876589
v 0.0033581862226129 -0.0115000000223517 -0.0043557533062994
vn -2.1171264397598626 -3.0996445253449867 -2.3201376951878405
v -0.0079857194796205 -0.0115000000223517 -0.0089570246636868
vn -2.2872708507266690 -3.0285174048013741 -2.1462716130629103
v -0.0085510043427348 -0.0115000000223517 -0.0084190461784601
vn -2.5549091270410837 -2.9804854039000825 -1.8105632862096508
v -0.0097907809540629 -0.0115000000223517 -0.0069383434019983
vn -2.8122581194486580 -2.9804859089965277 -1.3772816452112266
v -0.0107769807800651 -0.0115000000223517 -0.0052779424004257
vn -2.9967714967934915 -2.9804847469113631 -0.9083282098132046
v -0.0114840641617775 -0.0115000000223517 -0.0034808444324881
vn -0.6789552590591788 -5.8231090158750254 -1.1788015091590021
v -0.0108721982687712 -0.0115000000223517 -0.0018828986212611
vn -1.1773928836781906 -5.8231093309837449 -0.6813941633446710
v -0.0103570492938161 -0.0115000000223517 0.0038054611068219
vn 0.2499603925199317 -5.8231095227664165 -1.3371879167774057
v -0.0058136442676187 -0.0115000000223517 0.0017180056311190
vn -2.8338915077357916 -3.3832538860719312 1.3020240528259557
v -0.0049977456219494 -0.0115000000223517 0.0022962009534240
vn -2.4498999833075734 -2.9804851416905791 1.9503050851169639
v -0.0093883713707328 -0.0115000000223517 0.0074738538824022
vn -2.7034614251758065 -3.0207627219194699 1.5889999338140381
v -0.0104656843468547 -0.0115000000223517 0.0058710686862469
vn -2.8523902829893446 -3.0610386611638987 1.3105235208726285
v -0.0109041724354029 -0.0115000000223517 0.0050098928622901
vn -2.9666670821365475 -3.0207621019913642 1.0161252492159873
v -0.0112719424068928 -0.0115000000223517 0.0041162259876728
vn -3.0756306435094105 -2.9804854276373240 0.5883844188150766
v -0.0117862625047565 -0.0115000000223517 0.0022547754924744
vn -3.1301855254663922 -2.9804854347365684 0.0873994358042280
v -0.0119953248649836 -0.0115000000223517 0.0003349270264152
vn -3.1036703669906229 -2.9804855137006800 -0.4158490120107006
v -0.0118937147781253 -0.0115000000223517 -0.0015935954870656
vn -1.2629265983212385 -2.9804846184538114 2.8654346696970716
v -0.0048397169448435 -0.0115000000223517 0.0109807625412941
vn -1.7062197173264289 -2.9804864257013151 2.6257408756134959
v -0.0065384814515710 -0.0115000000223517 0.0100622186437249
vn -2.1053224423754910 -2.9804846692505076 2.3180416072387597
v -0.0080679040402174 -0.0115000000223517 0.0088830702006817
vn 0.7117508222795799 -2.9804852525876755 3.0494443277446255
v 0.0027275313623250 -0.0115000000223517 0.0116859134286642
vn 0.2133680638042406 -2.9804851030745390 3.1241277009788746
v 0.0008176588453352 -0.0115000000223517 0.0119721107184887
vn 1.0330569184384140 -5.8231105369619218 0.8850655152005873
v -0.0001583188713994 -0.0115000000223517 0.0110329026356339
vn -0.2905402240653399 -2.9804856402534141 3.1178977895538496
v -0.0011133917141706 -0.0115000000223517 0.0119482362642884
vn -0.7869231202772557 -2.9804854691659286 3.0309160521607175
v -0.0030156052671373 -0.0115000000223517 0.0116149093955755
vn 1.6407822091151496 -2.9804862076793723 2.6671210020033831
v 0.0062877177260816 -0.0115000000223517 0.0102207921445370
vn 1.1916993297397129 -2.9804852699035491 2.8957818740773043
v 0.0045667630620301 -0.0115000000223517 0.0110970567911863
vn 2.5988898198973889 -2.9804850400369252 -1.7468461514421660
v 0.0099593233317137 -0.0115000000223517 -0.0066941683180630
vn 2.8454489499268467 -2.9804853138777228 -1.3073332639028281
v 0.0109041724354029 -0.0115000000223517 -0.0050098928622901
vn 3.0183120311823131 -2.9804857396655224 -0.8339621148583853
v 0.0115666091442108 -0.0115000000223517 -0.0031958639156073
vn -1.7993293373971062 -3.0224344853516323 -2.5684676284105534
v -0.0070897606201470 -0.0115000000223517 -0.0096816979348660
vn -1.4208487081924983 -2.9804853900719417 -2.7904997757193080
v -0.0054448964074254 -0.0115000000223517 -0.0106936004012823
vn -0.9548218699150589 -2.9804855648473918 -2.9822835856010537
v -0.0036590122617781 -0.0115000000223517 -0.0114285442978144
vn -2.6813788080210363 -3.3832529972529075 -1.5926130883936382
v -0.0047287791967392 -0.0115000000223517 -0.0028086730744690
vn -2.9845997619980613 -3.3832539539103839 -0.9046390950649006
v -0.0052635292522609 -0.0115000000223517 -0.0015953873516992
vn -3.1143671089106699 -3.3832536541963796 -0.1640899038005040
v -0.0054923817515373 -0.0115000000223517 -0.0002893832861446
vn -1.7536371364070966 -2.6279997193442677 2.4659228317636273
v -0.0015184523072094 -0.0118660256266594 0.0109061589464545
vn -0.2429012453685535 -3.0345345990469053 2.6067017553995568
v -0.0010206087026745 -0.0120000001043081 0.0109525509178638
vn 1.2678254342693516 -2.6279994681683201 2.7474775943709386
v -0.0005227656220086 -0.0118660256266594 0.0109989410266280
vn 0.2429050279132737 -3.0345459078223662 -2.6067013518171356
v -0.0005566958570853 -0.0120000001043081 0.0059741181321442
vn -1.2678220592219538 -2.6279872425116899 -2.7474765166424349
v -0.0010545389959589 -0.0118660256266594 0.0059277266263962
vn 1.7536320155656704 -2.6279936715435399 -2.4659238138929997
v -0.0000588525181229 -0.0118660256266594 0.0060205096378922
vn 1.7536331309593012 2.6279955595496176 -2.4659237399841900
v -0.0000588525181229 -0.0101339742541313 0.0060205096378922
vn 1.2678253839674398 2.6279995017943403 2.7474776197131732
v -0.0005227656220086 -0.0101339742541313 0.0109989410266280
vn 0.2429050156582314 3.0345458958921703 -2.6067012847736186
v -0.0005566958570853 -0.0099999997764826 0.0059741181321442
vn -0.2429012450252862 3.0345345871167475 2.6067016872461419
v -0.0010206087026745 -0.0099999997764826 0.0109525509178638
vn -1.2678232029159442 2.6279890993518977 -2.7474765755409560
v -0.0010545389959589 -0.0101339742541313 0.0059277266263962
vn -1.7536371111449851 2.6279997218055628 2.4659227864383353
v -0.0015184523072094 -0.0101339742541313 0.0109061589464545
vn -1.5137124857831459 -3.0345337804196388 2.1360173139570944
v -0.0063601485453546 -0.0120000001043081 0.0089748827740550
vn -0.2757708555108507 -2.6279901300608106 3.0132958643659640
v -0.0059521989896894 -0.0118660256266594 0.0092639802023768
vn -2.7516520415469090 -2.6279960337275909 1.2587361440203910
v -0.0067680976353586 -0.0118660256266594 0.0086857844144106
vn 1.5137120389730894 -3.0345501256093228 -2.1360174906904410
v -0.0034691717009991 -0.0120000001043081 0.0048953904770315
vn 0.2757714611083483 -2.6279932952003016 -3.0132964849890942
v -0.0038771210238338 -0.0118660256266594 0.0046062925830483
vn 2.7516516131047615 -2.6279904864532568 -1.2587362329155980
v -0.0030612223781645 -0.0118660256266594 0.0051844879053533
vn 2.7516513236731344 2.6279898860941970 -1.2587364355448867
v -0.0030612223781645 -0.0101339742541313 0.0051844879053533
vn -0.2757699857204937 2.6279917863372475 3.0132964782746336
v -0.0059521989896894 -0.0101339742541313 0.0092639802023768
vn 1.5137120328904321 3.0345501270870123 -2.1360175053075361
v -0.0034691717009991 -0.0099999997764826 0.0048953904770315
vn -1.5137125015899773 3.0345337818973239 2.1360173130619513
v -0.0063601485453546 -0.0099999997764826 0.0089748827740550
vn 0.2757718174786234 2.6279927331631132 -3.0132962935539194
v -0.0038771210238338 -0.0101339742541313 0.0046062925830483
vn -2.7516528997166496 2.6279977283282330 1.2587355969770861
v -0.0067680976353586 -0.0101339742541313 0.0086857844144106
vn -3.0123682328625123 -2.6279926184021742 -0.2857275826331548
v -0.0102042369544506 -0.0118660256266594 0.0041380613110960
vn -2.3789216803768571 -3.0345455802590267 1.0929897890316929
v -0.0099954912438989 -0.0120000001043081 0.0045924019068480
vn -1.7454729708402874 -2.6279942241603580 2.4717060746685444
v -0.0097867455333471 -0.0118660256266594 0.0050467425026000
vn 2.3789214419389682 -3.0345445487949796 -1.0929900931157435
v -0.0054520862177014 -0.0120000001043081 0.0025049464311451
vn 1.7454728020807568 -2.6279948091914873 -2.4717067439567098
v -0.0056608319282532 -0.0118660256266594 0.0020506060682237
vn 3.0123684388467131 -2.6279926284919521 0.2857272234328503
v -0.0052433405071497 -0.0118660256266594 0.0029592870268971
vn 3.0123682711270607 2.6279919891336685 0.2857268583871176
v -0.0052433405071497 -0.0101339742541313 0.0029592870268971
vn -1.7454729681734349 2.6279942241603584 2.4717060804730195
v -0.0097867455333471 -0.0101339742541313 0.0050467425026000
vn 2.3789214229330558 3.0345445459705624 -1.0929900959837180
v -0.0054520862177014 -0.0099999997764826 0.0025049464311451
vn -2.3789216618145388 3.0345457172785721 1.0929897909341673
v -0.0099954912438989 -0.0099999997764826 0.0045924019068480
vn 1.7454730082995626 2.6279941937394082 -2.4717063617986867
v -0.0056608319282532 -0.0101339742541313 0.0020506060682237
vn -3.0123682813871757 2.6279927534067986 -0.2857276215660959
v -0.0102042369544506 -0.0101339742541313 0.0041380613110960
vn -2.4659229230799249 -2.6279997697893833 -1.7536370942527642
v -0.0109061589464545 -0.0118660256266594 -0.0015184523072094
vn -2.6067017553995577 -3.0345345990469053 -0.2429012453685536
v -0.0109525509178638 -0.0120000001043081 -0.0010206087026745
vn -2.7474775943709386 -2.6279994681683201 1.2678254342693516
v -0.0109989410266280 -0.0118660256266594 -0.0005227656220086
vn 2.4659236485602549 -2.6279963111637530 1.7536337897951304
v -0.0060205096378922 -0.0118660256266594 -0.0000588525181229
vn 2.6067013649452591 -3.0345468962344899 0.2429048870283660
v -0.0059741181321442 -0.0120000001043081 -0.0005566958570853
vn 2.7474766619393201 -2.6279891139535110 -1.2678232441109920
v -0.0059277266263962 -0.0118660256266594 -0.0010545389959589
vn -2.4659232652151779 2.6279940304633969 -1.7536329020871555
v -0.0109061589464545 -0.0101339742541313 -0.0015184523072094
vn 2.4659238610383434 2.6279937051694797 1.7536318318905657
v -0.0060205096378922 -0.0101339742541313 -0.0000588525181229
vn -2.7474785420504131 2.6280131593898228 1.2678352827614394
v -0.0109989410266280 -0.0101339742541313 -0.0005227656220086
vn 2.6067013253428919 3.0345428413946891 0.2429045802808446
v -0.0059741181321442 -0.0099999997764826 -0.0005566958570853
vn -2.6067013628743378 3.0345392095830279 -0.2429047261388976
v -0.0109525509178638 -0.0099999997764826 -0.0010206087026745
vn 2.7474762905863059 2.6279848183411865 -1.2678201450662523
v -0.0059277266263962 -0.0101339742541313 -0.0010545389959589
vn -3.0132975406056381 -2.6279938211917662 -0.2757684901488306
v -0.0092639802023768 -0.0118660256266594 -0.0059521989896894
vn -2.1360177883951583 -3.0345432429886543 -1.5137118163357124
v -0.0089748827740550 -0.0120000001043081 -0.0063601485453546
vn -1.2587325512596999 -2.6280042783992741 -2.7516571112911223
v -0.0086857844144106 -0.0118660256266594 -0.0067680976353586
vn 1.2587377705157952 -2.6279869826148294 2.7516494433681968
v -0.0051844879053533 -0.0118660256266594 -0.0030612223781645
vn 2.1360171871005313 -3.0345464577473988 1.5137124673777069
v -0.0048953904770315 -0.0120000001043081 -0.0034691717009991
vn 3.0132961737977957 -2.6279927052760161 0.2757719002339382
v -0.0046062925830483 -0.0118660256266594 -0.0038771210238338
vn 1.2587362841285650 2.6279904760176600 2.7516515373394186
v -0.0051844879053533 -0.0101339742541313 -0.0030612223781645
vn -3.0132975489953040 2.6279938107561729 -0.2757684748120190
v -0.0092639802023768 -0.0101339742541313 -0.0059521989896894
vn 2.1360177024462121 3.0345477453756304 1.5137117547097818
v -0.0048953904770315 -0.0099999997764826 -0.0034691717009991
vn -2.1360177875000157 3.0345432444663389 -1.5137118321425438
v -0.0089748827740550 -0.0099999997764826 -0.0063601485453546
vn 3.0132956486026146 2.6279914309453614 0.2757727275756416
v -0.0046062925830483 -0.0101339742541313 -0.0038771210238338
vn -1.2587326097365283 2.6280043062864098 -2.7516571150078430
v -0.0086857844144106 -0.0101339742541313 -0.0067680976353586
vn -1.0929898072227828 -3.0345457201029893 -2.3789216720190072
v -0.0045924019068480 -0.0120000001043081 -0.0099954912438989
vn -2.4717062605248747 -2.6279945395116355 -1.7454728854489392
v -0.0050467425026000 -0.0118660256266594 -0.0097867455333471
vn 0.2857278419755064 -2.6279930448517073 -3.0123683520167623
v -0.0041380613110960 -0.0118660256266594 -0.0102042369544506
vn 1.0929900931157437 -3.0345445487949796 2.3789214419389686
v -0.0025049464311451 -0.0120000001043081 -0.0054520862177014
vn 2.4717067439567098 -2.6279948091914873 1.7454728020807568
v -0.0020506060682237 -0.0118660256266594 -0.0056608319282532
vn -0.2857272234328503 -2.6279926284919521 3.0123684388467131
v -0.0029592870268971 -0.0118660256266594 -0.0052433405071497
vn -0.2857267790971352 2.6279918780358869 3.0123682346973970
v -0.0029592870268971 -0.0101339742541313 -0.0052433405071497
vn -2.4717060804730195 2.6279942241603584 -1.7454729681734349
v -0.0050467425026000 -0.0101339742541313 -0.0097867455333471
vn 1.0929900777927171 3.0345444061275209 2.3789214312908120
v -0.0025049464311451 -0.0099999997764826 -0.0054520862177014
vn -1.0929897909341673 3.0345457172785721 -2.3789216618145388
v -0.0045924019068480 -0.0099999997764826 -0.0099954912438989
vn 2.4717063559942463 2.6279941937394078 1.7454730109663998
v -0.0020506060682237 -0.0101339742541313 -0.0056608319282532
vn 0.2857276215660959 2.6279927534067986 -3.0123682813871757
v -0.0041380613110960 -0.0101339742541313 -0.0102042369544506
vn 0.2429026564868756 -3.0345246989787684 -2.6067016238553378
v 0.0010206087026745 -0.0120000001043081 -0.0109525509178638
vn -1.2678263104580449 -2.6280015883747589 -2.7474776760132738
v 0.0005227656220086 -0.0118660256266594 -0.0109989410266280
vn 1.7536323121358117 -2.6279939744899306 -2.4659232813226213
v 0.0015184523072094 -0.0118660256266594 -0.0109061589464545
vn -1.7536337897951304 -2.6279963111637530 2.4659236485602549
v 0.0000588525181229 -0.0118660256266594 -0.0060205096378922
vn -0.2429048870283660 -3.0345468962344899 2.6067013649452595
v 0.0005566958570853 -0.0120000001043081 -0.0059741181321442
vn 1.2678232643225997 -2.6279890968906061 2.7474766289424442
v 0.0010545389959589 -0.0118660256266594 -0.0059277266263962
vn -1.7536337450417609 2.6279963447897150 2.4659236827602062
v 0.0000588525181229 -0.0101339742541313 -0.0060205096378922
vn -1.2678352827614394 2.6280131593898228 -2.7474785420504131
v 0.0005227656220086 -0.0101339742541313 -0.0109989410266280
vn -0.2429041066900849 3.0345443834129737 2.6067013694752887
v 0.0005566958570853 -0.0099999997764826 -0.0059741181321442
vn 0.2429036954176536 3.0345425656277811 -2.6067014589270499
v 0.0010206087026745 -0.0099999997764826 -0.0109525509178638
vn 1.2678201450662523 2.6279848183411865 2.7474762905863059
v 0.0010545389959589 -0.0101339742541313 -0.0059277266263962
vn 1.7536371111449851 2.6279997218055628 -2.4659227864383353
v 0.0015184523072094 -0.0101339742541313 -0.0109061589464545
vn 1.5137124857831459 -3.0345337804196388 -2.1360173139570944
v 0.0063601485453546 -0.0120000001043081 -0.0089748827740550
vn 0.2757708555108507 -2.6279901300608106 -3.0132958643659640
v 0.0059521989896894 -0.0118660256266594 -0.0092639802023768
vn 2.7516520415469090 -2.6279960337275909 -1.2587361440203910
v 0.0067680976353586 -0.0118660256266594 -0.0086857844144106
vn -2.7516494433681964 -2.6279869826148294 1.2587377705157954
v 0.0030612223781645 -0.0118660256266594 -0.0051844879053533
vn -1.5137124673777069 -3.0345464577473988 2.1360171871005313
v 0.0034691717009991 -0.0120000001043081 -0.0048953904770315
vn -0.2757719002339382 -2.6279927052760161 3.0132961737977957
v 0.0038771210238338 -0.0118660256266594 -0.0046062925830483
vn -2.7516515373394186 2.6279904760176600 1.2587362841285650
v 0.0030612223781645 -0.0101339742541313 -0.0051844879053533
vn 0.2757699857204937 2.6279917863372475 -3.0132964782746336
v 0.0059521989896894 -0.0101339742541313 -0.0092639802023768
vn -1.5137117547097820 3.0345477453756304 2.1360177024462126
v 0.0034691717009991 -0.0099999997764826 -0.0048953904770315
vn 1.5137125015899773 3.0345337818973239 -2.1360173130619513
v 0.0063601485453546 -0.0099999997764826 -0.0089748827740550
vn -0.2757727275756416 2.6279914309453614 3.0132956486026146
v 0.0038771210238338 -0.0101339742541313 -0.0046062925830483
vn 2.7516528997166496 2.6279977283282330 -1.2587355969770861
v 0.0067680976353586 -0.0101339742541313 -0.0086857844144106
vn 3.0123682328625123 -2.6279926184021742 0.2857275826331548
v 0.0102042369544506 -0.0118660256266594 -0.0041380613110960
vn 2.3789216803768571 -3.0345455802590267 -1.0929897890316929
v 0.0099954912438989 -0.0120000001043081 -0.0045924019068480
vn 1.7454729708402874 -2.6279942241603580 -2.4717060746685444
v 0.0097867455333471 -0.0118660256266594 -0.0050467425026000
vn -2.3789214419389682 -3.0345445487949796 1.0929900931157435
v 0.0054520862177014 -0.0120000001043081 -0.0025049464311451
vn -1.7454728020807568 -2.6279948091914873 2.4717067439567098
v 0.0056608319282532 -0.0118660256266594 -0.0020506060682237
vn -3.0123684388467131 -2.6279926284919521 -0.2857272234328503
v 0.0052433405071497 -0.0118660256266594 -0.0029592870268971
vn -3.0123682711270607 2.6279919891336685 -0.2857268583871176
v 0.0052433405071497 -0.0101339742541313 -0.0029592870268971
vn 1.7454729681734349 2.6279942241603584 -2.4717060804730195
v 0.0097867455333471 -0.0101339742541313 -0.0050467425026000
vn -2.3789214229330558 3.0345445459705624 1.0929900959837180
v 0.0054520862177014 -0.0099999997764826 -0.0025049464311451
vn 2.3789216618145388 3.0345457172785721 -1.0929897909341673
v 0.0099954912438989 -0.0099999997764826 -0.0045924019068480
vn -1.7454730082995626 2.6279941937394082 2.4717063617986867
v 0.0056608319282532 -0.0101339742541313 -0.0020506060682237
vn 3.0123682813871757 2.6279927534067986 0.2857276215660959
v 0.0102042369544506 -0.0101339742541313 -0.0041380613110960
vn 2.4659228317636273 -2.6279997193442677 1.7536371364070966
v 0.0109061589464545 -0.0118660256266594 0.0015184523072094
vn 2.6067017553995577 -3.0345345990469053 0.2429012453685536
v 0.0109525509178638 -0.0120000001043081 0.0010206087026745
vn 2.7474775943709386 -2.6279994681683201 -1.2678254342693516
v 0.0109989410266280 -0.0118660256266594 0.0005227656220086
vn -2.6067013518171360 -3.0345459078223662 -0.2429050279132737
v 0.0059741181321442 -0.0120000001043081 0.0005566958570853
vn -2.7474765166424349 -2.6279872425116899 1.2678220592219538
v 0.0059277266263962 -0.0118660256266594 0.0010545389959589
vn -2.4659238138929997 -2.6279936715435399 -1.7536320155656704
v 0.0060205096378922 -0.0118660256266594 0.0000588525181229
vn -2.4659237399841900 2.6279955595496176 -1.7536331309593012
v 0.0060205096378922 -0.0101339742541313 0.0000588525181229
vn 2.7474785420504131 2.6280131593898228 -1.2678352827614394
v 0.0109989410266280 -0.0101339742541313 0.0005227656220086
vn -2.6067012847736191 3.0345458958921703 -0.2429050156582315
v 0.0059741181321442 -0.0099999997764826 0.0005566958570853
vn 2.6067013628743378 3.0345392095830279 0.2429047261388976
v 0.0109525509178638 -0.0099999997764826 0.0010206087026745
vn -2.7474765755409560 2.6279890993518977 1.2678232029159442
v 0.0059277266263962 -0.0101339742541313 0.0010545389959589
vn 2.4659231744487968 2.6279939769513350 1.7536329473729613
v 0.0109061589464545 -0.0101339742541313 0.0015184523072094
vn 3.0132975406056381 -2.6279938211917662 0.2757684901488306
v 0.0092639802023768 -0.0118660256266594 0.0059521989896894
vn 2.1360177883951583 -3.0345432429886543 1.5137118163357124
v 0.0089748827740550 -0.0120000001043081 0.0063601485453546
vn 1.2587325512596999 -2.6280042783992741 2.7516571112911223
v 0.0086857844144106 -0.0118660256266594 0.0067680976353586
vn -2.1360174906904410 -3.0345501256093228 -1.5137120389730894
v 0.0048953904770315 -0.0120000001043081 0.0034691717009991
vn -3.0132964849890942 -2.6279932952003016 -0.2757714611083483
v 0.0046062925830483 -0.0118660256266594 0.0038771210238338
vn -1.2587362329155978 -2.6279904864532568 -2.7516516131047619
v 0.0051844879053533 -0.0118660256266594 0.0030612223781645
vn -1.2587377588257358 2.6279869721792428 -2.7516494563661249
v 0.0051844879053533 -0.0101339742541313 0.0030612223781645
vn 3.0132975489953040 2.6279938107561729 0.2757684748120190
v 0.0092639802023768 -0.0101339742541313 0.0059521989896894
vn -2.1360172017176273 3.0345464592250884 -1.5137124612950497
v 0.0048953904770315 -0.0099999997764826 0.0034691717009991
vn 2.1360169285048549 3.0345384280760062 1.5137130442674824
v 0.0089748827740550 -0.0099999997764826 0.0063601485453546
vn -3.0132961966825693 2.6279927331630843 -0.2757719541749364
v 0.0046062925830483 -0.0101339742541313 0.0038771210238338
vn 1.2587360797876543 2.6279960616147631 2.7516522184203924
v 0.0086857844144106 -0.0101339742541313 0.0067680976353586
vn 2.8338915077357916 -2.8999314211076550 -1.3020240528259559
v 0.0049977456219494 -0.0120000001043081 -0.0022962009534240
vn 3.0631386271710741 -2.8999318574934385 -0.5859948616224072
v 0.0054020369425416 -0.0120000001043081 -0.0010334387188777
vn 3.1143671089106704 -2.8999316529832071 0.1640899038005042
v 0.0054923817515373 -0.0120000001043081 0.0002893832861446
vn 2.9845997619980604 -2.8999313532692033 0.9046390950649003
v 0.0052635292522609 -0.0120000001043081 0.0015953873516992
vn 2.6813788080210368 -2.8999323099266787 1.5926130883936387
v 0.0047287791967392 -0.0120000001043081 0.0028086730744690
vn 2.2223252371035467 -2.8999309310554509 2.1880305467580237
v 0.0039192102849483 -0.0120000001043081 0.0038587294984609
vn 1.6341182982388336 -2.8999321693152340 2.6562880082419085
v 0.0028818706050515 -0.0120000001043081 0.0046845297329128
vn 0.9509433885417724 -2.8999318288637510 2.9701708477953104
v 0.0016770473448560 -0.0120000001043081 0.0052380827255547
vn 0.2125015955794418 -2.8999310897960573 3.1114386370871938
v 0.0003747603041120 -0.0120000001043081 0.0054872175678611
vn -0.5382893517093398 -2.8999322745281120 3.0718810675966353
v -0.0009493067045696 -0.0120000001043081 0.0054174545221031
vn -1.2577962189562477 -2.8999315228348816 2.8537968574289225
v -0.0022182033862919 -0.0120000001043081 0.0050328494980931
vn -1.9042058504082349 -2.8999313225484613 2.4698598491876589
v -0.0033581862226129 -0.0120000001043081 0.0043557533062994
vn -2.4399492868326456 -2.8999321093553863 1.9423841026539086
v -0.0043030031956732 -0.0120000001043081 0.0034255161881447
vn -2.8338915077357920 -2.8999314211076550 1.3020240528259559
v -0.0049977456219494 -0.0120000001043081 0.0022962009534240
vn -3.0631386271710741 -2.8999318574934385 0.5859948616224072
v -0.0054020369425416 -0.0120000001043081 0.0010334387188777
vn -3.1143671089106704 -2.8999316529832071 -0.1640899038005042
v -0.0054923817515373 -0.0120000001043081 -0.0002893832861446
vn -2.9845997619980604 -2.8999313532692028 -0.9046390950649003
v -0.0052635292522609 -0.0120000001043081 -0.0015953873516992
vn -2.6813788080210368 -2.8999323099266787 -1.5926130883936387
v -0.0047287791967392 -0.0120000001043081 -0.0028086730744690
vn -2.2223252371035467 -2.8999309310554513 -2.1880305467580237
v -0.0039192102849483 -0.0120000001043081 -0.0038587294984609
vn -1.6341182982388336 -2.8999321693152340 -2.6562880082419085
v -0.0028818706050515 -0.0120000001043081 -0.0046845297329128
vn -0.9509433885417724 -2.8999318288637510 -2.9701708477953104
v -0.0016770473448560 -0.0120000001043081 -0.0052380827255547
vn -0.2125015955794418 -2.8999310897960577 -3.1114386370871938
v -0.0003747603041120 -0.0120000001043081 -0.0054872175678611
vn 0.5382893517093398 -2.8999322745281115 -3.0718810675966353
v 0.0009493067045696 -0.0120000001043081 -0.0054174545221031
vn 1.2577962189562477 -2.8999315228348816 -2.8537968574289225
v 0.0022182033862919 -0.0120000001043081 -0.0050328494980931
vn 1.9042058504082349 -2.8999313225484622 -2.4698598491876589
v 0.0033581862226129 -0.0120000001043081 -0.0043557533062994
vn 2.4399492868326456 -2.8999321093553863 -1.9423841026539086
v 0.0043030031956732 -0.0120000001043081 -0.0034255161881447
vn 3.0561466713096395 -3.3929200267785351 0.6119935350302038
v -0.0049026673659682 -0.0120000001043081 -0.0009817595127970
vn 2.8079354235920140 -3.3929202960547928 1.3527996488569221
v -0.0045044873841107 -0.0120000001043081 -0.0021701597142965
vn 2.3832914855045528 -3.3929198015769564 2.0086041259970679
v -0.0038232738152146 -0.0120000001043081 -0.0032222003210336
vn 1.8088967902540833 -3.3929200531821739 2.5382003335593426
v -0.0029018300119787 -0.0120000001043081 -0.0040717786177993
vn 1.1208425810242852 -3.3929198384879560 2.9083123462096228
v -0.0017980535048991 -0.0120000001043081 -0.0046655121259391
vn 0.3623608065985049 -3.3929206523532565 3.0956844867635933
v -0.0005812987219542 -0.0120000001043081 -0.0049660946242511
vn -0.4188894411651041 -3.3929198483151288 3.0885434137425762
v 0.0006719813682139 -0.0120000001043081 -0.0049546384252608
vn -1.1738187666942572 -3.3929203030087693 2.8873374806960963
v 0.0018830382032320 -0.0120000001043081 -0.0046318643726408
vn -1.8549923414779377 -3.3929194428966194 2.5047101016072872
v 0.0029757767915726 -0.0120000001043081 -0.0040180529467762
vn -2.4196101503216751 -3.3929205950910104 1.9647021622836940
v 0.0038815368898213 -0.0120000001043081 -0.0031517730094492
vn -2.8321954838410548 -3.3929197218236333 1.3012446653251883
v 0.0045434050261974 -0.0120000001043081 -0.0020874554757029
vn -3.0668231119691947 -3.3929204289005641 0.5560252421146376
v 0.0049197948537767 -0.0120000001043081 -0.0008919753599912
vn -3.1087512063951759 -3.3929197524908394 -0.2241312937267753
v 0.0049870554357767 -0.0120000001043081 0.0003595509624574
vn -2.9553448097566952 -3.3929203172885503 -0.9902046568238295
v 0.0047409613616765 -0.0120000001043081 0.0015884853200987
vn -2.6162435448374719 -3.3929196879591652 -1.6940598257980166
v 0.0041969749145210 -0.0120000001043081 0.0027176092844456
vn -2.1127535741327241 -3.3929206165707111 -2.2914711812830193
v 0.0033892774954438 -0.0120000001043081 0.0036759760696441
vn -1.4765115784003768 -3.3929197541953022 -2.7449011743319556
v 0.0023686189670116 -0.0120000001043081 0.0044033671729267
vn -0.7474953348173431 -3.3929202009577986 -3.0258584028574544
v 0.0011991315986961 -0.0120000001043081 0.0048540788702667
vn 0.0284884678193157 -3.3929195947160493 -3.1166901515740886
v -0.0000457018504676 -0.0120000001043081 0.0049997908063233
vn 0.8026827730946615 -3.3929205703903631 -3.0116886064320356
v -0.0012876633554697 -0.0120000001043081 0.0048313480801880
vn 1.5264420484928016 -3.3929199049787755 -2.7174516344446271
v -0.0024487164337188 -0.0120000001043081 0.0043593333102763
vn 2.1542886547251285 -3.3929201192759946 -2.2524672788038878
v -0.0034559075720608 -0.0120000001043081 0.0036134058609605
vn 2.6027792332660198 -3.3300879348807571 -1.7342825625832763
v -0.0042459513060749 -0.0120000001043081 0.0026404347736388
vn 2.8490723551309554 -3.2672565947182015 -1.3089990762699708
v -0.0045434050261974 -0.0120000001043081 0.0020874554757029
vn 3.0113129863498744 -3.3300882470481912 -0.8450973633753865
v -0.0047692065127194 -0.0120000001043081 0.0015015554381534
vn 3.1123288219459093 -3.3929199965741139 -0.1672659697262668
v -0.0049927947111428 -0.0120000001043081 0.0002683280035853
vn -2.8321954838410548 3.3929197218236329 1.3012446653251883
v 0.0045434050261974 -0.0099999997764826 -0.0020874554757029
vn -3.0668231119691942 3.3929204289005646 0.5560252421146376
v 0.0049197948537767 -0.0099999997764826 -0.0008919753599912
vn -3.1087512063951763 3.3929197524908390 -0.2241312937267753
v 0.0049870554357767 -0.0099999997764826 0.0003595509624574
vn -2.9553448097566952 3.3929203172885498 -0.9902046568238295
v 0.0047409613616765 -0.0099999997764826 0.0015884853200987
vn -2.6162435448374715 3.3929196879591652 -1.6940598257980164
v 0.0041969749145210 -0.0099999997764826 0.0027176092844456
vn -2.1127535741327246 3.3929206165707111 -2.2914711812830193
v 0.0033892774954438 -0.0099999997764826 0.0036759760696441
vn -1.4765115784003764 3.3929197541953027 -2.7449011743319551
v 0.0023686189670116 -0.0099999997764826 0.0044033671729267
vn -0.7474953348173431 3.3929202009577990 -3.0258584028574544
v 0.0011991315986961 -0.0099999997764826 0.0048540788702667
vn 0.0284884678193157 3.3929195947160493 -3.1166901515740886
v -0.0000457018504676 -0.0099999997764826 0.0049997908063233
vn 0.8026827730946616 3.3929205703903631 -3.0116886064320356
v -0.0012876633554697 -0.0099999997764826 0.0048313480801880
vn 1.5264420484928016 3.3929199049787764 -2.7174516344446271
v -0.0024487164337188 -0.0099999997764826 0.0043593333102763
vn 2.1542886547251285 3.3929201192759941 -2.2524672788038882
v -0.0034559075720608 -0.0099999997764826 0.0036134058609605
vn 2.6027792332660198 3.3300879348807575 -1.7342825625832761
v -0.0042459513060749 -0.0099999997764826 0.0026404347736388
vn 2.8490723551309562 3.2672565947182011 -1.3089990762699713
v -0.0045434050261974 -0.0099999997764826 0.0020874554757029
vn 3.0113129863498749 3.3300882470481912 -0.8450973633753864
v -0.0047692065127194 -0.0099999997764826 0.0015015554381534
vn 3.1123288219459093 3.3929199965741139 -0.1672659697262669
v -0.0049927947111428 -0.0099999997764826 0.0002683280035853
vn 3.0561466713096395 3.3929200267785355 0.6119935350302038
v -0.0049026673659682 -0.0099999997764826 -0.0009817595127970
vn 2.8079354235920144 3.3929202960547928 1.3527996488569221
v -0.0045044873841107 -0.0099999997764826 -0.0021701597142965
vn 2.3832914855045528 3.3929198015769559 2.0086041259970679
v -0.0038232738152146 -0.0099999997764826 -0.0032222003210336
vn 1.8088967902540833 3.3929200531821744 2.5382003335593422
v -0.0029018300119787 -0.0099999997764826 -0.0040717786177993
vn 1.1208425810242855 3.3929198384879564 2.9083123462096228
v -0.0017980535048991 -0.0099999997764826 -0.0046655121259391
vn 0.3623608065985049 3.3929206523532565 3.0956844867635938
v -0.0005812987219542 -0.0099999997764826 -0.0049660946242511
vn -0.4188894411651040 3.3929198483151293 3.0885434137425762
v 0.0006719813682139 -0.0099999997764826 -0.0049546384252608
vn -1.1738187666942572 3.3929203030087702 2.8873374806960959
v 0.0018830382032320 -0.0099999997764826 -0.0046318643726408
vn -1.8549923414779377 3.3929194428966198 2.5047101016072872
v 0.0029757767915726 -0.0099999997764826 -0.0040180529467762
vn -2.4196101503216751 3.3929205950910104 1.9647021622836940
v 0.0038815368898213 -0.0099999997764826 -0.0031517730094492
vn -2.4399492868326469 2.8999321093553863 1.9423841026539095
v -0.0043030031956732 -0.0099999997764826 0.0034255161881447
vn -1.9042058504082349 2.8999313225484622 2.4698598491876589
v -0.0033581862226129 -0.0099999997764826 0.0043557533062994
vn -1.2577962189562477 2.8999315228348825 2.8537968574289230
v -0.0022182033862919 -0.0099999997764826 0.0050328494980931
vn -0.5382893517093397 2.8999322745281120 3.0718810675966348
v -0.0009493067045696 -0.0099999997764826 0.0054174545221031
vn 0.2125015955794418 2.8999310897960577 3.1114386370871943
v 0.0003747603041120 -0.0099999997764826 0.0054872175678611
vn 0.9509433885417723 2.8999318288637510 2.9701708477953099
v 0.0016770473448560 -0.0099999997764826 0.0052380827255547
vn 1.6341182982388334 2.8999321693152340 2.6562880082419085
v 0.0028818706050515 -0.0099999997764826 0.0046845297329128
vn 2.2223252371035467 2.8999309310554509 2.1880305467580241
v 0.0039192102849483 -0.0099999997764826 0.0038587294984609
vn 2.6813788080210363 2.8999323099266792 1.5926130883936382
v 0.0047287791967392 -0.0099999997764826 0.0028086730744690
vn 2.9845997619980613 2.8999313532692033 0.9046390950649006
v 0.0052635292522609 -0.0099999997764826 0.0015953873516992
vn 3.1143671089106699 2.8999316529832075 0.1640899038005040
v 0.0054923817515373 -0.0099999997764826 0.0002893832861446
vn 3.0631386271710741 2.8999318574934385 -0.5859948616224072
v 0.0054020369425416 -0.0099999997764826 -0.0010334387188777
vn 2.8338915077357916 2.8999314211076541 -1.3020240528259557
v 0.0049977456219494 -0.0099999997764826 -0.0022962009534240
vn 2.4399492868326469 2.8999321093553867 -1.9423841026539095
v 0.0043030031956732 -0.0099999997764826 -0.0034255161881447
vn 1.9042058504082349 2.8999313225484626 -2.4698598491876589
v 0.0033581862226129 -0.0099999997764826 -0.0043557533062994
vn 1.2577962189562477 2.8999315228348825 -2.8537968574289230
v 0.0022182033862919 -0.0099999997764826 -0.0050328494980931
vn 0.5382893517093397 2.8999322745281115 -3.0718810675966348
v 0.0009493067045696 -0.0099999997764826 -0.0054174545221031
vn -0.2125015955794418 2.8999310897960577 -3.1114386370871943
v -0.0003747603041120 -0.0099999997764826 -0.0054872175678611
vn -0.9509433885417723 2.8999318288637506 -2.9701708477953099
v -0.0016770473448560 -0.0099999997764826 -0.0052380827255547
vn -1.6341182982388334 2.8999321693152336 -2.6562880082419085
v -0.0028818706050515 -0.0099999997764826 -0.0046845297329128
vn -2.2223252371035467 2.8999309310554517 -2.1880305467580241
v -0.0039192102849483 -0.0099999997764826 -0.0038587294984609
vn -2.6813788080210363 2.8999323099266787 -1.5926130883936382
v -0.0047287791967392 -0.0099999997764826 -0.0028086730744690
vn -2.9845997619980613 2.8999313532692041 -0.9046390950649006
v -0.0052635292522609 -0.0099999997764826 -0.0015953873516992
vn -3.1143671089106699 2.8999316529832080 -0.1640899038005040
v -0.0054923817515373 -0.0099999997764826 -0.0002893832861446
vn -3.0631386271710741 2.8999318574934381 0.5859948616224071
v -0.0054020369425416 -0.0099999997764826 0.0010334387188777
vn -2.8338915077357916 2.8999314211076546 1.3020240528259557
v -0.0049977456219494 -0.0099999997764826 0.0022962009534240
vn -3.0306487264638768 3.4271946490390444 0.6963295427690763
v 0.0395682379603386 -0.0099999997764826 -0.0107511477544904
vn -2.9344479279260156 2.9171938206732850 1.0653143529461537
v 0.0373568311333656 -0.0099999997764826 -0.0094287600368261
vn -2.7117091080468505 3.4271886805152283 1.5219555008876866
v 0.0399785041809082 -0.0099999997764826 -0.0096891177818179
vn -2.6238201153374279 2.9171923933115096 1.6915808426649823
v 0.0380035899579525 -0.0099999997764826 -0.0081248069182038
vn -2.1730836482409499 3.4271927207598276 2.2242789110157268
v 0.0406713560223579 -0.0099999997764826 -0.0087856920436025
vn -2.1816234700398187 2.9171939303231680 2.2330245112133476
v 0.0389242917299271 -0.0099999997764826 -0.0069974637590349
vn -1.4584039277276228 3.4271932352399102 2.7464097444753097
v 0.0415906682610512 -0.0099999997764826 -0.0081140603870153
vn -1.8923777237387007 3.4271911660889485 -2.4675124981221481
v 0.0410324335098267 -0.0099999997764826 -0.0148208970203996
vn -2.2330249000971287 2.9171908291268989 -2.1816222915135426
v 0.0388172678649426 -0.0099999997764826 -0.0161892287433147
vn -2.5109030642869179 3.4271950121188253 -1.8344132119868690
v 0.0402368046343327 -0.0099999997764826 -0.0140065243467689
vn -2.6624949459327074 2.9171965686452044 -1.6300315925458804
v 0.0379230678081512 -0.0099999997764826 -0.0150407543405890
vn -2.9260090999226294 3.4271891321507670 -1.0527036395000677
v 0.0397028438746929 -0.0099999997764826 -0.0130009856075048
vn -2.9584553191520753 2.9171908188717550 -0.9967036372975306
v 0.0373068414628506 -0.0099999997764826 -0.0137220965698361
vn -3.1040651234367602 3.4271922534523505 -0.1857136920130957
v 0.0394738018512726 -0.0099999997764826 -0.0118857435882092
vn -3.1060688805771850 2.9171935146527952 -0.3133928610753072
v 0.0369994975626469 -0.0099999997764826 -0.0122993765398860
vn -3.0979297018544161 2.9171931095359245 0.3856294773145619
v 0.0370164439082146 -0.0099999997764826 -0.0108439372852445
vn 1.8923802929038520 3.4271935065577432 2.4675098684252434
v 0.0459008924663067 -0.0099999997764826 -0.0084728170186281
vn 2.2330232527624068 2.9171930963702897 2.1816245482600687
v 0.0481160543859005 -0.0099999997764826 -0.0071044852957129
vn 2.5109035044824921 3.4271897817768129 1.8344145914870398
v 0.0466965176165104 -0.0099999997764826 -0.0092871896922588
vn 2.6624945391225476 2.9171922304861777 1.6300307958024747
v 0.0490102581679821 -0.0099999997764826 -0.0082529596984386
vn 2.9260069709530527 3.4271920220239851 1.0527076486971441
v 0.0472304821014404 -0.0099999997764826 -0.0102927284315228
vn 2.9584560313728154 2.9171956392554588 0.9967041786316857
v 0.0496264807879925 -0.0099999997764826 -0.0095716174691916
vn 3.1040646985759994 3.4271955142248398 0.1857085876547489
v 0.0474595241248608 -0.0099999997764826 -0.0114079704508185
vn 3.1060680508120946 2.9171910129720233 0.3133967021024386
v 0.0499338284134865 -0.0099999997764826 -0.0109943374991417
vn 3.0306500292708369 3.4271883360406976 -0.6963301748039888
v 0.0473650842905045 -0.0099999997764826 -0.0125425662845373
vn -1.6300322531827129 2.9171934637173438 2.6624939011977249
v 0.0400727652013302 -0.0099999997764826 -0.0061032609082758
vn -0.9967024788983938 2.9171923713260206 2.9584559975324973
v 0.0413914211094379 -0.0099999997764826 -0.0054870373569429
vn -0.6255743699826785 3.4271913894870885 3.0460413284661456
v 0.0426619648933411 -0.0099999997764826 -0.0077286353334785
vn -0.3133938855176076 2.9171934644498894 3.1060687683397443
v 0.0428141430020332 -0.0099999997764826 -0.0051796925254166
vn 0.2579330028084779 3.4271914229817866 3.0989000607631469
v 0.0437984503805637 -0.0099999997764826 -0.0076606413349509
vn 0.3856287697238331 2.9171929541650226 3.0979297623985245
v 0.0442695803940296 -0.0099999997764826 -0.0051966384053230
vn 1.1205453476591658 3.4271921812437425 2.9007047574974445
v 0.0449080578982830 -0.0099999997764826 -0.0079155862331390
vn 1.0653149278219727 2.9171931001224527 2.9344475844063815
v 0.0456847585737705 -0.0099999997764826 -0.0055370256304741
vn 1.6915804954799412 2.9171939099587476 2.6238206565346638
v 0.0469887107610703 -0.0099999997764826 -0.0061837849207222
vn 1.4584055649525824 3.4271921275462134 -2.7464091554427337
v 0.0453426539897919 -0.0099999997764826 -0.0151796536520123
vn 0.9967016313411381 2.9171927902146999 -2.9584563608141403
v 0.0455419011414051 -0.0099999997764826 -0.0178066771477461
vn 0.6255760072076383 3.4271924971807852 -3.0460407394335709
v 0.0442713610827923 -0.0099999997764826 -0.0155650787055492
vn 0.3133932993579683 2.9171932593378580 -3.1060687912247271
v 0.0441191829741001 -0.0099999997764826 -0.0181140210479498
vn -0.2579330028084779 3.4271914229817861 -3.0989000607631469
v 0.0431348755955696 -0.0099999997764826 -0.0156330727040768
vn -0.3856273251795687 2.9171944884800629 -3.0979302141414626
v 0.0426637418568134 -0.0099999997764826 -0.0180970747023821
vn -1.1205453476591658 3.4271921812437425 -2.9007047574974445
v 0.0420252680778503 -0.0099999997764826 -0.0153781278058887
vn -1.0653142375548768 2.9171909960945417 -2.9344474413241608
v 0.0412485636770725 -0.0099999997764826 -0.0177566893398762
vn -1.6915814039599362 2.9171950175633485 -2.6238203026071170
v 0.0399446114897728 -0.0099999997764826 -0.0171099286526442
vn 3.0979297018544161 2.9171931095359245 -0.3856294773145619
v 0.0499168820679188 -0.0099999997764826 -0.0124497767537832
vn 2.9344479279260156 2.9171938206732850 -1.0653143529461537
v 0.0495764948427677 -0.0099999997764826 -0.0138649540022016
vn 2.7117083537604296 3.4271943291459559 -1.5219542648336666
v 0.0469548217952251 -0.0099999997764826 -0.0136045962572098
vn 2.6238203164115097 2.9171925956792091 -1.6915805964619843
v 0.0489297360181808 -0.0099999997764826 -0.0151689071208239
vn 2.1730811662868112 3.4271901243549565 -2.2242821472851428
v 0.0462619662284851 -0.0099999997764826 -0.0145080219954252
vn 2.1816230453769427 2.9171932230915418 -2.2330247522096558
v 0.0480090342462063 -0.0099999997764826 -0.0162962507456541
vn 1.6300309103840442 2.9171934647001869 -2.6624947234882574
v 0.0468605607748032 -0.0099999997764826 -0.0171904526650906
vn -1.6300322531827134 -2.9171934637173438 2.6624939011977249
v 0.0400727652013302 -0.0154999997466803 -0.0061032609082758
vn -0.9967024788983939 -2.9171923713260206 2.9584559975324982
v 0.0413914211094379 -0.0154999997466803 -0.0054870373569429
vn -0.3133938855176074 -2.9171934644498903 3.1060687683397434
v 0.0428141430020332 -0.0154999997466803 -0.0051796925254166
vn 0.3856287697238330 -2.9171929541650221 3.0979297623985245
v 0.0442695803940296 -0.0154999997466803 -0.0051966384053230
vn 1.0653149278219729 -2.9171931001224523 2.9344475844063824
v 0.0456847585737705 -0.0154999997466803 -0.0055370256304741
vn 1.6915804954799407 -2.9171939099587476 2.6238206565346633
v 0.0469887107610703 -0.0154999997466803 -0.0061837849207222
vn 2.2330232527624072 -2.9171930963702901 2.1816245482600691
v 0.0481160543859005 -0.0154999997466803 -0.0071044852957129
vn 2.6624945391225476 -2.9171922304861768 1.6300307958024749
v 0.0490102581679821 -0.0154999997466803 -0.0082529596984386
vn 2.9584560313728154 -2.9171956392554583 0.9967041786316857
v 0.0496264807879925 -0.0154999997466803 -0.0095716174691916
vn 3.1060680508120950 -2.9171910129720233 0.3133967021024388
v 0.0499338284134865 -0.0154999997466803 -0.0109943374991417
vn 3.0979297018544165 -2.9171931095359245 -0.3856294773145619
v 0.0499168820679188 -0.0154999997466803 -0.0124497767537832
vn 2.9344479279260156 -2.9171938206732850 -1.0653143529461537
v 0.0495764948427677 -0.0154999997466803 -0.0138649540022016
vn 2.6238203164115097 -2.9171925956792091 -1.6915805964619841
v 0.0489297360181808 -0.0154999997466803 -0.0151689071208239
vn 2.1816230453769427 -2.9171932230915418 -2.2330247522096558
v 0.0480090342462063 -0.0154999997466803 -0.0162962507456541
vn 1.6300309103840442 -2.9171934647001869 -2.6624947234882574
v 0.0468605607748032 -0.0154999997466803 -0.0171904526650906
vn 0.9967016313411382 -2.9171927902147003 -2.9584563608141403
v 0.0455419011414051 -0.0154999997466803 -0.0178066771477461
vn 0.3133932993579683 -2.9171932593378580 -3.1060687912247280
v 0.0441191829741001 -0.0154999997466803 -0.0181140210479498
vn -0.3856273251795685 -2.9171944884800629 -3.0979302141414617
v 0.0426637418568134 -0.0154999997466803 -0.0180970747023821
vn -1.0653142375548768 -2.9171909960945417 -2.9344474413241617
v 0.0412485636770725 -0.0154999997466803 -0.0177566893398762
vn -1.6915814039599359 -2.9171950175633485 -2.6238203026071165
v 0.0399446114897728 -0.0154999997466803 -0.0171099286526442
vn -2.2330249000971283 -2.9171908291268989 -2.1816222915135430
v 0.0388172678649426 -0.0154999997466803 -0.0161892287433147
vn -2.6624949459327074 -2.9171965686452039 -1.6300315925458804
v 0.0379230678081512 -0.0154999997466803 -0.0150407543405890
vn -2.9584553191520753 -2.9171908188717546 -0.9967036372975309
v 0.0373068414628506 -0.0154999997466803 -0.0137220965698361
vn -3.1060688805771850 -2.9171935146527943 -0.3133928610753072
v 0.0369994975626469 -0.0154999997466803 -0.0122993765398860
vn -3.0979297018544165 -2.9171931095359245 0.3856294773145619
v 0.0370164439082146 -0.0154999997466803 -0.0108439372852445
vn -2.9344479279260156 -2.9171938206732850 1.0653143529461537
v 0.0373568311333656 -0.0154999997466803 -0.0094287600368261
vn -2.6238201153374288 -2.9171923933115087 1.6915808426649825
v 0.0380035899579525 -0.0154999997466803 -0.0081248069182038
vn -2.1816234700398183 -2.9171939303231675 2.2330245112133476
v 0.0389242917299271 -0.0154999997466803 -0.0069974637590349
vn -1.9460923211529750 -4.1887903871947998 -1.9012961891336506
v 0.0451185554265976 -0.0154999997466803 -0.0100329862907529
vn 0.6735248461202632 -4.1887901432928771 -2.6360136276731021
v 0.0428949557244778 -0.0154999997466803 -0.0094093391671777
vn -2.6196171672732387 -4.1887900838714955 0.7347174385394517
v 0.0456902608275414 -0.0154999997466803 -0.0122705046087503
vn -0.6735248461202632 -4.1887901432928780 2.6360136276731021
v 0.0440383665263653 -0.0154999997466803 -0.0138843748718500
vn 1.9460923211529750 -4.1887903871947980 1.9012961891336506
v 0.0418147668242455 -0.0154999997466803 -0.0132607277482748
vn 2.6196171672732387 -4.1887900838714955 -0.7347174385394517
v 0.0412430614233017 -0.0154999997466803 -0.0110232094302773
vn -2.1683995866048207 2.8274329388684820 2.2194865481823385
v 0.0410207696259022 0.0164999999105930 -0.0091433376073837
vn -1.3764101432789992 2.8274328710622116 2.7809301175737042
v 0.0419141091406345 0.0164999999105930 -0.0085100466385484
vn 0.0000000000000000 6.2831853071795880 0.0000000000000000
v 0.0434666611254215 0.0164999999105930 -0.0116468574851751
vn -2.7481288432811413 2.8274357694269021 1.4407877990492217
v 0.0403668507933617 0.0164999999105930 -0.0100216912105680
vn -2.7809301437645413 2.8274336677123637 -1.3764105316706459
v 0.0403298512101173 0.0164999999105930 -0.0131994085386395
vn -3.0701558613050501 2.8274340435761163 -0.4496909790671612
v 0.0400036126375198 0.0164999999105930 -0.0121540939435363
vn -3.0588526091625319 2.8274308114581963 0.5210516058765463
v 0.0400163605809212 0.0164999999105930 -0.0110591268166900
vn -0.5210497332670561 2.8274338178216194 -3.0588536775337074
v 0.0428789332509041 0.0164999999105930 -0.0150971570983529
vn -1.4407852305879398 2.8274331056138693 -2.7481294507985945
v 0.0418414957821369 0.0164999999105930 -0.0147466687485576
vn -2.2194874514411906 2.8274331568632558 -2.1683987387180883
v 0.0409631431102753 0.0164999999105930 -0.0140927499160171
vn 2.1683970653960989 2.8274309714256529 -2.2194883354707748
v 0.0459125563502312 0.0164999999105930 -0.0141503764316440
vn 1.3764091418179858 2.8274358520310092 -2.7809314305548600
v 0.0450192131102085 0.0164999999105930 -0.0147836674004793
vn 0.4496904031754441 2.8274326863791543 -3.0701556085988577
v 0.0439739003777504 0.0164999999105930 -0.0151099059730768
vn 3.0701557990903385 2.8274306418435984 0.4496856360004197
v 0.0469297133386135 0.0164999999105930 -0.0111396200954914
vn 3.0588541673530374 2.8274374361924286 -0.5210521525896563
v 0.0469169616699219 0.0164999999105930 -0.0122345872223377
vn 2.7481304636863593 2.8274325464251877 -1.4407830026955901
v 0.0465664751827717 0.0164999999105930 -0.0132720228284597
vn 1.4407842913371312 2.8274362260031003 2.7481308089761107
v 0.0450918264687061 0.0164999999105930 -0.0085470452904701
vn 2.2194848917851644 2.8274311253363553 2.1684006443350290
v 0.0459701828658581 0.0164999999105930 -0.0092009641230106
vn 2.7809301437645413 2.8274336677123637 1.3764105316706459
v 0.0466034747660160 0.0164999999105930 -0.0100943055003881
vn -0.4496888834277360 2.8274336999051224 3.0701560829061387
v 0.0429594255983829 0.0164999999105930 -0.0081838080659509
vn 0.5210513536722741 2.8274327289592884 3.0588531300942838
v 0.0440543927252293 0.0164999999105930 -0.0081965569406748
vn -1.3764101432789997 3.4557524361173746 2.7809301175737047
v 0.0419141091406345 0.0099999997764826 -0.0085100466385484
vn -0.4496888834277361 3.4557516072744643 3.0701560829061387
v 0.0429594255983829 0.0099999997764826 -0.0081838080659509
vn 0.5210513536722741 3.4557525782202978 3.0588531300942838
v 0.0440543927252293 0.0099999997764826 -0.0081965569406748
vn 1.4407842913371312 3.4557490811764864 2.7481308089761107
v 0.0450918264687061 0.0099999997764826 -0.0085470452904701
vn 2.2194848917851644 3.4557541818432318 2.1684006443350290
v 0.0459701828658581 0.0099999997764826 -0.0092009641230106
vn 2.7809301437645408 3.4557516394672221 1.3764105316706454
v 0.0466034747660160 0.0099999997764826 -0.0100943055003881
vn 3.0701557990903385 3.4557546653359879 0.4496856360004197
v 0.0469297133386135 0.0099999997764826 -0.0111396200954914
vn 3.0588541673530383 3.4557478709871576 -0.5210521525896564
v 0.0469169616699219 0.0099999997764826 -0.0122345872223377
vn 2.7481304636863584 3.4557527607543990 -1.4407830026955899
v 0.0465664751827717 0.0099999997764826 -0.0132720228284597
vn 2.1683970653960989 3.4557543357539338 -2.2194883354707748
v 0.0459125563502312 0.0099999997764826 -0.0141503764316440
vn 1.3764091418179860 3.4557494551485775 -2.7809314305548605
v 0.0450192131102085 0.0099999997764826 -0.0147836674004793
vn 0.4496904031754440 3.4557526208004328 -3.0701556085988577
v 0.0439739003777504 0.0099999997764826 -0.0151099059730768
vn -0.5210497332670562 3.4557514893579677 -3.0588536775337078
v 0.0428789332509041 0.0099999997764826 -0.0150971570983529
vn -1.4407852305879394 3.4557522015657174 -2.7481294507985936
v 0.0418414957821369 0.0099999997764826 -0.0147466687485576
vn -2.2194874514411911 3.4557521503163313 -2.1683987387180892
v 0.0409631431102753 0.0099999997764826 -0.0140927499160171
vn -2.7809301437645408 3.4557516394672225 -1.3764105316706454
v 0.0403298512101173 0.0099999997764826 -0.0131994085386395
vn -3.0701558613050506 3.4557512636034708 -0.4496909790671612
v 0.0400036126375198 0.0099999997764826 -0.0121540939435363
vn -3.0588526091625319 3.4557544957213899 0.5210516058765463
v 0.0400163605809212 0.0099999997764826 -0.0110591268166900
vn -2.7481288432811413 3.4557495377526850 1.4407877990492213
v 0.0403668507933617 0.0099999997764826 -0.0100216912105680
vn -2.1683995866048202 3.4557523683111047 2.2194865481823385
v 0.0410207696259022 0.0099999997764826 -0.0091433376073837
vn 2.5109035044824921 2.8559955254027738 1.8344145914870400
v 0.0466965176165104 0.0099999997764826 -0.0092871896922588
vn 2.9260069709530545 2.8559932851556016 1.0527076486971447
v 0.0472304821014404 0.0099999997764826 -0.0102927284315228
vn 3.1040646985759981 2.8559897929547464 0.1857085876547488
v 0.0474595241248608 0.0099999997764826 -0.0114079704508185
vn 3.0306500292708374 2.8559969711388891 -0.6963301748039890
v 0.0473650842905045 0.0099999997764826 -0.0125425662845373
vn 2.7117083537604314 2.8559909780336299 -1.5219542648336679
v 0.0469548217952251 0.0099999997764826 -0.0136045962572098
vn 2.1730811662868099 2.8559951828246302 -2.2242821472851424
v 0.0462619662284851 0.0099999997764826 -0.0145080219954252
vn 1.4584055649525820 2.8559931796333728 -2.7464091554427337
v 0.0453426539897919 0.0099999997764826 -0.0151796536520123
vn 0.6255760072076382 2.8559928099988010 -3.0460407394335709
v 0.0442713610827923 0.0099999997764826 -0.0155650787055492
vn -0.2579330028084782 2.8559938841978001 -3.0989000607631469
v 0.0431348755955696 0.0099999997764826 -0.0156330727040768
vn -1.1205453476591656 2.8559931259358442 -2.9007047574974436
v 0.0420252680778503 0.0099999997764826 -0.0153781278058887
vn -1.8923777237387003 2.8559941410906382 -2.4675124981221481
v 0.0410324335098267 0.0099999997764826 -0.0148208970203996
vn -2.5109030642869170 2.8559902950607610 -1.8344132119868688
v 0.0402368046343327 0.0099999997764826 -0.0140065243467689
vn -2.9260090999226311 2.8559961750288196 -1.0527036395000686
v 0.0397028438746929 0.0099999997764826 -0.0130009856075048
vn -3.1040651234367593 2.8559930537272367 -0.1857136920130955
v 0.0394738018512726 0.0099999997764826 -0.0118857435882092
vn -3.0306487264638786 2.8559906581405428 0.6963295427690770
v 0.0395682379603386 0.0099999997764826 -0.0107511477544904
vn -2.7117091080468496 2.8559966266643579 1.5219555008876862
v 0.0399785041809082 0.0099999997764826 -0.0096891177818179
vn -2.1730836482409508 2.8559925864197591 2.2242789110157277
v 0.0406713560223579 0.0099999997764826 -0.0087856920436025
vn -1.4584039277276222 2.8559920719396765 2.7464097444753088
v 0.0415906682610512 0.0099999997764826 -0.0081140603870153
vn -0.6255743699826786 2.8559939176924978 3.0460413284661469
v 0.0426619648933411 0.0099999997764826 -0.0077286353334785
vn 0.2579330028084782 2.8559938841977996 3.0989000607631469
v 0.0437984503805637 0.0099999997764826 -0.0076606413349509
vn 1.1205453476591656 2.8559931259358442 2.9007047574974436
v 0.0449080578982830 0.0099999997764826 -0.0079155862331390
vn 1.8923802929038511 2.8559918006218434 2.4675098684252426
v 0.0459008924663067 0.0099999997764826 -0.0084728170186281
vn -1.9460923211529753 -2.0943949199847873 -1.9012961891336506
v 0.0451185554265976 -0.0125000001862645 -0.0100329862907529
vn -2.6196171672732382 -2.0943952233080894 0.7347174385394517
v 0.0456902608275414 -0.0125000001862645 -0.0122705046087503
vn -0.6735248461202634 -2.0943951638867087 2.6360136276731025
v 0.0440383665263653 -0.0125000001862645 -0.0138843748718500
vn 1.9460923211529753 -2.0943949199847873 1.9012961891336508
v 0.0418147668242455 -0.0125000001862645 -0.0132607277482748
vn 2.6196171672732382 -2.0943952233080894 -0.7347174385394517
v 0.0412430614233017 -0.0125000001862645 -0.0110232094302773
vn 0.6735248461202634 -2.0943951638867087 -2.6360136276731025
v 0.0428949557244778 -0.0125000001862645 -0.0094093391671777
vn 3.5064574221242886 -1.3277385460507873 -2.7895997402197006
v 0.1099999994039536 0.0065000001341105 -0.0204019229859114
vn 3.3746257778493671 -1.6368745126956832 -2.1177663050689168
v 0.1099999994039536 0.0070000002160668 -0.0207639317959547
vn 3.0880696443170068 0.4065498495975401 2.8797946865989097
v 0.1099999994039536 0.0070000002160668 -0.0179999992251396
vn 3.4049731700498125 1.8450879254901487 -2.2222332930967301
v 0.1099999994039536 -0.0070000002160668 -0.0207639317959547
vn 3.5064574221242886 1.3277385460507871 -2.7895997402197006
v 0.1099999994039536 -0.0065000001341105 -0.0204019229859114
vn 3.0946499213738088 -0.3800091634405802 2.9185098653220987
v 0.1099999994039536 -0.0070000002160668 -0.0179999992251396
vn 3.6651909823444884 -0.0000001177557777 -3.0345456614474724
v 0.1099999994039536 -0.0049999998882413 -0.0199999995529652
vn 3.6651922499094822 -1.5172731663116787 -2.6279928429521942
v 0.1099999994039536 -0.0035000001080334 -0.0204019229859114
vn 2.7861965000338955 -0.0019320865956201 0.8550391834685447
v 0.1099999994039536 0.0049999998882413 -0.0260000005364418
vn 3.6651922499094818 1.5172731663116787 2.6279928429521942
v 0.1099999994039536 0.0035000001080334 -0.0255980771034956
vn 2.7817304890568066 0.0030321437947906 0.8504166817121033
v 0.1099999994039536 -0.0049999998882413 -0.0260000005364418
vn 3.6651907552672518 2.6279941655909584 1.5172720907337796
v 0.1099999994039536 0.0024019237607718 -0.0244999993592501
vn 3.6651922499094822 -1.5172731663116785 2.6279928429521942
v 0.1099999994039536 -0.0035000001080334 -0.0255980771034956
vn 3.6651907552672531 -2.6279941655909589 1.5172720907337796
v 0.1099999994039536 -0.0024019237607718 -0.0244999993592501
vn 3.6651915048204415 -3.0345454490339021 0.0000000000000000
v 0.1099999994039536 -0.0020000000949949 -0.0230000000447035
vn 3.6651915048204415 3.0345454490339021 0.0000000000000000
v 0.1099999994039536 0.0020000000949949 -0.0230000000447035
vn 3.6651907552672527 -2.6279941655909584 -1.5172720907337796
v 0.1099999994039536 -0.0024019237607718 -0.0215000007301569
vn 3.6651907552672527 2.6279941655909589 -1.5172720907337796
v 0.1099999994039536 0.0024019237607718 -0.0215000007301569
vn 3.6651922499094818 1.5172731663116785 -2.6279928429521942
v 0.1099999994039536 0.0035000001080334 -0.0204019229859114
vn 3.6651909823444888 0.0000001177557777 -3.0345456614474728
v 0.1099999994039536 0.0049999998882413 -0.0199999995529652
vn 5.2578623003146232 0.4643507950547985 -2.1540346507691517
v 0.1099999994039536 0.0070000002160668 -0.0260000005364418
vn 3.5064574221242886 -1.3277385460507871 2.7895997402197006
v 0.1099999994039536 0.0065000001341105 -0.0255980771034956
vn 3.4049731700498125 -1.8450879254901487 2.2222332930967301
v 0.1099999994039536 0.0070000002160668 -0.0252360682934523
vn 0.2865444428110097 -0.5581529627114521 -6.2093159361865666
v 0.0864999964833260 -0.0070000002160668 -0.0370000004768372
vn -2.1968676476118358 1.8791435817684574 -3.3826695937912001
v 0.0862360671162605 -0.0070000002160668 -0.0370000004768372
vn -2.3872496719170035 1.7462125743688799 -3.2484987455624532
v 0.0864999964833260 -0.0066583123989403 -0.0370000004768372
vn 2.6279914298837879 1.5172732925120724 -3.6651951047663305
v 0.0814019218087196 0.0035000001080334 -0.0370000004768372
vn 1.5172711486925550 2.6279957972543735 -3.6651884381085833
v 0.0825000032782555 0.0024019237607718 -0.0370000004768372
vn 2.6279914298837879 -1.5172732925120722 -3.6651951047663314
v 0.0814019218087196 -0.0035000001080334 -0.0370000004768372
vn 2.2131330749313913 1.8299769675713371 -3.4034013638083538
v 0.0817639306187630 -0.0070000002160668 -0.0370000004768372
vn -0.3911747269246384 -0.5231244145851168 -6.1931683328137854
v 0.0649999976158142 -0.0070000002160668 -0.0370000004768372
vn 2.7896002112418081 1.3277367881664337 -3.5064585807056767
v 0.0814019218087196 -0.0065000001341105 -0.0370000004768372
vn 3.0345466034919504 -0.0000001177553417 -3.6651886651814012
v 0.0810000002384186 -0.0049999998882413 -0.0370000004768372
vn -0.3994065767953238 0.5240758867101800 -6.1923968377980501
v 0.0649999976158142 0.0070000002160668 -0.0370000004768372
vn 2.2222329694902436 -1.8451082616593231 -3.4049776568584145
v 0.0817639306187630 0.0070000002160668 -0.0370000004768372
vn 2.7896002112418081 -1.3277367881664337 -3.5064585807056767
v 0.0814019218087196 0.0065000001341105 -0.0370000004768372
vn 3.0345466034919508 0.0000001177553416 -3.6651886651814012
v 0.0810000002384186 0.0049999998882413 -0.0370000004768372
vn -2.4051837186651013 1.9725919203796001 -3.4099258963587342
v 0.0864999964833260 0.0033416876103729 -0.0370000004768372
vn -2.4051978055288474 -1.9725685956857442 -3.4099423797559063
v 0.0864999964833260 -0.0033416876103729 -0.0370000004768372
vn -1.4822648283397262 2.6619306198299331 -3.6341513528666090
v 0.0855000019073486 0.0024019237607718 -0.0370000004768372
vn -1.4822648283397262 -2.6619306198299331 -3.6341513528666090
v 0.0855000019073486 -0.0024019237607718 -0.0370000004768372
vn 0.0000018840948948 3.0345454490321475 -3.6651915048233192
v 0.0839999988675117 0.0020000000949949 -0.0370000004768372
vn 0.0000018840948948 -3.0345454490321471 -3.6651915048233188
v 0.0839999988675117 -0.0020000000949949 -0.0370000004768372
vn 1.5172711486925550 -2.6279957972543735 -3.6651884381085829
v 0.0825000032782555 -0.0024019237607718 -0.0370000004768372
vn -0.2919718367105028 0.5580481018284340 -6.2085817776521743
v -0.0164999999105930 0.0070000002160668 -0.0370000004768372
vn 2.1968622993410607 -1.8791491597696046 -3.3826706017686337
v -0.0162360686808825 0.0070000002160668 -0.0370000004768372
vn 2.3820783441004068 -1.7470363127990907 -3.2467383538795733
v -0.0164999999105930 0.0066583123989403 -0.0370000004768372
vn -2.6279933139753875 -1.5172726952888846 -3.6651918258397949
v -0.0114019233733416 -0.0035000001080334 -0.0370000004768372
vn 0.3911739375234388 0.5231232720604797 -6.1931686329641478
v 0.0049999998882413 0.0070000002160668 -0.0370000004768372
vn -3.0345456614474724 -0.0000001177557777 -3.6651909823444884
v -0.0109999999403954 -0.0049999998882413 -0.0370000004768372
vn 0.3994058604564509 -0.5240747454840700 -6.1923971326307994
v 0.0049999998882413 -0.0070000002160668 -0.0370000004768372
vn -2.7895997402197006 1.3277385460507871 -3.5064574221242886
v -0.0114019233733416 -0.0065000001341105 -0.0370000004768372
vn -2.2222364577666913 1.8451054399101872 -3.4049743238198644
v -0.0117639321833849 -0.0070000002160668 -0.0370000004768372
vn 2.4027291341925370 -1.9746159465252409 -3.4084242190650946
v -0.0164999999105930 -0.0033416876103729 -0.0370000004768372
vn 2.4041641349103857 1.9724666612151696 -3.4099518931403683
v -0.0164999999105930 0.0033416876103729 -0.0370000004768372
vn 1.4822625783975096 -2.6619333671323258 -3.6341479433937645
v -0.0154999997466803 -0.0024019237607718 -0.0370000004768372
vn 1.4822625783975096 2.6619333671323258 -3.6341479433937640
v -0.0154999997466803 0.0024019237607718 -0.0370000004768372
vn 0.0000002355117303 -3.0345455121390703 -3.6651913496000108
v -0.0140000004321337 -0.0020000000949949 -0.0370000004768372
vn 0.0000002355117303 3.0345455121390703 -3.6651913496000113
v -0.0140000004321337 0.0020000000949949 -0.0370000004768372
vn -1.5172723262452428 -2.6279937576733325 -3.6651913345573695
v -0.0125000001862645 -0.0024019237607718 -0.0370000004768372
vn -1.5172723262452426 2.6279937576733325 -3.6651913345573695
v -0.0125000001862645 0.0024019237607718 -0.0370000004768372
vn -2.6279933139753875 1.5172726952888849 -3.6651918258397953
v -0.0114019233733416 0.0035000001080334 -0.0370000004768372
vn -3.0345456614474728 0.0000001177557777 -3.6651909823444884
v -0.0109999999403954 0.0049999998882413 -0.0370000004768372
vn -2.7895997402197006 -1.3277385460507873 -3.5064574221242886
v -0.0114019233733416 0.0065000001341105 -0.0370000004768372
vn -2.2131365735641606 -1.8299742297727111 -3.4033980396566026
v -0.0117639321833849 0.0070000002160668 -0.0370000004768372
vn -3.0345473886770460 -0.0000002826119039 -3.6651867338403665
v 0.0362499989569187 -0.0049999998882413 -0.0320000015199184
vn -6.0690947773540911 -0.0000005652238079 -0.0000000000000002
v 0.0362499989569187 -0.0049999998882413 -0.0299999993294477
vn -2.6279932605599896 -1.5172704495889831 -3.6651947014976320
v 0.0360825322568417 -0.0043750000186265 -0.0320000015199184
vn -5.2559865211199792 -3.0345408991779665 0.0000000000000004
v 0.0360825322568417 -0.0043750000186265 -0.0299999993294477
vn -1.5172721628523864 -2.6279944565975910 -3.6651900466764329
v 0.0356249995529652 -0.0039174682460725 -0.0320000015199184
vn -3.0345443257047733 -5.2559889131951829 0.0000000000000004
v 0.0356249995529652 -0.0039174682460725 -0.0299999993294477
vn 0.0000000000000001 -3.0345451832069710 -3.6651921586770886
v 0.0350000001490116 -0.0037499999161810 -0.0320000015199184
vn -0.0000000000000002 -6.0690903664139437 0.0000000000000002
v 0.0350000001490116 -0.0037499999161810 -0.0299999993294477
vn 1.5172721628523864 -2.6279944565975910 -3.6651900466764324
v 0.0343750007450581 -0.0039174682460725 -0.0320000015199184
vn 3.0345443257047724 -5.2559889131951820 0.0000000000000003
v 0.0343750007450581 -0.0039174682460725 -0.0299999993294477
vn 2.6279932605599896 -1.5172704495889833 -3.6651947014976316
v 0.0339174680411816 -0.0043750000186265 -0.0320000015199184
vn 5.2559865211199792 -3.0345408991779670 0.0000000000000002
v 0.0339174680411816 -0.0043750000186265 -0.0299999993294477
vn 3.0345473886770455 -0.0000002826119039 -3.6651867338403665
v 0.0337500013411045 -0.0049999998882413 -0.0320000015199184
vn 6.0690947773540911 -0.0000005652238078 0.0000000000000000
v 0.0337500013411045 -0.0049999998882413 -0.0299999993294477
vn 2.6279927710557835 1.5172707322047674 -3.6651953966449589
v 0.0339174680411816 -0.0056250002235174 -0.0320000015199184
vn 5.2559855421115671 3.0345414644095348 0.0000000000000002
v 0.0339174680411816 -0.0056250002235174 -0.0299999993294477
vn 1.5172721249885699 2.6279948805178659 -3.6651891902175278
v 0.0343750007450581 -0.0060825315304101 -0.0320000015199184
vn 3.0345442499771407 5.2559897610357318 0.0000000000000000
v 0.0343750007450581 -0.0060825315304101 -0.0299999993294477
vn -0.0000000000000001 3.0345449005921443 -3.6651928538261838
v 0.0350000001490116 -0.0062500000931323 -0.0320000015199184
vn 0.0000000000000001 6.0690898011842886 0.0000000000000002
v 0.0350000001490116 -0.0062500000931323 -0.0299999993294477
vn -1.5172721249885699 2.6279948805178655 -3.6651891902175269
v 0.0356249995529652 -0.0060825315304101 -0.0320000015199184
vn -3.0345442499771402 5.2559897610357309 0.0000000000000000
v 0.0356249995529652 -0.0060825315304101 -0.0299999993294477
vn -2.6279927710557835 1.5172707322047672 -3.6651953966449584
v 0.0360825322568417 -0.0056250002235174 -0.0320000015199184
vn -5.2559855421115671 3.0345414644095356 0.0000000000000000
v 0.0360825322568417 -0.0056250002235174 -0.0299999993294477
vn -3.0345473886770455 0.0000002826119039 -3.6651867338403665
v 0.0362499989569187 0.0049999998882413 -0.0320000015199184
vn -6.0690947773540911 0.0000005652238078 0.0000000000000000
v 0.0362499989569187 0.0049999998882413 -0.0299999993294477
vn -2.6279927710557835 -1.5172707322047674 -3.6651953966449589
v 0.0360825322568417 0.0056250002235174 -0.0320000015199184
vn -5.2559855421115671 -3.0345414644095348 0.0000000000000004
v 0.0360825322568417 0.0056250002235174 -0.0299999993294477
vn -1.5172721249885699 -2.6279948805178659 -3.6651891902175278
v 0.0356249995529652 0.0060825315304101 -0.0320000015199184
vn -3.0345442499771407 -5.2559897610357318 -0.0000000000000001
v 0.0356249995529652 0.0060825315304101 -0.0299999993294477
vn 0.0000000000000001 -3.0345449005921443 -3.6651928538261838
v 0.0350000001490116 0.0062500000931323 -0.0320000015199184
vn -0.0000000000000001 -6.0690898011842886 -0.0000000000000001
v 0.0350000001490116 0.0062500000931323 -0.0299999993294477
vn 1.5172721249885699 -2.6279948805178655 -3.6651891902175273
v 0.0343750007450581 0.0060825315304101 -0.0320000015199184
vn 3.0345442499771402 -5.2559897610357309 -0.0000000000000001
v 0.0343750007450581 0.0060825315304101 -0.0299999993294477
vn 2.6279927710557835 -1.5172707322047672 -3.6651953966449584
v 0.0339174680411816 0.0056250002235174 -0.0320000015199184
vn 5.2559855421115671 -3.0345414644095356 -0.0000000000000004
v 0.0339174680411816 0.0056250002235174 -0.0299999993294477
vn 3.0345473886770455 0.0000002826119039 -3.6651867338403665
v 0.0337500013411045 0.0049999998882413 -0.0320000015199184
vn 6.0690947773540920 0.0000005652238080 -0.0000000000000002
v 0.0337500013411045 0.0049999998882413 -0.0299999993294477
vn 2.6279932605599896 1.5172704495889831 -3.6651947014976320
v 0.0339174680411816 0.0043750000186265 -0.0320000015199184
vn 5.2559865211199792 3.0345408991779665 0.0000000000000000
v 0.0339174680411816 0.0043750000186265 -0.0299999993294477
vn 1.5172721628523864 2.6279944565975910 -3.6651900466764329
v 0.0343750007450581 0.0039174682460725 -0.0320000015199184
vn 3.0345443257047733 5.2559889131951829 0.0000000000000000
v 0.0343750007450581 0.0039174682460725 -0.0299999993294477
vn -0.0000000000000001 3.0345451832069710 -3.6651921586770886
v 0.0350000001490116 0.0037499999161810 -0.0320000015199184
vn 0.0000000000000002 6.0690903664139437 0.0000000000000000
v 0.0350000001490116 0.0037499999161810 -0.0299999993294477
vn -1.5172721628523864 2.6279944565975910 -3.6651900466764324
v 0.0356249995529652 0.0039174682460725 -0.0320000015199184
vn -3.0345443257047724 5.2559889131951820 -0.0000000000000002
v 0.0356249995529652 0.0039174682460725 -0.0299999993294477
vn -2.6279932605599896 1.5172704495889833 -3.6651947014976316
v 0.0360825322568417 0.0043750000186265 -0.0320000015199184
vn -5.2559865211199792 3.0345408991779670 0.0000000000000004
v 0.0360825322568417 0.0043750000186265 -0.0299999993294477
vn -3.0345451277717674 -0.0000002826144157 -3.6651922950313747
v -0.0127499997615814 -0.0049999998882413 -0.0340000018477440
vn -6.0690902555435340 -0.0000005652288313 0.0000000000000000
v -0.0127499997615814 -0.0049999998882413 -0.0299999993294477
vn -2.6279932605622571 -1.5172735380585667 -3.6651909031340688
v -0.0129174683243036 -0.0043750000186265 -0.0340000018477440
vn -5.2559865211245143 -3.0345470761171329 0.0000000000000000
v -0.0129174683243036 -0.0043750000186265 -0.0299999993294477
vn -1.5172727280794684 -2.6279934775957274 -3.6651914369729317
v -0.0133750000968575 -0.0039174682460725 -0.0340000018477440
vn -3.0345454561589373 -5.2559869551914558 0.0000000000000000
v -0.0133750000968575 -0.0039174682460725 -0.0299999993294477
vn 0.0000005652285821 -3.0345453346596218 -3.6651917861477505
v -0.0140000004321337 -0.0037499999161810 -0.0340000018477440
vn 0.0000011304571644 -6.0690906693192428 -0.0000000000000002
v -0.0140000004321337 -0.0037499999161810 -0.0299999993294477
vn 1.5172732933080506 -2.6279933261430770 -3.6651910644435937
v -0.0146249998360872 -0.0039174682460725 -0.0340000018477440
vn 3.0345465866161012 -5.2559866522861549 0.0000000000000007
v -0.0146249998360872 -0.0039174682460725 -0.0299999993294477
vn 2.6279932605622571 -1.5172735380585667 -3.6651909031340688
v -0.0150825316086411 -0.0043750000186265 -0.0340000018477440
vn 5.2559865211245143 -3.0345470761171334 -0.0000000000000001
v -0.0150825316086411 -0.0043750000186265 -0.0299999993294477
vn 3.0345451277717670 -0.0000002826144156 -3.6651922950313747
v -0.0152500001713634 -0.0049999998882413 -0.0340000018477440
vn 6.0690902555435340 -0.0000005652288313 -0.0000000000000002
v -0.0152500001713634 -0.0049999998882413 -0.0299999993294477
vn 2.6279927710601414 1.5172738206724143 -3.6651915982831897
v -0.0150825316086411 -0.0056250002235174 -0.0340000018477440
vn 5.2559855421202837 3.0345476413448291 0.0000000000000000
v -0.0150825316086411 -0.0056250002235174 -0.0299999993294477
vn 1.5172732554448101 2.6279937500639274 -3.6651902079846890
v -0.0146249998360872 -0.0060825315304101 -0.0340000018477440
vn 3.0345465108896192 5.2559875001278540 0.0000000000000000
v -0.0146249998360872 -0.0060825315304101 -0.0299999993294477
vn 0.0000005652292099 3.0345450520451731 -3.6651924812963976
v -0.0140000004321337 -0.0062500000931323 -0.0340000018477440
vn 0.0000011304584202 6.0690901040903462 0.0000000000000000
v -0.0140000004321337 -0.0062500000931323 -0.0299999993294477
vn -1.5172726902155995 2.6279939015169562 -3.6651905805144755
v -0.0133750000968575 -0.0060825315304101 -0.0340000018477440
vn -3.0345453804311995 5.2559878030339133 0.0000000000000002
v -0.0133750000968575 -0.0060825315304101 -0.0299999993294477
vn -2.6279927710601418 1.5172738206724148 -3.6651915982831902
v -0.0129174683243036 -0.0056250002235174 -0.0340000018477440
vn -5.2559855421202828 3.0345476413448291 0.0000000000000000
v -0.0129174683243036 -0.0056250002235174 -0.0299999993294477
vn -3.0345473886770451 0.0000002826119038 -3.6651867338403665
v 0.0852499976754189 0.0049999998882413 -0.0340000018477440
vn -6.0690947773540902 0.0000005652238079 0.0000000000000002
v 0.0852499976754189 0.0049999998882413 -0.0299999993294477
vn -2.6279927710557835 -1.5172707322047674 -3.6651953966449589
v 0.0850825309753418 0.0056250002235174 -0.0340000018477440
vn -5.2559855421115680 -3.0345414644095348 -0.0000000000000002
v 0.0850825309753418 0.0056250002235174 -0.0299999993294477
vn -1.5172721249885708 -2.6279948805178668 -3.6651891902175278
v 0.0846249982714653 0.0060825315304101 -0.0340000018477440
vn -3.0345442499771407 -5.2559897610357318 0.0000000000000000
v 0.0846249982714653 0.0060825315304101 -0.0299999993294477
vn 0.0000000000000001 -3.0345449005921443 -3.6651928538261842
v 0.0839999988675117 0.0062500000931323 -0.0340000018477440
vn -0.0000000000000001 -6.0690898011842886 0.0000000000000009
v 0.0839999988675117 0.0062500000931323 -0.0299999993294477
vn 1.5172721249885699 -2.6279948805178655 -3.6651891902175269
v 0.0833749994635582 0.0060825315304101 -0.0340000018477440
vn 3.0345442499771411 -5.2559897610357318 0.0000000000000001
v 0.0833749994635582 0.0060825315304101 -0.0299999993294477
vn 2.6279927710557844 -1.5172707322047680 -3.6651953966449584
v 0.0829174667596817 0.0056250002235174 -0.0340000018477440
vn 5.2559855421115671 -3.0345414644095356 -0.0000000000000004
v 0.0829174667596817 0.0056250002235174 -0.0299999993294477
vn 3.0345473886770451 0.0000002826119040 -3.6651867338403665
v 0.0827500000596046 0.0049999998882413 -0.0340000018477440
vn 6.0690947773540902 0.0000005652238078 0.0000000000000004
v 0.0827500000596046 0.0049999998882413 -0.0299999993294477
vn 2.6279932605599892 1.5172704495889828 -3.6651947014976316
v 0.0829174667596817 0.0043750000186265 -0.0340000018477440
vn 5.2559865211199801 3.0345408991779665 0.0000000000000004
v 0.0829174667596817 0.0043750000186265 -0.0299999993294477
vn 1.5172721628523869 2.6279944565975910 -3.6651900466764324
v 0.0833749994635582 0.0039174682460725 -0.0340000018477440
vn 3.0345443257047733 5.2559889131951829 -0.0000000000000006
v 0.0833749994635582 0.0039174682460725 -0.0299999993294477
vn -0.0000000000000001 3.0345451832069710 -3.6651921586770886
v 0.0839999988675117 0.0037499999161810 -0.0340000018477440
vn 0.0000000000000001 6.0690903664139437 0.0000000000000002
v 0.0839999988675117 0.0037499999161810 -0.0299999993294477
vn -1.5172721628523864 2.6279944565975910 -3.6651900466764324
v 0.0846249982714653 0.0039174682460725 -0.0340000018477440
vn -3.0345443257047733 5.2559889131951829 -0.0000000000000002
v 0.0846249982714653 0.0039174682460725 -0.0299999993294477
vn -2.6279932605599905 1.5172704495889835 -3.6651947014976316
v 0.0850825309753418 0.0043750000186265 -0.0340000018477440
vn -5.2559865211199792 3.0345408991779670 -0.0000000000000002
v 0.0850825309753418 0.0043750000186265 -0.0299999993294477
vn -3.0345473886770451 -0.0000002826119040 -3.6651867338403665
v 0.0852499976754189 -0.0049999998882413 -0.0340000018477440
vn -6.0690947773540911 -0.0000005652238078 0.0000000000000004
v 0.0852499976754189 -0.0049999998882413 -0.0299999993294477
vn -2.6279932605599892 -1.5172704495889828 -3.6651947014976320
v 0.0850825309753418 -0.0043750000186265 -0.0340000018477440
vn -5.2559865211199801 -3.0345408991779665 -0.0000000000000002
v 0.0850825309753418 -0.0043750000186265 -0.0299999993294477
vn -1.5172721628523869 -2.6279944565975910 -3.6651900466764329
v 0.0846249982714653 -0.0039174682460725 -0.0340000018477440
vn -3.0345443257047733 -5.2559889131951829 0.0000000000000000
v 0.0846249982714653 -0.0039174682460725 -0.0299999993294477
vn 0.0000000000000001 -3.0345451832069710 -3.6651921586770881
v 0.0839999988675117 -0.0037499999161810 -0.0340000018477440
vn -0.0000000000000001 -6.0690903664139437 0.0000000000000003
v 0.0839999988675117 -0.0037499999161810 -0.0299999993294477
vn 1.5172721628523864 -2.6279944565975910 -3.6651900466764324
v 0.0833749994635582 -0.0039174682460725 -0.0340000018477440
vn 3.0345443257047733 -5.2559889131951829 0.0000000000000004
v 0.0833749994635582 -0.0039174682460725 -0.0299999993294477
vn 2.6279932605599905 -1.5172704495889835 -3.6651947014976316
v 0.0829174667596817 -0.0043750000186265 -0.0340000018477440
vn 5.2559865211199792 -3.0345408991779670 0.0000000000000000
v 0.0829174667596817 -0.0043750000186265 -0.0299999993294477
vn 3.0345473886770451 -0.0000002826119038 -3.6651867338403665
v 0.0827500000596046 -0.0049999998882413 -0.0340000018477440
vn 6.0690947773540902 -0.0000005652238079 -0.0000000000000002
v 0.0827500000596046 -0.0049999998882413 -0.0299999993294477
vn 2.6279927710557835 1.5172707322047674 -3.6651953966449584
v 0.0829174667596817 -0.0056250002235174 -0.0340000018477440
vn 5.2559855421115680 3.0345414644095348 0.0000000000000000
v 0.0829174667596817 -0.0056250002235174 -0.0299999993294477
vn 1.5172721249885708 2.6279948805178668 -3.6651891902175273
v 0.0833749994635582 -0.0060825315304101 -0.0340000018477440
vn 3.0345442499771407 5.2559897610357318 0.0000000000000000
v 0.0833749994635582 -0.0060825315304101 -0.0299999993294477
vn -0.0000000000000001 3.0345449005921443 -3.6651928538261842
v 0.0839999988675117 -0.0062500000931323 -0.0340000018477440
vn 0.0000000000000001 6.0690898011842886 0.0000000000000001
v 0.0839999988675117 -0.0062500000931323 -0.0299999993294477
vn -1.5172721249885699 2.6279948805178655 -3.6651891902175269
v 0.0846249982714653 -0.0060825315304101 -0.0340000018477440
vn -3.0345442499771411 5.2559897610357318 0.0000000000000002
v 0.0846249982714653 -0.0060825315304101 -0.0299999993294477
vn -2.6279927710557844 1.5172707322047680 -3.6651953966449584
v 0.0850825309753418 -0.0056250002235174 -0.0340000018477440
vn -5.2559855421115671 3.0345414644095356 -0.0000000000000002
v 0.0850825309753418 -0.0056250002235174 -0.0299999993294477
vn -3.0345451277717674 0.0000002826144156 -3.6651922950313747
v -0.0127499997615814 0.0049999998882413 -0.0340000018477440
vn -6.0690902555435340 0.0000005652288313 0.0000000000000000
v -0.0127499997615814 0.0049999998882413 -0.0299999993294477
vn -2.6279927710601414 -1.5172738206724143 -3.6651915982831902
v -0.0129174683243036 0.0056250002235174 -0.0340000018477440
vn -5.2559855421202837 -3.0345476413448291 0.0000000000000004
v -0.0129174683243036 0.0056250002235174 -0.0299999993294477
vn -1.5172726902156000 -2.6279939015169567 -3.6651905805144755
v -0.0133750000968575 0.0060825315304101 -0.0340000018477440
vn -3.0345453804311990 -5.2559878030339124 0.0000000000000004
v -0.0133750000968575 0.0060825315304101 -0.0299999993294477
vn 0.0000005652292101 -3.0345450520451736 -3.6651924812963976
v -0.0140000004321337 0.0062500000931323 -0.0340000018477440
vn 0.0000011304584201 -6.0690901040903471 0.0000000000000001
v -0.0140000004321337 0.0062500000931323 -0.0299999993294477
vn 1.5172732554448096 -2.6279937500639270 -3.6651902079846890
v -0.0146249998360872 0.0060825315304101 -0.0340000018477440
vn 3.0345465108896197 -5.2559875001278540 0.0000000000000002
v -0.0146249998360872 0.0060825315304101 -0.0299999993294477
vn 2.6279927710601418 -1.5172738206724148 -3.6651915982831902
v -0.0150825316086411 0.0056250002235174 -0.0340000018477440
vn 5.2559855421202828 -3.0345476413448291 0.0000000000000000
v -0.0150825316086411 0.0056250002235174 -0.0299999993294477
vn 3.0345451277717670 0.0000002826144157 -3.6651922950313747
v -0.0152500001713634 0.0049999998882413 -0.0340000018477440
vn 6.0690902555435340 0.0000005652288313 0.0000000000000002
v -0.0152500001713634 0.0049999998882413 -0.0299999993294477
vn 2.6279932605622571 1.5172735380585667 -3.6651909031340688
v -0.0150825316086411 0.0043750000186265 -0.0340000018477440
vn 5.2559865211245143 3.0345470761171329 0.0000000000000002
v -0.0150825316086411 0.0043750000186265 -0.0299999993294477
vn 1.5172732933080506 2.6279933261430770 -3.6651910644435945
v -0.0146249998360872 0.0039174682460725 -0.0340000018477440
vn 3.0345465866161017 5.2559866522861549 -0.0000000000000004
v -0.0146249998360872 0.0039174682460725 -0.0299999993294477
vn 0.0000005652285821 3.0345453346596214 -3.6651917861477505
v -0.0140000004321337 0.0037499999161810 -0.0340000018477440
vn 0.0000011304571643 6.0690906693192446 0.0000000000000000
v -0.0140000004321337 0.0037499999161810 -0.0299999993294477
vn -1.5172727280794687 2.6279934775957279 -3.6651914369729317
v -0.0133750000968575 0.0039174682460725 -0.0340000018477440
vn -3.0345454561589364 5.2559869551914540 0.0000000000000004
v -0.0133750000968575 0.0039174682460725 -0.0299999993294477
vn -2.6279932605622571 1.5172735380585667 -3.6651909031340688
v -0.0129174683243036 0.0043750000186265 -0.0340000018477440
vn -5.2559865211245143 3.0345470761171334 -0.0000000000000004
v -0.0129174683243036 0.0043750000186265 -0.0299999993294477
vn 3.6651922950313747 -0.0000002826144154 -3.0345451277717679
v 0.1070000007748604 -0.0049999998882413 -0.0217499993741512
vn -0.0000000000000003 -0.0000005652288310 -6.0690902555435340
v 0.1000000014901161 -0.0049999998882413 -0.0217499993741512
vn 3.6651919209012305 -1.5172746685130802 -2.6279921301065929
v 0.1070000007748604 -0.0043750000186265 -0.0219174679368734
vn 0.0000000000000000 -3.0345493370261605 -5.2559842602131859
v 0.1000000014901161 -0.0043750000186265 -0.0219174679368734
vn 3.6651900466764329 -2.6279944565975910 -1.5172721628523862
v 0.1070000007748604 -0.0039174682460725 -0.0223750006407499
vn -0.0000000000000004 -5.2559889131951811 -3.0345443257047719
v 0.1000000014901161 -0.0039174682460725 -0.0223750006407499
vn 3.6651921586770886 -3.0345451832069719 0.0000000000000000
v 0.1070000007748604 -0.0037499999161810 -0.0230000000447035
vn -0.0000000000000002 -6.0690903664139428 0.0000000000000001
v 0.1000000014901161 -0.0037499999161810 -0.0230000000447035
vn 3.6651900466764324 -2.6279944565975910 1.5172721628523864
v 0.1070000007748604 -0.0039174682460725 -0.0236249994486570
vn -0.0000000000000053 -5.2559889131951820 3.0345443257047728
v 0.1000000014901161 -0.0039174682460725 -0.0236249994486570
vn 3.6651919209012300 -1.5172746685130802 2.6279921301065929
v 0.1070000007748604 -0.0043750000186265 -0.0240825321525335
vn -0.0000000000000032 -3.0345493370261600 5.2559842602131859
v 0.1000000014901161 -0.0043750000186265 -0.0240825321525335
vn 3.6651922950313747 -0.0000002826144154 3.0345451277717670
v 0.1070000007748604 -0.0049999998882413 -0.0242500007152557
vn 0.0000000000000002 -0.0000005652288310 6.0690902555435349
v 0.1000000014901161 -0.0049999998882413 -0.0242500007152557
vn 3.6651926160503514 1.5172749511263532 2.6279916406039030
v 0.1070000007748604 -0.0056250002235174 -0.0240825321525335
vn 0.0000000000000002 3.0345499022527069 5.2559832812078042
v 0.1000000014901161 -0.0056250002235174 -0.0240825321525335
vn 3.6651891902175278 2.6279948805178663 1.5172721249885703
v 0.1070000007748604 -0.0060825315304101 -0.0236249994486570
vn -0.0000000000000002 5.2559897610357309 3.0345442499771398
v 0.1000000014901161 -0.0060825315304101 -0.0236249994486570
vn 3.6651928538261838 3.0345449005921439 -0.0000000000000002
v 0.1070000007748604 -0.0062500000931323 -0.0230000000447035
vn 0.0000000000000000 6.0690898011842886 0.0000000000000003
v 0.1000000014901161 -0.0062500000931323 -0.0230000000447035
vn 3.6651891902175269 2.6279948805178650 -1.5172721249885699
v 0.1070000007748604 -0.0060825315304101 -0.0223750006407499
vn 0.0000000000000000 5.2559897610357327 -3.0345442499771411
v 0.1000000014901161 -0.0060825315304101 -0.0223750006407499
vn 3.6651926160503514 1.5172749511263535 -2.6279916406039026
v 0.1070000007748604 -0.0056250002235174 -0.0219174679368734
vn 0.0000000000000000 3.0345499022527060 -5.2559832812078042
v 0.1000000014901161 -0.0056250002235174 -0.0219174679368734
vn 3.6651922950313747 0.0000002826144154 -3.0345451277717665
v 0.1070000007748604 0.0049999998882413 -0.0217499993741512
vn 0.0000000000000009 0.0000005652288310 -6.0690902555435340
v 0.1000000014901161 0.0049999998882413 -0.0217499993741512
vn 3.6651926160503514 -1.5172749511263532 -2.6279916406039030
v 0.1070000007748604 0.0056250002235174 -0.0219174679368734
vn 0.0000000000000000 -3.0345499022527069 -5.2559832812078042
v 0.1000000014901161 0.0056250002235174 -0.0219174679368734
vn 3.6651891902175278 -2.6279948805178663 -1.5172721249885703
v 0.1070000007748604 0.0060825315304101 -0.0223750006407499
vn 0.0000000000000002 -5.2559897610357309 -3.0345442499771398
v 0.1000000014901161 0.0060825315304101 -0.0223750006407499
vn 3.6651928538261838 -3.0345449005921439 0.0000000000000002
v 0.1070000007748604 0.0062500000931323 -0.0230000000447035
vn 0.0000000000000000 -6.0690898011842886 -0.0000000000000003
v 0.1000000014901161 0.0062500000931323 -0.0230000000447035
vn 3.6651891902175273 -2.6279948805178650 1.5172721249885699
v 0.1070000007748604 0.0060825315304101 -0.0236249994486570
vn 0.0000000000000004 -5.2559897610357327 3.0345442499771411
v 0.1000000014901161 0.0060825315304101 -0.0236249994486570
vn 3.6651926160503514 -1.5172749511263535 2.6279916406039026
v 0.1070000007748604 0.0056250002235174 -0.0240825321525335
vn 0.0000000000000002 -3.0345499022527060 5.2559832812078042
v 0.1000000014901161 0.0056250002235174 -0.0240825321525335
vn 3.6651922950313747 0.0000002826144154 3.0345451277717679
v 0.1070000007748604 0.0049999998882413 -0.0242500007152557
vn 0.0000000000000001 0.0000005652288310 6.0690902555435340
v 0.1000000014901161 0.0049999998882413 -0.0242500007152557
vn 3.6651919209012305 1.5172746685130802 2.6279921301065929
v 0.1070000007748604 0.0043750000186265 -0.0240825321525335
vn 0.0000000000000002 3.0345493370261605 5.2559842602131859
v 0.1000000014901161 0.0043750000186265 -0.0240825321525335
vn 3.6651900466764329 2.6279944565975910 1.5172721628523862
v 0.1070000007748604 0.0039174682460725 -0.0236249994486570
vn -0.0000000000000013 5.2559889131951811 3.0345443257047719
v 0.1000000014901161 0.0039174682460725 -0.0236249994486570
vn 3.6651921586770886 3.0345451832069719 0.0000000000000000
v 0.1070000007748604 0.0037499999161810 -0.0230000000447035
vn -0.0000000000000002 6.0690903664139428 -0.0000000000000001
v 0.1000000014901161 0.0037499999161810 -0.0230000000447035
vn 3.6651900466764324 2.6279944565975910 -1.5172721628523864
v 0.1070000007748604 0.0039174682460725 -0.0223750006407499
vn -0.0000000000000047 5.2559889131951820 -3.0345443257047728
v 0.1000000014901161 0.0039174682460725 -0.0223750006407499
vn 3.6651919209012300 1.5172746685130802 -2.6279921301065929
v 0.1070000007748604 0.0043750000186265 -0.0219174679368734
vn 0.0000000000000002 3.0345493370261600 -5.2559842602131859
v 0.1000000014901161 0.0043750000186265 -0.0219174679368734
vn -3.6651922950313747 -0.0000002826144154 3.0345451277717688
v -0.0370000004768372 -0.0049999998882413 -0.0190500002354383
vn 3.6651922950313751 -0.0000002826144158 3.0345451277717679
v -0.0299999993294477 -0.0049999998882413 -0.0190500002354383
vn -3.6651898853648359 -1.5172724076006014 2.6279943910190724
v -0.0370000004768372 -0.0043750000186265 -0.0188825316727161
vn 3.6651898853648337 -1.5172724076006012 2.6279943910190724
v -0.0299999993294477 -0.0043750000186265 -0.0188825316727161
vn -3.6651928272704666 -2.6279924985897809 1.5172732933092163
v -0.0370000004768372 -0.0039174682460725 -0.0184250008314848
vn 3.6651928272704666 -2.6279924985897813 1.5172732933092163
v -0.0299999993294477 -0.0039174682460725 -0.0184250008314848
vn -3.6651914136194486 -3.0345454861116412 -0.0000011304556488
v -0.0370000004768372 -0.0037499999161810 -0.0177999995648861
vn 3.6651914136194486 -3.0345454861116403 -0.0000011304556490
v -0.0299999993294477 -0.0037499999161810 -0.0177999995648861
vn -3.6651900466764324 -2.6279944565975915 -1.5172721628523864
v -0.0370000004768372 -0.0039174682460725 -0.0171750001609325
vn 3.6651900466764320 -2.6279944565975910 -1.5172721628523866
v -0.0299999993294477 -0.0039174682460725 -0.0171750001609325
vn -3.6651947014976316 -1.5172704495889835 -2.6279932605599905
v -0.0370000004768372 -0.0043750000186265 -0.0167174674570560
vn 3.6651947014976214 -1.5172704495889837 -2.6279932605599909
v -0.0299999993294477 -0.0043750000186265 -0.0167174674570560
vn -3.6651867338403665 -0.0000002826119042 -3.0345473886770464
v -0.0370000004768372 -0.0049999998882413 -0.0165500007569790
vn 3.6651867338403665 -0.0000002826119040 -3.0345473886770460
v -0.0299999993294477 -0.0049999998882413 -0.0165500007569790
vn -3.6651953966449593 1.5172707322047674 -2.6279927710557835
v -0.0370000004768372 -0.0056250002235174 -0.0167174674570560
vn 3.6651953966449589 1.5172707322047669 -2.6279927710557831
v -0.0299999993294477 -0.0056250002235174 -0.0167174674570560
vn -3.6651891902175278 2.6279948805178655 -1.5172721249885699
v -0.0370000004768372 -0.0060825315304101 -0.0171750001609325
vn 3.6651891902175278 2.6279948805178663 -1.5172721249885701
v -0.0299999993294477 -0.0060825315304101 -0.0171750001609325
vn -3.6651921087676467 3.0345452034975713 -0.0000011304569050
v -0.0370000004768372 -0.0062500000931323 -0.0177999995648861
vn 3.6651921087676467 3.0345452034975713 -0.0000011304569050
v -0.0299999993294477 -0.0062500000931323 -0.0177999995648861
vn -3.6651919708124585 2.6279929225119636 1.5172732554452950
v -0.0370000004768372 -0.0060825315304101 -0.0184250008314848
vn 3.6651919708124590 2.6279929225119636 1.5172732554452952
v -0.0299999993294477 -0.0060825315304101 -0.0184250008314848
vn -3.6651905805139569 1.5172726902150244 2.6279939015175318
v -0.0370000004768372 -0.0056250002235174 -0.0188825316727161
vn 3.6651905805139573 1.5172726902150246 2.6279939015175326
v -0.0299999993294477 -0.0056250002235174 -0.0188825316727161
vn -3.6651922950313747 0.0000002826144158 3.0345451277717679
v -0.0370000004768372 0.0049999998882413 -0.0190500002354383
vn 3.6651922950313756 0.0000002826144154 3.0345451277717688
v -0.0299999993294477 0.0049999998882413 -0.0190500002354383
vn -3.6651905805139569 -1.5172726902150246 2.6279939015175326
v -0.0370000004768372 0.0056250002235174 -0.0188825316727161
vn 3.6651905805139573 -1.5172726902150244 2.6279939015175318
v -0.0299999993294477 0.0056250002235174 -0.0188825316727161
vn -3.6651919708124590 -2.6279929225119636 1.5172732554452952
v -0.0370000004768372 0.0060825315304101 -0.0184250008314848
vn 3.6651919708124590 -2.6279929225119636 1.5172732554452950
v -0.0299999993294477 0.0060825315304101 -0.0184250008314848
vn -3.6651921087676467 -3.0345452034975713 -0.0000011304569050
v -0.0370000004768372 0.0062500000931323 -0.0177999995648861
vn 3.6651921087676467 -3.0345452034975713 -0.0000011304569050
v -0.0299999993294477 0.0062500000931323 -0.0177999995648861
vn -3.6651891902175278 -2.6279948805178659 -1.5172721249885701
v -0.0370000004768372 0.0060825315304101 -0.0171750001609325
vn 3.6651891902175278 -2.6279948805178655 -1.5172721249885699
v -0.0299999993294477 0.0060825315304101 -0.0171750001609325
vn -3.6651953966449584 -1.5172707322047669 -2.6279927710557831
v -0.0370000004768372 0.0056250002235174 -0.0167174674570560
vn 3.6651953966449589 -1.5172707322047674 -2.6279927710557835
v -0.0299999993294477 0.0056250002235174 -0.0167174674570560
vn -3.6651867338403665 0.0000002826119040 -3.0345473886770460
v -0.0370000004768372 0.0049999998882413 -0.0165500007569790
vn 3.6651867338403674 0.0000002826119042 -3.0345473886770464
v -0.0299999993294477 0.0049999998882413 -0.0165500007569790
vn -3.6651947014976316 1.5172704495889835 -2.6279932605599909
v -0.0370000004768372 0.0043750000186265 -0.0167174674570560
vn 3.6651947014976320 1.5172704495889835 -2.6279932605599905
v -0.0299999993294477 0.0043750000186265 -0.0167174674570560
vn -3.6651900466764329 2.6279944565975910 -1.5172721628523866
v -0.0370000004768372 0.0039174682460725 -0.0171750001609325
vn 3.6651900466764316 2.6279944565975915 -1.5172721628523866
v -0.0299999993294477 0.0039174682460725 -0.0171750001609325
vn -3.6651914136194481 3.0345454861116403 -0.0000011304556490
v -0.0370000004768372 0.0037499999161810 -0.0177999995648861
vn 3.6651914136194477 3.0345454861116412 -0.0000011304556489
v -0.0299999993294477 0.0037499999161810 -0.0177999995648861
vn -3.6651928272704670 2.6279924985897813 1.5172732933092163
v -0.0370000004768372 0.0039174682460725 -0.0184250008314848
vn 3.6651928272704675 2.6279924985897809 1.5172732933092163
v -0.0299999993294477 0.0039174682460725 -0.0184250008314848
vn -3.6651898853648355 1.5172724076006012 2.6279943910190724
v -0.0370000004768372 0.0043750000186265 -0.0188825316727161
vn 3.6651898853648359 1.5172724076006014 2.6279943910190724
v -0.0299999993294477 0.0043750000186265 -0.0188825316727161
vn -2.1235464896567753 -1.6620678447607182 -3.3516638163617936
v 0.0862360671162605 0.0070000002160668 -0.0370000004768372
vn 0.2132842992347150 0.6287129134619436 -6.2014933888322217
v 0.0864999964833260 0.0070000002160668 -0.0370000004768372
vn -2.5693430129789907 -1.7925993765145400 -3.2546849558226518
v 0.0864999964833260 0.0066583123989403 -0.0370000004768372
vn 2.8653621278100969 1.4608138682064014 -3.4387289763463440
v 0.0324019230902195 -0.0065000001341105 -0.0347540751099586
vn 2.2929783965069852 1.8601056188865879 -3.4100459387678552
v 0.0327639319002628 -0.0070000002160668 -0.0347496978938580
vn 0.3332509006683143 -0.9196472431020799 -6.2012087505450122
v 0.0248460285365582 -0.0070000002160668 -0.0349951237440109
vn -0.3205861790586429 -0.9113041124498591 -6.2032067561875550
v 0.0451539717614651 -0.0070000002160668 -0.0349951237440109
vn -2.3284692672913594 1.9212626493342007 -3.4143168337688188
v 0.0372360683977604 -0.0070000002160668 -0.0347496978938580
vn -2.8277480542083060 1.5584488106367547 -3.3736014733182178
v 0.0375980772078037 -0.0065000001341105 -0.0347540751099586
vn -2.2701622724588817 -2.2314038251957515 -3.4229833949205433
v 0.0371216088533401 -0.0028789667412639 -0.0347484536468983
vn -0.3124249585889755 0.6633601234471243 -6.2194540092867294
v 0.0451539717614651 0.0070000002160668 -0.0349951237440109
vn -2.8077389391904224 -1.5766241134965970 -3.4012163020635375
v 0.0375980772078037 -0.0035000001080334 -0.0347540751099586
vn -0.4579282700123143 0.4840660746083494 -6.2343477835397136
v 0.0500426068902016 0.0070000002160668 -0.0353037007153034
vn -3.1401447668105593 -0.8236934163443768 -3.4208753405603605
v 0.0378976054489613 -0.0042228973470628 -0.0347581915557384
vn -3.2447483150472562 -0.0117652076185069 -3.4007721347482978
v 0.0379999987781048 -0.0049999998882413 -0.0347597002983093
vn -2.3081265169209466 2.2287729984646614 -3.4219719940600659
v 0.0371212139725685 0.0028785737231374 -0.0347484499216080
vn -2.8376509249921282 1.6255515850965345 -3.3995110658047589
v 0.0375980772078037 0.0035000001080334 -0.0347540751099586
vn -3.1255065060451299 0.8286423239385389 -3.4214270720422051
v 0.0378977507352829 0.0042234370484948 -0.0347581915557384
vn -3.2232600621781300 0.0014504270159320 -3.4016332797025486
v 0.0379999987781048 0.0049999998882413 -0.0347597002983093
vn -1.5882555989032727 2.6997432568004509 -3.4031938435881282
v 0.0364999994635582 0.0024019237607718 -0.0347428247332573
vn -0.7728413320594887 -3.0299851812719996 -3.5387927192441189
v 0.0357756279408932 -0.0021020004060119 -0.0347387045621872
vn -1.6087047647697961 -2.7444014918059532 -3.4028246228783203
v 0.0364999994635582 -0.0024019237607718 -0.0347428247332573
vn -3.1132872982553703 -0.8214469914889417 -3.4219062411797689
v 0.0378976054489613 0.0057771024294198 -0.0347581915557384
vn -2.8276926853391586 -1.5585847612584871 -3.3735027971099525
v 0.0375980734825134 0.0065000033937395 -0.0347540751099586
vn -2.2929799280193297 -1.8601035885556474 -3.4100471842935671
v 0.0372360683977604 0.0070000002160668 -0.0347496978938580
vn 0.3205860232873919 0.9113040783347826 -6.2032067513127904
v 0.0248460285365582 0.0070000002160668 -0.0349951237440109
vn 2.3284692672913594 -1.9212626493342007 -3.4143168337688188
v 0.0327639319002628 0.0070000002160668 -0.0347496978938580
vn 2.8274481565368754 -1.5591567734886576 -3.3731236311672643
v 0.0324019230902195 0.0065000001341105 -0.0347540751099586
vn 3.1403658638986296 0.8229459183855758 -3.4208676619145262
v 0.0321020185947418 0.0042243110947311 -0.0347581952810287
vn 2.8112396337804677 1.5751014285237921 -3.4015171543483573
v 0.0324019230902195 0.0035000001080334 -0.0347540751099586
vn 0.4476671987187206 -0.4872476806227599 -6.2348693741352292
v 0.0199573915451765 -0.0070000002160668 -0.0353037007153034
vn 3.2447021692057159 0.0106208037963838 -3.4010136268500353
v 0.0320000015199184 0.0049999998882413 -0.0347597002983093
vn 0.8227622508401775 -3.0122724983954781 -3.4239388189886006
v 0.0342242233455181 -0.0021020404528826 -0.0347387045621872
vn 0.7504634086407975 3.0156222198175442 -3.5387643191410327
v 0.0342227742075920 0.0021024285815656 -0.0347387082874775
vn -0.0666438489361201 -3.1073224424746231 -3.4815181665095949
v 0.0350000001490116 -0.0020000000949949 -0.0347371995449066
vn 0.0666945231773930 3.1072475537795379 -3.4817800258727774
v 0.0350000001490116 0.0020000000949949 -0.0347371995449066
vn -0.8218475325583923 3.0110139219279719 -3.4239465072961197
v 0.0357766486704350 0.0021022742148489 -0.0347387082874775
vn 2.1896372369995420 2.2459918118608577 -3.5375961479619868
v 0.0328790321946144 0.0028783283196390 -0.0347484461963177
vn 1.6406484382908164 2.6564704225446767 -3.4814540549573572
v 0.0335000008344650 0.0024019237607718 -0.0347428247332573
vn 1.5866504177700398 -2.6997091255858416 -3.4034800777125351
v 0.0335000008344650 -0.0024019237607718 -0.0347428247332573
vn 2.3211409858841581 -2.2158607765062337 -3.4215436034620152
v 0.0328782647848129 -0.0028790954966098 -0.0347484536468983
vn 2.8723156064143907 -1.6472520076827997 -3.3967476539016062
v 0.0324019230902195 -0.0035000001080334 -0.0347540751099586
vn 3.1658302918736259 -0.8415185324192923 -3.4195214032738797
v 0.0321027785539627 -0.0042214700952172 -0.0347581841051579
vn 3.2585182793036171 -0.1199264750870087 -3.3356613174171024
v 0.0320000015199184 -0.0049999994225800 -0.0347597002983093
vn 3.1598419799909925 0.6204169026639806 -3.4165930156189912
v 0.0320259034633636 -0.0053933965973556 -0.0347593128681183
vn -0.6668449961291555 0.6142108809016114 -6.1931444355361389
v 0.0552817545831203 0.0070000002160668 -0.0357682295143604
vn -0.6710731099094124 -0.6114077219044504 -6.1931643951611361
v 0.0552817545831203 -0.0070000002160668 -0.0357682295143604
vn -0.4488818032243428 -0.4866503227028020 -6.2348154577553085
v 0.0500426068902016 -0.0070000002160668 -0.0353037007153034
vn -3.1133692715802113 0.8211614073782465 -3.4219061745339427
v 0.0378977507352829 -0.0057765631936491 -0.0347581915557384
vn 3.1129836952465033 -0.8226280607965726 -3.4219013886870746
v 0.0321029983460903 0.0057793455198407 -0.0347581803798676
vn 0.4488818912232669 0.4866499815112363 -6.2348155023309983
v 0.0199573915451765 0.0070000002160668 -0.0353037007153034
vn 0.6710732626576352 0.6114068883196793 -6.1931645279544512
v 0.0147182447835803 0.0070000002160668 -0.0357682295143604
vn 0.6668450729835349 -0.6142101037733025 -6.1931445676116770
v 0.0147182447835803 -0.0070000002160668 -0.0357682295143604
vn 2.1235412709884294 1.6620732733272241 -3.3516648056406346
v -0.0162360686808825 -0.0070000002160668 -0.0370000004768372
vn -0.2184390782410580 -0.6289917248299949 -6.2007991810675378
v -0.0164999999105930 -0.0070000002160668 -0.0370000004768372
vn 2.5683085500827900 1.7924995720567847 -3.2546965808096684
v -0.0164999999105930 -0.0066583123989403 -0.0370000004768372
vn -0.7993629390042400 0.0857564171441559 -6.0933296404912181
v -0.0202828776091337 0.0070000002160668 -0.0367151126265526
vn 2.8091120404661662 0.4531742600196136 -3.3626904242442301
v -0.0169905163347721 0.0047602737322450 -0.0369952358305454
vn 2.7550220896596214 1.0490032492146992 -3.3895250448236696
v -0.0167489610612392 0.0037982512731105 -0.0369987711310387
vn -1.1181447209028477 -0.5636670850459038 -6.0936576616202291
v -0.0205091238021851 -0.0070000002160668 -0.0366797894239426
vn 2.5446550382977655 -1.3079998464003726 -3.2957845102687573
v -0.0165984369814396 0.0065001617185771 -0.0369998067617416
vn 2.7395200120755678 -0.7404145642293747 -3.4154281738797119
v -0.0169068835675716 0.0057525527663529 -0.0369967222213745
vn -1.1117435275269627 0.5646957340212378 -6.0944509750219851
v -0.0205091238021851 0.0070000002160668 -0.0366797894239426
vn 2.8379244442790590 -0.1273067551587245 -3.2907495921032113
v -0.0170000009238720 0.0050000026822090 -0.0369950495660305
vn 2.7153663079514248 1.5356950846837740 -3.2285393201625356
v -0.0165981445461512 0.0034999626222998 -0.0369998104870319
vn 2.5433590511563162 -1.4105826896131362 -3.2978914923803124
v -0.0165984369814396 -0.0034998385235667 -0.0369998067617416
vn -0.7939963174805025 -0.2733912385667244 -6.1250935799632700
v -0.0202828776091337 -0.0070000002160668 -0.0367151126265526
vn 2.8104608552135462 0.4389636176862515 -3.3627135217251820
v -0.0169905163347721 -0.0052397265098989 -0.0369952358305454
vn 2.8255994850374853 -0.1129455625556242 -3.2895281681732893
v -0.0170000009238720 -0.0049999975599349 -0.0369950495660305
vn 2.6155460065465128 -0.6640602486494461 -3.3999363002275942
v -0.0169068835675716 -0.0042474474757910 -0.0369967222213745
vn 2.5220043155004102 1.4711921949670796 -3.2205156516479736
v -0.0165981445461512 -0.0065000373870134 -0.0369998104870319
vn 2.6783172003304427 0.9913858438554122 -3.3832296363090633
v -0.0167489610612392 -0.0062017487362027 -0.0369987711310387
vn -1.7800536317747515 0.6409513414841678 -5.9213710424105486
v -0.0239804182201624 0.0070000002160668 -0.0358668714761734
vn -1.7404516431191510 -0.6077719398298591 -5.9431409123070509
v -0.0239804182201624 -0.0070000002160668 -0.0358668714761734
vn -2.1923343448657646 0.8831056006454906 -5.7245894407450297
v -0.0258353296667337 0.0070000002160668 -0.0352114997804165
vn -2.2738244894258002 -0.7241023342173815 -5.7433334351035628
v -0.0258353296667337 -0.0070000002160668 -0.0352114997804165
vn -2.8019979877753571 0.6077512753890306 -5.5225864606556065
v -0.0275092143565416 0.0070000002160668 -0.0344744175672531
vn -2.8019979877753571 -0.6077512753890306 -5.5225864606556065
v -0.0275092143565416 -0.0070000002160668 -0.0344744175672531
vn -3.3028218824918136 0.6163592266523671 -5.2501832326451847
v -0.0307148694992065 0.0070000002160668 -0.0326202772557735
vn -3.3028218824918154 -0.6163592266523671 -5.2501832326451874
v -0.0307148694992065 -0.0070000002160668 -0.0326202772557735
vn -3.6946248233522390 0.6091392255203329 -4.9835139547700216
v -0.0307896584272385 0.0070000002160668 -0.0325691588222980
vn -3.6946252131252941 -0.6091396446640429 -4.9835135351984041
v -0.0307896584272385 -0.0070000002160668 -0.0325691588222980
vn -4.1324043759426425 0.6078137065027575 -4.6131771010833713
v -0.0337477475404739 0.0070000002160668 -0.0301940776407719
vn -4.1324038820696662 -0.6078141256450516 -4.6131773910004013
v -0.0337477475404739 -0.0070000002160668 -0.0301940776407719
vn -4.5283119935159117 0.7217048033922873 -4.2021562493023126
v -0.0349142700433731 0.0070000002160668 -0.0290300957858562
vn -4.5423505424617732 -0.8524041145957801 -4.1307051602110665
v -0.0349142700433731 -0.0070000002160668 -0.0290300957858562
vn -4.9052250779309325 0.6078045066037380 -3.7800484926420981
v -0.0363167598843575 0.0070000002160668 -0.0274027492851019
vn -4.8740439128568980 -0.6376813615738504 -3.8062155659461845
v -0.0363167598843575 -0.0070000002160668 -0.0274027492851019
vn -5.2301484836141867 0.6438132749236460 -3.3230158362221278
v -0.0382326021790504 0.0070000002160668 -0.0246127415448427
vn -5.2301484836141894 -0.6438132749236460 -3.3230158362221296
v -0.0382326021790504 -0.0070000002160668 -0.0246127415448427
vn -5.4787599150312722 0.6007056918150097 -2.9127070544128846
v -0.0384387336671352 0.0070000002160668 -0.0242581423372030
vn -5.4822844339936045 -0.6091057595449534 -2.9016076127042796
v -0.0384387336671352 -0.0070000002160668 -0.0242581423372030
vn -5.8646447725349127 0.5038838391868584 -1.3301235215404863
v -0.0399999991059303 0.0070000002160668 -0.0209999997168779
vn -5.8609007898670136 -0.4920239539679963 -1.3693179370253303
v -0.0399999991059303 -0.0070000002160668 -0.0209999997168779
vn -3.5064574221242886 1.3277385460507873 -2.7895997402197006
v -0.0399999991059303 -0.0065000001341105 -0.0152019234374166
vn -3.3730089183939285 1.6282587743132424 -2.1149158821780021
v -0.0399999991059303 -0.0070000002160668 -0.0155639322474599
vn -3.0880696443170086 -0.4065498495975401 2.8797946865989106
v -0.0399999991059303 -0.0070000002160668 -0.0130000002682209
vn -3.3907741178342388 -1.7308223360544757 2.1722147109503558
v -0.0399999991059303 0.0070000002160668 -0.0200360678136349
vn -3.5064574221242886 -1.3277385460507873 2.7895997402197006
v -0.0399999991059303 0.0065000001341105 -0.0203980766236782
vn -3.6651909823444870 0.0000001177557777 3.0345456614474728
v -0.0399999991059303 0.0049999998882413 -0.0208000000566244
vn -3.0950136412371938 0.3784259711223102 2.9205644106445061
v -0.0399999991059303 0.0070000002160668 -0.0130000002682209
vn -3.6651911793369392 -2.6279936945681648 -1.5172725617569729
v -0.0399999991059303 -0.0024019237607718 -0.0163000002503395
vn -3.6651918258397949 -1.5172726952888849 -2.6279933139753875
v -0.0399999991059303 -0.0035000001080334 -0.0152019234374166
vn -3.4049743238198640 -1.8451054399101872 -2.2222364577666913
v -0.0399999991059303 0.0070000002160668 -0.0155639322474599
vn -3.5064574221242886 -1.3277385460507871 -2.7895997402197006
v -0.0399999991059303 0.0065000001341105 -0.0152019234374166
vn -3.4049736572093314 1.8451048755566031 2.2222371554239402
v -0.0399999991059303 -0.0070000002160668 -0.0200360678136349
vn -3.5064574221242886 1.3277385460507871 2.7895997402197006
v -0.0399999991059303 -0.0065000001341105 -0.0203980766236782
vn -3.6651909823444879 -0.0000001177557777 3.0345456614474724
v -0.0399999991059303 -0.0049999998882413 -0.0208000000566244
vn -3.6651914017697695 -1.5172722242654915 2.6279937849987807
v -0.0399999991059303 -0.0035000001080334 -0.0203980766236782
vn -3.6651909823444884 -0.0000001177557777 -3.0345456614474728
v -0.0399999991059303 -0.0049999998882413 -0.0148000000044703
vn -3.6651909823444884 0.0000001177557777 -3.0345456614474724
v -0.0399999991059303 0.0049999998882413 -0.0148000000044703
vn -3.6651918258397949 1.5172726952888846 -2.6279933139753875
v -0.0399999991059303 0.0035000001080334 -0.0152019234374166
vn -3.6651911793369392 2.6279936945681648 -1.5172725617569731
v -0.0399999991059303 0.0024019237607718 -0.0163000002503395
vn -3.6651911943797604 -3.0345455752441284 -0.0000004710231975
v -0.0399999991059303 -0.0020000000949949 -0.0177999995648861
vn -3.6651911943797608 3.0345455752441284 -0.0000004710231976
v -0.0399999991059303 0.0020000000949949 -0.0177999995648861
vn -3.6651919138476670 -2.6279933497549974 1.5172725617571685
v -0.0399999991059303 -0.0024019237607718 -0.0193000007420778
vn -3.6651919138476665 2.6279933497549974 1.5172725617571685
v -0.0399999991059303 0.0024019237607718 -0.0193000007420778
vn -3.6651914017697491 1.5172722242654915 2.6279937849987807
v -0.0399999991059303 0.0035000001080334 -0.0203980766236782
vn 0.0000000000000000 -6.2831853071795871 0.0000000000000000
v -0.0329999998211861 -0.0099999997764826 -0.0130000002682209
vn -0.0000000000000000 6.2831853071795862 -0.0000000000000001
v -0.0329999998211861 0.0099999997764826 -0.0130000002682209
vn -0.4059779770319677 -3.0882225906634142 2.8807251510402940
v -0.0370000004768372 -0.0099999997764826 -0.0130000002682209
vn -0.4065518429935149 3.0880691101897995 2.8797933727971690
v -0.0370000004768372 0.0099999997764826 -0.0130000002682209
vn -2.6299552093346645 -1.5182586456020202 2.6434400050907629
v -0.0395980775356293 -0.0085000004619360 -0.0130000002682209
vn -1.5148262966421808 -2.6310250348617799 2.6291080083791134
v -0.0384999997913837 -0.0095980763435364 -0.0130000002682209
vn -2.6201349630731539 1.5448432966591883 2.6608240030166410
v -0.0395980775356293 0.0085000004619360 -0.0130000002682209
vn -1.5175849951226454 2.6278876492817509 2.6211809885601789
v -0.0384999997913837 0.0095980763435364 -0.0130000002682209
vn -0.0000000000000050 6.2831853071795853 0.0000000000000001
v -0.0299999993294477 0.0099999997764826 -0.0209999997168779
vn -0.0000000000000037 -6.2831853071795845 0.0000000000000000
v -0.0299999993294477 -0.0099999997764826 -0.0209999997168779
vn -0.0000000000000151 6.2831853071795871 0.0000000000000000
v -0.0299999993294477 0.0099999997764826 -0.0160000007599592
vn -0.0000000000000093 -6.2831853071795862 0.0000000000000000
v -0.0299999993294477 -0.0099999997764826 -0.0160000007599592
vn 0.0000000000000000 -6.2831853071795862 0.0000000000000000
v -0.0199999995529652 -0.0099999997764826 -0.0299999993294477
vn 0.0000000000000000 0.0000000000000000 0.0000000000000000
v -0.0199999995529652 -0.0081249997019768 -0.0299999993294477
vn 0.0000000000000002 0.0000000000000000 -3.1415926535897900
v -0.0199999995529652 -0.0000000000000000 -0.0299999993294477
vn -0.0000000000000003 0.0000000000000000 0.0000000000000000
v -0.0199999995529652 0.0049999998882413 -0.0299999993294477
vn 0.0000000000000000 6.2831853071795880 0.0000000000000000
v -0.0199999995529652 0.0099999997764826 -0.0299999993294477
vn 0.0000000000000000 -6.2831853071795862 -0.0000000000000001
v 0.0876249969005585 -0.0099999997764826 -0.0299999993294477
vn 0.0000000000000000 -6.2831853071795862 0.0000000000000000
v 0.0900000035762787 -0.0099999997764826 -0.0299999993294477
vn 0.0000000000000000 0.0000000000000000 -0.0000000000000001
v 0.0900000035762787 -0.0081249997019768 -0.0299999993294477
vn 0.0000000000000000 6.2831853071795827 0.0000000000000021
v 0.0595000013709068 0.0099999997764826 -0.0299999993294477
vn 0.0000000000000000 6.2831853071795880 -0.0000000000000004
v 0.0876249969005585 0.0099999997764826 -0.0299999993294477
vn 0.0000000000000000 0.0000000000000000 6.2831853071795978
v 0.0595000013709068 -0.0000000000000000 -0.0299999993294477
vn 0.0000000000000000 0.0000000000000000 0.0000000000000029
v 0.0595000013709068 0.0049999998882413 -0.0299999993294477
vn 0.0000000000000000 0.0000000000000000 0.0000000000000000
v 0.0876249969005585 0.0049999998882413 -0.0299999993294477
vn 0.0000000000000000 0.0000000000000000 6.2831853071795871
v 0.0876249969005585 -0.0000000000000000 -0.0299999993294477
vn 0.0000000000000000 6.2831853071795782 0.0000000000000260
v 0.0104999998584390 0.0099999997764826 -0.0299999993294477
vn 0.0000000000000000 0.0000000000000000 0.0000000000000000
v 0.0104999998584390 0.0049999998882413 -0.0299999993294477
vn 0.0000000000000000 0.0000000000000000 6.2831853071796253
v 0.0104999998584390 -0.0000000000000000 -0.0299999993294477
vn 0.0000000000000000 0.0000000000000000 3.1415926535897980
v -0.0199999995529652 -0.0000000000000000 -0.0299999993294477
vn 0.0000000000000000 0.0000000000000000 -0.0000000000000053
v 0.0104999998584390 -0.0081249997019768 -0.0299999993294477
vn 0.0000000000000000 0.0000000000000000 0.0000000000000002
v 0.0876249969005585 -0.0081249997019768 -0.0299999993294477
vn 0.0000000000000000 -6.2831853071795756 -0.0000000000000000
v 0.0595000013709068 -0.0099999997764826 -0.0299999993294477
vn 0.0000000000000000 0.0000000000000000 0.0000000000000047
v 0.0595000013709068 -0.0081249997019768 -0.0299999993294477
vn 0.0000000000000000 -6.2831853071795862 -0.0000000000000001
v 0.0104999998584390 -0.0099999997764826 -0.0299999993294477
vn 0.0000000000000000 0.0000000000000000 3.1415926535897931
v 0.0900000035762787 -0.0000000000000000 -0.0299999993294477
vn -0.0000000000000001 0.0000000000000000 -0.0000000000000002
v 0.0900000035762787 0.0049999998882413 -0.0299999993294477
vn 0.0000000000000000 6.2831853071795862 -0.0000000000000002
v 0.0900000035762787 0.0099999997764826 -0.0299999993294477
vn -0.0000000000000003 -6.2831853071795871 0.0000000000000004
v 0.1000000014901161 -0.0099999997764826 -0.0260000005364418
vn 0.0000000000000004 6.2831853071795871 -0.0000000000000001
v 0.1000000014901161 0.0099999997764826 -0.0260000005364418
vn 0.0000000000000001 0.0000000000000000 -3.1415926535897931
v 0.0900000035762787 -0.0000000000000000 -0.0299999993294477
vn -0.0000000000000095 -6.2831853071795871 0.0000000000000000
v 0.1000000014901161 -0.0099999997764826 -0.0209999997168779
vn 0.0000000000000089 6.2831853071795862 0.0000000000000000
v 0.1000000014901161 0.0099999997764826 -0.0209999997168779
vn 0.4061026440539900 3.0881892966418012 2.8805238867880494
v 0.1070000007748604 0.0099999997764826 -0.0179999992251396
vn 0.0000000000000000 6.2831853071795871 -0.0000000000000002
v 0.1030000001192093 0.0099999997764826 -0.0179999992251396
vn 0.4065527850426307 -3.0880688577682935 2.8797927519139601
v 0.1070000007748604 -0.0099999997764826 -0.0179999992251396
vn 0.0000000000000000 -6.2831853071795862 -0.0000000000000002
v 0.1030000001192093 -0.0099999997764826 -0.0179999992251396
vn 2.6322856041736156 1.5154108533370878 2.6461278800270187
v 0.1095980778336525 0.0085000004619360 -0.0179999992251396
vn 1.5125684462741449 2.6331693948208015 2.6334388546748735
v 0.1084999963641167 0.0095980763435364 -0.0179999992251396
vn 2.6205961052454407 -1.5433147733947477 2.6590325638731911
v 0.1095980778336525 -0.0085000004619360 -0.0179999992251396
vn 1.5176521746256704 -2.6278431118559871 2.6213187675531162
v 0.1084999963641167 -0.0095980763435364 -0.0179999992251396
vn 3.3909934933322186 1.7320243438661904 2.1753686659482239
v 0.1099999994039536 -0.0070000002160668 -0.0252360682934523
vn 5.2652042696010994 -0.4761148599835439 -2.1173258993620356
v 0.1099999994039536 -0.0070000002160668 -0.0260000005364418
vn 3.5064574221242886 1.3277385460507873 2.7895997402197006
v 0.1099999994039536 -0.0065000001341105 -0.0255980771034956
vn 4.2131574095252189 -0.1715019009161725 -4.5034400883519448
v 0.1069994643330574 -0.0070000002160668 -0.0291193276643753
vn 4.0178663941297676 -0.5616675979166880 -4.7160764101998343
v 0.1068331301212311 -0.0070000002160668 -0.0292682964354753
vn 4.3084368559039419 0.6079795334145982 -4.4645408076295352
v 0.1069994643330574 0.0070000002160668 -0.0291193276643753
vn 0.7682720762359180 -0.0001455768488408 -6.0818588343443700
v 0.0909764766693115 -0.0070000002160668 -0.0366708226501942
vn -2.8317906296712776 -0.4481259191442248 -3.3629095890193712
v 0.0869909375905991 -0.0047656344249845 -0.0369960628449917
vn -2.7639094255894787 -1.0458183276460888 -3.3904849051281967
v 0.0867510959506035 -0.0038031511940062 -0.0369989685714245
vn 1.0621116332621974 0.5495081199178331 -6.1072151506569146
v 0.0910383164882660 0.0070000002160668 -0.0366616137325764
vn -2.5522756850973014 1.3031734427929633 -3.2968138177103219
v 0.0865981504321098 -0.0065000313334167 -0.0369998440146446
vn -2.7559108391252147 0.7384492884736271 -3.4096796761385573
v 0.0869038552045822 -0.0057535450905561 -0.0369973331689835
vn 1.0565752360071297 -0.5506205399559304 -6.1078663297220315
v 0.0910383164882660 -0.0070000002160668 -0.0366616137325764
vn -2.8597821855354475 0.1336418876894679 -3.2956473260141608
v 0.0869999974966049 -0.0050000008195639 -0.0369959138333797
vn -2.7196230530375840 -1.5345968430329386 -3.2294627548293633
v 0.0865981429815292 -0.0034999630879611 -0.0369998440146446
vn -2.5637987038819023 1.4044783134749630 -3.2998316235913214
v 0.0865981504321098 0.0034999686758965 -0.0369998440146446
vn 0.7657592444546901 0.2125179761487944 -6.1221883337674194
v 0.0909764766693115 0.0070000002160668 -0.0366708226501942
vn -2.8290740170425090 -0.4309080292296222 -3.3625656223815463
v 0.0869909375905991 0.0052343658171594 -0.0369960628449917
vn -2.8491144125465313 0.1213277146195068 -3.2946710675236583
v 0.0869999974966049 0.0049999989569187 -0.0369959138333797
vn -2.6633478212712438 0.6832659915557069 -3.3992270212612792
v 0.0869038552045822 0.0042464546859264 -0.0369973331689835
vn -2.5275278058924657 -1.4711363902409604 -3.2217727595623931
v 0.0865981429815292 0.0065000369213521 -0.0369998440146446
vn -2.6853230924824070 -0.9874206064101698 -3.3842255381428266
v 0.0867510959506035 0.0061968490481377 -0.0369989685714245
vn 1.6498025842039838 -0.6083801033500601 -5.9737481518210336
v 0.0953566506505013 -0.0070000002160668 -0.0356903672218323
vn 1.6498025842039838 0.6083801033500601 -5.9737481518210336
v 0.0953566506505013 0.0070000002160668 -0.0356903672218323
vn 2.1561378447451856 -0.7298593430260826 -5.7874956437352374
v 0.0967480689287186 -0.0070000002160668 -0.0352330543100834
vn 2.1916520237858079 0.8170147876742369 -5.7473680706770303
v 0.0967480689287186 0.0070000002160668 -0.0352330543100834
vn 2.6621454120967809 -0.6330791704523940 -5.5888693379762957
v 0.0995462909340858 -0.0070000002160668 -0.0340797342360020
vn 2.6046664948721516 0.6306443918532154 -5.6166657878099260
v 0.0995462909340858 0.0070000002160668 -0.0340797342360020
vn 3.0168281502006615 -0.8436558415323684 -5.3512644685809567
v 0.1020787358283997 -0.0070000002160668 -0.0327378511428833
vn 3.0784228967019480 0.7377744081695972 -5.3518143509017566
v 0.1020787358283997 0.0070000002160668 -0.0327378511428833
vn 3.5439634792622972 -0.6084159675331202 -5.0840665040814361
v 0.1034552603960037 -0.0070000002160668 -0.0318735651671886
vn 3.5439634792622976 0.6084159675331202 -5.0840665040814370
v 0.1034552603960037 0.0070000002160668 -0.0318735651671886
vn 3.9586766408213516 0.6279447153420359 -4.7725274067519452
v 0.1068331301212311 0.0070000002160668 -0.0292682964354753
vn -0.0791139827746686 6.2806176169411092 0.0784816443870888
v -0.0370000004768372 0.0099999997764826 -0.0204116869717836
vn -0.5499076199837447 6.2176863460008978 -0.3222612088669289
v -0.0358329564332962 0.0099999997764826 -0.0227715577930212
vn -0.3629802977042724 6.2167454409895866 -0.5290387417174871
v -0.0290924012660980 0.0099999997764826 -0.0300954338163137
vn -0.4381211488224394 6.2167452881225636 -0.4687082986933692
v -0.0316991470754147 0.0099999997764826 -0.0280024521052837
vn 0.4195804066190275 6.2179910182372371 -0.4779584617612804
v 0.1049898639321327 0.0099999997764826 -0.0268918853253126
vn 0.0000000000000002 6.2831853071795862 -0.0000000000000001
v 0.1004019230604172 0.0099999997764826 -0.0195000004023314
vn -0.0960912647632017 6.2167452961204726 -0.6343532488162085
v -0.0198335647583008 0.0099999997764826 -0.0337489508092403
vn -0.1900148305766161 6.2167455106114016 -0.6128055362384361
v -0.0230919308960438 0.0099999997764826 -0.0330014601349831
vn -0.5033782516705723 6.2167453122791763 -0.3978037374106779
v -0.0339630208909512 0.0099999997764826 -0.0255426634103060
vn 0.0070435030308927 6.2831749923588669 -0.0029987158353983
v 0.1070000007748604 0.0099999997764826 -0.0248811114579439
vn 0.0000000000000000 6.2831853071795862 0.0000000000000000
v 0.1014999970793724 0.0099999997764826 -0.0184019245207310
vn -0.0000000000000001 6.2831853071795862 0.0000000000000000
v -0.0315000005066395 0.0099999997764826 -0.0134019237011671
vn 0.0000000000000000 6.2831853071795871 0.0000000000000000
v -0.0304019246250391 0.0099999997764826 -0.0144999995827675
vn -0.2796517849248391 6.2167454382999807 -0.5774353516748378
v -0.0262015927582979 0.0099999997764826 -0.0317743942141533
vn -0.0686445658556595 6.2257334892206639 -0.5938383985513884
v 0.0555859804153442 0.0099999997764826 -0.0327836945652962
vn -0.0306226937214937 6.2247166875796749 -0.6023900633713019
v 0.0453062802553177 0.0099999997764826 -0.0319989919662476
vn 0.0000000411524926 6.2247165257851123 -0.6031687458932429
v 0.0350000001490116 0.0099999997764826 -0.0317372009158134
vn 0.0306226760031393 6.2247166971743937 -0.6023900141279704
v 0.0246937181800604 0.0099999997764826 -0.0319989919662476
vn 0.3551017750486140 6.2168966060312147 -0.5335523780702993
v 0.1017931029200554 0.0099999997764826 -0.0293761193752289
vn 0.2732351692485817 6.2168964163937854 -0.5797577998575313
v 0.0982673391699791 0.0099999997764826 -0.0313660129904747
vn 0.1854885632703425 6.2168967628436924 -0.6134887443534730
v 0.0944884195923805 0.0099999997764826 -0.0328187532722950
vn 0.0937531015605308 6.2168965512465011 -0.6340237377453163
v 0.0905376374721527 0.0099999997764826 -0.0337030924856663
vn 0.0239628160395990 6.2199078713888332 -0.6266577281312511
v 0.0864999964833260 0.0099999997764826 -0.0340000018477440
vn -0.0009536758365223 6.2831478224941133 -0.0152988730220507
v 0.0652254298329353 0.0099999997764826 -0.0340000018477440
vn 0.0686445204301732 6.2257334807052924 -0.5938384477213373
v 0.0144140189513564 0.0099999997764826 -0.0327836945652962
vn -0.0156580142746882 6.2830024327185514 -0.0270114885439740
v 0.0047745667397976 0.0099999997764826 -0.0340000018477440
vn -0.0241590939441371 6.2197828464574201 -0.6272423193655632
v -0.0164999999105930 0.0099999997764826 -0.0340000018477440
vn 0.4195804411683491 -6.2179910357416812 -0.4779583237639278
v 0.1049898639321327 -0.0099999997764826 -0.0268918853253126
vn 0.0993652947985696 -6.2796874033502057 0.0889642164592997
v 0.1070000007748604 -0.0099999997764826 -0.0248811114579439
vn 0.3551016968079296 -6.2168966441476741 -0.5335522226729048
v 0.1017931029200554 -0.0099999997764826 -0.0293761193752289
vn -0.0584046831156941 -6.2782049245537959 -0.1454004269018887
v -0.0370000004768372 -0.0099999997764826 -0.0204116869717836
vn -0.5519903061159492 -6.2174226972998614 -0.3210495150294407
v -0.0358329564332962 -0.0099999997764826 -0.0227715577930212
vn 0.0000000000000002 -6.2831853071795880 0.0000000000000000
v 0.1004019230604172 -0.0099999997764826 -0.0195000004023314
vn 0.0000000000000000 -6.2831853071795862 0.0000000000000000
v 0.1014999970793724 -0.0099999997764826 -0.0184019245207310
vn -0.4381211911134469 -6.2167452986116398 -0.4687081940726162
v -0.0316991470754147 -0.0099999997764826 -0.0280024521052837
vn -0.5033782577615861 -6.2167453087528211 -0.3978037554861929
v -0.0339630208909512 -0.0099999997764826 -0.0255426634103060
vn 0.0000000000000001 -6.2831853071795862 0.0000000000000000
v -0.0315000005066395 -0.0099999997764826 -0.0134019237011671
vn 0.0000000000000000 -6.2831853071795862 0.0000000000000000
v -0.0304019246250391 -0.0099999997764826 -0.0144999995827675
vn 0.1854888733968447 -6.2168967552494161 -0.6134886865365632
v 0.0944884195923805 -0.0099999997764826 -0.0328187532722950
vn 0.2732348908704739 -6.2168964099678252 -0.5797579632439618
v 0.0982673391699791 -0.0099999997764826 -0.0313660129904747
vn -0.0306226772569659 -6.2247166970052810 -0.6023900149540256
v 0.0453062802553177 -0.0099999997764826 -0.0319989919662476
vn -0.0000000438839877 -6.2247165257860635 -0.6031687458882733
v 0.0350000001490116 -0.0099999997764826 -0.0317372009158134
vn 0.0306226942810013 -6.2247166880003881 -0.6023900611383073
v 0.0246937181800604 -0.0099999997764826 -0.0319989919662476
vn 0.0686445488104446 -6.2257334771706789 -0.5938384633706110
v 0.0144140189513564 -0.0099999997764826 -0.0327836945652962
vn -0.1900146509664314 -6.2167454943903317 -0.6128056689206769
v -0.0230919308960438 -0.0099999997764826 -0.0330014601349831
vn -0.2796518213219789 -6.2167454456110072 -0.5774352972219223
v -0.0262015927582979 -0.0099999997764826 -0.0317743942141533
vn -0.3629801918368618 -6.2167454533842630 -0.5290387462109246
v -0.0290924012660980 -0.0099999997764826 -0.0300954338163137
vn -0.0960914349352885 -6.2167452714067037 -0.6343533363529740
v -0.0198335647583008 -0.0099999997764826 -0.0337489508092403
vn -0.0245568490911666 -6.2198322377208584 -0.6269937543164168
v -0.0164999999105930 -0.0099999997764826 -0.0340000018477440
vn 0.0009535828995078 -6.2831478231020110 -0.0152987543143345
v 0.0047745667397976 -0.0099999997764826 -0.0340000018477440
vn -0.0686445354628938 -6.2257334930059196 -0.5938383817924102
v 0.0555859804153442 -0.0099999997764826 -0.0327836945652962
vn 0.0156566731658922 -6.2830024576415155 -0.0270093280510036
v 0.0652254298329353 -0.0099999997764826 -0.0340000018477440
vn 0.0235650708204908 -6.2198584786201989 -0.6269063000065882
v 0.0864999964833260 -0.0099999997764826 -0.0340000018477440
vn 0.0937529531013825 -6.2168965697247431 -0.6340236750581648
v 0.0905376374721527 -0.0099999997764826 -0.0337030924856663
vn -2.6179941127998263 3.0345455752441284 -0.0000004710231975
v -0.0370000004768372 0.0020000000949949 -0.0177999995648861
vn -2.6179941278426475 2.6279936945681648 -1.5172725617569729
v -0.0370000004768372 0.0024019237607718 -0.0163000002503395
vn -2.6179934813397914 1.5172726952888849 -2.6279933139753875
v -0.0370000004768372 0.0035000001080334 -0.0152019234374166
vn -2.6179943248350979 0.0000001177557777 -3.0345456614474728
v -0.0370000004768372 0.0049999998882413 -0.0148000000044703
vn -2.6625434741712657 -1.4941033131145960 -2.6501876933604014
v -0.0370000004768372 0.0065000001341105 -0.0152019234374166
vn -2.7057880021338905 -2.6400598086903488 -1.5280317863295081
v -0.0370000004768372 0.0075980760157108 -0.0163000002503395
vn -2.6645820283055333 -3.0428158019378557 0.0338649986977793
v -0.0370000004768372 0.0080000003799796 -0.0177999995648861
vn -2.6758969117818645 -2.6485075668385183 1.4987316980568548
v -0.0370000004768372 0.0075980760157108 -0.0193000007420778
vn -2.6625437799002243 -1.4941028953534223 2.6501880970590816
v -0.0370000004768372 0.0065000001341105 -0.0203980766236782
vn -2.6179943248350974 0.0000001177557777 3.0345456614474724
v -0.0370000004768372 0.0049999998882413 -0.0208000000566244
vn -2.6179939054098376 1.5172722242654915 2.6279937849987807
v -0.0370000004768372 0.0035000001080334 -0.0203980766236782
vn -2.6179933933319202 2.6279933497549974 1.5172725617571685
v -0.0370000004768372 0.0024019237607718 -0.0193000007420778
vn -3.2984625319651242 -1.8287576840060340 0.7334018521420060
v -0.0398626327514648 0.0078974012285471 -0.0185778588056564
vn -3.1932486772114390 -1.7874622456741942 0.0668674394196725
v -0.0398284271359444 0.0080000003799796 -0.0177999995648861
vn -3.2068707976138149 -1.8589164000367044 -0.8084714436248992
v -0.0398626588284969 0.0078973239287734 -0.0170218534767628
vn -3.2929609792887096 -1.7412051257040422 -1.5341101957356089
v -0.0399397797882557 0.0075980760157108 -0.0163000002503395
vn -3.2762588952795326 -1.6924779808146941 1.5176335186264414
v -0.0399397797882557 0.0075980760157108 -0.0193000007420778
vn -2.6645821165626495 3.0428158086043497 -0.0338660196052092
v -0.0370000004768372 -0.0080000003799796 -0.0177999995648861
vn -2.6758977756840734 2.6485079554899942 -1.4987316288047339
v -0.0370000004768372 -0.0075980760157108 -0.0163000002503395
vn -2.6625434741712657 1.4941033131145958 -2.6501876933604018
v -0.0370000004768372 -0.0065000001341105 -0.0152019234374166
vn -2.6179943248350983 -0.0000001177557777 -3.0345456614474724
v -0.0370000004768372 -0.0049999998882413 -0.0148000000044703
vn -2.6179934813397914 -1.5172726952888846 -2.6279933139753875
v -0.0370000004768372 -0.0035000001080334 -0.0152019234374166
vn -2.6179941278426480 -2.6279936945681648 -1.5172725617569731
v -0.0370000004768372 -0.0024019237607718 -0.0163000002503395
vn -2.6179941127998259 -3.0345455752441284 -0.0000004710231976
v -0.0370000004768372 -0.0020000000949949 -0.0177999995648861
vn -2.6179933933319193 -2.6279933497549974 1.5172725617571685
v -0.0370000004768372 -0.0024019237607718 -0.0193000007420778
vn -2.6179939054098376 -1.5172722242654915 2.6279937849987807
v -0.0370000004768372 -0.0035000001080334 -0.0203980766236782
vn -2.6179943248350974 -0.0000001177557777 3.0345456614474728
v -0.0370000004768372 -0.0049999998882413 -0.0208000000566244
vn -2.6625437799002238 1.4941028953534223 2.6501880970590821
v -0.0370000004768372 -0.0065000001341105 -0.0203980766236782
vn -2.7057872755266574 2.6400594033723865 1.5280319370708846
v -0.0370000004768372 -0.0075980760157108 -0.0193000007420778
vn -3.3123631626481038 1.8632619782874098 -0.7448418730534527
v -0.0398626327514648 -0.0078974012285471 -0.0170221403241158
vn -3.1932484946270345 1.7874622936218867 -0.0687738078392716
v -0.0398284271359444 -0.0080000003799796 -0.0177999995648861
vn -3.1929719380344879 1.8244119667202860 0.7970274781670711
v -0.0398626588284969 -0.0078973239287734 -0.0185781475156546
vn -3.2760412215881729 1.6885962284484672 1.5321296068289350
v -0.0399397797882557 -0.0075980760157108 -0.0193000007420778
vn -3.2927069038515286 1.7493350076582139 -1.4936853947395785
v -0.0399397797882557 -0.0075980760157108 -0.0163000002503395
vn 2.7057885771768233 -2.6400603129633220 1.5280312871918968
v 0.1070000007748604 0.0075980760157108 -0.0244999993592501
vn 2.6645817666807918 -3.0428156852296366 -0.0338655119200821
v 0.1070000007748604 0.0080000003799796 -0.0230000000447035
vn 2.6758983018122935 -2.6485084726432024 -1.4987310883461558
v 0.1070000007748604 0.0075980760157108 -0.0215000007301569
vn 2.6625431684425602 -1.4941037308752652 -2.6501872896619028
v 0.1070000007748604 0.0065000001341105 -0.0204019229859114
vn 2.6179943248350974 0.0000001177557777 -3.0345456614474724
v 0.1070000007748604 0.0049999998882413 -0.0199999995529652
vn 2.6179930572701045 1.5172731663116787 -2.6279928429521942
v 0.1070000007748604 0.0035000001080334 -0.0204019229859114
vn 2.6179945519123344 2.6279941655909584 -1.5172720907337796
v 0.1070000007748604 0.0024019237607718 -0.0215000007301569
vn 2.6179938023591451 3.0345454490339021 0.0000000000000000
v 0.1070000007748604 0.0020000000949949 -0.0230000000447035
vn 2.6179945519123344 2.6279941655909589 1.5172720907337796
v 0.1070000007748604 0.0024019237607718 -0.0244999993592501
vn 2.6179930572701045 1.5172731663116787 2.6279928429521942
v 0.1070000007748604 0.0035000001080334 -0.0255980771034956
vn 2.6179943248350974 0.0000001177557777 3.0345456614474728
v 0.1070000007748604 0.0049999998882413 -0.0260000005364418
vn 2.6625431684425598 -1.4941037308752654 2.6501872896619028
v 0.1070000007748604 0.0065000001341105 -0.0255980771034956
vn 3.3136322867603702 -1.8664882687383353 -0.7457393372543064
v 0.1098626330494881 0.0078974012285471 -0.0222221408039331
vn 3.1930652657949623 -1.7870664659965589 -0.0691456989872015
v 0.1098284274339676 0.0080000003799796 -0.0230000000447035
vn 3.1898157013828383 -1.8167925049642846 0.7939081284929063
v 0.1098626554012299 0.0078973239287734 -0.0237781461328268
vn 3.2718894122458231 -1.6764017478292081 1.5311367178038571
v 0.1099397763609886 0.0075980760157108 -0.0244999993592501
vn 3.2942893423682760 -1.7537803835670809 -1.4981462349786119
v 0.1099397763609886 0.0075980760157108 -0.0215000007301569
vn 2.6179945519123344 -2.6279941655909584 1.5172720907337796
v 0.1070000007748604 -0.0024019237607718 -0.0244999993592501
vn 2.6179938023591451 -3.0345454490339021 0.0000000000000000
v 0.1070000007748604 -0.0020000000949949 -0.0230000000447035
vn 2.6179945519123344 -2.6279941655909589 -1.5172720907337796
v 0.1070000007748604 -0.0024019237607718 -0.0215000007301569
vn 2.6179930572701045 -1.5172731663116787 -2.6279928429521942
v 0.1070000007748604 -0.0035000001080334 -0.0204019229859114
vn 2.6179943248350974 -0.0000001177557777 -3.0345456614474728
v 0.1070000007748604 -0.0049999998882413 -0.0199999995529652
vn 2.6625431684425598 1.4941037308752654 -2.6501872896619028
v 0.1070000007748604 -0.0065000001341105 -0.0204019229859114
vn 2.7057885771768233 2.6400603129633220 -1.5280312871918968
v 0.1070000007748604 -0.0075980760157108 -0.0215000007301569
vn 2.6645817666807918 3.0428156852296366 0.0338655119200821
v 0.1070000007748604 -0.0080000003799796 -0.0230000000447035
vn 2.6758983018122935 2.6485084726432024 1.4987310883461558
v 0.1070000007748604 -0.0075980760157108 -0.0244999993592501
vn 2.6625431684425602 1.4941037308752652 2.6501872896619028
v 0.1070000007748604 -0.0065000001341105 -0.0255980771034956
vn 2.6179943248350974 -0.0000001177557777 3.0345456614474724
v 0.1070000007748604 -0.0049999998882413 -0.0260000005364418
vn 2.6179930572701045 -1.5172731663116787 2.6279928429521942
v 0.1070000007748604 -0.0035000001080334 -0.0255980771034956
vn 3.2952919557595530 1.8210994185223615 0.7302873273203339
v 0.1098626330494881 -0.0078974012285471 -0.0237778592854738
vn 3.1930652828985697 1.7870664831478080 0.0664977578355176
v 0.1098284274339676 -0.0080000003799796 -0.0230000000447035
vn 3.2081600874143366 1.8621943933745035 -0.8093670941325001
v 0.1098626554012299 -0.0078973239287734 -0.0222218539565802
vn 3.2944572687082356 1.7458918838935686 -1.5369264544682264
v 0.1099397763609886 -0.0075980760157108 -0.0215000007301569
vn 3.2721003100791708 1.6800535707298714 1.5179869683360263
v 0.1099397763609886 -0.0075980760157108 -0.0244999993592501
vn 2.6406664605596344 -1.5268517058718754 -2.7092702174249177
v -0.0165980756282806 0.0065000001341105 -0.0340000018477440
vn 1.5280320579399356 -2.6400595656771477 -2.7057880671230667
v -0.0154999997466803 0.0075980760157108 -0.0340000018477440
vn 3.0481676331448564 0.0114733987104909 -2.6964522534650746
v -0.0170000009238720 0.0049999998882413 -0.0340000018477440
vn 2.6316617002480105 1.5290347848801416 -2.6728583775535366
v -0.0165980756282806 0.0035000001080334 -0.0340000018477440
vn 1.5077854919791709 2.6373373575538497 -2.6342061639850209
v -0.0154999997466803 0.0024019237607718 -0.0340000018477440
vn -0.7650509931486928 -1.9530389223665958 -3.3459811065551968
v -0.0132221402600408 0.0078974012285471 -0.0368626341223717
vn -1.4987314016727842 -2.6485080164613759 -2.6758976479530276
v -0.0125000001862645 0.0075980760157108 -0.0340000018477440
vn -0.0706984143795699 -1.7875783255210331 -3.1933057369547910
v -0.0140000004321337 0.0080000003799796 -0.0368284285068512
vn -0.0338652764080249 -3.0428157483350020 -2.6645819219014562
v -0.0140000004321337 0.0080000003799796 -0.0340000018477440
vn 0.7891967367838107 -1.8072263954023031 -3.1857928324217615
v -0.0147781465202570 0.0078973239287734 -0.0368626564741135
vn 1.4922773791817112 -1.6632047493778608 -3.2654002230233603
v -0.0154999997466803 0.0075980760157108 -0.0369397811591625
vn -1.5773757958540731 -1.8390273260413885 -3.3217602010982428
v -0.0125000001862645 0.0075980760157108 -0.0369397811591625
vn -2.6501876933604018 -1.4941033131145958 -2.6625434741712652
v -0.0114019233733416 0.0065000001341105 -0.0340000018477440
vn -3.0345456614474724 0.0000001177557777 -2.6179943248350974
v -0.0109999999403954 0.0049999998882413 -0.0340000018477440
vn -2.6279933139753875 1.5172726952888846 -2.6179934813397909
v -0.0114019233733416 0.0035000001080334 -0.0340000018477440
vn -1.5172723262452428 2.6279937576733325 -2.6179939726222172
v -0.0125000001862645 0.0024019237607718 -0.0340000018477440
vn 0.0000002355117303 3.0345455121390703 -2.6179939575795754
v -0.0140000004321337 0.0020000000949949 -0.0340000018477440
vn -2.6409306017911565 1.5260131653314750 -2.7080812187551131
v 0.0865980759263039 -0.0065000001341105 -0.0340000018477440
vn -1.5280323491206562 2.6400585700699546 -2.7057855905650534
v 0.0855000019073486 -0.0075980760157108 -0.0340000018477440
vn -3.0480344203314940 -0.0103865746702023 -2.6954672831050690
v 0.0869999974966049 -0.0049999998882413 -0.0340000018477440
vn -2.6315881342676968 -1.5292793864996104 -2.6732001887842110
v 0.0865980759263039 -0.0035000001080334 -0.0340000018477440
vn -1.5077861221930533 -2.6373360722542714 -2.6342036495369516
v 0.0855000019073486 -0.0024019237607718 -0.0340000018477440
vn 0.7736230983946150 2.0016676979086632 -3.3628088840493842
v 0.0832221433520317 -0.0078974012285471 -0.0368626341223717
vn 1.4987298350445268 2.6485102973623258 -2.6759009172460928
v 0.0825000032782555 -0.0075980760157108 -0.0340000018477440
vn 0.0681601137871068 1.9770909751763703 -3.2732290156309136
v 0.0839999988675117 -0.0080000003799796 -0.0368284285068512
vn 0.0338672401268433 3.0428156286639010 -2.6645815459548081
v 0.0839999988675117 -0.0080000003799796 -0.0340000018477440
vn -0.8272667869366142 1.9639040547619424 -3.2457933903541369
v 0.0847781449556351 -0.0078973239287734 -0.0368626564741135
vn -1.5094075402761051 1.8007658573126548 -3.3087114951974153
v 0.0855000019073486 -0.0075980760157108 -0.0369397811591625
vn 1.5879998639465265 1.8676714111817876 -3.3294162622879839
v 0.0825000032782555 -0.0075980760157108 -0.0369397811591625
vn 2.6501861458918241 1.4941036440285529 -2.6625407869488904
v 0.0814019218087196 -0.0065000001341105 -0.0340000018477440
vn 3.0345466034919508 -0.0000001177553416 -2.6179966419981859
v 0.0810000002384186 -0.0049999998882413 -0.0340000018477440
vn 2.6279914298837879 -1.5172732925120724 -2.6179902024132558
v 0.0814019218087196 -0.0035000001080334 -0.0340000018477440
vn 1.5172711486925550 -2.6279957972543735 -2.6179968690710038
v 0.0825000032782555 -0.0024019237607718 -0.0340000018477440
vn 0.0000018840948948 -3.0345454490321475 -2.6179938023562679
v 0.0839999988675117 -0.0020000000949949 -0.0340000018477440
vn -3.0480344273947853 -0.0103863473773539 -2.6954673274738634
v 0.0869999974966049 0.0049999998882413 -0.0340000018477440
vn -2.6286104519173863 1.5391156932297658 -2.6840718707974842
v 0.0865980759263039 0.0035000001080334 -0.0340000018477440
vn -2.6439082746727012 -1.5161768860026477 -2.6972095833061465
v 0.0865980759263039 0.0065000001341105 -0.0340000018477440
vn -1.4987323416555975 -2.6485066479109824 -2.6758956863732726
v 0.0855000019073486 0.0075980760157108 -0.0340000018477440
vn -1.4909648726990978 -1.8050264826240188 -3.3084026809712466
v 0.0855000019073486 0.0075980760157108 -0.0369397811591625
vn 1.5280302252715336 -2.6400620558429995 -2.7057915637848811
v 0.0825000032782555 0.0075980760157108 -0.0340000018477440
vn 0.8372624348788114 -1.9973804307491867 -3.2573380914121994
v 0.0832218527793884 0.0078973239287734 -0.0368626564741135
vn -0.0338637837139824 -3.0428157417922863 -2.6645819874020336
v 0.0839999988675117 0.0080000003799796 -0.0340000018477440
vn -0.0674808437316039 -1.9770912701890793 -3.2732279769346690
v 0.0839999988675117 0.0080000003799796 -0.0368284285068512
vn -0.7636372551467427 -1.9682038252287863 -3.3512738562575866
v 0.0847778618335724 0.0078974012285471 -0.0368626341223717
vn 2.6501861458918241 -1.4941036440285529 -2.6625407869488904
v 0.0814019218087196 0.0065000001341105 -0.0340000018477440
vn 1.5906181714818441 -1.8670580009371220 -3.3293138664356801
v 0.0825000032782555 0.0075980760157108 -0.0369397811591625
vn -1.5077861221930533 2.6373360722542714 -2.6342036495369512
v 0.0855000019073486 0.0024019237607718 -0.0340000018477440
vn 0.0000018840948948 3.0345454490321471 -2.6179938023562679
v 0.0839999988675117 0.0020000000949949 -0.0340000018477440
vn 1.5172711486925550 2.6279957972543735 -2.6179968690710034
v 0.0825000032782555 0.0024019237607718 -0.0340000018477440
vn 2.6279914298837879 1.5172732925120724 -2.6179902024132558
v 0.0814019218087196 0.0035000001080334 -0.0340000018477440
vn 3.0345466034919504 0.0000001177553417 -2.6179966419981850
v 0.0810000002384186 0.0049999998882413 -0.0340000018477440
vn 3.0481676274215781 0.0114731516312015 -2.6964522232440715
v -0.0170000009238720 -0.0049999998882413 -0.0340000018477440
vn 2.6283465374834503 -1.5399539722996636 -2.6852611954756940
v -0.0165980756282806 -0.0035000001080334 -0.0340000018477440
vn 2.6439816320415801 1.5159324875540576 -2.6968673472046447
v -0.0165980756282806 -0.0065000001341105 -0.0340000018477440
vn 1.4987318590941945 2.6485077253570277 -2.6758977917585365
v -0.0154999997466803 -0.0075980760157108 -0.0340000018477440
vn 1.4738359966560262 1.6674635045606658 -3.2650917229791716
v -0.0154999997466803 -0.0075980760157108 -0.0369397811591625
vn -1.5280316327917043 2.6400598517281266 -2.7057879508093472
v -0.0125000001862645 -0.0075980760157108 -0.0340000018477440
vn -0.8286863986658335 1.9487569380548331 -3.2405105333012916
v -0.0132218534126878 -0.0078973239287734 -0.0368626564741135
vn 0.0338657868620738 3.0428157516682610 -2.6645819660300898
v -0.0140000004321337 -0.0080000003799796 -0.0340000018477440
vn 0.0649445336346794 1.7875783297055874 -3.1933057364540227
v -0.0140000004321337 -0.0080000003799796 -0.0368284285068512
vn 0.7255782430941520 1.8115370468042606 -3.2912704437983233
v -0.0147778596729040 -0.0078974012285471 -0.0368626341223717
vn -2.6501876933604014 1.4941033131145960 -2.6625434741712652
v -0.0114019233733416 -0.0065000001341105 -0.0340000018477440
vn -1.5799914400840622 1.8384171205625583 -3.3216604479612633
v -0.0125000001862645 -0.0075980760157108 -0.0369397811591625
vn 1.5077854919791709 -2.6373373575538497 -2.6342061639850218
v -0.0154999997466803 -0.0024019237607718 -0.0340000018477440
vn 0.0000002355117303 -3.0345455121390703 -2.6179939575795754
v -0.0140000004321337 -0.0020000000949949 -0.0340000018477440
vn -1.5172723262452426 -2.6279937576733325 -2.6179939726222168
v -0.0125000001862645 -0.0024019237607718 -0.0340000018477440
vn -2.6279933139753875 -1.5172726952888849 -2.6179934813397914
v -0.0114019233733416 -0.0035000001080334 -0.0340000018477440
vn -3.0345456614474728 -0.0000001177557777 -2.6179943248350974
v -0.0109999999403954 -0.0049999998882413 -0.0340000018477440
vn -0.8482880095679070 -2.1262880773851074 -3.4149494671683605
v 0.0357779860496521 0.0078973677009344 -0.0346013568341732
vn -1.6697702814223927 -1.9976216995540654 -3.3602524955670292
v 0.0364999994635582 0.0075980760157108 -0.0346826016902924
vn -1.4979663444835560 -2.6499473859052438 -2.6816913960958662
v 0.0364999994635582 0.0075980760157108 -0.0320000015199184
vn -2.6419596208072043 -1.5266867764456147 -2.7139941332331818
v 0.0375980772078037 0.0065000001341105 -0.0320000015199184
vn -0.0735684350517277 -1.9678158752988852 -3.2746900333867122
v 0.0350000001490116 0.0080000003799796 -0.0345656275749207
vn -0.0370997031796554 -3.0435394026908984 -2.6682625738353680
v 0.0350000001490116 0.0080000003799796 -0.0320000015199184
vn 0.9176638779829143 -2.1221014497087740 -3.2994490172429605
v 0.0342216901481152 0.0078972801566124 -0.0346013829112053
vn 1.5292417149124593 -2.6408880613124586 -2.7123099348531383
v 0.0335000008344650 0.0075980760157108 -0.0320000015199184
vn 1.6801092278982772 -1.9951652791891843 -3.3597603740156248
v 0.0335000008344650 0.0075980760157108 -0.0346826016902924
vn 2.6419577729482295 -1.5266910829144162 -2.7140223725005650
v 0.0324019230902195 0.0065000001341105 -0.0320000015199184
vn 3.0516383692879767 -0.0000083979334141 -2.7140074900351623
v 0.0320000015199184 0.0049999998882413 -0.0320000015199184
vn 2.6210853118399031 1.5483846319961234 -2.6837966004693077
v 0.0324019230902195 0.0035000001080334 -0.0320000015199184
vn 1.5218821719162638 2.6265273078813047 -2.6358793583531237
v 0.0335000008344650 0.0024019237607718 -0.0320000015199184
vn -1.5259620498339315 2.6428063233218659 -2.7144457604548604
v 0.0364999994635582 0.0024019237607718 -0.0320000015199184
vn 0.0353325102545887 3.0431450716481314 -2.6662829681825606
v 0.0350000001490116 0.0020000000949949 -0.0320000015199184
vn -2.6428778898829401 1.5257294976074554 -2.7141670145610854
v 0.0375980772078037 0.0035000001080334 -0.0320000015199184
vn -3.0516391979407360 -0.0000014117442440 -2.7140275998708714
v 0.0379999987781048 0.0049999998882413 -0.0320000015199184
vn 0.8482879949976891 2.1262880371799238 -3.4149494558491105
v 0.0342220142483711 -0.0078973677009344 -0.0346013568341732
vn 1.6697702676495738 1.9976216688939532 -3.3602524892178005
v 0.0335000008344650 -0.0075980760157108 -0.0346826016902924
vn 1.4979663444835560 2.6499473859052438 -2.6816913960958662
v 0.0335000008344650 -0.0075980760157108 -0.0320000015199184
vn 2.6449022116365795 1.5173442463348494 -2.6985469064656535
v 0.0324019230902195 -0.0065000001341105 -0.0320000015199184
vn 0.0735684350517277 1.9678158752988852 -3.2746900333867122
v 0.0350000001490116 -0.0080000003799796 -0.0345656275749207
vn 0.0370997031796554 3.0435394026908984 -2.6682625738353680
v 0.0350000001490116 -0.0080000003799796 -0.0320000015199184
vn -0.9176638925536040 2.1221014899175410 -3.2994490285620244
v 0.0357783101499081 -0.0078972801566124 -0.0346013829112053
vn -1.5292417149124593 2.6408880613124586 -2.7123099348531379
v 0.0364999994635582 -0.0075980760157108 -0.0320000015199184
vn -1.6801092397740445 1.9951653103418918 -3.3597603804368665
v 0.0364999994635582 -0.0075980760157108 -0.0346826016902924
vn -2.6419600293019068 1.5266858550035189 -2.7139878596799138
v 0.0375980772078037 -0.0065000001341105 -0.0320000015199184
vn -3.0516392069331344 -0.0000016474915676 -2.7140276508462811
v 0.0379999987781048 -0.0049999998882413 -0.0320000015199184
vn -2.6428785406888826 -1.5257291293088362 -2.7141811999929990
v 0.0375980772078037 -0.0035000001080334 -0.0320000015199184
vn -1.4956757921792154 -2.6515574902499415 -2.6840263717980823
v 0.0364999994635582 -0.0024019237607718 -0.0320000015199184
vn 1.5259616315377851 -2.6428059841302054 -2.7144251648263111
v 0.0335000008344650 -0.0024019237607718 -0.0320000015199184
vn -0.0353347330464281 -3.0431453738758831 -2.6662944761267147
v 0.0350000001490116 -0.0020000000949949 -0.0320000015199184
vn 2.6428772386960868 -1.5257320145906572 -2.7142006704784718
v 0.0324019230902195 -0.0035000001080334 -0.0320000015199184
vn 3.0497293654825497 0.0082476227537597 -2.7058197032613078
v 0.0320000015199184 -0.0049999998882413 -0.0320000015199184
vn 0.5302272746167269 6.2226998197631715 -0.2074104476195630
v 0.1070124953985214 0.0099999736994505 -0.0248859114944935
vn 1.5626140684241949 5.8989381661399811 -0.6305720767585323
v 0.1078367978334427 0.0098809320479631 -0.0251999013125896
vn 4.2417693321603238 3.6562252966271194 -1.7793034065954565
v 0.1094082221388817 0.0087889861315489 -0.0257844012230635
vn 3.7812865146546408 4.2744482802993424 -1.5689163758974563
v 0.1091194227337837 0.0091232201084495 -0.0256783086806536
vn 3.2365557562212364 4.9195392345618991 -1.3003703142187883
v 0.1087261140346527 0.0094536766409874 -0.0255328807979822
vn 2.5867441141984862 5.4034834052345211 -1.1052847324249073
v 0.1084984019398689 0.0095989992842078 -0.0254481751471758
vn 4.6811823811259883 2.8535015985617123 -1.8635903302709536
v 0.1095971465110779 0.0085016097873449 -0.0258534904569387
vn 4.9660197954107836 1.6992431761716913 -1.9912598043056362
v 0.1098462045192719 0.0079482188448310 -0.0259441975504160
vn 3.1549022440591008 2.3570004673422984 -4.6692178464707865
v 0.1033287346363068 0.0081480499356985 -0.0316834598779678
vn 2.3751906608404498 2.3385252033340089 -5.1132228866130367
v 0.0994489341974258 0.0081480499356985 -0.0338731631636620
vn 0.8211968709155197 2.3195374450512372 -5.5798879288868779
v 0.0909430757164955 0.0081480499356985 -0.0364449173212051
vn 2.8954042818784655 4.2908951978186316 -3.2675901597968324
v 0.1064108610153198 0.0091213202103972 -0.0284669250249863
vn 3.7751225318510961 2.3290441935648811 -4.1937552898579096
v 0.1068464890122414 0.0081480499356985 -0.0289497729390860
vn 1.5653613194447602 5.6624247298158839 -1.8006022881568082
v 0.1057589054107666 0.0097716385498643 -0.0277442913502455
vn 0.6935463681189562 5.6510552774245939 -2.2938485799966184
v 0.0948206782341003 0.0097716385498643 -0.0339176729321480
vn 1.0216308160612919 5.6510537892358137 -2.1677255331146519
v 0.0987567678093910 0.0097716385498643 -0.0324045084416866
vn 1.2592593989138292 4.2958991684221086 -4.1648917242217376
v 0.0951023548841476 0.0091213202103972 -0.0348492935299873
vn 1.8549497600769831 4.2959043396680219 -3.9358873671707748
v 0.0991716906428337 0.0091213202103972 -0.0332849025726318
vn 1.5993958283311802 2.3524319698420810 -5.4034373364356405
v 0.0952905640006065 0.0081480499356985 -0.0354717783629894
vn 0.0927159674459461 5.6736210489553036 -2.3753932244875680
v 0.0864999964833260 0.0097716385498643 -0.0351480506360531
vn 0.3505437993929844 5.6510544324529590 -2.3706278345601688
v 0.0907055735588074 0.0097716385498643 -0.0348387919366360
vn 0.1673738828839871 4.3270636166866669 -4.3552734370754376
v 0.0864999964833260 0.0091213202103972 -0.0361213199794292
vn 0.6364741156389681 4.2959067920680587 -4.3042918871939468
v 0.0908479467034340 0.0091213202103972 -0.0358015932142735
vn 0.2697654531617112 2.3740259131280763 -5.6590670723846754
v 0.0864999964833260 0.0081480499356985 -0.0367716401815414
vn 2.4107342024353500 4.2959053249926606 -3.6222088075875489
v 0.1029684245586395 0.0091213202103972 -0.0311420802026987
vn 1.3277326177071556 5.6510544026587173 -1.9949643538505595
v 0.1024291813373566 0.0097716385498643 -0.0303318500518799
vn -0.0178812535494782 6.2594565716451500 -0.3981026306787043
v 0.0652233138680458 0.0099998665973544 -0.0340283103287220
vn -0.0779525914831700 6.1044904673327443 -1.3306066615024246
v 0.0651754885911942 0.0099250180646777 -0.0346665345132351
vn -0.3592648223801520 2.7048008346048986 -5.6011211782638055
v 0.0650172233581543 0.0081481039524078 -0.0367716178297997
vn -0.3092635425964714 3.8927382235259782 -4.7787485251580932
v 0.0650493055582047 0.0088700931519270 -0.0363457947969437
vn -0.2193185376567806 5.1089265069446892 -3.5277955182451497
v 0.0651056617498398 0.0095398211851716 -0.0355966538190842
vn -0.1507666115137673 5.7701769705804518 -2.3995798465042601
v 0.0651393681764603 0.0097716702148318 -0.0351479724049568
vn -0.3835296072537198 1.6363142885010271 -5.9855016071450944
v 0.0650127008557320 0.0079909125342965 -0.0368316248059273
vn -5.5618441167714519 1.7806978546743788 -1.2180120443981024
v -0.0398355014622211 0.0079797608777881 -0.0209687128663063
vn -5.1630914730079933 2.9622329598640147 -1.1570188312351746
v -0.0395977646112442 0.0085005369037390 -0.0209233090281487
vn -2.9669678315383234 5.4035908004387441 -0.6558940112982933
v -0.0384996794164181 0.0095982607454062 -0.0207106061279774
vn -3.5600931235719386 4.9269890448581437 -0.7478556336813442
v -0.0386311449110508 0.0095178112387657 -0.0207363367080688
vn -4.4894795563397283 3.9401743958361579 -1.0294057983465277
v -0.0393624864518642 0.0088489614427090 -0.0208781510591507
vn -0.4458660560418087 6.2394375927893497 -0.0327866183149164
v -0.0370172038674355 0.0099999504163861 -0.0204151738435030
vn -1.3270252297574820 6.0654290784687968 -0.2993028739767867
v -0.0377113446593285 0.0099144456908107 -0.0205547381192446
vn -2.2970831305901558 5.7543593032481750 -0.5269251942092529
v -0.0381473079323769 0.0097719468176365 -0.0206412728875875
vn 0.0017313834936879 6.2594184701030793 -0.3888435002980777
v 0.0047766864299774 0.0099998665973544 -0.0340283103287220
vn -0.5926104237620262 2.3597223317185856 -5.6771317325195989
v 0.0553049147129059 0.0081480499356985 -0.0355410464107990
vn -0.4490834708267161 4.3727232642147023 -4.3382155527504160
v 0.0553708598017693 0.0091213202103972 -0.0348940826952457
vn -0.2540019023462900 5.7084151343710401 -2.3316963703280185
v 0.0554695576429367 0.0097716385498643 -0.0339258275926113
vn 0.0779521142911834 6.1044910664713807 -1.3306049470028851
v 0.0048245075158775 0.0099250180646777 -0.0346665345132351
vn 0.2043165396476110 5.4953279425140433 -3.0095803875461780
v 0.0048870700411499 0.0095980949699879 -0.0354999676346779
vn 0.1473894760918931 5.7986898345313129 -2.3456334848706737
v 0.0048606316559017 0.0097716692835093 -0.0351479761302471
vn 0.2533025287725872 5.7081251952496368 -2.3322297413753978
v 0.0145304407924414 0.0097716385498643 -0.0339258275926113
vn 0.3411673465238672 3.0641824800020920 -5.4158817772652545
v 0.0049696955829859 0.0085000861436129 -0.0365980267524719
vn 0.2988872412737163 4.0759500835091433 -4.6719633904360753
v 0.0049506961368024 0.0088700931519270 -0.0363457947969437
vn 0.4551569512574874 4.3772388482949118 -4.3341261853668600
v 0.0146291395649314 0.0091213202103972 -0.0348940826952457
vn 0.2432060152707407 5.0200001956520728 -3.6932977631423967
v 0.0048943362198770 0.0095398211851716 -0.0355966538190842
vn 0.6048593969994310 2.3580456444596574 -5.6779788005125633
v 0.0146950874477625 0.0081480499356985 -0.0355410464107990
vn 0.3657392246835517 1.8212933618425662 -5.9008004352511358
v 0.0049873027019203 0.0079909125342965 -0.0368316248059273
vn 0.2681470709496175 2.3619787370309244 -5.7013942582371540
v 0.0248344335705042 0.0081480499356985 -0.0347670577466488
vn -0.0000094426859655 2.8287547304599121 -5.5704752703321168
v 0.0350000001490116 0.0081480499356985 -0.0345088392496109
vn -0.2796494101597081 2.3538427468852481 -5.7027067928106794
v 0.0451655648648739 0.0081480499356985 -0.0347670577466488
vn 0.2211920645178272 4.3763050917650457 -4.3511420158953724
v 0.0248014181852341 0.0091213202103972 -0.0341175757348537
vn 0.0000000279842972 4.3763046455513033 -4.3567606523979450
v 0.0350000001490116 0.0091213202103972 -0.0338585190474987
vn -0.2211924436465386 4.3763055409394971 -4.3511416720205087
v 0.0451985821127892 0.0091213202103972 -0.0341175757348537
vn 0.1190223792030871 5.7068161086245768 -2.3413245269451397
v 0.0247520040720701 0.0097716385498643 -0.0331455618143082
vn 0.0000000215282104 5.7068159926654971 -2.3443485576078267
v 0.0350000001490116 0.0097716385498643 -0.0328852497041225
vn -0.1190220881609226 5.7068159527146891 -2.3413247489295497
v 0.0452479943633080 0.0097716385498643 -0.0331455618143082
vn -2.4802025935550063 2.3454219135495946 -5.0594652138529570
v -0.0274096764624119 0.0081480499356985 -0.0342688895761967
vn -3.1944005172345342 2.3209113026700661 -4.6457826636397472
v -0.0306604616343975 0.0081480499356985 -0.0323808602988720
vn -4.4363355006134997 2.3495917929402870 -3.4742418520251306
v -0.0361375920474529 0.0081480499356985 -0.0272611584514380
vn -4.8922104710290935 2.3385947945405388 -2.8175211996607983
v -0.0382403805851936 0.0081480499356985 -0.0241449829190969
vn -0.3798609641914656 5.6586076579318068 -2.3554584350259304
v -0.0200055092573166 0.0097716385498643 -0.0348840504884720
vn -2.0488959439352619 5.6618619351675168 -1.2230622672038547
v -0.0368301421403885 0.0097716385498643 -0.0233404487371445
vn -3.7592824480548321 4.2999086244916152 -2.2081110106207502
v -0.0376755185425282 0.0091213202103972 -0.0238227322697639
vn -1.0449118276364096 5.6499694303411072 -2.1575728415326179
v -0.0267019979655743 0.0097716385498643 -0.0328076481819153
vn -0.7099855937464727 5.6499683829517888 -2.2897351929339544
v -0.0234319400042295 0.0097716385498643 -0.0340980067849159
vn -1.8963911200844930 4.2942865815701854 -3.9157404557600368
v -0.0271262209862471 0.0091213202103972 -0.0336835980415344
vn -1.2885393537758310 4.2942875650319703 -4.1555968705369359
v -0.0237201862037182 0.0091213202103972 -0.0350276120007038
vn -0.6895361145882999 4.2990123220353267 -4.3013008141622286
v -0.0201512761414051 0.0091213202103972 -0.0358463414013386
vn -0.0766787581969787 5.8860126944672473 -2.0173823800708979
v -0.0164999999105930 0.0097716385498643 -0.0351480506360531
vn -0.1302516837563716 5.2949721173909721 -3.3063330010263101
v -0.0164999999105930 0.0095980763435364 -0.0355000011622906
vn -0.1682700219917090 4.3829759259792640 -4.4013731445729727
v -0.0164999999105930 0.0091213202103972 -0.0361213199794292
vn -0.1452522675883554 3.2227433779567329 -5.3265840340288726
v -0.0164999999105930 0.0085000004619360 -0.0365980751812458
vn -1.6754394013187173 2.3169217257795074 -5.3841887933730082
v -0.0239127874374390 0.0081480499356985 -0.0356487557291985
vn -0.8507173761044122 2.3205287411009135 -5.5804391143202610
v -0.0202486757189035 0.0081480499356985 -0.0364893265068531
vn -0.0889433597907329 2.1102011597763202 -5.8187416930264941
v -0.0164999999105930 0.0081480499356985 -0.0367716401815414
vn -3.4135325024458512 4.2942897963191076 -2.6976075534193562
v -0.0356273651123047 0.0091213202103972 -0.0268579423427582
vn -1.8808567444526867 5.6499709317795261 -1.4863817908777626
v -0.0348637551069260 0.0097716385498643 -0.0262544881552458
vn -3.8180475272945928 2.3488275432769741 -4.1437853517251728
v -0.0335918068885803 0.0081480499356985 -0.0300272498279810
vn -2.9710103323196546 4.2942863740571751 -3.1784302513000684
v -0.0331477262079716 0.0091213202103972 -0.0295521654188633
vn -1.6370271342851279 5.6499692517892237 -1.7513154132947673
v -0.0324831120669842 0.0097716385498643 -0.0288411509245634
vn -1.3562663546460361 5.6499703888017843 -1.9767386791494912
v -0.0297419130802155 0.0097716385498643 -0.0310420878231525
vn -2.4614633146371885 4.2942884600810531 -3.5875474864790311
v -0.0302925426512957 0.0091213202103972 -0.0318446233868599
vn 4.9788990785873128 -1.6937008078891338 -1.9654761286595235
v 0.1098462045192719 -0.0079482188448310 -0.0259441975504160
vn 4.6738539594770812 -2.8571221392134674 -1.8676794338076743
v 0.1095971465110779 -0.0085016097873449 -0.0258534904569387
vn 2.7454521691826321 -5.3261041668151812 -1.0819253225754009
v 0.1084984019398689 -0.0095989992842078 -0.0254481751471758
vn 3.3565372580745985 -4.7408968520292838 -1.3041603374150581
v 0.1087261140346527 -0.0094536766409874 -0.0255328807979822
vn 4.1233184220636740 -3.7628987718551219 -1.6952860663057447
v 0.1094082221388817 -0.0087889861315489 -0.0257844012230635
vn 0.5023049583677097 -6.2209169050269644 -0.1318583683853445
v 0.1070124953985214 -0.0099999736994505 -0.0248859114944935
vn 1.3736854058833785 -6.0007044477787304 -0.5513398494546853
v 0.1078367978334427 -0.0098809320479631 -0.0251999013125896
vn 2.1495520329929088 -5.7078548737664860 -0.8867535227220280
v 0.1081459522247314 -0.0097725056111813 -0.0253163222223520
vn 0.2720960631265607 -2.3879200412906858 -5.6551789284951788
v 0.0864999964833260 -0.0081480499356985 -0.0367716401815414
vn 1.5644511441933695 -5.6624307128929878 -1.8015262739872515
v 0.1057589054107666 -0.0097716385498643 -0.0277442913502455
vn 2.8818670989702571 -4.2997781082514761 -3.2728487567720919
v 0.1064108610153198 -0.0091213202103972 -0.0284669250249863
vn 3.7621686027114567 -2.3302500602971481 -4.2116745221565450
v 0.1068464890122414 -0.0081480499356985 -0.0289497729390860
vn 0.8211979202541381 -2.3195384155763468 -5.5798871774005763
v 0.0909430757164955 -0.0081480499356985 -0.0364449173212051
vn 1.5898587292434576 -2.3555751638751548 -5.4062824504216129
v 0.0952905640006065 -0.0081480499356985 -0.0354717783629894
vn 2.4296040352867498 -2.3362006081788445 -5.0879446865424702
v 0.0994489341974258 -0.0081480499356985 -0.0338731631636620
vn 3.1468090616549467 -2.3541093849579600 -4.6745992592072643
v 0.1033287346363068 -0.0081480499356985 -0.0316834598779678
vn 2.4107350534411305 -4.2959055318551780 -3.6222077095013052
v 0.1029684245586395 -0.0091213202103972 -0.0311420802026987
vn 1.8549498478661837 -4.2959050683703923 -3.9358867709698075
v 0.0991716906428337 -0.0091213202103972 -0.0332849025726318
vn 1.2592578907670644 -4.2958991017116137 -4.1648921272101038
v 0.0951023548841476 -0.0091213202103972 -0.0348492935299873
vn 0.6364752037219632 -4.2959058361981421 -4.3042924141203809
v 0.0908479467034340 -0.0091213202103972 -0.0358015932142735
vn 0.1640813959887018 -4.3252438422561585 -4.3564938311013046
v 0.0864999964833260 -0.0091213202103972 -0.0361213199794292
vn 1.3277338749760494 -5.6510540162888780 -1.9949642830788121
v 0.1024291813373566 -0.0097716385498643 -0.0303318500518799
vn 1.0216301975863293 -5.6510536851002833 -2.1677259530056858
v 0.0987567678093910 -0.0097716385498643 -0.0324045084416866
vn 0.6935471286089114 -5.6510551887196705 -2.2938484460407684
v 0.0948206782341003 -0.0097716385498643 -0.0339176729321480
vn 0.3505437778177715 -5.6510545850072704 -2.3706276963032384
v 0.0907055735588074 -0.0097716385498643 -0.0348387919366360
vn 0.0923451368447198 -5.6736704978877111 -2.3751452633134722
v 0.0864999964833260 -0.0097716385498643 -0.0351480506360531
vn -0.3547336225952682 -2.7072802985202564 -5.5996510418077809
v 0.0650172233581543 -0.0081481039524078 -0.0367716178297997
vn -0.3750480974751157 -1.6372748664448520 -5.9859771342226793
v 0.0650127008557320 -0.0079909125342965 -0.0368316248059273
vn -0.2193185376567806 -5.1089265069446892 -3.5277955182451497
v 0.0651056617498398 -0.0095398211851716 -0.0355966538190842
vn -0.3044036881732300 -3.8899323730432043 -4.7803944212361786
v 0.0650493055582047 -0.0088700931519270 -0.0363457947969437
vn -0.0017296941730474 -6.2594184783607334 -0.3888415043290068
v 0.0652233138680458 -0.0099998665973544 -0.0340283103287220
vn -0.0779525914831700 -6.1044904673327443 -1.3306066615024246
v 0.0651754885911942 -0.0099250180646777 -0.0346665345132351
vn -0.1507666115137673 -5.7701769705804518 -2.3995798465042597
v 0.0651393681764603 -0.0097716702148318 -0.0351479724049568
vn -0.5965789462013651 -2.3624761138765535 -5.6760705550174828
v 0.0553049147129059 -0.0081480499356985 -0.0355410464107990
vn 0.6008908570109528 -2.3552918519167303 -5.6790399721203109
v 0.0146950874477625 -0.0081480499356985 -0.0355410464107990
vn 0.0000094331779084 -2.8287547271857467 -5.5704752723740150
v 0.0350000001490116 -0.0081480499356985 -0.0345088392496109
vn -0.2681469268694200 -2.3619787506147039 -5.7013941761578959
v 0.0451655648648739 -0.0081480499356985 -0.0347670577466488
vn 0.2796494951048266 -2.3538427728670865 -5.7027068611158276
v 0.0248344335705042 -0.0081480499356985 -0.0347670577466488
vn 0.2432060152707407 -5.0200001956520728 -3.6932977631423967
v 0.0048943362198770 -0.0095398211851716 -0.0355966538190842
vn 0.2955897866359507 -4.0741378227355511 -4.6731945597514413
v 0.0049506961368024 -0.0088700931519270 -0.0363457947969437
vn 0.4472959249132569 -4.3802578537351886 -4.3306032321495618
v 0.0146291395649314 -0.0091213202103972 -0.0348940826952457
vn 0.3381075909594207 -3.0657646475608167 -5.4147995547260876
v 0.0049696955829859 -0.0085000861436129 -0.0365980267524719
vn 0.3742208228933745 -1.8203326761920340 -5.9003249109265896
v 0.0049873027019203 -0.0079909125342965 -0.0368316248059273
vn 0.0178814625693307 -6.2594565590075506 -0.3981026083224017
v 0.0047766864299774 -0.0099998665973544 -0.0340283103287220
vn 0.0779521142911834 -6.1044910664713807 -1.3306049470028851
v 0.0048245075158775 -0.0099250180646777 -0.0346665345132351
vn 0.2459131888745689 -5.7052974230668596 -2.3374656720404010
v 0.0145304407924414 -0.0097716385498643 -0.0339258275926113
vn 0.1726157230835400 -5.7911031101120960 -2.3575518246310727
v 0.0048606316559017 -0.0097716692835093 -0.0351479761302471
vn 0.2270386967634229 -5.5016030352890581 -2.9934226889332067
v 0.0048870700411499 -0.0095980949699879 -0.0354999676346779
vn -0.2540015974715917 -5.7084152294043626 -2.3316962655001481
v 0.0554695576429367 -0.0097716385498643 -0.0339258275926113
vn -0.4490837803537990 -4.3727228460188439 -4.3382158972794782
v 0.0553708598017693 -0.0091213202103972 -0.0348940826952457
vn -0.1190223525091701 -5.7068160332344879 -2.3413246428403776
v 0.0452479943633080 -0.0097716385498643 -0.0331455618143082
vn -0.0000000286511914 -5.7068159912925163 -2.3443485597582305
v 0.0350000001490116 -0.0097716385498643 -0.0328852497041225
vn -0.2211921547148930 -4.3763051640972801 -4.3511420253564292
v 0.0451985821127892 -0.0091213202103972 -0.0341175757348537
vn -0.0000000373516907 -4.3763046501493665 -4.3567606480680805
v 0.0350000001490116 -0.0091213202103972 -0.0338585190474987
vn 0.1190221259585755 -5.7068160285265392 -2.3413246327017294
v 0.0247520040720701 -0.0097716385498643 -0.0331455618143082
vn 0.2211923170320235 -4.3763054475442660 -4.3511416799806781
v 0.0248014181852341 -0.0091213202103972 -0.0341175757348537
vn -0.1664903583569952 -4.3820475437818303 -4.4020868387543324
v -0.0164999999105930 -0.0091213202103972 -0.0361213199794292
vn -0.1434353530087617 -3.2236731659686289 -5.3258717685966808
v -0.0164999999105930 -0.0085000004619360 -0.0365980751812458
vn -0.0832531722594437 -2.0981322848107089 -5.8214145824993713
v -0.0164999999105930 -0.0081480499356985 -0.0367716401815414
vn -0.0770498706026447 -5.8859635036494229 -2.0176298889495921
v -0.0164999999105930 -0.0097716385498643 -0.0351480506360531
vn -0.1302522116225180 -5.2949719670179975 -3.3063333059536526
v -0.0164999999105930 -0.0095980763435364 -0.0355000011622906
vn -5.1630913562619876 -2.9622332466709107 -1.1570196190132567
v -0.0395977646112442 -0.0085005369037390 -0.0209233090281487
vn -5.5538653284692394 -1.7872119494042409 -1.2465219462235744
v -0.0398355014622211 -0.0079797608777881 -0.0209687128663063
vn -4.8985410760954284 -2.3299561605660024 -2.8084017377757613
v -0.0382403805851936 -0.0081480499356985 -0.0241449829190969
vn -2.3175438014525622 -5.7257152838465437 -0.6073952013504790
v -0.0381473079323769 -0.0097719468176365 -0.0206412728875875
vn -2.8662014279471704 -5.4474109060798721 -0.7715410560062747
v -0.0384996794164181 -0.0095982607454062 -0.0207106061279774
vn -3.7560507862851722 -4.3072190748408907 -2.1903058798611079
v -0.0376755185425282 -0.0091213202103972 -0.0238227322697639
vn -3.5903371554832981 -4.9103079049326697 -0.8189227908893872
v -0.0386311449110508 -0.0095178112387657 -0.0207363367080688
vn -4.4894795563397283 -3.9401743958361584 -1.0294057983465277
v -0.0393624864518642 -0.0088489614427090 -0.0208781510591507
vn -0.3858643948337476 -6.2367406292939478 -0.2072350621407745
v -0.0370172038674355 -0.0099999504163861 -0.0204151738435030
vn -2.0715230806352607 -5.6527808530087258 -1.2069265653276564
v -0.0368301421403885 -0.0097716385498643 -0.0233404487371445
vn -1.3270252297574820 -6.0654290784687968 -0.2993028739767867
v -0.0377113446593285 -0.0099144456908107 -0.0205547381192446
vn -4.4176035617538858 -2.3203043705302475 -3.5038926538847974
v -0.0361375920474529 -0.0081480499356985 -0.0272611584514380
vn -3.8255752069781099 -2.3456240483140047 -4.1367377002067816
v -0.0335918068885803 -0.0081480499356985 -0.0300272498279810
vn -3.1944005841821230 -2.3209108360030832 -4.6457826962188520
v -0.0306604616343975 -0.0081480499356985 -0.0323808602988720
vn -2.4889600067754358 -2.3482665346201710 -5.0552792730500400
v -0.0274096764624119 -0.0081480499356985 -0.0342688895761967
vn -1.6385566113234833 -2.3489319288393014 -5.3913056540047615
v -0.0239127874374390 -0.0081480499356985 -0.0356487557291985
vn -0.8507165007430130 -2.3205280940009985 -5.5804394861803095
v -0.0202486757189035 -0.0081480499356985 -0.0364893265068531
vn -3.4135319507330464 -4.2942897272423508 -2.6976079966668993
v -0.0356273651123047 -0.0091213202103972 -0.0268579423427582
vn -2.9710112690344550 -4.2942863451285866 -3.1784293457692949
v -0.0331477262079716 -0.0091213202103972 -0.0295521654188633
vn -2.4614623832554803 -4.2942885027134023 -3.5875480813343090
v -0.0302925426512957 -0.0091213202103972 -0.0318446233868599
vn -1.8963916800109442 -4.2942867952424502 -3.9157398469352036
v -0.0271262209862471 -0.0091213202103972 -0.0336835980415344
vn -1.2885394695895380 -4.2942881354241162 -4.1555964459426606
v -0.0237201862037182 -0.0091213202103972 -0.0350276120007038
vn -0.6895356335608812 -4.2990126030430318 -4.3013007379101058
v -0.0201512761414051 -0.0091213202103972 -0.0358463414013386
vn -1.8808567966304237 -5.6499707204694420 -1.4863821565224316
v -0.0348637551069260 -0.0097716385498643 -0.0262544881552458
vn -1.6370277348805200 -5.6499692022661865 -1.7513149889414219
v -0.0324831120669842 -0.0097716385498643 -0.0288411509245634
vn -1.3562658550505067 -5.6499703649102333 -1.9767391098986185
v -0.0297419130802155 -0.0097716385498643 -0.0310420878231525
vn -1.0449121295802686 -5.6499692212277850 -2.1575730292501012
v -0.0267019979655743 -0.0097716385498643 -0.0328076481819153
vn -0.7099856116156980 -5.6499683332344599 -2.2897352000719366
v -0.0234319400042295 -0.0097716385498643 -0.0340980067849159
vn -0.3798610497786322 -5.6586076853056761 -2.3554583028666602
v -0.0200055092573166 -0.0097716385498643 -0.0348840504884720
vn 0.9820449169647412 -3.2325252557529303 2.9807388250464046
v 0.0565626844763756 -0.0099999997764826 -0.0086915260180831
vn 0.9820449169647409 3.2325252557529307 2.9807388250464042
v 0.0565626844763756 -0.0049999998882413 -0.0086915260180831
vn 0.5588307734553288 -2.7778626000556859 3.0388253683712740
v 0.0093669285997748 -0.0099999997764826 0.0092743588611484
vn 0.5588307734553291 2.7778626000556863 3.0388253683712740
v 0.0093669285997748 -0.0049999998882413 0.0092743588611484
vn -2.7478581271092590 3.5504482556575780 -1.3828000222924810
v 0.0469307638704777 0.0099999997764826 -0.0096468571573496
vn -2.1665572091500134 3.4143388220545874 -2.2374649591522653
v 0.0462022349238396 0.0099999997764826 -0.0087285283952951
vn 0.9820449169647409 3.2325252557529303 2.9807388250464042
v 0.0565626844763756 0.0099999997764826 -0.0086915260180831
vn 0.0000000000000000 3.5903918591734056 0.0000000000000000
v 0.0000000000000000 0.0099999997764826 -0.0070000002160668
vn -1.3289107228937227 3.5903914532279027 2.7595111824582750
v 0.0030371861066669 0.0099999997764826 -0.0063067818991840
vn 0.0000000000000000 6.2831853071795862 0.0000000000000000
v 0.0089999996125698 0.0099999997764826 -0.0088234283030033
vn -2.3946140431721128 3.5903916172058219 1.9096410418398084
v 0.0054728202521801 0.0099999997764826 -0.0043644285760820
vn -2.9860349080762134 3.5903916143387464 0.6815429981484551
v 0.0068244952708483 0.0099999997764826 -0.0015576465521008
vn 1.3289107228937229 3.5903914532279027 2.7595111824582750
v -0.0030371861066669 0.0099999997764826 -0.0063067818991840
vn -3.1415926535897931 3.1415926535897847 0.0000000000000000
v -0.0399999991059303 0.0099999997764826 -0.0088234283030033
vn 2.3946140431721128 3.5903916172058219 1.9096410418398087
v -0.0054728202521801 0.0099999997764826 -0.0043644285760820
vn 2.9860349080762134 3.5903916143387451 0.6815429981484551
v -0.0068244952708483 0.0099999997764826 -0.0015576465521008
vn 0.0000000000000000 3.1415926535897936 3.1415926535897927
v 0.0089999996125698 0.0099999997764826 0.0092743588611484
vn -2.9860349080762134 3.5903916143387464 -0.6815429981484551
v 0.0068244952708483 0.0099999997764826 0.0015576465521008
vn -2.3946140431721128 3.5903916172058219 -1.9096410418398087
v 0.0054728202521801 0.0099999997764826 0.0043644285760820
vn -1.3289107228937229 3.5903914532279022 -2.7595111824582750
v 0.0030371861066669 0.0099999997764826 0.0063067818991840
vn 0.0000000000000000 3.5903918591734061 0.0000000000000000
v 0.0000000000000000 0.0099999997764826 0.0070000002160668
vn -0.9967843978840524 2.4541371946725290 2.7848070204904953
v -0.0076148719526827 0.0099999997764826 0.0092743588611484
vn 1.3289107228937227 3.5903914532279027 -2.7595111824582750
v -0.0030371861066669 0.0099999997764826 0.0063067818991840
vn 2.3946140431721128 3.5903916172058210 -1.9096410418398084
v -0.0054728202521801 0.0099999997764826 0.0043644285760820
vn -1.8482411209616447 3.2561684659382424 2.5340192349552026
v -0.0194672793149948 0.0099999997764826 -0.0004572644247673
vn 2.9860349080762134 3.5903916143387455 -0.6815429981484551
v -0.0068244952708483 0.0099999997764826 0.0015576465521008
vn -1.3808136787492464 3.3707445671520322 2.7989210855820792
v -0.0233101826161146 0.0099999997764826 -0.0029360861517489
vn -0.7089387156821164 3.3707445673053682 3.0394097380860154
v -0.0276156999170780 0.0099999997764826 -0.0044771884568036
vn -0.1795817600104618 3.2561684728807943 3.1312935205584367
v -0.0321587324142456 0.0099999997764826 -0.0049999998882413
vn -1.5707963267948966 1.5707963267948966 1.5707963267948966
v -0.0399999991059303 0.0099999997764826 -0.0049999998882413
vn -1.5707963267948966 1.5707963267948966 -1.5707963267948966
v -0.0399999991059303 0.0099999997764826 -0.0130000002682209
vn -0.4065524864234566 3.4033923584524866 -3.0880689377831940
v -0.0140000004321337 0.0099999997764826 -0.0099999997764826
vn 0.4065522509116622 3.4033922032320030 -3.0880690008884493
v -0.0199999995529652 0.0099999997764826 -0.0099999997764826
vn 2.6279936441445875 3.6651918466351439 1.5172721065101265
v -0.0225980766117573 0.0099999997764826 -0.0225000008940697
vn 1.5172721065101269 3.6651918466351434 2.6279936441445888
v -0.0215000007301569 0.0099999997764826 -0.0235980767756701
vn 0.4065526041794523 3.4033924360627976 -3.0880689062305251
v -0.0030000000260770 0.0099999997764826 -0.0099999997764826
vn 1.5172731032072726 3.6651908224791678 -2.6279935494869426
v -0.0044999998062849 0.0099999997764826 -0.0104019241407514
vn -2.6279932277720270 3.6651916138048044 -1.5172730170040396
v 0.0055980761535466 0.0099999997764826 -0.0115000000223517
vn -1.5172731032072728 3.6651908224791692 -2.6279935494869422
v 0.0044999998062849 0.0099999997764826 -0.0104019241407514
vn -0.4065526041794527 3.4033924360627976 -3.0880689062305260
v 0.0030000000260770 0.0099999997764826 -0.0099999997764826
vn 2.6279935810395969 3.6651916914149711 -1.5172723420214851
v -0.0225980766117573 0.0099999997764826 -0.0115000000223517
vn 2.6279932908771482 3.6651917690251326 1.5172727814924627
v -0.0055980761535466 0.0099999997764826 -0.0225000008940697
vn 1.5172722242654919 3.6651914017697487 2.6279937849987816
v -0.0044999998062849 0.0099999997764826 -0.0235980767756701
vn -2.6279931731210953 3.6651922707051883 1.5172725775334195
v -0.0114019233733416 0.0099999997764826 -0.0225000008940697
vn 0.4065513719705350 3.4033916239418911 3.0880692363998929
v -0.0199999995529652 0.0099999997764826 -0.0240000002086163
vn -0.4065516074818936 3.4033917791620638 3.0880691732949019
v -0.0140000004321337 0.0099999997764826 -0.0240000002086163
vn 0.0000000000000000 3.1415926535897789 -3.1415926535897842
v 0.0089999996125698 0.0099999997764826 -0.0299999993294477
vn -1.5172718709979922 3.6651912673449250 2.6279940520628911
v -0.0125000001862645 0.0099999997764826 -0.0235980767756701
vn -0.4065517252376714 3.4033918567722177 3.0880691417423640
v 0.0030000000260770 0.0099999997764826 -0.0240000002086163
vn -1.5172722242654912 3.6651914017697491 2.6279937849987811
v 0.0044999998062849 0.0099999997764826 -0.0235980767756701
vn -2.6279932908771499 3.6651917690251326 1.5172727814924638
v 0.0055980761535466 0.0099999997764826 -0.0225000008940697
vn -3.0880691186442251 3.4033919135869701 0.4065518114411497
v 0.0060000000521541 0.0099999997764826 -0.0209999997168779
vn -3.0880690555391022 3.4033920688072987 -0.4065520469527262
v 0.0060000000521541 0.0099999997764826 -0.0130000002682209
vn 3.0880691732949028 3.4033917791620638 -0.4065516074818940
v -0.0230000000447035 0.0099999997764826 -0.0130000002682209
vn 3.0880692363998938 3.4033916239418911 0.4065513719705354
v -0.0230000000447035 0.0099999997764826 -0.0209999997168779
vn 1.5172729854512541 3.6651912673450315 -2.6279934086331451
v -0.0215000007301569 0.0099999997764826 -0.0104019241407514
vn 0.4065517252376715 3.4033918567722181 3.0880691417423649
v -0.0030000000260770 0.0099999997764826 -0.0240000002086163
vn 3.0880691186442260 3.4033919135869697 0.4065518114411499
v -0.0060000000521541 0.0099999997764826 -0.0209999997168779
vn -3.0880692363998925 3.4033916239418911 0.4065513719705350
v -0.0109999999403954 0.0099999997764826 -0.0209999997168779
vn 3.0880690555391035 3.4033920688072983 -0.4065520469527266
v -0.0060000000521541 0.0099999997764826 -0.0130000002682209
vn -3.0880691732949019 3.4033917791620638 -0.4065516074818936
v -0.0109999999403954 0.0099999997764826 -0.0130000002682209
vn 2.6279932277720262 3.6651916138048040 -1.5172730170040400
v -0.0055980761535466 0.0099999997764826 -0.0115000000223517
vn -2.6279931100161047 3.6651921154850164 -1.5172728130447786
v -0.0114019233733416 0.0099999997764826 -0.0115000000223517
vn -1.5172727499395542 3.6651906880545004 -2.6279938165511814
v -0.0125000001862645 0.0099999997764826 -0.0104019241407514
vn 1.5707963267948966 1.5707963267948968 1.5707963267948966
v 0.1099999994039536 0.0099999997764826 -0.0099999997764826
vn 1.5707963267948966 1.5707963267948966 -1.5707963267948968
v 0.1099999994039536 0.0099999997764826 -0.0179999992251396
vn 0.1426397913453358 3.2325252294904825 3.1351028792958120
v 0.0636779367923737 0.0099999997764826 -0.0099999997764826
vn 1.5172734018248499 3.6651926455736881 2.6279925212352202
v 0.0414666607975960 0.0099999997764826 -0.0151109583675861
vn -0.4065522509116625 3.4033922032320034 -3.0880690008884506
v 0.0199999995529652 0.0099999997764826 -0.0099999997764826
vn 0.4065524864234565 3.4033923584524883 -3.0880689377831940
v 0.0140000004321337 0.0099999997764826 -0.0099999997764826
vn 1.5172727499395551 3.6651906880545004 -2.6279938165511822
v 0.0125000001862645 0.0099999997764826 -0.0104019241407514
vn 2.6279931100161029 3.6651921154850173 -1.5172728130447777
v 0.0114019233733416 0.0099999997764826 -0.0115000000223517
vn 1.5172718709979913 3.6651912673449245 2.6279940520628893
v 0.0125000001862645 0.0099999997764826 -0.0235980767756701
vn 0.4065516074818940 3.4033917791620638 3.0880691732949028
v 0.0140000004321337 0.0099999997764826 -0.0240000002086163
vn -0.4065513719705354 3.4033916239418920 3.0880692363998938
v 0.0199999995529652 0.0099999997764826 -0.0240000002086163
vn -2.6279935810395978 3.6651916914149716 -1.5172723420214853
v 0.0225980766117573 0.0099999997764826 -0.0115000000223517
vn 2.6279939343065299 3.6651889993855167 -1.5172739190405693
v 0.0400025621056557 0.0099999997764826 -0.0096468571573496
vn 3.0345442325977392 3.6651944968917518 0.0000001766346723
v 0.0394666604697704 0.0099999997764826 -0.0116468574851751
vn 1.5172740610310607 3.6651922111058646 -2.6279923446014806
v 0.0414666607975960 0.0099999997764826 -0.0081827556714416
vn -1.5172729854512537 3.6651912673450306 -2.6279934086331442
v 0.0215000007301569 0.0099999997764826 -0.0104019241407514
vn -1.5172721065101267 3.6651918466351470 2.6279936441445875
v 0.0215000007301569 0.0099999997764826 -0.0235980767756701
vn 2.6279938869771220 3.6651888829695594 1.5172740956752420
v 0.0400025621056557 0.0099999997764826 -0.0136468568816781
vn -3.0345456456711939 3.6651910211495822 0.0000001766336914
v 0.0474666617810726 0.0099999997764826 -0.0116468574851751
vn 0.0000000000000002 3.6651909047343350 3.0345456930000103
v 0.0434666611254215 0.0099999997764826 -0.0156468562781811
vn -1.5172719887539217 3.6651913733624699 2.6279939343070482
v 0.0454666614532471 0.0099999997764826 -0.0151109583675861
vn -2.6279931804432164 3.6651918930522243 1.5172728719226278
v 0.0469307638704777 0.0099999997764826 -0.0136468568816781
vn 0.5658539348547479 3.3234575290600814 3.0770163359709417
v 0.0600606575608253 0.0099999997764826 -0.0096701616421342
vn 3.0880691732949028 3.4033917791620638 -0.4065516074818940
v 0.0109999999403954 0.0099999997764826 -0.0130000002682209
vn 3.0880692363998938 3.4033916239418915 0.4065513719705354
v 0.0109999999403954 0.0099999997764826 -0.0209999997168779
vn 2.6279931731210944 3.6651922707051900 1.5172725775334197
v 0.0114019233733416 0.0099999997764826 -0.0225000008940697
vn -2.6279936441445888 3.6651918466351430 1.5172721065101269
v 0.0225980766117573 0.0099999997764826 -0.0225000008940697
vn -3.0880692363998925 3.4033916239418911 0.4065513719705350
v 0.0230000000447035 0.0099999997764826 -0.0209999997168779
vn -3.0880691732949019 3.4033917791620638 -0.4065516074818936
v 0.0230000000447035 0.0099999997764826 -0.0130000002682209
vn 0.5588307734553291 2.7778626000556863 3.0388253683712740
v 0.0093669285997748 0.0099999997764826 0.0092743588611484
vn -0.0000000000000000 3.6651917736700046 -3.0345453397325302
v 0.0434666611254215 0.0099999997764826 -0.0076468568295240
vn -1.3425337081621966 3.5181345280311969 -2.7787558609902763
v 0.0454666614532471 0.0099999997764826 -0.0081827556714416
vn 0.0000000000000000 -3.1415926535897927 3.1415926535897927
v 0.0089999996125698 -0.0099999997764826 0.0092743588611484
vn 0.0000000000000000 -6.2831853071795933 0.0000000000000000
v 0.0089999996125698 -0.0099999997764826 -0.0088234283030033
vn 1.5707963267948966 -1.5707963267948966 -1.5707963267948966
v 0.1099999994039536 -0.0099999997764826 -0.0179999992251396
vn 1.5707963267948966 -1.5707963267948983 1.5707963267948961
v 0.1099999994039536 -0.0099999997764826 -0.0099999997764826
vn 2.6279938869771216 -3.6651888829695740 1.5172740956752420
v 0.0400025621056557 -0.0099999997764826 -0.0136468568816781
vn -0.4065522509116622 -3.4033922032320061 -3.0880690008884493
v 0.0199999995529652 -0.0099999997764826 -0.0099999997764826
vn -1.5172729854512541 -3.6651912673450306 -2.6279934086331451
v 0.0215000007301569 -0.0099999997764826 -0.0104019241407514
vn -2.6279936441445875 -3.6651918466351439 1.5172721065101265
v 0.0225980766117573 -0.0099999997764826 -0.0225000008940697
vn -1.5172721065101269 -3.6651918466351434 2.6279936441445888
v 0.0215000007301569 -0.0099999997764826 -0.0235980767756701
vn -0.4065513719705350 -3.4033916239418911 3.0880692363998929
v 0.0199999995529652 -0.0099999997764826 -0.0240000002086163
vn 0.4065516074818936 -3.4033917791620634 3.0880691732949019
v 0.0140000004321337 -0.0099999997764826 -0.0240000002086163
vn 0.0000000000000000 -3.1415926535897807 -3.1415926535897936
v 0.0089999996125698 -0.0099999997764826 -0.0299999993294477
vn 1.5172718709979922 -3.6651912673449245 2.6279940520628911
v 0.0125000001862645 -0.0099999997764826 -0.0235980767756701
vn -2.6279931804432168 -3.6651918930522234 1.5172728719226276
v 0.0469307638704777 -0.0099999997764826 -0.0136468568816781
vn -1.5172719887539214 -3.6651913733624699 2.6279939343070478
v 0.0454666614532471 -0.0099999997764826 -0.0151109583675861
vn -0.0000000000000002 -3.6651909047343350 3.0345456930000103
v 0.0434666611254215 -0.0099999997764826 -0.0156468562781811
vn 1.5172734018248502 -3.6651926455736876 2.6279925212352206
v 0.0414666607975960 -0.0099999997764826 -0.0151109583675861
vn 2.6279931731210953 -3.6651922707051900 1.5172725775334195
v 0.0114019233733416 -0.0099999997764826 -0.0225000008940697
vn 3.0880692363998925 -3.4033916239418915 0.4065513719705350
v 0.0109999999403954 -0.0099999997764826 -0.0209999997168779
vn 3.0880691732949019 -3.4033917791620638 -0.4065516074818936
v 0.0109999999403954 -0.0099999997764826 -0.0130000002682209
vn 2.6279931100161047 -3.6651921154850173 -1.5172728130447786
v 0.0114019233733416 -0.0099999997764826 -0.0115000000223517
vn 1.5172727499395542 -3.6651906880545004 -2.6279938165511814
v 0.0125000001862645 -0.0099999997764826 -0.0104019241407514
vn 0.4065524864234566 -3.4033923584524883 -3.0880689377831940
v 0.0140000004321337 -0.0099999997764826 -0.0099999997764826
vn 0.1426397913453358 -3.2325252294904820 3.1351028792958116
v 0.0636779367923737 -0.0099999997764826 -0.0099999997764826
vn -3.0345456456711943 -3.6651910211495826 0.0000001766336912
v 0.0474666617810726 -0.0099999997764826 -0.0116468574851751
vn 0.5658539348547479 -3.3234575290600814 3.0770163359709422
v 0.0600606575608253 -0.0099999997764826 -0.0096701616421342
vn -2.7478581271092581 -3.5504482556575780 -1.3828000222924808
v 0.0469307638704777 -0.0099999997764826 -0.0096468571573496
vn -2.1665572091500134 -3.4143388220545874 -2.2374649591522653
v 0.0462022349238396 -0.0099999997764826 -0.0087285283952951
vn 3.0345442325977388 -3.6651944968917500 0.0000001766346724
v 0.0394666604697704 -0.0099999997764826 -0.0116468574851751
vn 2.6279939343065299 -3.6651889993855207 -1.5172739190405697
v 0.0400025621056557 -0.0099999997764826 -0.0096468571573496
vn 1.5172740610310604 -3.6651922111058530 -2.6279923446014801
v 0.0414666607975960 -0.0099999997764826 -0.0081827556714416
vn 0.0000000000000000 -3.6651917736700046 -3.0345453397325306
v 0.0434666611254215 -0.0099999997764826 -0.0076468568295240
vn -1.3425337081621969 -3.5181345280311969 -2.7787558609902767
v 0.0454666614532471 -0.0099999997764826 -0.0081827556714416
vn -2.6279935810395969 -3.6651916914149707 -1.5172723420214851
v 0.0225980766117573 -0.0099999997764826 -0.0115000000223517
vn -3.0880691732949028 -3.4033917791620629 -0.4065516074818940
v 0.0230000000447035 -0.0099999997764826 -0.0130000002682209
vn -3.0880692363998938 -3.4033916239418911 0.4065513719705354
v 0.0230000000447035 -0.0099999997764826 -0.0209999997168779
vn -1.5172722242654919 -3.6651914017697491 2.6279937849987816
v 0.0044999998062849 -0.0099999997764826 -0.0235980767756701
vn -0.4065517252376715 -3.4033918567722177 3.0880691417423649
v 0.0030000000260770 -0.0099999997764826 -0.0240000002086163
vn -2.6279931731210944 -3.6651922707051883 1.5172725775334197
v -0.0114019233733416 -0.0099999997764826 -0.0225000008940697
vn -1.5172718709979913 -3.6651912673449245 2.6279940520628893
v -0.0125000001862645 -0.0099999997764826 -0.0235980767756701
vn 0.4065513719705354 -3.4033916239418911 3.0880692363998938
v -0.0199999995529652 -0.0099999997764826 -0.0240000002086163
vn 1.5172721065101267 -3.6651918466351439 2.6279936441445875
v -0.0215000007301569 -0.0099999997764826 -0.0235980767756701
vn 1.5172729854512537 -3.6651912673450320 -2.6279934086331442
v -0.0215000007301569 -0.0099999997764826 -0.0104019241407514
vn -0.4065526041794523 -3.4033924360627976 -3.0880689062305251
v 0.0030000000260770 -0.0099999997764826 -0.0099999997764826
vn -1.5172731032072726 -3.6651908224791692 -2.6279935494869426
v 0.0044999998062849 -0.0099999997764826 -0.0104019241407514
vn -0.4065516074818940 -3.4033917791620643 3.0880691732949033
v -0.0140000004321337 -0.0099999997764826 -0.0240000002086163
vn -2.6279932908771482 -3.6651917690251326 1.5172727814924627
v 0.0055980761535466 -0.0099999997764826 -0.0225000008940697
vn 2.6279936441445888 -3.6651918466351434 1.5172721065101269
v -0.0225980766117573 -0.0099999997764826 -0.0225000008940697
vn 3.0880692363998925 -3.4033916239418915 0.4065513719705350
v -0.0230000000447035 -0.0099999997764826 -0.0209999997168779
vn 3.0880691732949019 -3.4033917791620647 -0.4065516074818936
v -0.0230000000447035 -0.0099999997764826 -0.0130000002682209
vn 2.6279935810395978 -3.6651916914149707 -1.5172723420214853
v -0.0225980766117573 -0.0099999997764826 -0.0115000000223517
vn 2.6279932277720270 -3.6651916138048000 -1.5172730170040396
v -0.0055980761535466 -0.0099999997764826 -0.0115000000223517
vn -2.6279931100161029 -3.6651921154850164 -1.5172728130447777
v -0.0114019233733416 -0.0099999997764826 -0.0115000000223517
vn 3.0880690555391022 -3.4033920688072978 -0.4065520469527262
v -0.0060000000521541 -0.0099999997764826 -0.0130000002682209
vn -3.0880691732949028 -3.4033917791620638 -0.4065516074818940
v -0.0109999999403954 -0.0099999997764826 -0.0130000002682209
vn 3.0880691186442251 -3.4033919135869697 0.4065518114411497
v -0.0060000000521541 -0.0099999997764826 -0.0209999997168779
vn -3.0880692363998938 -3.4033916239418911 0.4065513719705354
v -0.0109999999403954 -0.0099999997764826 -0.0209999997168779
vn 2.6279932908771499 -3.6651917690251326 1.5172727814924638
v -0.0055980761535466 -0.0099999997764826 -0.0225000008940697
vn 1.5172722242654912 -3.6651914017697487 2.6279937849987811
v -0.0044999998062849 -0.0099999997764826 -0.0235980767756701
vn 0.4065517252376714 -3.4033918567722181 3.0880691417423640
v -0.0030000000260770 -0.0099999997764826 -0.0240000002086163
vn 0.4065522509116625 -3.4033922032320030 -3.0880690008884506
v -0.0199999995529652 -0.0099999997764826 -0.0099999997764826
vn -3.1415926535897931 -3.1415926535897141 0.0000000000000000
v -0.0399999991059303 -0.0099999997764826 -0.0088234283030033
vn -0.4065524864234565 -3.4033923584525292 -3.0880689377831940
v -0.0140000004321337 -0.0099999997764826 -0.0099999997764826
vn -1.5707963267948963 -1.5707963267948966 -1.5707963267948968
v -0.0399999991059303 -0.0099999997764826 -0.0130000002682209
vn 0.4065526041794527 -3.4033924360627981 -3.0880689062305260
v -0.0030000000260770 -0.0099999997764826 -0.0099999997764826
vn 1.5172731032072728 -3.6651908224791341 -2.6279935494869422
v -0.0044999998062849 -0.0099999997764826 -0.0104019241407514
vn -1.5172727499395551 -3.6651906880545004 -2.6279938165511822
v -0.0125000001862645 -0.0099999997764826 -0.0104019241407514
vn -2.6279932277720262 -3.6651916138048044 -1.5172730170040400
v 0.0055980761535466 -0.0099999997764826 -0.0115000000223517
vn -3.0880690555391035 -3.4033920688072983 -0.4065520469527266
v 0.0060000000521541 -0.0099999997764826 -0.0130000002682209
vn -3.0880691186442260 -3.4033919135869701 0.4065518114411499
v 0.0060000000521541 -0.0099999997764826 -0.0209999997168779
vn 2.3946140431721128 -3.5903916172058219 1.9096410418398084
v -0.0054728202521801 -0.0099999997764826 -0.0043644285760820
vn 2.9860349080762134 -3.5903916143387455 0.6815429981484551
v -0.0068244952708483 -0.0099999997764826 -0.0015576465521008
vn -2.3946140431721128 -3.5903916172058219 1.9096410418398087
v 0.0054728202521801 -0.0099999997764826 -0.0043644285760820
vn -1.3289107228937227 -3.5903914532279027 2.7595111824582750
v 0.0030371861066669 -0.0099999997764826 -0.0063067818991840
vn 0.0000000000000000 -3.5903918591734056 0.0000000000000000
v 0.0000000000000000 -0.0099999997764826 -0.0070000002160668
vn 1.3289107228937231 -3.5903914532279027 2.7595111824582750
v -0.0030371861066669 -0.0099999997764826 -0.0063067818991840
vn 2.3946140431721128 -3.5903916172058215 -1.9096410418398087
v -0.0054728202521801 -0.0099999997764826 0.0043644285760820
vn -0.9967843978840525 -2.4541371946725299 2.7848070204904944
v -0.0076148719526827 -0.0099999997764826 0.0092743588611484
vn 2.9860349080762134 -3.5903916143387455 -0.6815429981484551
v -0.0068244952708483 -0.0099999997764826 0.0015576465521008
vn -1.8482411209616445 -3.2561684659382424 2.5340192349552022
v -0.0194672793149948 -0.0099999997764826 -0.0004572644247673
vn -1.3808136787492469 -3.3707445671520317 2.7989210855820801
v -0.0233101826161146 -0.0099999997764826 -0.0029360861517489
vn -0.7089387156821163 -3.3707445673053682 3.0394097380860154
v -0.0276156999170780 -0.0099999997764826 -0.0044771884568036
vn -0.1795817600104617 -3.2561684728807943 3.1312935205584367
v -0.0321587324142456 -0.0099999997764826 -0.0049999998882413
vn -1.5707963267948966 -1.5707963267948966 1.5707963267948966
v -0.0399999991059303 -0.0099999997764826 -0.0049999998882413
vn -1.3289107228937231 -3.5903914532279022 -2.7595111824582750
v 0.0030371861066669 -0.0099999997764826 0.0063067818991840
vn -0.0000000000000003 -3.5903918591734056 -3.0628262775338433
v 0.0000000000000000 -0.0099999997764826 0.0070000002160668
vn 1.3289107228937227 -3.5903914532279027 -2.7595111824582750
v -0.0030371861066669 -0.0099999997764826 0.0063067818991840
vn -2.3946140431721128 -3.5903916172058219 -1.9096410418398084
v 0.0054728202521801 -0.0099999997764826 0.0043644285760820
vn -2.9860349080762134 -3.5903916143387460 -0.6815429981484551
v 0.0068244952708483 -0.0099999997764826 0.0015576465521008
vn -2.9860349080762134 -3.5903916143387464 0.6815429981484551
v 0.0068244952708483 -0.0099999997764826 -0.0015576465521008
vn 1.2032997842426392 0.8726646129532510 5.7220774122853220
v 0.0089413831010461 -0.0049999998882413 0.0092743588611484
vn 2.2475590765842006 2.9961488934400924 2.1831123240345192
v 0.0335080847144127 -0.0049999998882413 -0.0200030952692032
vn 1.2032997842426392 -0.8726646129532539 5.7220774122853211
v 0.0089413831010461 0.0049999998882413 0.0092743588611484
vn 2.2475590765842006 -2.9961488934400924 2.1831123240345196
v 0.0335080847144127 0.0049999998882413 -0.0200030952692032
vn 0.1426397913453358 3.2325252294904816 3.1351028792958120
v 0.0636779367923737 -0.0049999998882413 -0.0099999997764826
vn -1.1107208914821989 0.7853983046954472 5.8231095579816516
v 0.1046468541026115 -0.0049999998882413 -0.0099999997764826
vn -3.0345456456711939 3.6651910211495795 0.0000001766336914
v 0.0474666617810726 -0.0049999998882413 -0.0116468574851751
vn -2.6463140347508549 3.6291818014516055 -1.4983068318302566
v 0.0469307638704777 -0.0049999998882413 -0.0096468571573496
vn -1.4981615304783233 3.6278514413089602 -2.6464264439692293
v 0.0454666614532471 -0.0049999998882413 -0.0081827556714416
vn -0.0000000000000001 3.6651917736700046 -3.0345453397325306
v 0.0434666611254215 -0.0049999998882413 -0.0076468568295240
vn 1.5172740610310607 3.6651922111058131 -2.6279923446014806
v 0.0414666607975960 -0.0049999998882413 -0.0081827556714416
vn 0.5658539348547479 3.3234575290600814 3.0770163359709417
v 0.0600606575608253 -0.0049999998882413 -0.0096701616421342
vn 2.6279939343065299 3.6651889993855207 -1.5172739190405693
v 0.0400025621056557 -0.0049999998882413 -0.0096468571573496
vn 3.0345442325977392 3.6651944968917505 0.0000001766346723
v 0.0394666604697704 -0.0049999998882413 -0.0116468574851751
vn 2.6279938869771220 3.6651888829695718 1.5172740956752420
v 0.0400025621056557 -0.0049999998882413 -0.0136468568816781
vn 1.7081066192420740 2.8507041936666715 2.5970487819273265
v 0.0363230444490910 -0.0049999998882413 -0.0225081983953714
vn 1.5172734018248499 3.6651926455736872 2.6279925212352202
v 0.0414666607975960 -0.0049999998882413 -0.0151109583675861
vn 0.8915059837106982 2.8507045095366199 2.9778361483589282
v 0.0397382192313671 -0.0049999998882413 -0.0241007208824158
vn 0.0000000000000002 3.6651909047343350 3.0345456930000103
v 0.0434666611254215 -0.0049999998882413 -0.0156468562781811
vn 0.2276586568101857 2.9961484047625442 3.1250075853603856
v 0.0434666611254215 -0.0049999998882413 -0.0246468577533960
vn -1.5172719887539217 3.6651913733624699 2.6279939343070482
v 0.0454666614532471 -0.0049999998882413 -0.0151109583675861
vn -0.3064487151518265 2.9452421040932957 3.1114099335289587
v 0.0879289358854294 -0.0049999998882413 -0.0246468577533960
vn -2.6279931804432168 3.6651918930522243 1.5172728719226278
v 0.0469307638704777 -0.0049999998882413 -0.0136468568816781
vn -1.1791359878960146 2.7488948933543087 2.8466832925711727
v 0.0898423492908478 -0.0049999998882413 -0.0242662541568279
vn -1.9834081642263870 2.9452426586263272 2.4167902634340725
v 0.0914644673466682 -0.0049999998882413 -0.0231823902577162
vn -1.5172719887539214 -3.6651913733624699 2.6279939343070478
v 0.0454666614532471 0.0049999998882413 -0.0151109583675861
vn -0.0000000000000002 -3.6651909047343354 3.0345456930000103
v 0.0434666611254215 0.0049999998882413 -0.0156468562781811
vn 0.2276586568101857 -2.9961484047625460 3.1250075853603851
v 0.0434666611254215 0.0049999998882413 -0.0246468577533960
vn 0.8915059837106983 -2.8507045095366199 2.9778361483589286
v 0.0397382192313671 0.0049999998882413 -0.0241007208824158
vn 1.5172734018248502 -3.6651926455736872 2.6279925212352206
v 0.0414666607975960 0.0049999998882413 -0.0151109583675861
vn 1.7081066192420740 -2.8507041936666706 2.5970487819273265
v 0.0363230444490910 0.0049999998882413 -0.0225081983953714
vn -1.9834081642263870 -2.9452426586263272 2.4167902634340730
v 0.0914644673466682 0.0049999998882413 -0.0231823902577162
vn -1.1107208914821987 -0.7853983046954472 5.8231095579816516
v 0.1046468541026115 0.0049999998882413 -0.0099999997764826
vn -3.0345456456711943 -3.6651910211495742 0.0000001766336912
v 0.0474666617810726 0.0049999998882413 -0.0116468574851751
vn 0.5588307734553288 -2.7778626000556867 3.0388253683712740
v 0.0093669285997748 0.0049999998882413 0.0092743588611484
vn 2.6279939343065299 -3.6651889993855304 -1.5172739190405697
v 0.0400025621056557 0.0049999998882413 -0.0096468571573496
vn 2.6279938869771220 -3.6651888829695727 1.5172740956752417
v 0.0400025621056557 0.0049999998882413 -0.0136468568816781
vn 3.0345442325977388 -3.6651944968917496 0.0000001766346724
v 0.0394666604697704 0.0049999998882413 -0.0116468574851751
vn 1.5172740610310604 -3.6651922111058526 -2.6279923446014801
v 0.0414666607975960 0.0049999998882413 -0.0081827556714416
vn 0.0000000000000001 -3.6651917736700046 -3.0345453397325306
v 0.0434666611254215 0.0049999998882413 -0.0076468568295240
vn 0.9820449169647412 -3.2325252557529307 2.9807388250464046
v 0.0565626844763756 0.0049999998882413 -0.0086915260180831
vn -1.4981615304783236 -3.6278514413089602 -2.6464264439692293
v 0.0454666614532471 0.0049999998882413 -0.0081827556714416
vn -2.6463140347508545 -3.6291818014516064 -1.4983068318302564
v 0.0469307638704777 0.0049999998882413 -0.0096468571573496
vn 0.5658539348547479 -3.3234575290600814 3.0770163359709422
v 0.0600606575608253 0.0049999998882413 -0.0096701616421342
vn 0.1426397913453358 -3.2325252294904816 3.1351028792958120
v 0.0636779367923737 0.0049999998882413 -0.0099999997764826
vn -2.6279931804432168 -3.6651918930522238 1.5172728719226278
v 0.0469307638704777 0.0049999998882413 -0.0136468568816781
vn -0.3064487151518263 -2.9452421040932939 3.1114099335289582
v 0.0879289358854294 0.0049999998882413 -0.0246468577533960
vn -1.1791359878960148 -2.7488948933543091 2.8466832925711731
v 0.0898423492908478 0.0049999998882413 -0.0242662541568279
vn 0.0000000000000000 0.0000000000000000 -6.2831853071796262
v 0.0104999998584390 -0.0000000000000000 -0.0299999993294477
vn 0.0000000000000000 0.0000000000000000 -6.2831853071795924
v 0.0595000013709068 -0.0000000000000000 -0.0299999993294477
vn 0.0000000000000000 0.0000000000000000 -6.2831853071795889
v 0.0876249969005585 -0.0000000000000000 -0.0299999993294477
vn -3.6651920822128270 -2.6279921956851124 -1.5172744237648657
v -0.0299999993294477 -0.0039174682460725 -0.0173749998211861
vn -3.6651898853648368 -1.5172724076006019 -2.6279943910190724
v -0.0299999993294477 -0.0043750000186265 -0.0169174689799547
vn -3.6651920822128266 2.6279921956851124 -1.5172744237648661
v -0.0299999993294477 0.0039174682460725 -0.0173749998211861
vn -3.6651905805139569 1.5172726902150246 -2.6279939015175318
v -0.0299999993294477 -0.0056250002235174 -0.0169174689799547
vn -3.6651922950313742 -0.0000002826144156 -3.0345451277717665
v -0.0299999993294477 -0.0049999998882413 -0.0167500004172325
vn -3.6651922950313751 0.0000002826144156 3.0345451277717665
v -0.0299999993294477 0.0049999998882413 -0.0192499998956919
vn -3.6651905805139569 -1.5172726902150246 2.6279939015175318
v -0.0299999993294477 0.0056250002235174 -0.0190825313329697
vn -3.6651919708124585 -2.6279929225119636 1.5172732554452948
v -0.0299999993294477 0.0060825315304101 -0.0186250004917383
vn -3.6651921087676467 -3.0345452034975704 -0.0000011304569051
v -0.0299999993294477 0.0062500000931323 -0.0179999992251396
vn -3.6651912257539214 -2.6279926196065375 -1.5172743859022000
v -0.0299999993294477 0.0060825315304101 -0.0173749998211861
vn -3.6651905805139569 -1.5172726902150244 -2.6279939015175313
v -0.0299999993294477 0.0056250002235174 -0.0169174689799547
vn -3.6651922950313751 0.0000002826144156 -3.0345451277717670
v -0.0299999993294477 0.0049999998882413 -0.0167500004172325
vn -3.6651898853648359 1.5172724076006010 -2.6279943910190715
v -0.0299999993294477 0.0043750000186265 -0.0169174689799547
vn -3.6651919708124590 2.6279929225119636 1.5172732554452950
v -0.0299999993294477 -0.0060825315304101 -0.0186250004917383
vn -3.6651921087676467 3.0345452034975708 -0.0000011304569049
v -0.0299999993294477 -0.0062500000931323 -0.0179999992251396
vn -3.6651912257539214 2.6279926196065375 -1.5172743859021998
v -0.0299999993294477 -0.0060825315304101 -0.0173749998211861
vn -3.6651905805139569 1.5172726902150244 2.6279939015175313
v -0.0299999993294477 -0.0056250002235174 -0.0190825313329697
vn -3.6651922950313751 -0.0000002826144156 3.0345451277717670
v -0.0299999993294477 -0.0049999998882413 -0.0192499998956919
vn -3.6651898853648337 -1.5172724076006010 2.6279943910190715
v -0.0299999993294477 -0.0043750000186265 -0.0190825313329697
vn -3.6651914136194477 -3.0345454861116403 -0.0000011304556491
v -0.0299999993294477 -0.0037499999161810 -0.0179999992251396
vn -3.6651914136194486 3.0345454861116408 -0.0000011304556492
v -0.0299999993294477 0.0037499999161810 -0.0179999992251396
vn -3.6651928272704675 -2.6279924985897813 1.5172732933092168
v -0.0299999993294477 -0.0039174682460725 -0.0186250004917383
vn -3.6651928272704675 2.6279924985897809 1.5172732933092163
v -0.0299999993294477 0.0039174682460725 -0.0186250004917383
vn -3.6651898853648359 1.5172724076006019 2.6279943910190724
v -0.0299999993294477 0.0043750000186265 -0.0190825313329697
vn 0.0000000000000003 0.0000000000000000 3.0628262775338433
v -0.0000000000000000 0.0099999997764826 -0.0070000002160668
vn 0.0000000000000004 0.0000000000000000 3.0628262775338433
v -0.0000000000000000 -0.0099999997764826 -0.0070000002160668
vn -0.0000000000000002 0.0000000000000000 -3.0628262775338433
v 0.0000000000000000 0.0099999997764826 0.0070000002160668
vn -2.6179930121482116 -0.0000002826144156 -3.0345451277717670
v -0.0250000003725290 -0.0049999998882413 -0.0167500004172325
vn -2.6179954218147508 -1.5172724076006010 -2.6279943910190715
v -0.0250000003725290 -0.0043750000186265 -0.0169174689799547
vn -2.6179932249667592 -2.6279921956851124 -1.5172744237648659
v -0.0250000003725290 -0.0039174682460725 -0.0173749998211861
vn -2.6179938935601381 -3.0345454861116408 -0.0000011304556492
v -0.0250000003725290 -0.0037499999161810 -0.0179999992251396
vn -2.6179924799091197 -2.6279924985897809 1.5172732933092163
v -0.0250000003725290 -0.0039174682460725 -0.0186250004917383
vn -2.6179954218147508 -1.5172724076006019 2.6279943910190724
v -0.0250000003725290 -0.0043750000186265 -0.0190825313329697
vn -2.6179930121482116 -0.0000002826144156 3.0345451277717665
v -0.0250000003725290 -0.0049999998882413 -0.0192499998956919
vn -2.6179947266656294 1.5172726902150246 2.6279939015175318
v -0.0250000003725290 -0.0056250002235174 -0.0190825313329697
vn -2.6179933363671282 2.6279929225119636 1.5172732554452948
v -0.0250000003725290 -0.0060825315304101 -0.0186250004917383
vn -2.6179931984119396 3.0345452034975704 -0.0000011304569051
v -0.0250000003725290 -0.0062500000931323 -0.0179999992251396
vn -2.6179940814256648 2.6279926196065375 -1.5172743859022000
v -0.0250000003725290 -0.0060825315304101 -0.0173749998211861
vn -2.6179947266656294 1.5172726902150246 -2.6279939015175313
v -0.0250000003725290 -0.0056250002235174 -0.0169174689799547
vn -6.2831853071795880 0.0000000000000000 0.0000000000000000
v -0.0250000003725290 -0.0049999998882413 -0.0179999992251396
vn -2.6179930121482116 0.0000002826144156 -3.0345451277717665
v -0.0250000003725290 0.0049999998882413 -0.0167500004172325
vn -2.6179947266656294 -1.5172726902150246 -2.6279939015175318
v -0.0250000003725290 0.0056250002235174 -0.0169174689799547
vn -2.6179940814256648 -2.6279926196065375 -1.5172743859021998
v -0.0250000003725290 0.0060825315304101 -0.0173749998211861
vn -2.6179931984119396 -3.0345452034975708 -0.0000011304569049
v -0.0250000003725290 0.0062500000931323 -0.0179999992251396
vn -2.6179933363671282 -2.6279929225119636 1.5172732554452950
v -0.0250000003725290 0.0060825315304101 -0.0186250004917383
vn -2.6179947266656294 -1.5172726902150246 2.6279939015175313
v -0.0250000003725290 0.0056250002235174 -0.0190825313329697
vn -2.6179930121482116 0.0000002826144156 3.0345451277717670
v -0.0250000003725290 0.0049999998882413 -0.0192499998956919
vn -2.6179954218147508 1.5172724076006010 2.6279943910190715
v -0.0250000003725290 0.0043750000186265 -0.0190825313329697
vn -2.6179924799091197 2.6279924985897813 1.5172732933092168
v -0.0250000003725290 0.0039174682460725 -0.0186250004917383
vn -2.6179938935601381 3.0345454861116403 -0.0000011304556491
v -0.0250000003725290 0.0037499999161810 -0.0179999992251396
vn -2.6179932249667592 2.6279921956851124 -1.5172744237648657
v -0.0250000003725290 0.0039174682460725 -0.0173749998211861
vn -2.6179954218147508 1.5172724076006019 -2.6279943910190724
v -0.0250000003725290 0.0043750000186265 -0.0169174689799547
vn -6.2831853071795880 0.0000000000000000 0.0000000000000000
v -0.0250000003725290 0.0049999998882413 -0.0179999992251396
vn 2.6179930121482116 0.0000002826144156 3.0345451277717670
v 0.0949999988079071 0.0049999998882413 -0.0242500007152557
vn 2.6179926911292348 -1.5172749511263532 2.6279916406039021
v 0.0949999988079071 0.0056250002235174 -0.0240825321525335
vn 2.6179961169620594 -2.6279948805178659 1.5172721249885699
v 0.0949999988079071 0.0060825315304101 -0.0236249994486570
vn 2.6179924533534025 -3.0345449005921452 0.0000000000000001
v 0.0949999988079071 0.0062500000931323 -0.0230000000447035
vn 2.6179961169620594 -2.6279948805178663 -1.5172721249885703
v 0.0949999988079071 0.0060825315304101 -0.0223750006407499
vn 2.6179926911292348 -1.5172749511263528 -2.6279916406039017
v 0.0949999988079071 0.0056250002235174 -0.0219174679368734
vn 2.6179930121482116 0.0000002826144156 -3.0345451277717670
v 0.0949999988079071 0.0049999998882413 -0.0217499993741512
vn 2.6179933862783562 1.5172746685130800 -2.6279921301065929
v 0.0949999988079071 0.0043750000186265 -0.0219174679368734
vn 2.6179952605031538 2.6279944565975906 -1.5172721628523860
v 0.0949999988079071 0.0039174682460725 -0.0223750006407499
vn 2.6179931485024981 3.0345451832069710 0.0000000000000001
v 0.0949999988079071 0.0037499999161810 -0.0230000000447035
vn 2.6179952605031538 2.6279944565975906 1.5172721628523862
v 0.0949999988079071 0.0039174682460725 -0.0236249994486570
vn 2.6179933862783562 1.5172746685130800 2.6279921301065925
v 0.0949999988079071 0.0043750000186265 -0.0240825321525335
vn 6.2831853071795871 0.0000000000000000 0.0000000000000000
v 0.0949999988079071 0.0049999998882413 -0.0230000000447035
vn 2.6179930121482116 -0.0000002826144156 3.0345451277717670
v 0.0949999988079071 -0.0049999998882413 -0.0242500007152557
vn 2.6179933862783562 -1.5172746685130800 2.6279921301065929
v 0.0949999988079071 -0.0043750000186265 -0.0240825321525335
vn 2.6179952605031538 -2.6279944565975906 1.5172721628523860
v 0.0949999988079071 -0.0039174682460725 -0.0236249994486570
vn 2.6179931485024981 -3.0345451832069710 -0.0000000000000001
v 0.0949999988079071 -0.0037499999161810 -0.0230000000447035
vn 2.6179952605031538 -2.6279944565975906 -1.5172721628523862
v 0.0949999988079071 -0.0039174682460725 -0.0223750006407499
vn 2.6179933862783562 -1.5172746685130800 -2.6279921301065925
v 0.0949999988079071 -0.0043750000186265 -0.0219174679368734
vn 2.6179930121482116 -0.0000002826144156 -3.0345451277717670
v 0.0949999988079071 -0.0049999998882413 -0.0217499993741512
vn 2.6179926911292348 1.5172749511263532 -2.6279916406039021
v 0.0949999988079071 -0.0056250002235174 -0.0219174679368734
vn 2.6179961169620594 2.6279948805178659 -1.5172721249885699
v 0.0949999988079071 -0.0060825315304101 -0.0223750006407499
vn 2.6179924533534025 3.0345449005921452 -0.0000000000000001
v 0.0949999988079071 -0.0062500000931323 -0.0230000000447035
vn 2.6179961169620594 2.6279948805178663 1.5172721249885703
v 0.0949999988079071 -0.0060825315304101 -0.0236249994486570
vn 2.6179926911292348 1.5172749511263528 2.6279916406039017
v 0.0949999988079071 -0.0056250002235174 -0.0240825321525335
vn 6.2831853071795862 0.0000000000000000 0.0000000000000000
v 0.0949999988079071 -0.0049999998882413 -0.0230000000447035
vn 3.0345473886770455 -0.0000002826119040 -2.6179985733392201
v 0.0827500000596046 -0.0049999998882413 -0.0250000003725290
vn 2.6279932605599896 -1.5172704495889828 -2.6179906056819551
v 0.0829174667596817 -0.0043750000186265 -0.0250000003725290
vn 1.5172721628523869 -2.6279944565975919 -2.6179952605031538
v 0.0833749994635582 -0.0039174682460725 -0.0250000003725290
vn 0.0000000000000001 -3.0345451832069719 -2.6179931485024981
v 0.0839999988675117 -0.0037499999161810 -0.0250000003725290
vn -1.5172721628523864 -2.6279944565975910 -2.6179952605031538
v 0.0846249982714653 -0.0039174682460725 -0.0250000003725290
vn -2.6279932605599905 -1.5172704495889839 -2.6179906056819551
v 0.0850825309753418 -0.0043750000186265 -0.0250000003725290
vn -3.0345473886770451 -0.0000002826119039 -2.6179985733392201
v 0.0852499976754189 -0.0049999998882413 -0.0250000003725290
vn -2.6279927710557835 1.5172707322047674 -2.6179899105346278
v 0.0850825309753418 -0.0056250002235174 -0.0250000003725290
vn -1.5172721249885708 2.6279948805178663 -2.6179961169620594
v 0.0846249982714653 -0.0060825315304101 -0.0250000003725290
vn 0.0000000000000001 3.0345449005921443 -2.6179924533534025
v 0.0839999988675117 -0.0062500000931323 -0.0250000003725290
vn 1.5172721249885703 2.6279948805178659 -2.6179961169620594
v 0.0833749994635582 -0.0060825315304101 -0.0250000003725290
vn 2.6279927710557844 1.5172707322047678 -2.6179899105346278
v 0.0829174667596817 -0.0056250002235174 -0.0250000003725290
vn 0.0000000000000000 0.0000000000000000 -6.2831853071795862
v 0.0839999988675117 -0.0049999998882413 -0.0250000003725290
vn 3.0345451277717665 0.0000002826144156 -2.6179930121482116
v -0.0152500001713634 0.0049999998882413 -0.0250000003725290
vn 2.6279927710601418 -1.5172738206724146 -2.6179937088963965
v -0.0150825316086411 0.0056250002235174 -0.0250000003725290
vn 1.5172732554448098 -2.6279937500639274 -2.6179950991948977
v -0.0146249998360872 0.0060825315304101 -0.0250000003725290
vn 0.0000005652292101 -3.0345450520451731 -2.6179928258831890
v -0.0140000004321337 0.0062500000931323 -0.0250000003725290
vn -1.5172726902155997 -2.6279939015169562 -2.6179947266651116
v -0.0133750000968575 0.0060825315304101 -0.0250000003725290
vn -2.6279927710601414 -1.5172738206724146 -2.6179937088963960
v -0.0129174683243036 0.0056250002235174 -0.0250000003725290
vn -3.0345451277717670 0.0000002826144156 -2.6179930121482116
v -0.0127499997615814 0.0049999998882413 -0.0250000003725290
vn -2.6279932605622571 1.5172735380585665 -2.6179944040455174
v -0.0129174683243036 0.0043750000186265 -0.0250000003725290
vn -1.5172727280794689 2.6279934775957279 -2.6179938702066545
v -0.0133750000968575 0.0039174682460725 -0.0250000003725290
vn 0.0000005652285823 3.0345453346596214 -2.6179935210318361
v -0.0140000004321337 0.0037499999161810 -0.0250000003725290
vn 1.5172732933080508 2.6279933261430779 -2.6179942427359926
v -0.0146249998360872 0.0039174682460725 -0.0250000003725290
vn 2.6279932605622576 1.5172735380585671 -2.6179944040455174
v -0.0150825316086411 0.0043750000186265 -0.0250000003725290
vn 0.0000000000000000 0.0000000000000000 -6.2831853071795862
v -0.0140000004321337 0.0049999998882413 -0.0250000003725290
vn 3.0345451277717670 -0.0000002826144156 -2.6179930121482116
v -0.0152500001713634 -0.0049999998882413 -0.0250000003725290
vn 2.6279932605622571 -1.5172735380585665 -2.6179944040455174
v -0.0150825316086411 -0.0043750000186265 -0.0250000003725290
vn 1.5172732933080511 -2.6279933261430779 -2.6179942427359926
v -0.0146249998360872 -0.0039174682460725 -0.0250000003725290
vn 0.0000005652285823 -3.0345453346596223 -2.6179935210318361
v -0.0140000004321337 -0.0037499999161810 -0.0250000003725290
vn -1.5172727280794684 -2.6279934775957270 -2.6179938702066545
v -0.0133750000968575 -0.0039174682460725 -0.0250000003725290
vn -2.6279932605622576 -1.5172735380585671 -2.6179944040455174
v -0.0129174683243036 -0.0043750000186265 -0.0250000003725290
vn -3.0345451277717665 -0.0000002826144156 -2.6179930121482116
v -0.0127499997615814 -0.0049999998882413 -0.0250000003725290
vn -2.6279927710601418 1.5172738206724146 -2.6179937088963960
v -0.0129174683243036 -0.0056250002235174 -0.0250000003725290
vn -1.5172726902155997 2.6279939015169562 -2.6179947266651116
v -0.0133750000968575 -0.0060825315304101 -0.0250000003725290
vn 0.0000005652292102 3.0345450520451740 -2.6179928258831890
v -0.0140000004321337 -0.0062500000931323 -0.0250000003725290
vn 1.5172732554448098 2.6279937500639274 -2.6179950991948977
v -0.0146249998360872 -0.0060825315304101 -0.0250000003725290
vn 2.6279927710601414 1.5172738206724146 -2.6179937088963965
v -0.0150825316086411 -0.0056250002235174 -0.0250000003725290
vn 0.0000000000000000 0.0000000000000000 -6.2831853071795862
v -0.0140000004321337 -0.0049999998882413 -0.0250000003725290
vn 3.0345473886770455 -0.0000002826119040 -2.6179985733392201
v 0.0337500013411045 -0.0049999998882413 -0.0250000003725290
vn 2.6279932605599896 -1.5172704495889828 -2.6179906056819551
v 0.0339174680411816 -0.0043750000186265 -0.0250000003725290
vn 1.5172721628523869 -2.6279944565975919 -2.6179952605031538
v 0.0343750007450581 -0.0039174682460725 -0.0250000003725290
vn 0.0000000000000001 -3.0345451832069719 -2.6179931485024981
v 0.0350000001490116 -0.0037499999161810 -0.0250000003725290
vn -1.5172721628523864 -2.6279944565975910 -2.6179952605031538
v 0.0356249995529652 -0.0039174682460725 -0.0250000003725290
vn -2.6279932605599905 -1.5172704495889839 -2.6179906056819551
v 0.0360825322568417 -0.0043750000186265 -0.0250000003725290
vn -3.0345473886770451 -0.0000002826119039 -2.6179985733392201
v 0.0362499989569187 -0.0049999998882413 -0.0250000003725290
vn -2.6279927710557835 1.5172707322047674 -2.6179899105346278
v 0.0360825322568417 -0.0056250002235174 -0.0250000003725290
vn -1.5172721249885708 2.6279948805178663 -2.6179961169620594
v 0.0356249995529652 -0.0060825315304101 -0.0250000003725290
vn 0.0000000000000001 3.0345449005921443 -2.6179924533534025
v 0.0350000001490116 -0.0062500000931323 -0.0250000003725290
vn 1.5172721249885703 2.6279948805178659 -2.6179961169620594
v 0.0343750007450581 -0.0060825315304101 -0.0250000003725290
vn 2.6279927710557844 1.5172707322047678 -2.6179899105346278
v 0.0339174680411816 -0.0056250002235174 -0.0250000003725290
vn 0.0000000000000000 0.0000000000000000 -6.2831853071795862
v 0.0350000001490116 -0.0049999998882413 -0.0250000003725290
vn 3.0345473886770451 0.0000002826119039 -2.6179985733392201
v 0.0827500000596046 0.0049999998882413 -0.0250000003725290
vn 2.6279927710557835 -1.5172707322047674 -2.6179899105346278
v 0.0829174667596817 0.0056250002235174 -0.0250000003725290
vn 1.5172721249885708 -2.6279948805178663 -2.6179961169620594
v 0.0833749994635582 0.0060825315304101 -0.0250000003725290
vn -0.0000000000000001 -3.0345449005921443 -2.6179924533534025
v 0.0839999988675117 0.0062500000931323 -0.0250000003725290
vn -1.5172721249885703 -2.6279948805178659 -2.6179961169620594
v 0.0846249982714653 0.0060825315304101 -0.0250000003725290
vn -2.6279927710557844 -1.5172707322047678 -2.6179899105346278
v 0.0850825309753418 0.0056250002235174 -0.0250000003725290
vn -3.0345473886770455 0.0000002826119040 -2.6179985733392201
v 0.0852499976754189 0.0049999998882413 -0.0250000003725290
vn -2.6279932605599896 1.5172704495889828 -2.6179906056819551
v 0.0850825309753418 0.0043750000186265 -0.0250000003725290
vn -1.5172721628523869 2.6279944565975919 -2.6179952605031538
v 0.0846249982714653 0.0039174682460725 -0.0250000003725290
vn -0.0000000000000001 3.0345451832069719 -2.6179931485024981
v 0.0839999988675117 0.0037499999161810 -0.0250000003725290
vn 1.5172721628523864 2.6279944565975910 -2.6179952605031538
v 0.0833749994635582 0.0039174682460725 -0.0250000003725290
vn 2.6279932605599905 1.5172704495889839 -2.6179906056819551
v 0.0829174667596817 0.0043750000186265 -0.0250000003725290
vn 0.0000000000000000 0.0000000000000000 -6.2831853071795871
v 0.0839999988675117 0.0049999998882413 -0.0250000003725290
vn 3.0345473886770451 0.0000002826119039 -2.6179985733392201
v 0.0337500013411045 0.0049999998882413 -0.0250000003725290
vn 2.6279927710557835 -1.5172707322047674 -2.6179899105346278
v 0.0339174680411816 0.0056250002235174 -0.0250000003725290
vn 1.5172721249885708 -2.6279948805178663 -2.6179961169620594
v 0.0343750007450581 0.0060825315304101 -0.0250000003725290
vn -0.0000000000000001 -3.0345449005921443 -2.6179924533534025
v 0.0350000001490116 0.0062500000931323 -0.0250000003725290
vn -1.5172721249885703 -2.6279948805178659 -2.6179961169620594
v 0.0356249995529652 0.0060825315304101 -0.0250000003725290
vn -2.6279927710557844 -1.5172707322047678 -2.6179899105346278
v 0.0360825322568417 0.0056250002235174 -0.0250000003725290
vn -3.0345473886770455 0.0000002826119040 -2.6179985733392201
v 0.0362499989569187 0.0049999998882413 -0.0250000003725290
vn -2.6279932605599896 1.5172704495889828 -2.6179906056819551
v 0.0360825322568417 0.0043750000186265 -0.0250000003725290
vn -1.5172721628523869 2.6279944565975919 -2.6179952605031538
v 0.0356249995529652 0.0039174682460725 -0.0250000003725290
vn -0.0000000000000001 3.0345451832069719 -2.6179931485024981
v 0.0350000001490116 0.0037499999161810 -0.0250000003725290
vn 1.5172721628523864 2.6279944565975910 -2.6179952605031538
v 0.0343750007450581 0.0039174682460725 -0.0250000003725290
vn 2.6279932605599905 1.5172704495889839 -2.6179906056819551
v 0.0339174680411816 0.0043750000186265 -0.0250000003725290
vn 0.0000000000000000 0.0000000000000000 -6.2831853071795871
v 0.0350000001490116 0.0049999998882413 -0.0250000003725290
# 2694 vertices, 0 vertices normals

f 1//1 2//2 3//3
f 3//3 2//2 4//4
f 2//2 5//5 4//4
f 4//4 5//5 6//6
f 4//4 6//6 7//7
f 7//7 6//6 8//8
f 7//7 8//8 9//9
f 9//9 8//8 10//10
f 9//9 10//10 11//11
f 11//11 10//10 12//12
f 11//11 12//12 13//13
f 13//13 12//12 14//14
f 13//13 14//14 15//15
f 15//15 14//14 16//16
f 15//15 16//16 17//17
f 17//17 16//16 18//18
f 17//17 18//18 19//19
f 19//19 18//18 20//20
f 19//19 20//20 21//21
f 21//21 20//20 22//22
f 21//21 22//22 23//23
f 23//23 22//22 24//24
f 23//23 24//24 25//25
f 25//25 24//24 26//26
f 25//25 26//26 27//27
f 27//27 26//26 28//28
f 27//27 28//28 29//29
f 29//29 28//28 30//30
f 29//29 30//30 31//31
f 31//31 30//30 32//32
f 31//31 32//32 33//33
f 33//33 32//32 34//34
f 33//33 34//34 35//35
f 35//35 34//34 36//36
f 35//35 36//36 37//37
f 37//37 36//36 38//38
f 37//37 38//38 39//39
f 39//39 38//38 40//40
f 39//39 40//40 41//41
f 41//41 40//40 42//42
f 41//41 42//42 43//43
f 43//43 42//42 44//44
f 43//43 44//44 45//45
f 45//45 44//44 46//46
f 45//45 46//46 47//47
f 47//47 46//46 48//48
f 47//47 48//48 49//49
f 49//49 48//48 50//50
f 49//49 50//50 51//51
f 51//51 50//50 52//52
f 51//51 52//52 53//53
f 53//53 52//52 54//54
f 53//53 54//54 55//55
f 55//55 54//54 1//1
f 55//55 1//1 56//56
f 56//56 1//1 3//3
f 2//2 1//1 57//57
f 8//8 6//6 57//57
f 57//57 6//6 5//5
f 57//57 5//5 2//2
f 14//14 12//12 57//57
f 57//57 12//12 10//10
f 57//57 10//10 8//8
f 20//20 18//18 57//57
f 57//57 18//18 16//16
f 57//57 16//16 14//14
f 26//26 24//24 57//57
f 57//57 24//24 22//22
f 57//57 22//22 20//20
f 32//32 30//30 57//57
f 57//57 30//30 28//28
f 57//57 28//28 26//26
f 38//38 36//36 57//57
f 57//57 36//36 34//34
f 57//57 34//34 32//32
f 44//44 42//42 57//57
f 57//57 42//42 40//40
f 57//57 40//40 38//38
f 50//50 48//48 57//57
f 57//57 48//48 46//46
f 57//57 46//46 44//44
f 1//1 54//54 57//57
f 57//57 54//54 52//52
f 57//57 52//52 50//50
f 3//3 4//4 58//58
f 53//53 55//55 58//58
f 58//58 55//55 56//56
f 58//58 56//56 3//3
f 47//47 49//49 58//58
f 58//58 49//49 51//51
f 58//58 51//51 53//53
f 41//41 43//43 58//58
f 58//58 43//43 45//45
f 58//58 45//45 47//47
f 35//35 37//37 58//58
f 58//58 37//37 39//39
f 58//58 39//39 41//41
f 29//29 31//31 58//58
f 58//58 31//31 33//33
f 58//58 33//33 35//35
f 23//23 25//25 58//58
f 58//58 25//25 27//27
f 58//58 27//27 29//29
f 17//17 19//19 58//58
f 58//58 19//19 21//21
f 58//58 21//21 23//23
f 11//11 13//13 58//58
f 58//58 13//13 15//15
f 58//58 15//15 17//17
f 4//4 7//7 58//58
f 58//58 7//7 9//9
f 58//58 9//9 11//11
f 59//59 60//60 61//61
f 62//62 63//63 64//64
f 65//65 66//66 67//67
f 68//68 69//69 70//70
f 71//71 72//72 73//73
f 74//74 75//75 76//76
f 77//77 78//78 69//69
f 79//79 80//80 81//81
f 82//82 83//83 84//84
f 85//85 86//86 76//76
f 87//87 88//88 89//89
f 90//90 91//91 92//92
f 93//93 94//94 95//95
f 95//95 96//96 93//93
f 93//93 96//96 97//97
f 93//93 97//97 91//91
f 91//91 97//97 98//98
f 91//91 98//98 92//92
f 72//72 89//89 73//73
f 73//73 89//89 88//88
f 73//73 88//88 96//96
f 96//96 88//88 99//99
f 96//96 99//99 97//97
f 100//100 101//101 102//102
f 87//87 89//89 103//103
f 103//103 89//89 100//100
f 103//103 100//100 104//104
f 104//104 100//100 102//102
f 104//104 102//102 105//105
f 105//105 102//102 106//106
f 105//105 106//106 107//107
f 106//106 108//108 60//60
f 107//107 109//109 110//110
f 110//110 109//109 111//111
f 110//110 111//111 112//112
f 112//112 111//111 113//113
f 114//114 115//115 116//116
f 114//114 116//116 117//117
f 118//118 115//115 119//119
f 120//120 121//121 63//63
f 118//118 119//119 122//122
f 122//122 119//119 120//120
f 122//122 120//120 123//123
f 124//124 125//125 126//126
f 126//126 125//125 127//127
f 126//126 127//127 128//128
f 128//128 127//127 123//123
f 129//129 130//130 131//131
f 131//131 130//130 132//132
f 131//131 132//132 133//133
f 80//80 79//79 134//134
f 135//135 136//136 79//79
f 79//79 136//136 133//133
f 79//79 133//133 134//134
f 134//134 133//133 132//132
f 137//137 136//136 138//138
f 138//138 136//136 135//135
f 138//138 135//135 78//78
f 78//78 135//135 139//139
f 78//78 139//139 69//69
f 137//137 138//138 140//140
f 140//140 138//138 85//85
f 140//140 85//85 141//141
f 61//61 60//60 142//142
f 142//142 60//60 108//108
f 142//142 108//108 143//143
f 143//143 108//108 101//101
f 143//143 101//101 144//144
f 144//144 101//101 100//100
f 144//144 100//100 145//145
f 107//107 106//106 109//109
f 109//109 106//106 60//60
f 109//109 60//60 146//146
f 146//146 60//60 59//59
f 146//146 59//59 147//147
f 147//147 59//59 148//148
f 147//147 148//148 149//149
f 116//116 112//112 117//117
f 117//117 112//112 113//113
f 117//117 113//113 150//150
f 150//150 113//113 151//151
f 150//150 151//151 152//152
f 152//152 151//151 84//84
f 152//152 84//84 114//114
f 114//114 84//84 83//83
f 114//114 83//83 115//115
f 115//115 83//83 82//82
f 115//115 82//82 119//119
f 64//64 63//63 153//153
f 153//153 63//63 121//121
f 153//153 121//121 154//154
f 154//154 121//121 82//82
f 154//154 82//82 155//155
f 155//155 82//82 84//84
f 155//155 84//84 156//156
f 157//157 124//124 158//158
f 123//123 120//120 128//128
f 128//128 120//120 63//63
f 128//128 63//63 158//158
f 158//158 63//63 62//62
f 158//158 62//62 157//157
f 129//129 127//127 130//130
f 130//130 127//127 125//125
f 130//130 125//125 159//159
f 159//159 125//125 160//160
f 159//159 160//160 161//161
f 161//161 160//160 66//66
f 69//69 68//68 77//77
f 77//77 68//68 162//162
f 77//77 162//162 86//86
f 163//163 164//164 165//165
f 165//165 74//74 166//166
f 166//166 74//74 76//76
f 166//166 76//76 167//167
f 167//167 76//76 86//86
f 167//167 86//86 168//168
f 168//168 86//86 162//162
f 166//166 169//169 165//165
f 165//165 169//169 170//170
f 165//165 170//170 163//163
f 163//163 170//170 171//171
f 90//90 172//172 173//173
f 173//173 172//172 174//174
f 173//173 174//174 175//175
f 85//85 76//76 141//141
f 141//141 76//76 75//75
f 141//141 75//75 176//176
f 176//176 75//75 164//164
f 176//176 164//164 92//92
f 92//92 164//164 163//163
f 92//92 163//163 90//90
f 90//90 163//163 171//171
f 90//90 171//171 172//172
f 70//70 69//69 177//177
f 177//177 69//69 139//139
f 177//177 139//139 178//178
f 178//178 139//139 81//81
f 178//178 81//81 179//179
f 179//179 81//81 80//80
f 179//179 80//80 65//65
f 65//65 80//80 134//134
f 65//65 134//134 66//66
f 66//66 134//134 132//132
f 66//66 132//132 161//161
f 124//124 157//157 125//125
f 125//125 157//157 180//180
f 125//125 180//180 160//160
f 160//160 180//180 181//181
f 160//160 181//181 66//66
f 66//66 181//181 182//182
f 66//66 182//182 67//67
f 111//111 147//147 113//113
f 113//113 147//147 149//149
f 113//113 149//149 151//151
f 151//151 149//149 183//183
f 151//151 183//183 84//84
f 84//84 183//183 184//184
f 84//84 184//184 156//156
f 145//145 100//100 185//185
f 185//185 100//100 89//89
f 185//185 89//89 186//186
f 186//186 89//89 72//72
f 186//186 72//72 187//187
f 187//187 72//72 71//71
f 187//187 71//71 188//188
f 188//188 71//71 95//95
f 188//188 95//95 189//189
f 189//189 95//95 94//94
f 189//189 94//94 175//175
f 175//175 94//94 93//93
f 175//175 93//93 173//173
f 190//190 191//191 192//192
f 193//193 194//194 195//195
f 196//196 197//197 198//198
f 199//199 200//200 201//201
f 202//202 203//203 204//204
f 205//205 206//206 207//207
f 208//208 209//209 210//210
f 210//210 209//209 211//211
f 212//212 213//213 214//214
f 214//214 213//213 215//215
f 214//214 215//215 216//216
f 217//217 218//218 219//219
f 219//219 218//218 220//220
f 219//219 220//220 221//221
f 222//222 223//223 224//224
f 225//225 226//226 227//227
f 227//227 226//226 228//228
f 227//227 228//228 229//229
f 230//230 231//231 232//232
f 232//232 231//231 233//233
f 232//232 233//233 234//234
f 196//196 235//235 231//231
f 236//236 237//237 238//238
f 238//238 237//237 239//239
f 238//238 239//239 240//240
f 241//241 204//204 242//242
f 242//242 204//204 203//203
f 242//242 203//203 237//237
f 237//237 203//203 243//243
f 237//237 243//243 239//239
f 239//239 243//243 244//244
f 239//239 244//244 235//235
f 235//235 244//244 245//245
f 235//235 245//245 231//231
f 246//246 247//247 248//248
f 249//249 250//250 251//251
f 202//202 204//204 252//252
f 252//252 204//204 246//246
f 252//252 246//246 253//253
f 253//253 246//246 248//248
f 253//253 248//248 254//254
f 254//254 248//248 249//249
f 254//254 249//249 255//255
f 255//255 249//249 251//251
f 255//255 251//251 256//256
f 257//257 258//258 201//201
f 201//201 258//258 259//259
f 201//201 259//259 199//199
f 199//199 259//259 260//260
f 199//199 260//260 255//255
f 255//255 260//260 261//261
f 255//255 261//261 254//254
f 262//262 204//204 263//263
f 263//263 204//204 241//241
f 263//263 241//241 264//264
f 264//264 241//241 236//236
f 264//264 236//236 265//265
f 265//265 236//236 238//238
f 265//265 238//238 266//266
f 266//266 238//238 240//240
f 266//266 240//240 267//267
f 267//267 240//240 196//196
f 267//267 196//196 268//268
f 268//268 196//196 198//198
f 196//196 231//231 197//197
f 197//197 231//231 230//230
f 197//197 230//230 198//198
f 198//198 230//230 269//269
f 198//198 269//269 270//270
f 269//269 271//271 270//270
f 270//270 271//271 207//207
f 270//270 207//207 272//272
f 272//272 207//207 206//206
f 272//272 206//206 273//273
f 273//273 206//206 274//274
f 274//274 206//206 225//225
f 274//274 225//225 275//275
f 275//275 225//225 227//227
f 275//275 227//227 276//276
f 276//276 227//227 229//229
f 276//276 229//229 277//277
f 277//277 229//229 223//223
f 277//277 223//223 278//278
f 278//278 223//223 222//222
f 278//278 222//222 279//279
f 217//217 280//280 218//218
f 218//218 280//280 192//192
f 218//218 192//192 281//281
f 281//281 192//192 191//191
f 281//281 191//191 282//282
f 282//282 191//191 279//279
f 282//282 279//279 220//220
f 220//220 279//279 222//222
f 220//220 222//222 221//221
f 221//221 222//222 224//224
f 221//221 224//224 283//283
f 283//283 224//224 228//228
f 283//283 228//228 284//284
f 284//284 228//228 226//226
f 284//284 226//226 285//285
f 285//285 226//226 205//205
f 285//285 205//205 234//234
f 234//234 205//205 207//207
f 234//234 207//207 232//232
f 232//232 207//207 271//271
f 286//286 194//194 287//287
f 287//287 194//194 193//193
f 287//287 193//193 288//288
f 288//288 193//193 213//213
f 288//288 213//213 289//289
f 289//289 213//213 212//212
f 289//289 212//212 290//290
f 290//290 212//212 214//214
f 290//290 214//214 291//291
f 292//292 208//208 293//293
f 293//293 208//208 210//210
f 293//293 210//210 258//258
f 258//258 210//210 294//294
f 258//258 294//294 259//259
f 200//200 295//295 201//201
f 201//201 295//295 296//296
f 201//201 296//296 257//257
f 257//257 296//296 297//297
f 257//257 297//297 292//292
f 292//292 297//297 298//298
f 292//292 298//298 208//208
f 208//208 298//298 299//299
f 208//208 299//299 209//209
f 209//209 299//299 300//300
f 209//209 300//300 291//291
f 291//291 300//300 301//301
f 291//291 301//301 290//290
f 251//251 302//302 256//256
f 256//256 302//302 303//303
f 256//256 303//303 200//200
f 200//200 303//303 304//304
f 200//200 304//304 295//295
f 305//305 306//306 307//307
f 307//307 306//306 250//250
f 250//250 306//306 308//308
f 250//250 308//308 251//251
f 251//251 308//308 309//309
f 251//251 309//309 302//302
f 262//262 310//310 204//204
f 204//204 310//310 311//311
f 204//204 311//311 246//246
f 246//246 311//311 305//305
f 246//246 305//305 247//247
f 247//247 305//305 307//307
f 247//247 307//307 248//248
f 272//272 312//312 270//270
f 270//270 312//312 313//313
f 270//270 313//313 198//198
f 198//198 313//313 314//314
f 198//198 314//314 268//268
f 190//190 315//315 191//191
f 191//191 315//315 316//316
f 191//191 316//316 279//279
f 279//279 316//316 317//317
f 279//279 317//317 278//278
f 286//286 190//190 194//194
f 194//194 190//190 192//192
f 194//194 192//192 195//195
f 195//195 192//192 280//280
f 195//195 280//280 215//215
f 215//215 280//280 318//318
f 215//215 318//318 216//216
f 216//216 318//318 319//319
f 216//216 319//319 211//211
f 211//211 319//319 320//320
f 211//211 320//320 210//210
f 178//178 179//179 286//286
f 286//286 179//179 190//190
f 190//190 179//179 65//65
f 190//190 65//65 315//315
f 286//286 287//287 178//178
f 178//178 287//287 288//288
f 178//178 288//288 177//177
f 177//177 288//288 289//289
f 177//177 289//289 70//70
f 70//70 289//289 290//290
f 70//70 290//290 68//68
f 68//68 290//290 301//301
f 68//68 301//301 162//162
f 162//162 301//301 300//300
f 162//162 300//300 168//168
f 168//168 300//300 299//299
f 168//168 299//299 167//167
f 167//167 299//299 298//298
f 167//167 298//298 166//166
f 166//166 298//298 169//169
f 169//169 298//298 297//297
f 169//169 297//297 170//170
f 65//65 67//67 315//315
f 315//315 67//67 182//182
f 315//315 182//182 316//316
f 316//316 182//182 181//181
f 316//316 181//181 317//317
f 317//317 181//181 180//180
f 317//317 180//180 278//278
f 278//278 180//180 157//157
f 278//278 157//157 277//277
f 277//277 157//157 62//62
f 277//277 62//62 276//276
f 276//276 62//62 64//64
f 276//276 64//64 275//275
f 275//275 64//64 153//153
f 275//275 153//153 274//274
f 274//274 153//153 154//154
f 274//274 154//154 273//273
f 273//273 154//154 155//155
f 273//273 155//155 272//272
f 272//272 155//155 156//156
f 272//272 156//156 312//312
f 312//312 156//156 184//184
f 312//312 184//184 313//313
f 313//313 184//184 183//183
f 313//313 183//183 314//314
f 314//314 183//183 149//149
f 314//314 149//149 268//268
f 268//268 149//149 148//148
f 268//268 148//148 267//267
f 267//267 148//148 59//59
f 267//267 59//59 266//266
f 266//266 59//59 61//61
f 266//266 61//61 265//265
f 265//265 61//61 142//142
f 265//265 142//142 264//264
f 264//264 142//142 143//143
f 264//264 143//143 263//263
f 263//263 143//143 144//144
f 263//263 144//144 262//262
f 262//262 144//144 145//145
f 262//262 145//145 310//310
f 310//310 145//145 185//185
f 310//310 185//185 311//311
f 311//311 185//185 186//186
f 311//311 186//186 305//305
f 305//305 186//186 187//187
f 305//305 187//187 306//306
f 306//306 187//187 188//188
f 306//306 188//188 308//308
f 308//308 188//188 189//189
f 308//308 189//189 309//309
f 309//309 189//189 175//175
f 309//309 175//175 302//302
f 302//302 175//175 174//174
f 302//302 174//174 303//303
f 303//303 174//174 172//172
f 303//303 172//172 304//304
f 304//304 172//172 171//171
f 304//304 171//171 295//295
f 295//295 171//171 170//170
f 295//295 170//170 296//296
f 296//296 170//170 297//297
f 321//321 322//322 250//250
f 250//250 322//322 323//323
f 250//250 323//323 307//307
f 324//324 325//325 326//326
f 326//326 325//325 249//249
f 326//326 249//249 248//248
f 250//250 249//249 325//325
f 250//250 325//325 321//321
f 321//321 325//325 324//324
f 321//321 324//324 322//322
f 322//322 324//324 326//326
f 322//322 326//326 323//323
f 323//323 326//326 248//248
f 323//323 248//248 307//307
f 71//71 73//73 327//327
f 71//71 327//327 328//328
f 328//328 327//327 329//329
f 328//328 329//329 330//330
f 330//330 329//329 331//331
f 330//330 331//331 332//332
f 332//332 331//331 96//96
f 332//332 96//96 95//95
f 71//71 328//328 95//95
f 95//95 328//328 330//330
f 95//95 330//330 332//332
f 329//329 327//327 331//331
f 331//331 327//327 73//73
f 331//331 73//73 96//96
f 333//333 334//334 335//335
f 335//335 334//334 256//256
f 335//335 256//256 200//200
f 336//336 337//337 338//338
f 338//338 337//337 199//199
f 338//338 199//199 255//255
f 200//200 199//199 337//337
f 200//200 337//337 335//335
f 335//335 337//337 336//336
f 335//335 336//336 333//333
f 333//333 336//336 338//338
f 333//333 338//338 334//334
f 334//334 338//338 255//255
f 334//334 255//255 256//256
f 173//173 93//93 339//339
f 173//173 339//339 340//340
f 340//340 339//339 341//341
f 340//340 341//341 342//342
f 342//342 341//341 343//343
f 342//342 343//343 344//344
f 344//344 343//343 91//91
f 344//344 91//91 90//90
f 342//342 344//344 340//340
f 340//340 344//344 90//90
f 340//340 90//90 173//173
f 341//341 339//339 343//343
f 343//343 339//339 93//93
f 343//343 93//93 91//91
f 345//345 346//346 292//292
f 292//292 346//346 347//347
f 292//292 347//347 257//257
f 348//348 349//349 350//350
f 350//350 349//349 293//293
f 350//350 293//293 258//258
f 292//292 293//293 349//349
f 292//292 349//349 345//345
f 345//345 349//349 348//348
f 345//345 348//348 346//346
f 346//346 348//348 350//350
f 346//346 350//350 347//347
f 347//347 350//350 258//258
f 347//347 258//258 257//257
f 165//165 164//164 351//351
f 165//165 351//351 352//352
f 352//352 351//351 353//353
f 352//352 353//353 354//354
f 354//354 353//353 355//355
f 354//354 355//355 356//356
f 356//356 355//355 75//75
f 356//356 75//75 74//74
f 354//354 356//356 352//352
f 352//352 356//356 74//74
f 352//352 74//74 165//165
f 353//353 351//351 355//355
f 355//355 351//351 164//164
f 355//355 164//164 75//75
f 357//357 358//358 291//291
f 291//291 358//358 359//359
f 291//291 359//359 209//209
f 360//360 361//361 211//211
f 211//211 361//361 362//362
f 211//211 362//362 216//216
f 214//214 216//216 362//362
f 357//357 291//291 214//214
f 214//214 362//362 357//357
f 357//357 362//362 361//361
f 357//357 361//361 358//358
f 358//358 361//361 360//360
f 358//358 360//360 359//359
f 359//359 360//360 211//211
f 359//359 211//211 209//209
f 78//78 77//77 363//363
f 86//86 85//85 364//364
f 86//86 364//364 365//365
f 365//365 364//364 366//366
f 365//365 366//366 367//367
f 367//367 366//366 368//368
f 367//367 368//368 363//363
f 363//363 368//368 138//138
f 363//363 138//138 78//78
f 365//365 367//367 86//86
f 86//86 367//367 363//363
f 86//86 363//363 77//77
f 368//368 366//366 138//138
f 138//138 366//366 364//364
f 138//138 364//364 85//85
f 369//369 213//213 370//370
f 370//370 213//213 193//193
f 370//370 193//193 371//371
f 372//372 373//373 215//215
f 215//215 373//373 374//374
f 215//215 374//374 195//195
f 193//193 195//195 374//374
f 193//193 374//374 371//371
f 371//371 374//374 373//373
f 371//371 373//373 370//370
f 370//370 373//373 372//372
f 370//370 372//372 369//369
f 369//369 372//372 215//215
f 369//369 215//215 213//213
f 139//139 135//135 375//375
f 139//139 375//375 376//376
f 376//376 375//375 377//377
f 376//376 377//377 378//378
f 378//378 377//377 379//379
f 378//378 379//379 380//380
f 380//380 379//379 79//79
f 380//380 79//79 81//81
f 380//380 81//81 378//378
f 378//378 81//81 139//139
f 378//378 139//139 376//376
f 379//379 377//377 79//79
f 79//79 377//377 375//375
f 79//79 375//375 135//135
f 381//381 382//382 383//383
f 383//383 382//382 281//281
f 383//383 281//281 282//282
f 384//384 385//385 386//386
f 386//386 385//385 220//220
f 386//386 220//220 218//218
f 282//282 220//220 385//385
f 282//282 385//385 383//383
f 383//383 385//385 384//384
f 383//383 384//384 381//381
f 381//381 384//384 386//386
f 381//381 386//386 382//382
f 382//382 386//386 218//218
f 382//382 218//218 281//281
f 161//161 132//132 387//387
f 161//161 387//387 388//388
f 388//388 387//387 389//389
f 388//388 389//389 390//390
f 390//390 389//389 391//391
f 390//390 391//391 392//392
f 392//392 391//391 130//130
f 392//392 130//130 159//159
f 390//390 392//392 388//388
f 388//388 392//392 159//159
f 388//388 159//159 161//161
f 130//130 391//391 132//132
f 132//132 391//391 389//389
f 132//132 389//389 387//387
f 393//393 394//394 395//395
f 395//395 394//394 223//223
f 395//395 223//223 229//229
f 396//396 397//397 224//224
f 224//224 397//397 398//398
f 224//224 398//398 228//228
f 229//229 228//228 398//398
f 229//229 398//398 395//395
f 395//395 398//398 397//397
f 395//395 397//397 393//393
f 393//393 397//397 396//396
f 393//393 396//396 394//394
f 394//394 396//396 224//224
f 394//394 224//224 223//223
f 124//124 126//126 399//399
f 124//124 399//399 400//400
f 400//400 399//399 401//401
f 400//400 401//401 402//402
f 402//402 401//401 403//403
f 402//402 403//403 404//404
f 404//404 403//403 128//128
f 404//404 128//128 158//158
f 404//404 158//158 402//402
f 402//402 158//158 124//124
f 402//402 124//124 400//400
f 399//399 126//126 401//401
f 401//401 126//126 128//128
f 401//401 128//128 403//403
f 405//405 406//406 407//407
f 407//407 406//406 225//225
f 407//407 225//225 206//206
f 408//408 409//409 226//226
f 226//226 409//409 410//410
f 226//226 410//410 205//205
f 206//206 205//205 410//410
f 206//206 410//410 407//407
f 407//407 410//410 409//409
f 407//407 409//409 405//405
f 405//405 409//409 408//408
f 405//405 408//408 406//406
f 406//406 408//408 226//226
f 406//406 226//226 225//225
f 121//121 120//120 411//411
f 121//121 411//411 412//412
f 412//412 411//411 413//413
f 412//412 413//413 414//414
f 414//414 413//413 415//415
f 414//414 415//415 416//416
f 416//416 415//415 119//119
f 416//416 119//119 82//82
f 414//414 416//416 412//412
f 412//412 416//416 82//82
f 412//412 82//82 121//121
f 415//415 413//413 119//119
f 119//119 413//413 411//411
f 119//119 411//411 120//120
f 417//417 418//418 269//269
f 269//269 418//418 419//419
f 269//269 419//419 271//271
f 420//420 421//421 422//422
f 422//422 421//421 230//230
f 422//422 230//230 232//232
f 269//269 230//230 421//421
f 269//269 421//421 417//417
f 417//417 421//421 420//420
f 417//417 420//420 418//418
f 418//418 420//420 422//422
f 418//418 422//422 419//419
f 419//419 422//422 232//232
f 419//419 232//232 271//271
f 152//152 114//114 423//423
f 152//152 423//423 424//424
f 424//424 423//423 425//425
f 424//424 425//425 426//426
f 426//426 425//425 427//427
f 426//426 427//427 428//428
f 428//428 427//427 117//117
f 428//428 117//117 150//150
f 426//426 428//428 424//424
f 424//424 428//428 150//150
f 424//424 150//150 152//152
f 425//425 423//423 427//427
f 427//427 423//423 114//114
f 427//427 114//114 117//117
f 429//429 430//430 240//240
f 240//240 430//430 431//431
f 240//240 431//431 196//196
f 432//432 433//433 434//434
f 434//434 433//433 239//239
f 434//434 239//239 235//235
f 240//240 239//239 433//433
f 240//240 433//433 429//429
f 429//429 433//433 432//432
f 429//429 432//432 430//430
f 430//430 432//432 434//434
f 430//430 434//434 431//431
f 431//431 434//434 235//235
f 431//431 235//235 196//196
f 147//147 111//111 435//435
f 147//147 435//435 436//436
f 436//436 435//435 437//437
f 436//436 437//437 438//438
f 438//438 437//437 439//439
f 438//438 439//439 440//440
f 440//440 439//439 109//109
f 440//440 109//109 146//146
f 436//436 438//438 147//147
f 147//147 438//438 440//440
f 147//147 440//440 146//146
f 437//437 435//435 439//439
f 439//439 435//435 111//111
f 439//439 111//111 109//109
f 441//441 236//236 442//442
f 442//442 236//236 241//241
f 442//442 241//241 443//443
f 444//444 445//445 446//446
f 446//446 445//445 242//242
f 446//446 242//242 237//237
f 241//241 242//242 445//445
f 241//241 445//445 443//443
f 443//443 445//445 444//444
f 443//443 444//444 442//442
f 442//442 444//444 446//446
f 442//442 446//446 441//441
f 441//441 446//446 237//237
f 441//441 237//237 236//236
f 108//108 106//106 447//447
f 108//108 447//447 448//448
f 448//448 447//447 449//449
f 448//448 449//449 450//450
f 450//450 449//449 451//451
f 450//450 451//451 452//452
f 452//452 451//451 102//102
f 452//452 102//102 101//101
f 448//448 450//450 108//108
f 108//108 450//450 452//452
f 108//108 452//452 101//101
f 102//102 451//451 106//106
f 106//106 451//451 449//449
f 106//106 449//449 447//447
f 453//453 231//231 454//454
f 454//454 231//231 245//245
f 454//454 245//245 455//455
f 455//455 245//245 244//244
f 455//455 244//244 456//456
f 456//456 244//244 243//243
f 456//456 243//243 457//457
f 457//457 243//243 203//203
f 457//457 203//203 458//458
f 458//458 203//203 202//202
f 458//458 202//202 459//459
f 459//459 202//202 252//252
f 459//459 252//252 460//460
f 460//460 252//252 253//253
f 460//460 253//253 461//461
f 461//461 253//253 254//254
f 461//461 254//254 462//462
f 462//462 254//254 261//261
f 462//462 261//261 463//463
f 463//463 261//261 260//260
f 463//463 260//260 464//464
f 464//464 260//260 259//259
f 464//464 259//259 465//465
f 465//465 259//259 294//294
f 465//465 294//294 466//466
f 466//466 294//294 210//210
f 466//466 210//210 467//467
f 467//467 210//210 320//320
f 467//467 320//320 468//468
f 468//468 320//320 319//319
f 468//468 319//319 469//469
f 469//469 319//319 318//318
f 469//469 318//318 470//470
f 470//470 318//318 280//280
f 470//470 280//280 471//471
f 471//471 280//280 217//217
f 471//471 217//217 472//472
f 472//472 217//217 219//219
f 472//472 219//219 473//473
f 473//473 219//219 221//221
f 473//473 221//221 474//474
f 474//474 221//221 283//283
f 474//474 283//283 475//475
f 475//475 283//283 284//284
f 475//475 284//284 476//476
f 476//476 284//284 285//285
f 476//476 285//285 477//477
f 477//477 285//285 234//234
f 477//477 234//234 478//478
f 478//478 234//234 233//233
f 478//478 233//233 453//453
f 453//453 233//233 231//231
f 479//479 469//469 480//480
f 480//480 469//469 470//470
f 480//480 470//470 481//481
f 481//481 470//470 471//471
f 481//481 471//471 482//482
f 482//482 471//471 472//472
f 482//482 472//472 483//483
f 483//483 472//472 473//473
f 483//483 473//473 484//484
f 484//484 473//473 474//474
f 484//484 474//474 485//485
f 485//485 474//474 475//475
f 485//485 475//475 486//486
f 486//486 475//475 476//476
f 486//486 476//476 487//487
f 487//487 476//476 477//477
f 487//487 477//477 488//488
f 488//488 477//477 478//478
f 488//488 478//478 489//489
f 489//489 478//478 453//453
f 489//489 453//453 490//490
f 490//490 453//453 454//454
f 490//490 454//454 491//491
f 491//491 454//454 455//455
f 491//491 455//455 492//492
f 492//492 455//455 456//456
f 492//492 456//456 493//493
f 493//493 456//456 457//457
f 493//493 457//457 494//494
f 494//494 457//457 458//458
f 494//494 458//458 495//495
f 495//495 458//458 459//459
f 495//495 459//459 496//496
f 496//496 459//459 460//460
f 496//496 460//460 497//497
f 497//497 460//460 461//461
f 497//497 461//461 498//498
f 498//498 461//461 462//462
f 498//498 462//462 499//499
f 499//499 462//462 463//463
f 499//499 463//463 500//500
f 500//500 463//463 464//464
f 500//500 464//464 501//501
f 501//501 464//464 465//465
f 501//501 465//465 502//502
f 502//502 465//465 466//466
f 502//502 466//466 503//503
f 503//503 466//466 467//467
f 503//503 467//467 504//504
f 504//504 467//467 468//468
f 504//504 468//468 479//479
f 479//479 468//468 469//469
f 505//505 489//489 506//506
f 506//506 489//489 490//490
f 506//506 490//490 507//507
f 507//507 490//490 491//491
f 507//507 491//491 508//508
f 508//508 491//491 492//492
f 508//508 492//492 509//509
f 509//509 492//492 493//493
f 509//509 493//493 510//510
f 510//510 493//493 494//494
f 510//510 494//494 511//511
f 511//511 494//494 495//495
f 511//511 495//495 512//512
f 512//512 495//495 496//496
f 512//512 496//496 513//513
f 513//513 496//496 497//497
f 513//513 497//497 514//514
f 514//514 497//497 498//498
f 514//514 498//498 515//515
f 515//515 498//498 499//499
f 515//515 499//499 516//516
f 516//516 499//499 500//500
f 516//516 500//500 517//517
f 517//517 500//500 501//501
f 517//517 501//501 518//518
f 518//518 501//501 502//502
f 518//518 502//502 519//519
f 519//519 502//502 503//503
f 519//519 503//503 520//520
f 520//520 503//503 504//504
f 520//520 504//504 521//521
f 521//521 504//504 479//479
f 521//521 479//479 522//522
f 522//522 479//479 480//480
f 522//522 480//480 523//523
f 523//523 480//480 481//481
f 523//523 481//481 524//524
f 524//524 481//481 482//482
f 524//524 482//482 525//525
f 525//525 482//482 483//483
f 525//525 483//483 526//526
f 526//526 483//483 484//484
f 526//526 484//484 527//527
f 527//527 484//484 485//485
f 527//527 485//485 528//528
f 528//528 485//485 486//486
f 528//528 486//486 529//529
f 529//529 486//486 487//487
f 529//529 487//487 530//530
f 530//530 487//487 488//488
f 530//530 488//488 505//505
f 505//505 488//488 489//489
f 517//517 531//531 516//516
f 516//516 531//531 532//532
f 516//516 532//532 515//515
f 515//515 532//532 533//533
f 515//515 533//533 514//514
f 514//514 533//533 534//534
f 514//514 534//534 513//513
f 513//513 534//534 535//535
f 513//513 535//535 512//512
f 512//512 535//535 536//536
f 512//512 536//536 511//511
f 511//511 536//536 537//537
f 511//511 537//537 510//510
f 510//510 537//537 538//538
f 510//510 538//538 509//509
f 509//509 538//538 539//539
f 509//509 539//539 508//508
f 508//508 539//539 540//540
f 508//508 540//540 507//507
f 507//507 540//540 541//541
f 507//507 541//541 506//506
f 506//506 541//541 542//542
f 506//506 542//542 505//505
f 505//505 542//542 543//543
f 505//505 543//543 530//530
f 530//530 543//543 544//544
f 530//530 544//544 529//529
f 529//529 544//544 545//545
f 529//529 545//545 528//528
f 528//528 545//545 546//546
f 528//528 546//546 527//527
f 527//527 546//546 547//547
f 527//527 547//547 526//526
f 526//526 547//547 548//548
f 526//526 548//548 525//525
f 525//525 548//548 549//549
f 525//525 549//549 524//524
f 524//524 549//549 550//550
f 524//524 550//550 523//523
f 523//523 550//550 551//551
f 523//523 551//551 522//522
f 522//522 551//551 552//552
f 522//522 552//552 521//521
f 521//521 552//552 553//553
f 521//521 553//553 520//520
f 520//520 553//553 554//554
f 520//520 554//554 519//519
f 519//519 554//554 555//555
f 519//519 555//555 518//518
f 518//518 555//555 556//556
f 518//518 556//556 517//517
f 517//517 556//556 531//531
f 116//116 542//542 112//112
f 112//112 542//542 541//541
f 112//112 541//541 110//110
f 110//110 541//541 540//540
f 110//110 540//540 107//107
f 107//107 540//540 539//539
f 107//107 539//539 105//105
f 105//105 539//539 538//538
f 105//105 538//538 104//104
f 104//104 538//538 537//537
f 104//104 537//537 103//103
f 103//103 537//537 536//536
f 103//103 536//536 87//87
f 87//87 536//536 535//535
f 87//87 535//535 88//88
f 88//88 535//535 534//534
f 88//88 534//534 99//99
f 99//99 534//534 533//533
f 99//99 533//533 97//97
f 97//97 533//533 532//532
f 97//97 532//532 98//98
f 98//98 532//532 531//531
f 98//98 531//531 92//92
f 92//92 531//531 556//556
f 92//92 556//556 176//176
f 176//176 556//556 555//555
f 176//176 555//555 141//141
f 141//141 555//555 554//554
f 141//141 554//554 140//140
f 140//140 554//554 553//553
f 140//140 553//553 137//137
f 137//137 553//553 552//552
f 137//137 552//552 136//136
f 136//136 552//552 551//551
f 136//136 551//551 133//133
f 133//133 551//551 550//550
f 133//133 550//550 131//131
f 131//131 550//550 549//549
f 131//131 549//549 129//129
f 129//129 549//549 548//548
f 129//129 548//548 127//127
f 127//127 548//548 547//547
f 127//127 547//547 123//123
f 123//123 547//547 546//546
f 123//123 546//546 122//122
f 122//122 546//546 545//545
f 122//122 545//545 118//118
f 118//118 545//545 544//544
f 118//118 544//544 115//115
f 115//115 544//544 543//543
f 115//115 543//543 116//116
f 116//116 543//543 542//542
f 557//557 558//558 559//559
f 560//560 561//561 562//562
f 562//562 561//561 563//563
f 562//562 563//563 564//564
f 564//564 563//563 565//565
f 564//564 565//565 566//566
f 566//566 565//565 567//567
f 566//566 567//567 568//568
f 568//568 567//567 569//569
f 568//568 569//569 559//559
f 559//559 569//569 570//570
f 559//559 570//570 557//557
f 571//571 572//572 573//573
f 573//573 572//572 574//574
f 573//573 574//574 575//575
f 575//575 574//574 576//576
f 575//575 576//576 577//577
f 577//577 576//576 578//578
f 577//577 578//578 579//579
f 579//579 578//578 580//580
f 579//579 580//580 581//581
f 581//581 580//580 582//582
f 581//581 582//582 560//560
f 560//560 582//582 583//583
f 560//560 583//583 561//561
f 557//557 584//584 558//558
f 558//558 584//584 585//585
f 558//558 585//585 586//586
f 586//586 585//585 587//587
f 586//586 587//587 588//588
f 588//588 587//587 589//589
f 588//588 589//589 590//590
f 590//590 589//589 591//591
f 590//590 591//591 592//592
f 592//592 591//591 593//593
f 592//592 593//593 594//594
f 595//595 596//596 597//597
f 597//597 596//596 598//598
f 597//597 598//598 599//599
f 599//599 598//598 600//600
f 599//599 600//600 601//601
f 601//601 600//600 602//602
f 601//601 602//602 603//603
f 603//603 602//602 604//604
f 603//603 604//604 571//571
f 571//571 604//604 605//605
f 571//571 605//605 572//572
f 593//593 606//606 594//594
f 594//594 606//606 607//607
f 594//594 607//607 608//608
f 608//608 607//607 609//609
f 608//608 609//609 610//610
f 610//610 609//609 611//611
f 610//610 611//611 612//612
f 612//612 611//611 613//613
f 612//612 613//613 614//614
f 614//614 613//613 615//615
f 614//614 615//615 616//616
f 616//616 615//615 617//617
f 616//616 617//617 595//595
f 595//595 617//617 618//618
f 595//595 618//618 596//596
f 619//619 620//620 621//621
f 621//621 620//620 622//622
f 621//621 622//622 623//623
f 623//623 622//622 624//624
f 623//623 624//624 625//625
f 625//625 624//624 626//626
f 625//625 626//626 627//627
f 627//627 626//626 628//628
f 627//627 628//628 629//629
f 630//630 631//631 632//632
f 632//632 631//631 633//633
f 632//632 633//633 634//634
f 634//634 633//633 635//635
f 634//634 635//635 636//636
f 636//636 635//635 637//637
f 636//636 637//637 638//638
f 638//638 637//637 639//639
f 638//638 639//639 640//640
f 640//640 639//639 641//641
f 640//640 641//641 619//619
f 619//619 641//641 642//642
f 619//619 642//642 620//620
f 628//628 643//643 629//629
f 629//629 643//643 644//644
f 629//629 644//644 645//645
f 645//645 644//644 646//646
f 645//645 646//646 647//647
f 647//647 646//646 648//648
f 647//647 648//648 649//649
f 649//649 648//648 650//650
f 649//649 650//650 651//651
f 651//651 650//650 652//652
f 651//651 652//652 653//653
f 653//653 652//652 654//654
f 653//653 654//654 655//655
f 656//656 657//657 658//658
f 658//658 657//657 659//659
f 658//658 659//659 660//660
f 660//660 659//659 661//661
f 660//660 661//661 662//662
f 662//662 661//661 663//663
f 662//662 663//663 664//664
f 664//664 663//663 665//665
f 664//664 665//665 630//630
f 630//630 665//665 666//666
f 630//630 666//666 631//631
f 667//667 668//668 656//656
f 656//656 668//668 669//669
f 656//656 669//669 657//657
f 654//654 670//670 655//655
f 655//655 670//670 671//671
f 655//655 671//671 672//672
f 672//672 671//671 673//673
f 672//672 673//673 674//674
f 674//674 673//673 675//675
f 674//674 675//675 676//676
f 676//676 675//675 677//677
f 676//676 677//677 678//678
f 678//678 677//677 679//679
f 678//678 679//679 667//667
f 667//667 679//679 680//680
f 667//667 680//680 668//668
f 585//585 584//584 669//669
f 669//669 584//584 657//657
f 584//584 557//557 657//657
f 657//657 557//557 570//570
f 657//657 570//570 659//659
f 659//659 570//570 569//569
f 659//659 569//569 661//661
f 661//661 569//569 567//567
f 661//661 567//567 663//663
f 663//663 567//567 565//565
f 663//663 565//565 665//665
f 665//665 565//565 563//563
f 665//665 563//563 666//666
f 666//666 563//563 561//561
f 666//666 561//561 631//631
f 631//631 561//561 583//583
f 631//631 583//583 633//633
f 633//633 583//583 582//582
f 633//633 582//582 635//635
f 635//635 582//582 580//580
f 635//635 580//580 637//637
f 637//637 580//580 578//578
f 637//637 578//578 639//639
f 639//639 578//578 576//576
f 639//639 576//576 641//641
f 641//641 576//576 574//574
f 641//641 574//574 642//642
f 642//642 574//574 572//572
f 642//642 572//572 620//620
f 620//620 572//572 605//605
f 620//620 605//605 622//622
f 622//622 605//605 604//604
f 622//622 604//604 624//624
f 624//624 604//604 602//602
f 624//624 602//602 626//626
f 626//626 602//602 600//600
f 626//626 600//600 628//628
f 628//628 600//600 598//598
f 628//628 598//598 643//643
f 643//643 598//598 596//596
f 643//643 596//596 644//644
f 644//644 596//596 618//618
f 644//644 618//618 646//646
f 646//646 618//618 617//617
f 646//646 617//617 648//648
f 648//648 617//617 615//615
f 648//648 615//615 650//650
f 650//650 615//615 613//613
f 650//650 613//613 652//652
f 652//652 613//613 611//611
f 652//652 611//611 654//654
f 654//654 611//611 609//609
f 654//654 609//609 670//670
f 670//670 609//609 607//607
f 670//670 607//607 671//671
f 671//671 607//607 606//606
f 671//671 606//606 673//673
f 673//673 606//606 593//593
f 673//673 593//593 675//675
f 675//675 593//593 591//591
f 675//675 591//591 677//677
f 677//677 591//591 589//589
f 677//677 589//589 679//679
f 679//679 589//589 587//587
f 679//679 587//587 680//680
f 680//680 587//587 585//585
f 680//680 585//585 668//668
f 668//668 585//585 669//669
f 601//601 625//625 599//599
f 599//599 625//625 627//627
f 599//599 627//627 597//597
f 597//597 627//627 629//629
f 597//597 629//629 595//595
f 595//595 629//629 645//645
f 595//595 645//645 616//616
f 616//616 645//645 647//647
f 616//616 647//647 614//614
f 614//614 647//647 649//649
f 614//614 649//649 612//612
f 612//612 649//649 651//651
f 612//612 651//651 610//610
f 610//610 651//651 653//653
f 610//610 653//653 608//608
f 608//608 653//653 655//655
f 608//608 655//655 594//594
f 594//594 655//655 672//672
f 594//594 672//672 592//592
f 592//592 672//672 674//674
f 592//592 674//674 590//590
f 590//590 674//674 676//676
f 590//590 676//676 588//588
f 588//588 676//676 678//678
f 588//588 678//678 586//586
f 586//586 678//678 667//667
f 586//586 667//667 558//558
f 558//558 667//667 656//656
f 558//558 656//656 559//559
f 559//559 656//656 658//658
f 559//559 658//658 568//568
f 568//568 658//658 660//660
f 568//568 660//660 566//566
f 566//566 660//660 662//662
f 566//566 662//662 564//564
f 564//564 662//662 664//664
f 564//564 664//664 562//562
f 562//562 664//664 630//630
f 562//562 630//630 560//560
f 560//560 630//630 632//632
f 560//560 632//632 581//581
f 581//581 632//632 634//634
f 581//581 634//634 579//579
f 579//579 634//634 636//636
f 579//579 636//636 577//577
f 577//577 636//636 638//638
f 577//577 638//638 575//575
f 575//575 638//638 640//640
f 575//575 640//640 573//573
f 573//573 640//640 619//619
f 573//573 619//619 571//571
f 571//571 619//619 621//621
f 571//571 621//621 603//603
f 603//603 621//621 623//623
f 603//603 623//623 601//601
f 601//601 623//623 625//625
f 681//681 682//682 683//683
f 683//683 682//682 684//684
f 682//682 685//685 684//684
f 684//684 685//685 686//686
f 684//684 686//686 687//687
f 687//687 686//686 688//688
f 687//687 688//688 689//689
f 689//689 688//688 690//690
f 689//689 690//690 691//691
f 691//691 690//690 692//692
f 691//691 692//692 693//693
f 693//693 692//692 694//694
f 693//693 694//694 695//695
f 695//695 694//694 696//696
f 695//695 696//696 697//697
f 697//697 696//696 698//698
f 697//697 698//698 699//699
f 699//699 698//698 700//700
f 699//699 700//700 701//701
f 701//701 700//700 702//702
f 701//701 702//702 703//703
f 703//703 702//702 704//704
f 703//703 704//704 705//705
f 705//705 704//704 706//706
f 705//705 706//706 707//707
f 707//707 706//706 708//708
f 707//707 708//708 709//709
f 709//709 708//708 710//710
f 709//709 710//710 711//711
f 711//711 710//710 712//712
f 711//711 712//712 713//713
f 713//713 712//712 714//714
f 713//713 714//714 715//715
f 715//715 714//714 716//716
f 715//715 716//716 717//717
f 717//717 716//716 718//718
f 717//717 718//718 719//719
f 719//719 718//718 720//720
f 719//719 720//720 721//721
f 721//721 720//720 722//722
f 721//721 722//722 723//723
f 723//723 722//722 724//724
f 723//723 724//724 725//725
f 725//725 724//724 726//726
f 725//725 726//726 727//727
f 727//727 726//726 728//728
f 727//727 728//728 729//729
f 729//729 728//728 730//730
f 729//729 730//730 731//731
f 731//731 730//730 732//732
f 731//731 732//732 733//733
f 733//733 732//732 734//734
f 733//733 734//734 735//735
f 735//735 734//734 681//681
f 735//735 681//681 736//736
f 736//736 681//681 683//683
f 682//682 681//681 737//737
f 688//688 686//686 737//737
f 737//737 686//686 685//685
f 737//737 685//685 682//682
f 694//694 692//692 737//737
f 737//737 692//692 690//690
f 737//737 690//690 688//688
f 700//700 698//698 737//737
f 737//737 698//698 696//696
f 737//737 696//696 694//694
f 706//706 704//704 737//737
f 737//737 704//704 702//702
f 737//737 702//702 700//700
f 712//712 710//710 737//737
f 737//737 710//710 708//708
f 737//737 708//708 706//706
f 718//718 716//716 737//737
f 737//737 716//716 714//714
f 737//737 714//714 712//712
f 724//724 722//722 737//737
f 737//737 722//722 720//720
f 737//737 720//720 718//718
f 730//730 728//728 737//737
f 737//737 728//728 726//726
f 737//737 726//726 724//724
f 681//681 734//734 737//737
f 737//737 734//734 732//732
f 737//737 732//732 730//730
f 683//683 684//684 738//738
f 733//733 735//735 738//738
f 738//738 735//735 736//736
f 738//738 736//736 683//683
f 727//727 729//729 738//738
f 738//738 729//729 731//731
f 738//738 731//731 733//733
f 721//721 723//723 738//738
f 738//738 723//723 725//725
f 738//738 725//725 727//727
f 715//715 717//717 738//738
f 738//738 717//717 719//719
f 738//738 719//719 721//721
f 709//709 711//711 738//738
f 738//738 711//711 713//713
f 738//738 713//713 715//715
f 703//703 705//705 738//738
f 738//738 705//705 707//707
f 738//738 707//707 709//709
f 697//697 699//699 738//738
f 738//738 699//699 701//701
f 738//738 701//701 703//703
f 691//691 693//693 738//738
f 738//738 693//693 695//695
f 738//738 695//695 697//697
f 684//684 687//687 738//738
f 738//738 687//687 689//689
f 738//738 689//689 691//691
f 739//739 740//740 741//741
f 742//742 743//743 744//744
f 745//745 746//746 747//747
f 748//748 749//749 750//750
f 751//751 752//752 753//753
f 754//754 755//755 756//756
f 757//757 758//758 749//749
f 759//759 760//760 761//761
f 762//762 763//763 764//764
f 765//765 766//766 756//756
f 767//767 768//768 769//769
f 770//770 771//771 772//772
f 773//773 774//774 775//775
f 775//775 776//776 773//773
f 773//773 776//776 777//777
f 773//773 777//777 771//771
f 771//771 777//777 778//778
f 771//771 778//778 772//772
f 752//752 769//769 753//753
f 753//753 769//769 768//768
f 753//753 768//768 776//776
f 776//776 768//768 779//779
f 776//776 779//779 777//777
f 780//780 781//781 782//782
f 767//767 769//769 783//783
f 783//783 769//769 780//780
f 783//783 780//780 784//784
f 784//784 780//780 782//782
f 784//784 782//782 785//785
f 785//785 782//782 786//786
f 785//785 786//786 787//787
f 786//786 788//788 740//740
f 787//787 789//789 790//790
f 790//790 789//789 791//791
f 790//790 791//791 792//792
f 792//792 791//791 793//793
f 794//794 795//795 796//796
f 794//794 796//796 797//797
f 798//798 795//795 799//799
f 800//800 801//801 743//743
f 798//798 799//799 802//802
f 802//802 799//799 800//800
f 802//802 800//800 803//803
f 804//804 805//805 806//806
f 806//806 805//805 807//807
f 806//806 807//807 808//808
f 808//808 807//807 803//803
f 809//809 810//810 811//811
f 811//811 810//810 812//812
f 811//811 812//812 813//813
f 760//760 759//759 814//814
f 815//815 816//816 759//759
f 759//759 816//816 813//813
f 759//759 813//813 814//814
f 814//814 813//813 812//812
f 817//817 816//816 818//818
f 818//818 816//816 815//815
f 818//818 815//815 758//758
f 758//758 815//815 819//819
f 758//758 819//819 749//749
f 817//817 818//818 820//820
f 820//820 818//818 765//765
f 820//820 765//765 821//821
f 741//741 740//740 822//822
f 822//822 740//740 788//788
f 822//822 788//788 823//823
f 823//823 788//788 781//781
f 823//823 781//781 824//824
f 824//824 781//781 780//780
f 824//824 780//780 825//825
f 787//787 786//786 789//789
f 789//789 786//786 740//740
f 789//789 740//740 826//826
f 826//826 740//740 739//739
f 826//826 739//739 827//827
f 827//827 739//739 828//828
f 827//827 828//828 829//829
f 796//796 792//792 797//797
f 797//797 792//792 793//793
f 797//797 793//793 830//830
f 830//830 793//793 831//831
f 830//830 831//831 832//832
f 832//832 831//831 764//764
f 832//832 764//764 794//794
f 794//794 764//764 763//763
f 794//794 763//763 795//795
f 795//795 763//763 762//762
f 795//795 762//762 799//799
f 744//744 743//743 833//833
f 833//833 743//743 801//801
f 833//833 801//801 834//834
f 834//834 801//801 762//762
f 834//834 762//762 835//835
f 835//835 762//762 764//764
f 835//835 764//764 836//836
f 837//837 804//804 838//838
f 803//803 800//800 808//808
f 808//808 800//800 743//743
f 808//808 743//743 838//838
f 838//838 743//743 742//742
f 838//838 742//742 837//837
f 809//809 807//807 810//810
f 810//810 807//807 805//805
f 810//810 805//805 839//839
f 839//839 805//805 840//840
f 839//839 840//840 841//841
f 841//841 840//840 746//746
f 749//749 748//748 757//757
f 757//757 748//748 842//842
f 757//757 842//842 766//766
f 843//843 844//844 845//845
f 845//845 754//754 846//846
f 846//846 754//754 756//756
f 846//846 756//756 847//847
f 847//847 756//756 766//766
f 847//847 766//766 848//848
f 848//848 766//766 842//842
f 846//846 849//849 845//845
f 845//845 849//849 850//850
f 845//845 850//850 843//843
f 843//843 850//850 851//851
f 770//770 852//852 853//853
f 853//853 852//852 854//854
f 853//853 854//854 855//855
f 765//765 756//756 821//821
f 821//821 756//756 755//755
f 821//821 755//755 856//856
f 856//856 755//755 844//844
f 856//856 844//844 772//772
f 772//772 844//844 843//843
f 772//772 843//843 770//770
f 770//770 843//843 851//851
f 770//770 851//851 852//852
f 750//750 749//749 857//857
f 857//857 749//749 819//819
f 857//857 819//819 858//858
f 858//858 819//819 761//761
f 858//858 761//761 859//859
f 859//859 761//761 760//760
f 859//859 760//760 745//745
f 745//745 760//760 814//814
f 745//745 814//814 746//746
f 746//746 814//814 812//812
f 746//746 812//812 841//841
f 804//804 837//837 805//805
f 805//805 837//837 860//860
f 805//805 860//860 840//840
f 840//840 860//860 861//861
f 840//840 861//861 746//746
f 746//746 861//861 862//862
f 746//746 862//862 747//747
f 791//791 827//827 793//793
f 793//793 827//827 829//829
f 793//793 829//829 831//831
f 831//831 829//829 863//863
f 831//831 863//863 764//764
f 764//764 863//863 864//864
f 764//764 864//864 836//836
f 825//825 780//780 865//865
f 865//865 780//780 769//769
f 865//865 769//769 866//866
f 866//866 769//769 752//752
f 866//866 752//752 867//867
f 867//867 752//752 751//751
f 867//867 751//751 868//868
f 868//868 751//751 775//775
f 868//868 775//775 869//869
f 869//869 775//775 774//774
f 869//869 774//774 855//855
f 855//855 774//774 773//773
f 855//855 773//773 853//853
f 870//870 871//871 872//872
f 873//873 874//874 875//875
f 876//876 877//877 878//878
f 879//879 880//880 881//881
f 882//882 883//883 884//884
f 885//885 886//886 887//887
f 888//888 889//889 890//890
f 890//890 889//889 891//891
f 892//892 893//893 894//894
f 894//894 893//893 895//895
f 894//894 895//895 896//896
f 897//897 898//898 899//899
f 899//899 898//898 900//900
f 899//899 900//900 901//901
f 902//902 903//903 904//904
f 905//905 906//906 907//907
f 907//907 906//906 908//908
f 907//907 908//908 909//909
f 910//910 911//911 912//912
f 912//912 911//911 913//913
f 912//912 913//913 914//914
f 876//876 915//915 911//911
f 916//916 917//917 918//918
f 918//918 917//917 919//919
f 918//918 919//919 920//920
f 921//921 884//884 922//922
f 922//922 884//884 883//883
f 922//922 883//883 917//917
f 917//917 883//883 923//923
f 917//917 923//923 919//919
f 919//919 923//923 924//924
f 919//919 924//924 915//915
f 915//915 924//924 925//925
f 915//915 925//925 911//911
f 926//926 927//927 928//928
f 929//929 930//930 931//931
f 882//882 884//884 932//932
f 932//932 884//884 926//926
f 932//932 926//926 933//933
f 933//933 926//926 928//928
f 933//933 928//928 934//934
f 934//934 928//928 929//929
f 934//934 929//929 935//935
f 935//935 929//929 931//931
f 935//935 931//931 936//936
f 937//937 938//938 881//881
f 881//881 938//938 939//939
f 881//881 939//939 879//879
f 879//879 939//939 940//940
f 879//879 940//940 935//935
f 935//935 940//940 941//941
f 935//935 941//941 934//934
f 942//942 884//884 943//943
f 943//943 884//884 921//921
f 943//943 921//921 944//944
f 944//944 921//921 916//916
f 944//944 916//916 945//945
f 945//945 916//916 918//918
f 945//945 918//918 946//946
f 946//946 918//918 920//920
f 946//946 920//920 947//947
f 947//947 920//920 876//876
f 947//947 876//876 948//948
f 948//948 876//876 878//878
f 876//876 911//911 877//877
f 877//877 911//911 910//910
f 877//877 910//910 878//878
f 878//878 910//910 949//949
f 878//878 949//949 950//950
f 949//949 951//951 950//950
f 950//950 951//951 887//887
f 950//950 887//887 952//952
f 952//952 887//887 886//886
f 952//952 886//886 953//953
f 953//953 886//886 954//954
f 954//954 886//886 905//905
f 954//954 905//905 955//955
f 955//955 905//905 907//907
f 955//955 907//907 956//956
f 956//956 907//907 909//909
f 956//956 909//909 957//957
f 957//957 909//909 903//903
f 957//957 903//903 958//958
f 958//958 903//903 902//902
f 958//958 902//902 959//959
f 897//897 960//960 898//898
f 898//898 960//960 872//872
f 898//898 872//872 961//961
f 961//961 872//872 871//871
f 961//961 871//871 962//962
f 962//962 871//871 959//959
f 962//962 959//959 900//900
f 900//900 959//959 902//902
f 900//900 902//902 901//901
f 901//901 902//902 904//904
f 901//901 904//904 963//963
f 963//963 904//904 908//908
f 963//963 908//908 964//964
f 964//964 908//908 906//906
f 964//964 906//906 965//965
f 965//965 906//906 885//885
f 965//965 885//885 914//914
f 914//914 885//885 887//887
f 914//914 887//887 912//912
f 912//912 887//887 951//951
f 966//966 874//874 967//967
f 967//967 874//874 873//873
f 967//967 873//873 968//968
f 968//968 873//873 893//893
f 968//968 893//893 969//969
f 969//969 893//893 892//892
f 969//969 892//892 970//970
f 970//970 892//892 894//894
f 970//970 894//894 971//971
f 972//972 888//888 973//973
f 973//973 888//888 890//890
f 973//973 890//890 938//938
f 938//938 890//890 974//974
f 938//938 974//974 939//939
f 880//880 975//975 881//881
f 881//881 975//975 976//976
f 881//881 976//976 937//937
f 937//937 976//976 977//977
f 937//937 977//977 972//972
f 972//972 977//977 978//978
f 972//972 978//978 888//888
f 888//888 978//978 979//979
f 888//888 979//979 889//889
f 889//889 979//979 980//980
f 889//889 980//980 971//971
f 971//971 980//980 981//981
f 971//971 981//981 970//970
f 931//931 982//982 936//936
f 936//936 982//982 983//983
f 936//936 983//983 880//880
f 880//880 983//983 984//984
f 880//880 984//984 975//975
f 985//985 986//986 987//987
f 987//987 986//986 930//930
f 930//930 986//986 988//988
f 930//930 988//988 931//931
f 931//931 988//988 989//989
f 931//931 989//989 982//982
f 942//942 990//990 884//884
f 884//884 990//990 991//991
f 884//884 991//991 926//926
f 926//926 991//991 985//985
f 926//926 985//985 927//927
f 927//927 985//985 987//987
f 927//927 987//987 928//928
f 952//952 992//992 950//950
f 950//950 992//992 993//993
f 950//950 993//993 878//878
f 878//878 993//993 994//994
f 878//878 994//994 948//948
f 870//870 995//995 871//871
f 871//871 995//995 996//996
f 871//871 996//996 959//959
f 959//959 996//996 997//997
f 959//959 997//997 958//958
f 966//966 870//870 874//874
f 874//874 870//870 872//872
f 874//874 872//872 875//875
f 875//875 872//872 960//960
f 875//875 960//960 895//895
f 895//895 960//960 998//998
f 895//895 998//998 896//896
f 896//896 998//998 999//999
f 896//896 999//999 891//891
f 891//891 999//999 1000//1000
f 891//891 1000//1000 890//890
f 858//858 859//859 966//966
f 966//966 859//859 870//870
f 870//870 859//859 745//745
f 870//870 745//745 995//995
f 966//966 967//967 858//858
f 858//858 967//967 968//968
f 858//858 968//968 857//857
f 857//857 968//968 969//969
f 857//857 969//969 750//750
f 750//750 969//969 970//970
f 750//750 970//970 748//748
f 748//748 970//970 981//981
f 748//748 981//981 842//842
f 842//842 981//981 980//980
f 842//842 980//980 848//848
f 848//848 980//980 979//979
f 848//848 979//979 847//847
f 847//847 979//979 978//978
f 847//847 978//978 846//846
f 846//846 978//978 849//849
f 849//849 978//978 977//977
f 849//849 977//977 850//850
f 745//745 747//747 995//995
f 995//995 747//747 862//862
f 995//995 862//862 996//996
f 996//996 862//862 861//861
f 996//996 861//861 997//997
f 997//997 861//861 860//860
f 997//997 860//860 958//958
f 958//958 860//860 837//837
f 958//958 837//837 957//957
f 957//957 837//837 742//742
f 957//957 742//742 956//956
f 956//956 742//742 744//744
f 956//956 744//744 955//955
f 955//955 744//744 833//833
f 955//955 833//833 954//954
f 954//954 833//833 834//834
f 954//954 834//834 953//953
f 953//953 834//834 835//835
f 953//953 835//835 952//952
f 952//952 835//835 836//836
f 952//952 836//836 992//992
f 992//992 836//836 864//864
f 992//992 864//864 993//993
f 993//993 864//864 863//863
f 993//993 863//863 994//994
f 994//994 863//863 829//829
f 994//994 829//829 948//948
f 948//948 829//829 828//828
f 948//948 828//828 947//947
f 947//947 828//828 739//739
f 947//947 739//739 946//946
f 946//946 739//739 741//741
f 946//946 741//741 945//945
f 945//945 741//741 822//822
f 945//945 822//822 944//944
f 944//944 822//822 823//823
f 944//944 823//823 943//943
f 943//943 823//823 824//824
f 943//943 824//824 942//942
f 942//942 824//824 825//825
f 942//942 825//825 990//990
f 990//990 825//825 865//865
f 990//990 865//865 991//991
f 991//991 865//865 866//866
f 991//991 866//866 985//985
f 985//985 866//866 867//867
f 985//985 867//867 986//986
f 986//986 867//867 868//868
f 986//986 868//868 988//988
f 988//988 868//868 869//869
f 988//988 869//869 989//989
f 989//989 869//869 855//855
f 989//989 855//855 982//982
f 982//982 855//855 854//854
f 982//982 854//854 983//983
f 983//983 854//854 852//852
f 983//983 852//852 984//984
f 984//984 852//852 851//851
f 984//984 851//851 975//975
f 975//975 851//851 850//850
f 975//975 850//850 976//976
f 976//976 850//850 977//977
f 1001//1001 1002//1002 930//930
f 930//930 1002//1002 1003//1003
f 930//930 1003//1003 987//987
f 1004//1004 1005//1005 1006//1006
f 1006//1006 1005//1005 929//929
f 1006//1006 929//929 928//928
f 930//930 929//929 1005//1005
f 930//930 1005//1005 1001//1001
f 1001//1001 1005//1005 1004//1004
f 1001//1001 1004//1004 1002//1002
f 1002//1002 1004//1004 1006//1006
f 1002//1002 1006//1006 1003//1003
f 1003//1003 1006//1006 928//928
f 1003//1003 928//928 987//987
f 751//751 753//753 1007//1007
f 751//751 1007//1007 1008//1008
f 1008//1008 1007//1007 1009//1009
f 1008//1008 1009//1009 1010//1010
f 1010//1010 1009//1009 1011//1011
f 1010//1010 1011//1011 1012//1012
f 1012//1012 1011//1011 776//776
f 1012//1012 776//776 775//775
f 751//751 1008//1008 775//775
f 775//775 1008//1008 1010//1010
f 775//775 1010//1010 1012//1012
f 1009//1009 1007//1007 1011//1011
f 1011//1011 1007//1007 753//753
f 1011//1011 753//753 776//776
f 1013//1013 1014//1014 1015//1015
f 1015//1015 1014//1014 936//936
f 1015//1015 936//936 880//880
f 1016//1016 1017//1017 1018//1018
f 1018//1018 1017//1017 879//879
f 1018//1018 879//879 935//935
f 880//880 879//879 1017//1017
f 880//880 1017//1017 1015//1015
f 1015//1015 1017//1017 1016//1016
f 1015//1015 1016//1016 1013//1013
f 1013//1013 1016//1016 1018//1018
f 1013//1013 1018//1018 1014//1014
f 1014//1014 1018//1018 935//935
f 1014//1014 935//935 936//936
f 853//853 773//773 1019//1019
f 853//853 1019//1019 1020//1020
f 1020//1020 1019//1019 1021//1021
f 1020//1020 1021//1021 1022//1022
f 1022//1022 1021//1021 1023//1023
f 1022//1022 1023//1023 1024//1024
f 1024//1024 1023//1023 771//771
f 1024//1024 771//771 770//770
f 1022//1022 1024//1024 1020//1020
f 1020//1020 1024//1024 770//770
f 1020//1020 770//770 853//853
f 1021//1021 1019//1019 1023//1023
f 1023//1023 1019//1019 773//773
f 1023//1023 773//773 771//771
f 1025//1025 1026//1026 972//972
f 972//972 1026//1026 1027//1027
f 972//972 1027//1027 937//937
f 1028//1028 1029//1029 1030//1030
f 1030//1030 1029//1029 973//973
f 1030//1030 973//973 938//938
f 972//972 973//973 1029//1029
f 972//972 1029//1029 1025//1025
f 1025//1025 1029//1029 1028//1028
f 1025//1025 1028//1028 1026//1026
f 1026//1026 1028//1028 1030//1030
f 1026//1026 1030//1030 1027//1027
f 1027//1027 1030//1030 938//938
f 1027//1027 938//938 937//937
f 845//845 844//844 1031//1031
f 845//845 1031//1031 1032//1032
f 1032//1032 1031//1031 1033//1033
f 1032//1032 1033//1033 1034//1034
f 1034//1034 1033//1033 1035//1035
f 1034//1034 1035//1035 1036//1036
f 1036//1036 1035//1035 755//755
f 1036//1036 755//755 754//754
f 1034//1034 1036//1036 1032//1032
f 1032//1032 1036//1036 754//754
f 1032//1032 754//754 845//845
f 1033//1033 1031//1031 1035//1035
f 1035//1035 1031//1031 844//844
f 1035//1035 844//844 755//755
f 1037//1037 1038//1038 971//971
f 971//971 1038//1038 1039//1039
f 971//971 1039//1039 889//889
f 1040//1040 1041//1041 891//891
f 891//891 1041//1041 1042//1042
f 891//891 1042//1042 896//896
f 894//894 896//896 1042//1042
f 1037//1037 971//971 894//894
f 894//894 1042//1042 1037//1037
f 1037//1037 1042//1042 1041//1041
f 1037//1037 1041//1041 1038//1038
f 1038//1038 1041//1041 1040//1040
f 1038//1038 1040//1040 1039//1039
f 1039//1039 1040//1040 891//891
f 1039//1039 891//891 889//889
f 758//758 757//757 1043//1043
f 766//766 765//765 1044//1044
f 766//766 1044//1044 1045//1045
f 1045//1045 1044//1044 1046//1046
f 1045//1045 1046//1046 1047//1047
f 1047//1047 1046//1046 1048//1048
f 1047//1047 1048//1048 1043//1043
f 1043//1043 1048//1048 818//818
f 1043//1043 818//818 758//758
f 1045//1045 1047//1047 766//766
f 766//766 1047//1047 1043//1043
f 766//766 1043//1043 757//757
f 1048//1048 1046//1046 818//818
f 818//818 1046//1046 1044//1044
f 818//818 1044//1044 765//765
f 1049//1049 893//893 1050//1050
f 1050//1050 893//893 873//873
f 1050//1050 873//873 1051//1051
f 1052//1052 1053//1053 895//895
f 895//895 1053//1053 1054//1054
f 895//895 1054//1054 875//875
f 873//873 875//875 1054//1054
f 873//873 1054//1054 1051//1051
f 1051//1051 1054//1054 1053//1053
f 1051//1051 1053//1053 1050//1050
f 1050//1050 1053//1053 1052//1052
f 1050//1050 1052//1052 1049//1049
f 1049//1049 1052//1052 895//895
f 1049//1049 895//895 893//893
f 819//819 815//815 1055//1055
f 819//819 1055//1055 1056//1056
f 1056//1056 1055//1055 1057//1057
f 1056//1056 1057//1057 1058//1058
f 1058//1058 1057//1057 1059//1059
f 1058//1058 1059//1059 1060//1060
f 1060//1060 1059//1059 759//759
f 1060//1060 759//759 761//761
f 1060//1060 761//761 1058//1058
f 1058//1058 761//761 819//819
f 1058//1058 819//819 1056//1056
f 1059//1059 1057//1057 759//759
f 759//759 1057//1057 1055//1055
f 759//759 1055//1055 815//815
f 1061//1061 1062//1062 1063//1063
f 1063//1063 1062//1062 961//961
f 1063//1063 961//961 962//962
f 1064//1064 1065//1065 1066//1066
f 1066//1066 1065//1065 900//900
f 1066//1066 900//900 898//898
f 962//962 900//900 1065//1065
f 962//962 1065//1065 1063//1063
f 1063//1063 1065//1065 1064//1064
f 1063//1063 1064//1064 1061//1061
f 1061//1061 1064//1064 1066//1066
f 1061//1061 1066//1066 1062//1062
f 1062//1062 1066//1066 898//898
f 1062//1062 898//898 961//961
f 841//841 812//812 1067//1067
f 841//841 1067//1067 1068//1068
f 1068//1068 1067//1067 1069//1069
f 1068//1068 1069//1069 1070//1070
f 1070//1070 1069//1069 1071//1071
f 1070//1070 1071//1071 1072//1072
f 1072//1072 1071//1071 810//810
f 1072//1072 810//810 839//839
f 1070//1070 1072//1072 1068//1068
f 1068//1068 1072//1072 839//839
f 1068//1068 839//839 841//841
f 810//810 1071//1071 812//812
f 812//812 1071//1071 1069//1069
f 812//812 1069//1069 1067//1067
f 1073//1073 1074//1074 1075//1075
f 1075//1075 1074//1074 903//903
f 1075//1075 903//903 909//909
f 1076//1076 1077//1077 904//904
f 904//904 1077//1077 1078//1078
f 904//904 1078//1078 908//908
f 909//909 908//908 1078//1078
f 909//909 1078//1078 1075//1075
f 1075//1075 1078//1078 1077//1077
f 1075//1075 1077//1077 1073//1073
f 1073//1073 1077//1077 1076//1076
f 1073//1073 1076//1076 1074//1074
f 1074//1074 1076//1076 904//904
f 1074//1074 904//904 903//903
f 804//804 806//806 1079//1079
f 804//804 1079//1079 1080//1080
f 1080//1080 1079//1079 1081//1081
f 1080//1080 1081//1081 1082//1082
f 1082//1082 1081//1081 1083//1083
f 1082//1082 1083//1083 1084//1084
f 1084//1084 1083//1083 808//808
f 1084//1084 808//808 838//838
f 1084//1084 838//838 1082//1082
f 1082//1082 838//838 804//804
f 1082//1082 804//804 1080//1080
f 1079//1079 806//806 1081//1081
f 1081//1081 806//806 808//808
f 1081//1081 808//808 1083//1083
f 1085//1085 1086//1086 1087//1087
f 1087//1087 1086//1086 905//905
f 1087//1087 905//905 886//886
f 1088//1088 1089//1089 906//906
f 906//906 1089//1089 1090//1090
f 906//906 1090//1090 885//885
f 886//886 885//885 1090//1090
f 886//886 1090//1090 1087//1087
f 1087//1087 1090//1090 1089//1089
f 1087//1087 1089//1089 1085//1085
f 1085//1085 1089//1089 1088//1088
f 1085//1085 1088//1088 1086//1086
f 1086//1086 1088//1088 906//906
f 1086//1086 906//906 905//905
f 801//801 800//800 1091//1091
f 801//801 1091//1091 1092//1092
f 1092//1092 1091//1091 1093//1093
f 1092//1092 1093//1093 1094//1094
f 1094//1094 1093//1093 1095//1095
f 1094//1094 1095//1095 1096//1096
f 1096//1096 1095//1095 799//799
f 1096//1096 799//799 762//762
f 1094//1094 1096//1096 1092//1092
f 1092//1092 1096//1096 762//762
f 1092//1092 762//762 801//801
f 1095//1095 1093//1093 799//799
f 799//799 1093//1093 1091//1091
f 799//799 1091//1091 800//800
f 1097//1097 1098//1098 949//949
f 949//949 1098//1098 1099//1099
f 949//949 1099//1099 951//951
f 1100//1100 1101//1101 1102//1102
f 1102//1102 1101//1101 910//910
f 1102//1102 910//910 912//912
f 949//949 910//910 1101//1101
f 949//949 1101//1101 1097//1097
f 1097//1097 1101//1101 1100//1100
f 1097//1097 1100//1100 1098//1098
f 1098//1098 1100//1100 1102//1102
f 1098//1098 1102//1102 1099//1099
f 1099//1099 1102//1102 912//912
f 1099//1099 912//912 951//951
f 832//832 794//794 1103//1103
f 832//832 1103//1103 1104//1104
f 1104//1104 1103//1103 1105//1105
f 1104//1104 1105//1105 1106//1106
f 1106//1106 1105//1105 1107//1107
f 1106//1106 1107//1107 1108//1108
f 1108//1108 1107//1107 797//797
f 1108//1108 797//797 830//830
f 1106//1106 1108//1108 1104//1104
f 1104//1104 1108//1108 830//830
f 1104//1104 830//830 832//832
f 1105//1105 1103//1103 1107//1107
f 1107//1107 1103//1103 794//794
f 1107//1107 794//794 797//797
f 1109//1109 1110//1110 920//920
f 920//920 1110//1110 1111//1111
f 920//920 1111//1111 876//876
f 1112//1112 1113//1113 1114//1114
f 1114//1114 1113//1113 919//919
f 1114//1114 919//919 915//915
f 920//920 919//919 1113//1113
f 920//920 1113//1113 1109//1109
f 1109//1109 1113//1113 1112//1112
f 1109//1109 1112//1112 1110//1110
f 1110//1110 1112//1112 1114//1114
f 1110//1110 1114//1114 1111//1111
f 1111//1111 1114//1114 915//915
f 1111//1111 915//915 876//876
f 827//827 791//791 1115//1115
f 827//827 1115//1115 1116//1116
f 1116//1116 1115//1115 1117//1117
f 1116//1116 1117//1117 1118//1118
f 1118//1118 1117//1117 1119//1119
f 1118//1118 1119//1119 1120//1120
f 1120//1120 1119//1119 789//789
f 1120//1120 789//789 826//826
f 1116//1116 1118//1118 827//827
f 827//827 1118//1118 1120//1120
f 827//827 1120//1120 826//826
f 1117//1117 1115//1115 1119//1119
f 1119//1119 1115//1115 791//791
f 1119//1119 791//791 789//789
f 1121//1121 916//916 1122//1122
f 1122//1122 916//916 921//921
f 1122//1122 921//921 1123//1123
f 1124//1124 1125//1125 1126//1126
f 1126//1126 1125//1125 922//922
f 1126//1126 922//922 917//917
f 921//921 922//922 1125//1125
f 921//921 1125//1125 1123//1123
f 1123//1123 1125//1125 1124//1124
f 1123//1123 1124//1124 1122//1122
f 1122//1122 1124//1124 1126//1126
f 1122//1122 1126//1126 1121//1121
f 1121//1121 1126//1126 917//917
f 1121//1121 917//917 916//916
f 788//788 786//786 1127//1127
f 788//788 1127//1127 1128//1128
f 1128//1128 1127//1127 1129//1129
f 1128//1128 1129//1129 1130//1130
f 1130//1130 1129//1129 1131//1131
f 1130//1130 1131//1131 1132//1132
f 1132//1132 1131//1131 782//782
f 1132//1132 782//782 781//781
f 1128//1128 1130//1130 788//788
f 788//788 1130//1130 1132//1132
f 788//788 1132//1132 781//781
f 782//782 1131//1131 786//786
f 786//786 1131//1131 1129//1129
f 786//786 1129//1129 1127//1127
f 1133//1133 911//911 1134//1134
f 1134//1134 911//911 925//925
f 1134//1134 925//925 1135//1135
f 1135//1135 925//925 924//924
f 1135//1135 924//924 1136//1136
f 1136//1136 924//924 923//923
f 1136//1136 923//923 1137//1137
f 1137//1137 923//923 883//883
f 1137//1137 883//883 1138//1138
f 1138//1138 883//883 882//882
f 1138//1138 882//882 1139//1139
f 1139//1139 882//882 932//932
f 1139//1139 932//932 1140//1140
f 1140//1140 932//932 933//933
f 1140//1140 933//933 1141//1141
f 1141//1141 933//933 934//934
f 1141//1141 934//934 1142//1142
f 1142//1142 934//934 941//941
f 1142//1142 941//941 1143//1143
f 1143//1143 941//941 940//940
f 1143//1143 940//940 1144//1144
f 1144//1144 940//940 939//939
f 1144//1144 939//939 1145//1145
f 1145//1145 939//939 974//974
f 1145//1145 974//974 1146//1146
f 1146//1146 974//974 890//890
f 1146//1146 890//890 1147//1147
f 1147//1147 890//890 1000//1000
f 1147//1147 1000//1000 1148//1148
f 1148//1148 1000//1000 999//999
f 1148//1148 999//999 1149//1149
f 1149//1149 999//999 998//998
f 1149//1149 998//998 1150//1150
f 1150//1150 998//998 960//960
f 1150//1150 960//960 1151//1151
f 1151//1151 960//960 897//897
f 1151//1151 897//897 1152//1152
f 1152//1152 897//897 899//899
f 1152//1152 899//899 1153//1153
f 1153//1153 899//899 901//901
f 1153//1153 901//901 1154//1154
f 1154//1154 901//901 963//963
f 1154//1154 963//963 1155//1155
f 1155//1155 963//963 964//964
f 1155//1155 964//964 1156//1156
f 1156//1156 964//964 965//965
f 1156//1156 965//965 1157//1157
f 1157//1157 965//965 914//914
f 1157//1157 914//914 1158//1158
f 1158//1158 914//914 913//913
f 1158//1158 913//913 1133//1133
f 1133//1133 913//913 911//911
f 1159//1159 1149//1149 1160//1160
f 1160//1160 1149//1149 1150//1150
f 1160//1160 1150//1150 1161//1161
f 1161//1161 1150//1150 1151//1151
f 1161//1161 1151//1151 1162//1162
f 1162//1162 1151//1151 1152//1152
f 1162//1162 1152//1152 1163//1163
f 1163//1163 1152//1152 1153//1153
f 1163//1163 1153//1153 1164//1164
f 1164//1164 1153//1153 1154//1154
f 1164//1164 1154//1154 1165//1165
f 1165//1165 1154//1154 1155//1155
f 1165//1165 1155//1155 1166//1166
f 1166//1166 1155//1155 1156//1156
f 1166//1166 1156//1156 1167//1167
f 1167//1167 1156//1156 1157//1157
f 1167//1167 1157//1157 1168//1168
f 1168//1168 1157//1157 1158//1158
f 1168//1168 1158//1158 1169//1169
f 1169//1169 1158//1158 1133//1133
f 1169//1169 1133//1133 1170//1170
f 1170//1170 1133//1133 1134//1134
f 1170//1170 1134//1134 1171//1171
f 1171//1171 1134//1134 1135//1135
f 1171//1171 1135//1135 1172//1172
f 1172//1172 1135//1135 1136//1136
f 1172//1172 1136//1136 1173//1173
f 1173//1173 1136//1136 1137//1137
f 1173//1173 1137//1137 1174//1174
f 1174//1174 1137//1137 1138//1138
f 1174//1174 1138//1138 1175//1175
f 1175//1175 1138//1138 1139//1139
f 1175//1175 1139//1139 1176//1176
f 1176//1176 1139//1139 1140//1140
f 1176//1176 1140//1140 1177//1177
f 1177//1177 1140//1140 1141//1141
f 1177//1177 1141//1141 1178//1178
f 1178//1178 1141//1141 1142//1142
f 1178//1178 1142//1142 1179//1179
f 1179//1179 1142//1142 1143//1143
f 1179//1179 1143//1143 1180//1180
f 1180//1180 1143//1143 1144//1144
f 1180//1180 1144//1144 1181//1181
f 1181//1181 1144//1144 1145//1145
f 1181//1181 1145//1145 1182//1182
f 1182//1182 1145//1145 1146//1146
f 1182//1182 1146//1146 1183//1183
f 1183//1183 1146//1146 1147//1147
f 1183//1183 1147//1147 1184//1184
f 1184//1184 1147//1147 1148//1148
f 1184//1184 1148//1148 1159//1159
f 1159//1159 1148//1148 1149//1149
f 1185//1185 1169//1169 1186//1186
f 1186//1186 1169//1169 1170//1170
f 1186//1186 1170//1170 1187//1187
f 1187//1187 1170//1170 1171//1171
f 1187//1187 1171//1171 1188//1188
f 1188//1188 1171//1171 1172//1172
f 1188//1188 1172//1172 1189//1189
f 1189//1189 1172//1172 1173//1173
f 1189//1189 1173//1173 1190//1190
f 1190//1190 1173//1173 1174//1174
f 1190//1190 1174//1174 1191//1191
f 1191//1191 1174//1174 1175//1175
f 1191//1191 1175//1175 1192//1192
f 1192//1192 1175//1175 1176//1176
f 1192//1192 1176//1176 1193//1193
f 1193//1193 1176//1176 1177//1177
f 1193//1193 1177//1177 1194//1194
f 1194//1194 1177//1177 1178//1178
f 1194//1194 1178//1178 1195//1195
f 1195//1195 1178//1178 1179//1179
f 1195//1195 1179//1179 1196//1196
f 1196//1196 1179//1179 1180//1180
f 1196//1196 1180//1180 1197//1197
f 1197//1197 1180//1180 1181//1181
f 1197//1197 1181//1181 1198//1198
f 1198//1198 1181//1181 1182//1182
f 1198//1198 1182//1182 1199//1199
f 1199//1199 1182//1182 1183//1183
f 1199//1199 1183//1183 1200//1200
f 1200//1200 1183//1183 1184//1184
f 1200//1200 1184//1184 1201//1201
f 1201//1201 1184//1184 1159//1159
f 1201//1201 1159//1159 1202//1202
f 1202//1202 1159//1159 1160//1160
f 1202//1202 1160//1160 1203//1203
f 1203//1203 1160//1160 1161//1161
f 1203//1203 1161//1161 1204//1204
f 1204//1204 1161//1161 1162//1162
f 1204//1204 1162//1162 1205//1205
f 1205//1205 1162//1162 1163//1163
f 1205//1205 1163//1163 1206//1206
f 1206//1206 1163//1163 1164//1164
f 1206//1206 1164//1164 1207//1207
f 1207//1207 1164//1164 1165//1165
f 1207//1207 1165//1165 1208//1208
f 1208//1208 1165//1165 1166//1166
f 1208//1208 1166//1166 1209//1209
f 1209//1209 1166//1166 1167//1167
f 1209//1209 1167//1167 1210//1210
f 1210//1210 1167//1167 1168//1168
f 1210//1210 1168//1168 1185//1185
f 1185//1185 1168//1168 1169//1169
f 1197//1197 1211//1211 1196//1196
f 1196//1196 1211//1211 1212//1212
f 1196//1196 1212//1212 1195//1195
f 1195//1195 1212//1212 1213//1213
f 1195//1195 1213//1213 1194//1194
f 1194//1194 1213//1213 1214//1214
f 1194//1194 1214//1214 1193//1193
f 1193//1193 1214//1214 1215//1215
f 1193//1193 1215//1215 1192//1192
f 1192//1192 1215//1215 1216//1216
f 1192//1192 1216//1216 1191//1191
f 1191//1191 1216//1216 1217//1217
f 1191//1191 1217//1217 1190//1190
f 1190//1190 1217//1217 1218//1218
f 1190//1190 1218//1218 1189//1189
f 1189//1189 1218//1218 1219//1219
f 1189//1189 1219//1219 1188//1188
f 1188//1188 1219//1219 1220//1220
f 1188//1188 1220//1220 1187//1187
f 1187//1187 1220//1220 1221//1221
f 1187//1187 1221//1221 1186//1186
f 1186//1186 1221//1221 1222//1222
f 1186//1186 1222//1222 1185//1185
f 1185//1185 1222//1222 1223//1223
f 1185//1185 1223//1223 1210//1210
f 1210//1210 1223//1223 1224//1224
f 1210//1210 1224//1224 1209//1209
f 1209//1209 1224//1224 1225//1225
f 1209//1209 1225//1225 1208//1208
f 1208//1208 1225//1225 1226//1226
f 1208//1208 1226//1226 1207//1207
f 1207//1207 1226//1226 1227//1227
f 1207//1207 1227//1227 1206//1206
f 1206//1206 1227//1227 1228//1228
f 1206//1206 1228//1228 1205//1205
f 1205//1205 1228//1228 1229//1229
f 1205//1205 1229//1229 1204//1204
f 1204//1204 1229//1229 1230//1230
f 1204//1204 1230//1230 1203//1203
f 1203//1203 1230//1230 1231//1231
f 1203//1203 1231//1231 1202//1202
f 1202//1202 1231//1231 1232//1232
f 1202//1202 1232//1232 1201//1201
f 1201//1201 1232//1232 1233//1233
f 1201//1201 1233//1233 1200//1200
f 1200//1200 1233//1233 1234//1234
f 1200//1200 1234//1234 1199//1199
f 1199//1199 1234//1234 1235//1235
f 1199//1199 1235//1235 1198//1198
f 1198//1198 1235//1235 1236//1236
f 1198//1198 1236//1236 1197//1197
f 1197//1197 1236//1236 1211//1211
f 796//796 1222//1222 792//792
f 792//792 1222//1222 1221//1221
f 792//792 1221//1221 790//790
f 790//790 1221//1221 1220//1220
f 790//790 1220//1220 787//787
f 787//787 1220//1220 1219//1219
f 787//787 1219//1219 785//785
f 785//785 1219//1219 1218//1218
f 785//785 1218//1218 784//784
f 784//784 1218//1218 1217//1217
f 784//784 1217//1217 783//783
f 783//783 1217//1217 1216//1216
f 783//783 1216//1216 767//767
f 767//767 1216//1216 1215//1215
f 767//767 1215//1215 768//768
f 768//768 1215//1215 1214//1214
f 768//768 1214//1214 779//779
f 779//779 1214//1214 1213//1213
f 779//779 1213//1213 777//777
f 777//777 1213//1213 1212//1212
f 777//777 1212//1212 778//778
f 778//778 1212//1212 1211//1211
f 778//778 1211//1211 772//772
f 772//772 1211//1211 1236//1236
f 772//772 1236//1236 856//856
f 856//856 1236//1236 1235//1235
f 856//856 1235//1235 821//821
f 821//821 1235//1235 1234//1234
f 821//821 1234//1234 820//820
f 820//820 1234//1234 1233//1233
f 820//820 1233//1233 817//817
f 817//817 1233//1233 1232//1232
f 817//817 1232//1232 816//816
f 816//816 1232//1232 1231//1231
f 816//816 1231//1231 813//813
f 813//813 1231//1231 1230//1230
f 813//813 1230//1230 811//811
f 811//811 1230//1230 1229//1229
f 811//811 1229//1229 809//809
f 809//809 1229//1229 1228//1228
f 809//809 1228//1228 807//807
f 807//807 1228//1228 1227//1227
f 807//807 1227//1227 803//803
f 803//803 1227//1227 1226//1226
f 803//803 1226//1226 802//802
f 802//802 1226//1226 1225//1225
f 802//802 1225//1225 798//798
f 798//798 1225//1225 1224//1224
f 798//798 1224//1224 795//795
f 795//795 1224//1224 1223//1223
f 795//795 1223//1223 796//796
f 796//796 1223//1223 1222//1222
f 1237//1237 1238//1238 1239//1239
f 1239//1239 1238//1238 1240//1240
f 1239//1239 1240//1240 1241//1241
f 1241//1241 1240//1240 1242//1242
f 1241//1241 1242//1242 1243//1243
f 1244//1244 1245//1245 1246//1246
f 1246//1246 1245//1245 1247//1247
f 1246//1246 1247//1247 1248//1248
f 1248//1248 1247//1247 1249//1249
f 1248//1248 1249//1249 1250//1250
f 1250//1250 1249//1249 1251//1251
f 1250//1250 1251//1251 1237//1237
f 1237//1237 1251//1251 1252//1252
f 1237//1237 1252//1252 1238//1238
f 1253//1253 1254//1254 1255//1255
f 1255//1255 1254//1254 1256//1256
f 1255//1255 1256//1256 1257//1257
f 1257//1257 1256//1256 1258//1258
f 1257//1257 1258//1258 1259//1259
f 1259//1259 1258//1258 1260//1260
f 1259//1259 1260//1260 1261//1261
f 1242//1242 1262//1262 1243//1243
f 1243//1243 1262//1262 1263//1263
f 1243//1243 1263//1263 1264//1264
f 1264//1264 1263//1263 1265//1265
f 1264//1264 1265//1265 1266//1266
f 1266//1266 1265//1265 1267//1267
f 1266//1266 1267//1267 1268//1268
f 1268//1268 1267//1267 1269//1269
f 1268//1268 1269//1269 1253//1253
f 1253//1253 1269//1269 1270//1270
f 1253//1253 1270//1270 1254//1254
f 1271//1271 1272//1272 1273//1273
f 1273//1273 1272//1272 1274//1274
f 1273//1273 1274//1274 1275//1275
f 1275//1275 1274//1274 1276//1276
f 1275//1275 1276//1276 1277//1277
f 1277//1277 1276//1276 1278//1278
f 1277//1277 1278//1278 1244//1244
f 1244//1244 1278//1278 1279//1279
f 1244//1244 1279//1279 1245//1245
f 1260//1260 1280//1280 1261//1261
f 1261//1261 1280//1280 1281//1281
f 1261//1261 1281//1281 1282//1282
f 1282//1282 1281//1281 1283//1283
f 1282//1282 1283//1283 1284//1284
f 1284//1284 1283//1283 1285//1285
f 1284//1284 1285//1285 1271//1271
f 1271//1271 1285//1285 1286//1286
f 1271//1271 1286//1286 1272//1272
f 1242//1242 1287//1287 1262//1262
f 1262//1262 1287//1287 1288//1288
f 1262//1262 1288//1288 1263//1263
f 1263//1263 1288//1288 1289//1289
f 1263//1263 1289//1289 1265//1265
f 1265//1265 1289//1289 1290//1290
f 1265//1265 1290//1290 1267//1267
f 1267//1267 1290//1290 1291//1291
f 1267//1267 1291//1291 1269//1269
f 1269//1269 1291//1291 1292//1292
f 1269//1269 1292//1292 1270//1270
f 1270//1270 1292//1292 1293//1293
f 1270//1270 1293//1293 1254//1254
f 1254//1254 1293//1293 1294//1294
f 1254//1254 1294//1294 1256//1256
f 1256//1256 1294//1294 1295//1295
f 1256//1256 1295//1295 1258//1258
f 1258//1258 1295//1295 1296//1296
f 1258//1258 1296//1296 1260//1260
f 1260//1260 1296//1296 1297//1297
f 1260//1260 1297//1297 1280//1280
f 1280//1280 1297//1297 1298//1298
f 1280//1280 1298//1298 1281//1281
f 1281//1281 1298//1298 1299//1299
f 1281//1281 1299//1299 1283//1283
f 1283//1283 1299//1299 1300//1300
f 1283//1283 1300//1300 1285//1285
f 1285//1285 1300//1300 1301//1301
f 1285//1285 1301//1301 1286//1286
f 1286//1286 1301//1301 1302//1302
f 1286//1286 1302//1302 1272//1272
f 1272//1272 1302//1302 1303//1303
f 1272//1272 1303//1303 1274//1274
f 1274//1274 1303//1303 1304//1304
f 1274//1274 1304//1304 1276//1276
f 1276//1276 1304//1304 1305//1305
f 1276//1276 1305//1305 1278//1278
f 1278//1278 1305//1305 1306//1306
f 1278//1278 1306//1306 1279//1279
f 1279//1279 1306//1306 1307//1307
f 1279//1279 1307//1307 1245//1245
f 1245//1245 1307//1307 1308//1308
f 1245//1245 1308//1308 1247//1247
f 1247//1247 1308//1308 1309//1309
f 1247//1247 1309//1309 1249//1249
f 1249//1249 1309//1309 1310//1310
f 1249//1249 1310//1310 1251//1251
f 1251//1251 1310//1310 1311//1311
f 1251//1251 1311//1311 1252//1252
f 1252//1252 1311//1311 1312//1312
f 1252//1252 1312//1312 1238//1238
f 1238//1238 1312//1312 1313//1313
f 1238//1238 1313//1313 1240//1240
f 1240//1240 1313//1313 1314//1314
f 1240//1240 1314//1314 1242//1242
f 1242//1242 1314//1314 1287//1287
f 1294//1294 1293//1293 1315//1315
f 1289//1289 1288//1288 1316//1316
f 1299//1299 1298//1298 1317//1317
f 1318//1318 1302//1302 1301//1301
f 1318//1318 1301//1301 1317//1317
f 1317//1317 1301//1301 1300//1300
f 1317//1317 1300//1300 1299//1299
f 1298//1298 1297//1297 1317//1317
f 1317//1317 1297//1297 1296//1296
f 1317//1317 1296//1296 1315//1315
f 1315//1315 1296//1296 1295//1295
f 1315//1315 1295//1295 1294//1294
f 1319//1319 1307//1307 1306//1306
f 1306//1306 1305//1305 1319//1319
f 1319//1319 1305//1305 1304//1304
f 1319//1319 1304//1304 1318//1318
f 1318//1318 1304//1304 1303//1303
f 1318//1318 1303//1303 1302//1302
f 1320//1320 1312//1312 1311//1311
f 1311//1311 1310//1310 1320//1320
f 1320//1320 1310//1310 1309//1309
f 1320//1320 1309//1309 1319//1319
f 1319//1319 1309//1309 1308//1308
f 1319//1319 1308//1308 1307//1307
f 1288//1288 1287//1287 1316//1316
f 1316//1316 1287//1287 1314//1314
f 1316//1316 1314//1314 1320//1320
f 1320//1320 1314//1314 1313//1313
f 1320//1320 1313//1313 1312//1312
f 1293//1293 1292//1292 1315//1315
f 1315//1315 1292//1292 1291//1291
f 1315//1315 1291//1291 1316//1316
f 1316//1316 1291//1291 1290//1290
f 1316//1316 1290//1290 1289//1289
f 1321//1321 1322//1322 1323//1323
f 1321//1321 1323//1323 1324//1324
f 1325//1325 1326//1326 1323//1323
f 1323//1323 1326//1326 1327//1327
f 1323//1323 1327//1327 1324//1324
f 1328//1328 1329//1329 1323//1323
f 1323//1323 1329//1329 1330//1330
f 1323//1323 1330//1330 1325//1325
f 1331//1331 1332//1332 1323//1323
f 1323//1323 1332//1332 1333//1333
f 1323//1323 1333//1333 1328//1328
f 1334//1334 1335//1335 1323//1323
f 1323//1323 1335//1335 1336//1336
f 1323//1323 1336//1336 1331//1331
f 1337//1337 1338//1338 1323//1323
f 1323//1323 1338//1338 1339//1339
f 1323//1323 1339//1339 1334//1334
f 1322//1322 1340//1340 1323//1323
f 1323//1323 1340//1340 1341//1341
f 1323//1323 1341//1341 1337//1337
f 1321//1321 1342//1342 1322//1322
f 1322//1322 1342//1342 1343//1343
f 1322//1322 1343//1343 1340//1340
f 1340//1340 1343//1343 1344//1344
f 1340//1340 1344//1344 1341//1341
f 1341//1341 1344//1344 1345//1345
f 1341//1341 1345//1345 1337//1337
f 1337//1337 1345//1345 1346//1346
f 1337//1337 1346//1346 1338//1338
f 1338//1338 1346//1346 1347//1347
f 1338//1338 1347//1347 1339//1339
f 1339//1339 1347//1347 1348//1348
f 1339//1339 1348//1348 1334//1334
f 1334//1334 1348//1348 1349//1349
f 1334//1334 1349//1349 1335//1335
f 1335//1335 1349//1349 1350//1350
f 1335//1335 1350//1350 1336//1336
f 1336//1336 1350//1350 1351//1351
f 1336//1336 1351//1351 1331//1331
f 1331//1331 1351//1351 1352//1352
f 1331//1331 1352//1352 1332//1332
f 1332//1332 1352//1352 1353//1353
f 1332//1332 1353//1353 1333//1333
f 1333//1333 1353//1353 1354//1354
f 1333//1333 1354//1354 1328//1328
f 1328//1328 1354//1354 1355//1355
f 1328//1328 1355//1355 1329//1329
f 1329//1329 1355//1355 1356//1356
f 1329//1329 1356//1356 1330//1330
f 1330//1330 1356//1356 1357//1357
f 1330//1330 1357//1357 1325//1325
f 1325//1325 1357//1357 1358//1358
f 1325//1325 1358//1358 1326//1326
f 1326//1326 1358//1358 1359//1359
f 1326//1326 1359//1359 1327//1327
f 1327//1327 1359//1359 1360//1360
f 1327//1327 1360//1360 1324//1324
f 1324//1324 1360//1360 1361//1361
f 1324//1324 1361//1361 1321//1321
f 1321//1321 1361//1361 1342//1342
f 1346//1346 1362//1362 1347//1347
f 1347//1347 1362//1362 1363//1363
f 1347//1347 1363//1363 1348//1348
f 1348//1348 1363//1363 1364//1364
f 1348//1348 1364//1364 1349//1349
f 1349//1349 1364//1364 1365//1365
f 1349//1349 1365//1365 1350//1350
f 1350//1350 1365//1365 1366//1366
f 1350//1350 1366//1366 1351//1351
f 1351//1351 1366//1366 1367//1367
f 1351//1351 1367//1367 1352//1352
f 1352//1352 1367//1367 1368//1368
f 1352//1352 1368//1368 1353//1353
f 1353//1353 1368//1368 1369//1369
f 1353//1353 1369//1369 1354//1354
f 1354//1354 1369//1369 1370//1370
f 1354//1354 1370//1370 1355//1355
f 1355//1355 1370//1370 1371//1371
f 1355//1355 1371//1371 1356//1356
f 1371//1371 1372//1372 1356//1356
f 1356//1356 1372//1372 1373//1373
f 1356//1356 1373//1373 1357//1357
f 1357//1357 1373//1373 1374//1374
f 1357//1357 1374//1374 1358//1358
f 1358//1358 1374//1374 1375//1375
f 1358//1358 1375//1375 1359//1359
f 1359//1359 1375//1375 1376//1376
f 1359//1359 1376//1376 1360//1360
f 1360//1360 1376//1376 1377//1377
f 1360//1360 1377//1377 1361//1361
f 1361//1361 1377//1377 1378//1378
f 1361//1361 1378//1378 1342//1342
f 1342//1342 1378//1378 1379//1379
f 1342//1342 1379//1379 1343//1343
f 1343//1343 1379//1379 1380//1380
f 1343//1343 1380//1380 1344//1344
f 1344//1344 1380//1380 1381//1381
f 1344//1344 1381//1381 1345//1345
f 1345//1345 1381//1381 1382//1382
f 1345//1345 1382//1382 1346//1346
f 1346//1346 1382//1382 1383//1383
f 1346//1346 1383//1383 1362//1362
f 1378//1378 1243//1243 1379//1379
f 1379//1379 1243//1243 1264//1264
f 1379//1379 1264//1264 1380//1380
f 1380//1380 1264//1264 1266//1266
f 1380//1380 1266//1266 1381//1381
f 1381//1381 1266//1266 1268//1268
f 1381//1381 1268//1268 1382//1382
f 1382//1382 1268//1268 1253//1253
f 1382//1382 1253//1253 1383//1383
f 1383//1383 1253//1253 1255//1255
f 1383//1383 1255//1255 1362//1362
f 1362//1362 1255//1255 1257//1257
f 1362//1362 1257//1257 1363//1363
f 1363//1363 1257//1257 1259//1259
f 1363//1363 1259//1259 1364//1364
f 1364//1364 1259//1259 1261//1261
f 1364//1364 1261//1261 1365//1365
f 1365//1365 1261//1261 1282//1282
f 1365//1365 1282//1282 1366//1366
f 1366//1366 1282//1282 1284//1284
f 1366//1366 1284//1284 1367//1367
f 1367//1367 1284//1284 1271//1271
f 1367//1367 1271//1271 1368//1368
f 1368//1368 1271//1271 1273//1273
f 1368//1368 1273//1273 1369//1369
f 1369//1369 1273//1273 1275//1275
f 1369//1369 1275//1275 1370//1370
f 1370//1370 1275//1275 1277//1277
f 1370//1370 1277//1277 1371//1371
f 1371//1371 1277//1277 1244//1244
f 1371//1371 1244//1244 1372//1372
f 1372//1372 1244//1244 1246//1246
f 1372//1372 1246//1246 1373//1373
f 1373//1373 1246//1246 1248//1248
f 1373//1373 1248//1248 1374//1374
f 1374//1374 1248//1248 1250//1250
f 1374//1374 1250//1250 1375//1375
f 1375//1375 1250//1250 1237//1237
f 1375//1375 1237//1237 1376//1376
f 1376//1376 1237//1237 1239//1239
f 1376//1376 1239//1239 1377//1377
f 1377//1377 1239//1239 1241//1241
f 1377//1377 1241//1241 1378//1378
f 1378//1378 1241//1241 1243//1243
f 1384//1384 1385//1385 1315//1315
f 1315//1315 1385//1385 1317//1317
f 1385//1385 1386//1386 1317//1317
f 1317//1317 1386//1386 1318//1318
f 1386//1386 1387//1387 1318//1318
f 1318//1318 1387//1387 1319//1319
f 1387//1387 1388//1388 1319//1319
f 1319//1319 1388//1388 1320//1320
f 1388//1388 1389//1389 1320//1320
f 1320//1320 1389//1389 1316//1316
f 1389//1389 1384//1384 1316//1316
f 1316//1316 1384//1384 1315//1315
f 1384//1384 1389//1389 1385//1385
f 1385//1385 1389//1389 1388//1388
f 1385//1385 1388//1388 1386//1386
f 1386//1386 1388//1388 1387//1387
f 1390//1390 1391//1391 1392//1392
f 1393//1393 1394//1394 1395//1395
f 1395//1395 1394//1394 1396//1396
f 1395//1395 1396//1396 1392//1392
f 1392//1392 1396//1396 1397//1397
f 1398//1398 1399//1399 1400//1400
f 1400//1400 1399//1399 1401//1401
f 1400//1400 1401//1401 1402//1402
f 1402//1402 1401//1401 1403//1403
f 1403//1403 1401//1401 1404//1404
f 1404//1404 1401//1401 1405//1405
f 1404//1404 1405//1405 1406//1406
f 1406//1406 1405//1405 1407//1407
f 1406//1406 1407//1407 1397//1397
f 1397//1397 1407//1407 1408//1408
f 1397//1397 1408//1408 1392//1392
f 1392//1392 1408//1408 1409//1409
f 1392//1392 1409//1409 1390//1390
f 1398//1398 1410//1410 1411//1411
f 1411//1411 1410//1410 1412//1412
f 1413//1413 1414//1414 1415//1415
f 1416//1416 1417//1417 1418//1418
f 1419//1419 1420//1420 1421//1421
f 1421//1421 1420//1420 1422//1422
f 1422//1422 1420//1420 1418//1418
f 1418//1418 1420//1420 1423//1423
f 1418//1418 1423//1423 1416//1416
f 1424//1424 1425//1425 1423//1423
f 1423//1423 1425//1425 1426//1426
f 1423//1423 1426//1426 1416//1416
f 1427//1427 1428//1428 1429//1429
f 1429//1429 1428//1428 1430//1430
f 1429//1429 1430//1430 1431//1431
f 1431//1431 1430//1430 1432//1432
f 1431//1431 1432//1432 1417//1417
f 1417//1417 1432//1432 1433//1433
f 1417//1417 1433//1433 1418//1418
f 1434//1434 1435//1435 1436//1436
f 1437//1437 1438//1438 1439//1439
f 1439//1439 1438//1438 1440//1440
f 1439//1439 1440//1440 1441//1441
f 1441//1441 1440//1440 1442//1442
f 1443//1443 1444//1444 1445//1445
f 1445//1445 1444//1444 1446//1446
f 1445//1445 1446//1446 1447//1447
f 1447//1447 1446//1446 1448//1448
f 1447//1447 1448//1448 1449//1449
f 1449//1449 1448//1448 1450//1450
f 1451//1451 1438//1438 1450//1450
f 1450//1450 1438//1438 1437//1437
f 1450//1450 1437//1437 1449//1449
f 1451//1451 1452//1452 1438//1438
f 1438//1438 1452//1452 1453//1453
f 1438//1438 1453//1453 1454//1454
f 1455//1455 1456//1456 1457//1457
f 1457//1457 1456//1456 1458//1458
f 1457//1457 1458//1458 1459//1459
f 1459//1459 1458//1458 1460//1460
f 1459//1459 1460//1460 1461//1461
f 1461//1461 1460//1460 1462//1462
f 1461//1461 1462//1462 1463//1463
f 1463//1463 1462//1462 1464//1464
f 1463//1463 1464//1464 1465//1465
f 1465//1465 1464//1464 1466//1466
f 1465//1465 1466//1466 1467//1467
f 1467//1467 1466//1466 1468//1468
f 1467//1467 1468//1468 1469//1469
f 1469//1469 1468//1468 1470//1470
f 1469//1469 1470//1470 1471//1471
f 1471//1471 1470//1470 1472//1472
f 1471//1471 1472//1472 1473//1473
f 1473//1473 1472//1472 1474//1474
f 1473//1473 1474//1474 1475//1475
f 1475//1475 1474//1474 1476//1476
f 1475//1475 1476//1476 1477//1477
f 1477//1477 1476//1476 1478//1478
f 1477//1477 1478//1478 1455//1455
f 1455//1455 1478//1478 1456//1456
f 1479//1479 1480//1480 1481//1481
f 1481//1481 1480//1480 1482//1482
f 1481//1481 1482//1482 1483//1483
f 1483//1483 1482//1482 1484//1484
f 1483//1483 1484//1484 1485//1485
f 1485//1485 1484//1484 1486//1486
f 1485//1485 1486//1486 1487//1487
f 1487//1487 1486//1486 1488//1488
f 1487//1487 1488//1488 1489//1489
f 1489//1489 1488//1488 1490//1490
f 1489//1489 1490//1490 1491//1491
f 1491//1491 1490//1490 1492//1492
f 1491//1491 1492//1492 1493//1493
f 1493//1493 1492//1492 1494//1494
f 1493//1493 1494//1494 1495//1495
f 1495//1495 1494//1494 1496//1496
f 1495//1495 1496//1496 1497//1497
f 1497//1497 1496//1496 1498//1498
f 1497//1497 1498//1498 1499//1499
f 1499//1499 1498//1498 1500//1500
f 1499//1499 1500//1500 1501//1501
f 1501//1501 1500//1500 1502//1502
f 1501//1501 1502//1502 1479//1479
f 1479//1479 1502//1502 1480//1480
f 1503//1503 1504//1504 1505//1505
f 1505//1505 1504//1504 1506//1506
f 1505//1505 1506//1506 1507//1507
f 1507//1507 1506//1506 1508//1508
f 1507//1507 1508//1508 1509//1509
f 1509//1509 1508//1508 1510//1510
f 1509//1509 1510//1510 1511//1511
f 1511//1511 1510//1510 1512//1512
f 1511//1511 1512//1512 1513//1513
f 1513//1513 1512//1512 1514//1514
f 1513//1513 1514//1514 1515//1515
f 1515//1515 1514//1514 1516//1516
f 1515//1515 1516//1516 1517//1517
f 1517//1517 1516//1516 1518//1518
f 1517//1517 1518//1518 1519//1519
f 1519//1519 1518//1518 1520//1520
f 1519//1519 1520//1520 1521//1521
f 1521//1521 1520//1520 1522//1522
f 1521//1521 1522//1522 1523//1523
f 1523//1523 1522//1522 1524//1524
f 1523//1523 1524//1524 1525//1525
f 1525//1525 1524//1524 1526//1526
f 1525//1525 1526//1526 1503//1503
f 1503//1503 1526//1526 1504//1504
f 1527//1527 1528//1528 1529//1529
f 1529//1529 1528//1528 1530//1530
f 1529//1529 1530//1530 1531//1531
f 1531//1531 1530//1530 1532//1532
f 1531//1531 1532//1532 1533//1533
f 1533//1533 1532//1532 1534//1534
f 1533//1533 1534//1534 1535//1535
f 1535//1535 1534//1534 1536//1536
f 1535//1535 1536//1536 1537//1537
f 1537//1537 1536//1536 1538//1538
f 1537//1537 1538//1538 1539//1539
f 1539//1539 1538//1538 1540//1540
f 1539//1539 1540//1540 1541//1541
f 1541//1541 1540//1540 1542//1542
f 1541//1541 1542//1542 1543//1543
f 1543//1543 1542//1542 1544//1544
f 1543//1543 1544//1544 1545//1545
f 1545//1545 1544//1544 1546//1546
f 1545//1545 1546//1546 1547//1547
f 1547//1547 1546//1546 1548//1548
f 1547//1547 1548//1548 1549//1549
f 1549//1549 1548//1548 1550//1550
f 1549//1549 1550//1550 1527//1527
f 1527//1527 1550//1550 1528//1528
f 1551//1551 1552//1552 1553//1553
f 1553//1553 1552//1552 1554//1554
f 1553//1553 1554//1554 1555//1555
f 1555//1555 1554//1554 1556//1556
f 1555//1555 1556//1556 1557//1557
f 1557//1557 1556//1556 1558//1558
f 1557//1557 1558//1558 1559//1559
f 1559//1559 1558//1558 1560//1560
f 1559//1559 1560//1560 1561//1561
f 1561//1561 1560//1560 1562//1562
f 1561//1561 1562//1562 1563//1563
f 1563//1563 1562//1562 1564//1564
f 1563//1563 1564//1564 1565//1565
f 1565//1565 1564//1564 1566//1566
f 1565//1565 1566//1566 1567//1567
f 1567//1567 1566//1566 1568//1568
f 1567//1567 1568//1568 1569//1569
f 1569//1569 1568//1568 1570//1570
f 1569//1569 1570//1570 1571//1571
f 1571//1571 1570//1570 1572//1572
f 1571//1571 1572//1572 1573//1573
f 1573//1573 1572//1572 1574//1574
f 1573//1573 1574//1574 1551//1551
f 1551//1551 1574//1574 1552//1552
f 1575//1575 1576//1576 1577//1577
f 1577//1577 1576//1576 1578//1578
f 1577//1577 1578//1578 1579//1579
f 1579//1579 1578//1578 1580//1580
f 1579//1579 1580//1580 1581//1581
f 1581//1581 1580//1580 1582//1582
f 1581//1581 1582//1582 1583//1583
f 1583//1583 1582//1582 1584//1584
f 1583//1583 1584//1584 1585//1585
f 1585//1585 1584//1584 1586//1586
f 1585//1585 1586//1586 1587//1587
f 1587//1587 1586//1586 1588//1588
f 1587//1587 1588//1588 1589//1589
f 1589//1589 1588//1588 1590//1590
f 1589//1589 1590//1590 1591//1591
f 1591//1591 1590//1590 1592//1592
f 1591//1591 1592//1592 1593//1593
f 1593//1593 1592//1592 1594//1594
f 1593//1593 1594//1594 1595//1595
f 1595//1595 1594//1594 1596//1596
f 1595//1595 1596//1596 1597//1597
f 1597//1597 1596//1596 1598//1598
f 1597//1597 1598//1598 1575//1575
f 1575//1575 1598//1598 1576//1576
f 1599//1599 1600//1600 1601//1601
f 1601//1601 1600//1600 1602//1602
f 1601//1601 1602//1602 1603//1603
f 1603//1603 1602//1602 1604//1604
f 1603//1603 1604//1604 1605//1605
f 1605//1605 1604//1604 1606//1606
f 1605//1605 1606//1606 1607//1607
f 1607//1607 1606//1606 1608//1608
f 1607//1607 1608//1608 1609//1609
f 1609//1609 1608//1608 1610//1610
f 1609//1609 1610//1610 1611//1611
f 1611//1611 1610//1610 1612//1612
f 1611//1611 1612//1612 1613//1613
f 1613//1613 1612//1612 1614//1614
f 1613//1613 1614//1614 1615//1615
f 1615//1615 1614//1614 1616//1616
f 1615//1615 1616//1616 1617//1617
f 1617//1617 1616//1616 1618//1618
f 1617//1617 1618//1618 1619//1619
f 1619//1619 1618//1618 1620//1620
f 1619//1619 1620//1620 1621//1621
f 1621//1621 1620//1620 1622//1622
f 1621//1621 1622//1622 1599//1599
f 1599//1599 1622//1622 1600//1600
f 1623//1623 1624//1624 1625//1625
f 1625//1625 1624//1624 1626//1626
f 1625//1625 1626//1626 1627//1627
f 1627//1627 1626//1626 1628//1628
f 1627//1627 1628//1628 1629//1629
f 1629//1629 1628//1628 1630//1630
f 1629//1629 1630//1630 1631//1631
f 1631//1631 1630//1630 1632//1632
f 1631//1631 1632//1632 1633//1633
f 1633//1633 1632//1632 1634//1634
f 1633//1633 1634//1634 1635//1635
f 1635//1635 1634//1634 1636//1636
f 1635//1635 1636//1636 1637//1637
f 1637//1637 1636//1636 1638//1638
f 1637//1637 1638//1638 1639//1639
f 1639//1639 1638//1638 1640//1640
f 1639//1639 1640//1640 1641//1641
f 1641//1641 1640//1640 1642//1642
f 1641//1641 1642//1642 1643//1643
f 1643//1643 1642//1642 1644//1644
f 1643//1643 1644//1644 1645//1645
f 1645//1645 1644//1644 1646//1646
f 1645//1645 1646//1646 1623//1623
f 1623//1623 1646//1646 1624//1624
f 1647//1647 1648//1648 1649//1649
f 1649//1649 1648//1648 1650//1650
f 1649//1649 1650//1650 1651//1651
f 1651//1651 1650//1650 1652//1652
f 1651//1651 1652//1652 1653//1653
f 1653//1653 1652//1652 1654//1654
f 1653//1653 1654//1654 1655//1655
f 1655//1655 1654//1654 1656//1656
f 1655//1655 1656//1656 1657//1657
f 1657//1657 1656//1656 1658//1658
f 1657//1657 1658//1658 1659//1659
f 1659//1659 1658//1658 1660//1660
f 1659//1659 1660//1660 1661//1661
f 1661//1661 1660//1660 1662//1662
f 1661//1661 1662//1662 1663//1663
f 1663//1663 1662//1662 1664//1664
f 1663//1663 1664//1664 1665//1665
f 1665//1665 1664//1664 1666//1666
f 1665//1665 1666//1666 1667//1667
f 1667//1667 1666//1666 1668//1668
f 1667//1667 1668//1668 1669//1669
f 1669//1669 1668//1668 1670//1670
f 1669//1669 1670//1670 1647//1647
f 1647//1647 1670//1670 1648//1648
f 1671//1671 1672//1672 1673//1673
f 1673//1673 1672//1672 1674//1674
f 1673//1673 1674//1674 1675//1675
f 1675//1675 1674//1674 1676//1676
f 1675//1675 1676//1676 1677//1677
f 1677//1677 1676//1676 1678//1678
f 1677//1677 1678//1678 1679//1679
f 1679//1679 1678//1678 1680//1680
f 1679//1679 1680//1680 1681//1681
f 1681//1681 1680//1680 1682//1682
f 1681//1681 1682//1682 1683//1683
f 1683//1683 1682//1682 1684//1684
f 1683//1683 1684//1684 1685//1685
f 1685//1685 1684//1684 1686//1686
f 1685//1685 1686//1686 1687//1687
f 1687//1687 1686//1686 1688//1688
f 1687//1687 1688//1688 1689//1689
f 1689//1689 1688//1688 1690//1690
f 1689//1689 1690//1690 1691//1691
f 1691//1691 1690//1690 1692//1692
f 1691//1691 1692//1692 1693//1693
f 1693//1693 1692//1692 1694//1694
f 1693//1693 1694//1694 1671//1671
f 1671//1671 1694//1694 1672//1672
f 1695//1695 1696//1696 1697//1697
f 1698//1698 1699//1699 1700//1700
f 1701//1701 1702//1702 1703//1703
f 1704//1704 1705//1705 1706//1706
f 1706//1706 1705//1705 1707//1707
f 1706//1706 1707//1707 1708//1708
f 1708//1708 1707//1707 1709//1709
f 1710//1710 1711//1711 1705//1705
f 1705//1705 1711//1711 1712//1712
f 1705//1705 1712//1712 1713//1713
f 1714//1714 1710//1710 1715//1715
f 1715//1715 1710//1710 1705//1705
f 1715//1715 1705//1705 1716//1716
f 1716//1716 1705//1705 1704//1704
f 1713//1713 1717//1717 1705//1705
f 1705//1705 1717//1717 1718//1718
f 1705//1705 1718//1718 1719//1719
f 1720//1720 1721//1721 1722//1722
f 1723//1723 1724//1724 1725//1725
f 1723//1723 1725//1725 1726//1726
f 1727//1727 1728//1728 1729//1729
f 1729//1729 1728//1728 1730//1730
f 1729//1729 1730//1730 1715//1715
f 1715//1715 1730//1730 1731//1731
f 1715//1715 1731//1731 1714//1714
f 1724//1724 1732//1732 1727//1727
f 1727//1727 1732//1732 1733//1733
f 1727//1727 1733//1733 1728//1728
f 1727//1727 1734//1734 1724//1724
f 1724//1724 1734//1734 1735//1735
f 1724//1724 1735//1735 1725//1725
f 1725//1725 1735//1735 1736//1736
f 1736//1736 1737//1737 1725//1725
f 1725//1725 1737//1737 1738//1738
f 1725//1725 1738//1738 1700//1700
f 1700//1700 1738//1738 1739//1739
f 1700//1700 1739//1739 1698//1698
f 1423//1423 1420//1420 1740//1740
f 1740//1740 1420//1420 1741//1741
f 1740//1740 1741//1741 1707//1707
f 1707//1707 1741//1741 1742//1742
f 1707//1707 1742//1742 1709//1709
f 1709//1709 1742//1742 1701//1701
f 1709//1709 1701//1701 1743//1743
f 1743//1743 1701//1701 1703//1703
f 1722//1722 1744//1744 1720//1720
f 1720//1720 1744//1744 1726//1726
f 1720//1720 1726//1726 1745//1745
f 1745//1745 1726//1726 1725//1725
f 1745//1745 1725//1725 1746//1746
f 1746//1746 1725//1725 1747//1747
f 1746//1746 1747//1747 1438//1438
f 1438//1438 1747//1747 1440//1440
f 1748//1748 1749//1749 1750//1750
f 1751//1751 1434//1434 1436//1436
f 1752//1752 1753//1753 1754//1754
f 1436//1436 1755//1755 1751//1751
f 1751//1751 1755//1755 1756//1756
f 1751//1751 1756//1756 1757//1757
f 1757//1757 1756//1756 1758//1758
f 1444//1444 1443//1443 1759//1759
f 1759//1759 1443//1443 1760//1760
f 1759//1759 1760//1760 1753//1753
f 1761//1761 1754//1754 1762//1762
f 1762//1762 1754//1754 1763//1763
f 1753//1753 1760//1760 1754//1754
f 1754//1754 1760//1760 1764//1764
f 1754//1754 1764//1764 1763//1763
f 1750//1750 1749//1749 1765//1765
f 1765//1765 1749//1749 1761//1761
f 1765//1765 1761//1761 1766//1766
f 1766//1766 1761//1761 1762//1762
f 1758//1758 1752//1752 1757//1757
f 1757//1757 1752//1752 1754//1754
f 1757//1757 1754//1754 1767//1767
f 1767//1767 1754//1754 1768//1768
f 1767//1767 1768//1768 1769//1769
f 1769//1769 1768//1768 1770//1770
f 1769//1769 1770//1770 1771//1771
f 1771//1771 1770//1770 1772//1772
f 1771//1771 1772//1772 1773//1773
f 1773//1773 1772//1772 1774//1774
f 1773//1773 1774//1774 1775//1775
f 1775//1775 1774//1774 1776//1776
f 1775//1775 1776//1776 1777//1777
f 1777//1777 1776//1776 1778//1778
f 1777//1777 1778//1778 1779//1779
f 1779//1779 1778//1778 1780//1780
f 1779//1779 1780//1780 1781//1781
f 1781//1781 1780//1780 1782//1782
f 1781//1781 1782//1782 1783//1783
f 1783//1783 1782//1782 1784//1784
f 1783//1783 1784//1784 1785//1785
f 1785//1785 1784//1784 1786//1786
f 1785//1785 1786//1786 1787//1787
f 1787//1787 1786//1786 1788//1788
f 1789//1789 1790//1790 1791//1791
f 1792//1792 1787//1787 1793//1793
f 1793//1793 1787//1787 1794//1794
f 1795//1795 1796//1796 1797//1797
f 1795//1795 1798//1798 1799//1799
f 1800//1800 1801//1801 1788//1788
f 1788//1788 1801//1801 1802//1802
f 1788//1788 1802//1802 1787//1787
f 1787//1787 1802//1802 1803//1803
f 1787//1787 1803//1803 1794//1794
f 1795//1795 1797//1797 1791//1791
f 1791//1791 1797//1797 1804//1804
f 1791//1791 1804//1804 1789//1789
f 1799//1799 1805//1805 1795//1795
f 1795//1795 1805//1805 1806//1806
f 1795//1795 1806//1806 1796//1796
f 1796//1796 1806//1806 1807//1807
f 1796//1796 1807//1807 1808//1808
f 1808//1808 1807//1807 1809//1809
f 1808//1808 1809//1809 1810//1810
f 1810//1810 1809//1809 1811//1811
f 1810//1810 1811//1811 1803//1803
f 1803//1803 1811//1811 1812//1812
f 1803//1803 1812//1812 1794//1794
f 1813//1813 1814//1814 1815//1815
f 1815//1815 1814//1814 1816//1816
f 1817//1817 1818//1818 1791//1791
f 1791//1791 1818//1818 1815//1815
f 1791//1791 1815//1815 1795//1795
f 1795//1795 1815//1815 1816//1816
f 1795//1795 1816//1816 1819//1819
f 1819//1819 1816//1816 1820//1820
f 1674//1674 1672//1672 1821//1821
f 1822//1822 1821//1821 1648//1648
f 1648//1648 1821//1821 1650//1650
f 1684//1684 1682//1682 1823//1823
f 1821//1821 1672//1672 1650//1650
f 1650//1650 1672//1672 1694//1694
f 1650//1650 1694//1694 1692//1692
f 1682//1682 1680//1680 1823//1823
f 1823//1823 1680//1680 1678//1678
f 1823//1823 1678//1678 1821//1821
f 1821//1821 1678//1678 1676//1676
f 1821//1821 1676//1676 1674//1674
f 1648//1648 1670//1670 1822//1822
f 1822//1822 1670//1670 1668//1668
f 1822//1822 1668//1668 1824//1824
f 1824//1824 1668//1668 1666//1666
f 1824//1824 1666//1666 1664//1664
f 1686//1686 1684//1684 1658//1658
f 1658//1658 1684//1684 1823//1823
f 1658//1658 1823//1823 1660//1660
f 1660//1660 1823//1823 1824//1824
f 1660//1660 1824//1824 1662//1662
f 1662//1662 1824//1824 1664//1664
f 1686//1686 1658//1658 1688//1688
f 1688//1688 1658//1658 1656//1656
f 1688//1688 1656//1656 1690//1690
f 1690//1690 1656//1656 1654//1654
f 1690//1690 1654//1654 1692//1692
f 1692//1692 1654//1654 1652//1652
f 1692//1692 1652//1652 1650//1650
f 1825//1825 1826//1826 1822//1822
f 1822//1822 1826//1826 1827//1827
f 1822//1822 1827//1827 1821//1821
f 1821//1821 1827//1827 1828//1828
f 1821//1821 1828//1828 1829//1829
f 1830//1830 1831//1831 1832//1832
f 1833//1833 1536//1536 1834//1834
f 1834//1834 1536//1536 1534//1534
f 1835//1835 1542//1542 1836//1836
f 1836//1836 1542//1542 1540//1540
f 1836//1836 1540//1540 1833//1833
f 1833//1833 1540//1540 1538//1538
f 1833//1833 1538//1538 1536//1536
f 1534//1534 1532//1532 1834//1834
f 1834//1834 1532//1532 1530//1530
f 1834//1834 1530//1530 1837//1837
f 1837//1837 1530//1530 1528//1528
f 1837//1837 1528//1528 1838//1838
f 1838//1838 1528//1528 1550//1550
f 1550//1550 1548//1548 1838//1838
f 1838//1838 1548//1548 1546//1546
f 1838//1838 1546//1546 1835//1835
f 1835//1835 1546//1546 1544//1544
f 1835//1835 1544//1544 1542//1542
f 1584//1584 1582//1582 1829//1829
f 1829//1829 1582//1582 1839//1839
f 1582//1582 1580//1580 1839//1839
f 1839//1839 1580//1580 1578//1578
f 1839//1839 1578//1578 1840//1840
f 1840//1840 1578//1578 1576//1576
f 1840//1840 1576//1576 1841//1841
f 1841//1841 1576//1576 1598//1598
f 1598//1598 1596//1596 1841//1841
f 1841//1841 1596//1596 1594//1594
f 1841//1841 1594//1594 1842//1842
f 1594//1594 1592//1592 1842//1842
f 1842//1842 1592//1592 1590//1590
f 1842//1842 1590//1590 1828//1828
f 1828//1828 1590//1590 1588//1588
f 1828//1828 1588//1588 1829//1829
f 1829//1829 1588//1588 1586//1586
f 1829//1829 1586//1586 1584//1584
f 1833//1833 1839//1839 1486//1486
f 1486//1486 1839//1839 1488//1488
f 1486//1486 1484//1484 1833//1833
f 1833//1833 1484//1484 1482//1482
f 1833//1833 1482//1482 1836//1836
f 1836//1836 1482//1482 1480//1480
f 1836//1836 1480//1480 1835//1835
f 1835//1835 1480//1480 1502//1502
f 1841//1841 1494//1494 1840//1840
f 1840//1840 1494//1494 1492//1492
f 1840//1840 1492//1492 1839//1839
f 1839//1839 1492//1492 1490//1490
f 1839//1839 1490//1490 1488//1488
f 1502//1502 1500//1500 1835//1835
f 1835//1835 1500//1500 1498//1498
f 1835//1835 1498//1498 1841//1841
f 1841//1841 1498//1498 1496//1496
f 1841//1841 1496//1496 1494//1494
f 1843//1843 1826//1826 1825//1825
f 1830//1830 1844//1844 1845//1845
f 1845//1845 1844//1844 1846//1846
f 1845//1845 1846//1846 1847//1847
f 1841//1841 1506//1506 1843//1843
f 1843//1843 1506//1506 1504//1504
f 1843//1843 1504//1504 1526//1526
f 1526//1526 1524//1524 1843//1843
f 1843//1843 1524//1524 1522//1522
f 1843//1843 1522//1522 1826//1826
f 1826//1826 1522//1522 1520//1520
f 1520//1520 1518//1518 1826//1826
f 1826//1826 1518//1518 1516//1516
f 1826//1826 1516//1516 1842//1842
f 1842//1842 1516//1516 1514//1514
f 1514//1514 1512//1512 1842//1842
f 1842//1842 1512//1512 1510//1510
f 1842//1842 1510//1510 1841//1841
f 1841//1841 1510//1510 1508//1508
f 1841//1841 1508//1508 1506//1506
f 1474//1474 1472//1472 1843//1843
f 1458//1458 1456//1456 1846//1846
f 1846//1846 1456//1456 1478//1478
f 1846//1846 1478//1478 1476//1476
f 1825//1825 1847//1847 1843//1843
f 1843//1843 1847//1847 1846//1846
f 1843//1843 1846//1846 1474//1474
f 1474//1474 1846//1846 1476//1476
f 1466//1466 1841//1841 1468//1468
f 1468//1468 1841//1841 1843//1843
f 1468//1468 1843//1843 1470//1470
f 1470//1470 1843//1843 1472//1472
f 1460//1460 1835//1835 1462//1462
f 1462//1462 1835//1835 1841//1841
f 1462//1462 1841//1841 1464//1464
f 1464//1464 1841//1841 1466//1466
f 1844//1844 1552//1552 1574//1574
f 1566//1566 1564//1564 1846//1846
f 1846//1846 1564//1564 1835//1835
f 1846//1846 1835//1835 1458//1458
f 1458//1458 1835//1835 1460//1460
f 1552//1552 1844//1844 1554//1554
f 1554//1554 1844//1844 1838//1838
f 1554//1554 1838//1838 1556//1556
f 1574//1574 1572//1572 1844//1844
f 1844//1844 1572//1572 1570//1570
f 1844//1844 1570//1570 1846//1846
f 1846//1846 1570//1570 1568//1568
f 1846//1846 1568//1568 1566//1566
f 1564//1564 1562//1562 1835//1835
f 1835//1835 1562//1562 1560//1560
f 1835//1835 1560//1560 1838//1838
f 1838//1838 1560//1560 1558//1558
f 1838//1838 1558//1558 1556//1556
f 1830//1830 1832//1832 1844//1844
f 1844//1844 1832//1832 1848//1848
f 1844//1844 1848//1848 1838//1838
f 1838//1838 1848//1848 1849//1849
f 1838//1838 1849//1849 1837//1837
f 1837//1837 1849//1849 1850//1850
f 1837//1837 1850//1850 1834//1834
f 1832//1832 1831//1831 1851//1851
f 1852//1852 1850//1850 1849//1849
f 1852//1852 1849//1849 1851//1851
f 1851//1851 1849//1849 1853//1853
f 1851//1851 1853//1853 1832//1832
f 1854//1854 1600//1600 1622//1622
f 1616//1616 1851//1851 1618//1618
f 1618//1618 1851//1851 1854//1854
f 1618//1618 1854//1854 1620//1620
f 1620//1620 1854//1854 1622//1622
f 1616//1616 1614//1614 1851//1851
f 1851//1851 1614//1614 1612//1612
f 1851//1851 1612//1612 1852//1852
f 1628//1628 1626//1626 1855//1855
f 1855//1855 1626//1626 1624//1624
f 1855//1855 1624//1624 1854//1854
f 1608//1608 1640//1640 1638//1638
f 1612//1612 1610//1610 1852//1852
f 1852//1852 1610//1610 1608//1608
f 1852//1852 1608//1608 1636//1636
f 1636//1636 1608//1608 1638//1638
f 1636//1636 1634//1634 1852//1852
f 1852//1852 1634//1634 1632//1632
f 1852//1852 1632//1632 1855//1855
f 1855//1855 1632//1632 1630//1630
f 1855//1855 1630//1630 1628//1628
f 1624//1624 1646//1646 1854//1854
f 1854//1854 1646//1646 1644//1644
f 1854//1854 1644//1644 1600//1600
f 1600//1600 1644//1644 1602//1602
f 1640//1640 1608//1608 1642//1642
f 1642//1642 1608//1608 1606//1606
f 1642//1642 1606//1606 1644//1644
f 1644//1644 1606//1606 1604//1604
f 1644//1644 1604//1604 1602//1602
f 1856//1856 1857//1857 1858//1858
f 1858//1858 1857//1857 1859//1859
f 1860//1860 1861//1861 1392//1392
f 1392//1392 1861//1861 1856//1856
f 1392//1392 1856//1856 1395//1395
f 1395//1395 1856//1856 1858//1858
f 1395//1395 1858//1858 1862//1862
f 1862//1862 1858//1858 1863//1863
f 1864//1864 1865//1865 1866//1866
f 1866//1866 1865//1865 1400//1400
f 1865//1865 1867//1867 1400//1400
f 1400//1400 1867//1867 1868//1868
f 1400//1400 1868//1868 1398//1398
f 1398//1398 1868//1868 1869//1869
f 1398//1398 1869//1869 1410//1410
f 1870//1870 1413//1413 1415//1415
f 1871//1871 1872//1872 1873//1873
f 1415//1415 1874//1874 1870//1870
f 1870//1870 1874//1874 1875//1875
f 1870//1870 1875//1875 1876//1876
f 1876//1876 1875//1875 1877//1877
f 1428//1428 1427//1427 1878//1878
f 1878//1878 1427//1427 1879//1879
f 1878//1878 1879//1879 1872//1872
f 1880//1880 1873//1873 1881//1881
f 1881//1881 1873//1873 1882//1882
f 1872//1872 1879//1879 1873//1873
f 1873//1873 1879//1879 1883//1883
f 1873//1873 1883//1883 1882//1882
f 1697//1697 1696//1696 1884//1884
f 1884//1884 1696//1696 1880//1880
f 1884//1884 1880//1880 1885//1885
f 1885//1885 1880//1880 1881//1881
f 1877//1877 1871//1871 1876//1876
f 1876//1876 1871//1871 1873//1873
f 1876//1876 1873//1873 1886//1886
f 1886//1886 1873//1873 1887//1887
f 1886//1886 1887//1887 1888//1888
f 1888//1888 1887//1887 1889//1889
f 1888//1888 1889//1889 1890//1890
f 1890//1890 1889//1889 1891//1891
f 1890//1890 1891//1891 1892//1892
f 1892//1892 1891//1891 1893//1893
f 1892//1892 1893//1893 1894//1894
f 1894//1894 1893//1893 1895//1895
f 1894//1894 1895//1895 1868//1868
f 1868//1868 1895//1895 1896//1896
f 1868//1868 1896//1896 1869//1869
f 1897//1897 1816//1816 1898//1898
f 1898//1898 1816//1816 1814//1814
f 1899//1899 1900//1900 1821//1821
f 1852//1852 1855//1855 1901//1901
f 1901//1901 1855//1855 1902//1902
f 1829//1829 1903//1903 1904//1904
f 1900//1900 1905//1905 1821//1821
f 1821//1821 1905//1905 1898//1898
f 1821//1821 1898//1898 1823//1823
f 1856//1856 1906//1906 1857//1857
f 1857//1857 1906//1906 1901//1901
f 1857//1857 1901//1901 1907//1907
f 1907//1907 1901//1901 1902//1902
f 1814//1814 1908//1908 1898//1898
f 1898//1898 1908//1908 1909//1909
f 1898//1898 1909//1909 1823//1823
f 1829//1829 1904//1904 1821//1821
f 1821//1821 1904//1904 1910//1910
f 1821//1821 1910//1910 1899//1899
f 1911//1911 1912//1912 1833//1833
f 1833//1833 1912//1912 1913//1913
f 1833//1833 1913//1913 1839//1839
f 1839//1839 1913//1913 1914//1914
f 1901//1901 1915//1915 1852//1852
f 1852//1852 1915//1915 1916//1916
f 1852//1852 1916//1916 1850//1850
f 1916//1916 1917//1917 1850//1850
f 1850//1850 1917//1917 1918//1918
f 1850//1850 1918//1918 1834//1834
f 1834//1834 1918//1918 1919//1919
f 1834//1834 1919//1919 1833//1833
f 1833//1833 1919//1919 1920//1920
f 1833//1833 1920//1920 1911//1911
f 1914//1914 1921//1921 1839//1839
f 1839//1839 1921//1921 1922//1922
f 1839//1839 1922//1922 1829//1829
f 1829//1829 1922//1922 1923//1923
f 1829//1829 1923//1923 1903//1903
f 1854//1854 1851//1851 1924//1924
f 1924//1924 1925//1925 1858//1858
f 1924//1924 1851//1851 1926//1926
f 1815//1815 1927//1927 1813//1813
f 1813//1813 1927//1927 1928//1928
f 1929//1929 1854//1854 1930//1930
f 1930//1930 1854//1854 1924//1924
f 1930//1930 1924//1924 1859//1859
f 1859//1859 1924//1924 1858//1858
f 1931//1931 1822//1822 1932//1932
f 1932//1932 1822//1822 1928//1928
f 1933//1933 1813//1813 1934//1934
f 1934//1934 1813//1813 1928//1928
f 1934//1934 1928//1928 1824//1824
f 1824//1824 1928//1928 1822//1822
f 1831//1831 1935//1935 1851//1851
f 1851//1851 1935//1935 1936//1936
f 1851//1851 1936//1936 1926//1926
f 1937//1937 1845//1845 1938//1938
f 1938//1938 1845//1845 1847//1847
f 1938//1938 1847//1847 1939//1939
f 1939//1939 1847//1847 1940//1940
f 1941//1941 1825//1825 1942//1942
f 1942//1942 1825//1825 1822//1822
f 1942//1942 1822//1822 1943//1943
f 1943//1943 1822//1822 1931//1931
f 1941//1941 1944//1944 1825//1825
f 1825//1825 1944//1944 1945//1945
f 1825//1825 1945//1945 1847//1847
f 1847//1847 1945//1945 1946//1946
f 1847//1847 1946//1946 1940//1940
f 1937//1937 1947//1947 1845//1845
f 1845//1845 1947//1947 1948//1948
f 1845//1845 1948//1948 1830//1830
f 1830//1830 1948//1948 1949//1949
f 1830//1830 1949//1949 1831//1831
f 1831//1831 1949//1949 1950//1950
f 1831//1831 1950//1950 1935//1935
f 1814//1814 1813//1813 1933//1933
f 1814//1814 1933//1933 1908//1908
f 1908//1908 1933//1933 1934//1934
f 1908//1908 1934//1934 1909//1909
f 1909//1909 1934//1934 1824//1824
f 1909//1909 1824//1824 1823//1823
f 1855//1855 1854//1854 1929//1929
f 1855//1855 1929//1929 1902//1902
f 1902//1902 1929//1929 1930//1930
f 1902//1902 1930//1930 1907//1907
f 1907//1907 1930//1930 1859//1859
f 1907//1907 1859//1859 1857//1857
f 1689//1689 1951//1951 1687//1687
f 1687//1687 1951//1951 1952//1952
f 1687//1687 1952//1952 1685//1685
f 1685//1685 1952//1952 1953//1953
f 1685//1685 1953//1953 1683//1683
f 1683//1683 1953//1953 1954//1954
f 1683//1683 1954//1954 1681//1681
f 1681//1681 1954//1954 1955//1955
f 1681//1681 1955//1955 1679//1679
f 1679//1679 1955//1955 1956//1956
f 1679//1679 1956//1956 1677//1677
f 1677//1677 1956//1956 1957//1957
f 1677//1677 1957//1957 1675//1675
f 1675//1675 1957//1957 1958//1958
f 1675//1675 1958//1958 1673//1673
f 1673//1673 1958//1958 1959//1959
f 1673//1673 1959//1959 1671//1671
f 1671//1671 1959//1959 1960//1960
f 1671//1671 1960//1960 1693//1693
f 1693//1693 1960//1960 1961//1961
f 1693//1693 1961//1961 1691//1691
f 1691//1691 1961//1961 1962//1962
f 1691//1691 1962//1962 1689//1689
f 1689//1689 1962//1962 1951//1951
f 1963//1963 1958//1958 1964//1964
f 1964//1964 1958//1958 1957//1957
f 1964//1964 1957//1957 1965//1965
f 1965//1965 1957//1957 1956//1956
f 1955//1955 1798//1798 1956//1956
f 1956//1956 1798//1798 1966//1966
f 1956//1956 1966//1966 1965//1965
f 1963//1963 1967//1967 1958//1958
f 1958//1958 1967//1967 1792//1792
f 1958//1958 1792//1792 1959//1959
f 1959//1959 1792//1792 1793//1793
f 1959//1959 1793//1793 1960//1960
f 1960//1960 1793//1793 1794//1794
f 1960//1960 1794//1794 1961//1961
f 1961//1961 1794//1794 1812//1812
f 1961//1961 1812//1812 1962//1962
f 1962//1962 1812//1812 1811//1811
f 1962//1962 1811//1811 1951//1951
f 1951//1951 1811//1811 1809//1809
f 1951//1951 1809//1809 1952//1952
f 1952//1952 1809//1809 1807//1807
f 1952//1952 1807//1807 1953//1953
f 1953//1953 1807//1807 1806//1806
f 1953//1953 1806//1806 1954//1954
f 1954//1954 1806//1806 1805//1805
f 1954//1954 1805//1805 1955//1955
f 1955//1955 1805//1805 1799//1799
f 1955//1955 1799//1799 1798//1798
f 1665//1665 1968//1968 1663//1663
f 1663//1663 1968//1968 1969//1969
f 1663//1663 1969//1969 1661//1661
f 1661//1661 1969//1969 1970//1970
f 1661//1661 1970//1970 1659//1659
f 1659//1659 1970//1970 1971//1971
f 1659//1659 1971//1971 1657//1657
f 1657//1657 1971//1971 1972//1972
f 1657//1657 1972//1972 1655//1655
f 1655//1655 1972//1972 1973//1973
f 1655//1655 1973//1973 1653//1653
f 1653//1653 1973//1973 1974//1974
f 1653//1653 1974//1974 1651//1651
f 1651//1651 1974//1974 1975//1975
f 1651//1651 1975//1975 1649//1649
f 1649//1649 1975//1975 1976//1976
f 1649//1649 1976//1976 1647//1647
f 1647//1647 1976//1976 1977//1977
f 1647//1647 1977//1977 1669//1669
f 1669//1669 1977//1977 1978//1978
f 1669//1669 1978//1978 1667//1667
f 1667//1667 1978//1978 1979//1979
f 1667//1667 1979//1979 1665//1665
f 1665//1665 1979//1979 1968//1968
f 1980//1980 1969//1969 1981//1981
f 1981//1981 1969//1969 1968//1968
f 1981//1981 1968//1968 1982//1982
f 1982//1982 1968//1968 1979//1979
f 1978//1978 1800//1800 1979//1979
f 1979//1979 1800//1800 1983//1983
f 1979//1979 1983//1983 1982//1982
f 1980//1980 1984//1984 1969//1969
f 1969//1969 1984//1984 1790//1790
f 1969//1969 1790//1790 1970//1970
f 1970//1970 1790//1790 1789//1789
f 1970//1970 1789//1789 1971//1971
f 1971//1971 1789//1789 1804//1804
f 1971//1971 1804//1804 1972//1972
f 1972//1972 1804//1804 1797//1797
f 1972//1972 1797//1797 1973//1973
f 1973//1973 1797//1797 1796//1796
f 1973//1973 1796//1796 1974//1974
f 1974//1974 1796//1796 1808//1808
f 1974//1974 1808//1808 1975//1975
f 1975//1975 1808//1808 1810//1810
f 1975//1975 1810//1810 1976//1976
f 1976//1976 1810//1810 1803//1803
f 1976//1976 1803//1803 1977//1977
f 1977//1977 1803//1803 1802//1802
f 1977//1977 1802//1802 1978//1978
f 1978//1978 1802//1802 1801//1801
f 1978//1978 1801//1801 1800//1800
f 1631//1631 1985//1985 1629//1629
f 1629//1629 1985//1985 1986//1986
f 1629//1629 1986//1986 1627//1627
f 1627//1627 1986//1986 1987//1987
f 1627//1627 1987//1987 1625//1625
f 1625//1625 1987//1987 1988//1988
f 1625//1625 1988//1988 1623//1623
f 1623//1623 1988//1988 1989//1989
f 1623//1623 1989//1989 1645//1645
f 1645//1645 1989//1989 1990//1990
f 1645//1645 1990//1990 1643//1643
f 1643//1643 1990//1990 1991//1991
f 1643//1643 1991//1991 1641//1641
f 1641//1641 1991//1991 1992//1992
f 1641//1641 1992//1992 1639//1639
f 1639//1639 1992//1992 1993//1993
f 1639//1639 1993//1993 1637//1637
f 1637//1637 1993//1993 1994//1994
f 1637//1637 1994//1994 1635//1635
f 1635//1635 1994//1994 1995//1995
f 1635//1635 1995//1995 1633//1633
f 1633//1633 1995//1995 1996//1996
f 1633//1633 1996//1996 1631//1631
f 1631//1631 1996//1996 1985//1985
f 1997//1997 1987//1987 1998//1998
f 1998//1998 1987//1987 1986//1986
f 1998//1998 1986//1986 1999//1999
f 1999//1999 1986//1986 1985//1985
f 1996//1996 1412//1412 1985//1985
f 1985//1985 1412//1412 2000//2000
f 1985//1985 2000//2000 1999//1999
f 1997//1997 2001//2001 1987//1987
f 1987//1987 2001//2001 1391//1391
f 1987//1987 1391//1391 1988//1988
f 1988//1988 1391//1391 1390//1390
f 1988//1988 1390//1390 1989//1989
f 1989//1989 1390//1390 1409//1409
f 1989//1989 1409//1409 1990//1990
f 1990//1990 1409//1409 1408//1408
f 1990//1990 1408//1408 1991//1991
f 1991//1991 1408//1408 1407//1407
f 1991//1991 1407//1407 1992//1992
f 1992//1992 1407//1407 1405//1405
f 1992//1992 1405//1405 1993//1993
f 1993//1993 1405//1405 1401//1401
f 1993//1993 1401//1401 1994//1994
f 1994//1994 1401//1401 1399//1399
f 1994//1994 1399//1399 1995//1995
f 1995//1995 1399//1399 1398//1398
f 1995//1995 1398//1398 1996//1996
f 1996//1996 1398//1398 1411//1411
f 1996//1996 1411//1411 1412//1412
f 1607//1607 2002//2002 1605//1605
f 1605//1605 2002//2002 2003//2003
f 1605//1605 2003//2003 1603//1603
f 1603//1603 2003//2003 2004//2004
f 1603//1603 2004//2004 1601//1601
f 1601//1601 2004//2004 2005//2005
f 1601//1601 2005//2005 1599//1599
f 1599//1599 2005//2005 2006//2006
f 1599//1599 2006//2006 1621//1621
f 1621//1621 2006//2006 2007//2007
f 1621//1621 2007//2007 1619//1619
f 1619//1619 2007//2007 2008//2008
f 1619//1619 2008//2008 1617//1617
f 1617//1617 2008//2008 2009//2009
f 1617//1617 2009//2009 1615//1615
f 1615//1615 2009//2009 2010//2010
f 1615//1615 2010//2010 1613//1613
f 1613//1613 2010//2010 2011//2011
f 1613//1613 2011//2011 1611//1611
f 1611//1611 2011//2011 2012//2012
f 1611//1611 2012//2012 1609//1609
f 1609//1609 2012//2012 2013//2013
f 1609//1609 2013//2013 1607//1607
f 1607//1607 2013//2013 2002//2002
f 2014//2014 2010//2010 2015//2015
f 2015//2015 2010//2010 2009//2009
f 2015//2015 2009//2009 2016//2016
f 2016//2016 2009//2009 2008//2008
f 2007//2007 1393//1393 2008//2008
f 2008//2008 1393//1393 2017//2017
f 2008//2008 2017//2017 2016//2016
f 2014//2014 2018//2018 2010//2010
f 2010//2010 2018//2018 1864//1864
f 2010//2010 1864//1864 2011//2011
f 2011//2011 1864//1864 1866//1866
f 2011//2011 1866//1866 2012//2012
f 2012//2012 1866//1866 1400//1400
f 2012//2012 1400//1400 2013//2013
f 2013//2013 1400//1400 1402//1402
f 2013//2013 1402//1402 2002//2002
f 2002//2002 1402//1402 1403//1403
f 2002//2002 1403//1403 2003//2003
f 2003//2003 1403//1403 1404//1404
f 2003//2003 1404//1404 2004//2004
f 2004//2004 1404//1404 1406//1406
f 2004//2004 1406//1406 2005//2005
f 2005//2005 1406//1406 1397//1397
f 2005//2005 1397//1397 2006//2006
f 2006//2006 1397//1397 1396//1396
f 2006//2006 1396//1396 2007//2007
f 2007//2007 1396//1396 1394//1394
f 2007//2007 1394//1394 1393//1393
f 1755//1755 1436//1436 2019//2019
f 2019//2019 1436//1436 1435//1435
f 2019//2019 1435//1435 2020//2020
f 1755//1755 2019//2019 1756//1756
f 1756//1756 2019//2019 2021//2021
f 1756//1756 2021//2021 1758//1758
f 2022//2022 1753//1753 2021//2021
f 2021//2021 1753//1753 1752//1752
f 2021//2021 1752//1752 1758//1758
f 2023//2023 1444//1444 2022//2022
f 2022//2022 1444//1444 1759//1759
f 2022//2022 1759//1759 1753//1753
f 2024//2024 2025//2025 2026//2026
f 2026//2026 2025//2025 2027//2027
f 2026//2026 2027//2027 2028//2028
f 2028//2028 2027//2027 2020//2020
f 2028//2028 2020//2020 2029//2029
f 2029//2029 2020//2020 1435//1435
f 2024//2024 2030//2030 2025//2025
f 2025//2025 2030//2030 1454//1454
f 2025//2025 1454//1454 2031//2031
f 2031//2031 1454//1454 1453//1453
f 2031//2031 1453//1453 2032//2032
f 2032//2032 1453//1453 1452//1452
f 2032//2032 1452//1452 2033//2033
f 2033//2033 1452//1452 1451//1451
f 2033//2033 1451//1451 2034//2034
f 2034//2034 1451//1451 1450//1450
f 2034//2034 1450//1450 2035//2035
f 2035//2035 1450//1450 1448//1448
f 2035//2035 1448//1448 2023//2023
f 2023//2023 1448//1448 1446//1446
f 2023//2023 1446//1446 1444//1444
f 1589//1589 2022//2022 1587//1587
f 1587//1587 2022//2022 2021//2021
f 1587//1587 2021//2021 1585//1585
f 1585//1585 2021//2021 2019//2019
f 1585//1585 2019//2019 1583//1583
f 1583//1583 2019//2019 2020//2020
f 1583//1583 2020//2020 1581//1581
f 1581//1581 2020//2020 2027//2027
f 1581//1581 2027//2027 1579//1579
f 1579//1579 2027//2027 2025//2025
f 1579//1579 2025//2025 1577//1577
f 1577//1577 2025//2025 2031//2031
f 1577//1577 2031//2031 1575//1575
f 1575//1575 2031//2031 2032//2032
f 1575//1575 2032//2032 1597//1597
f 1597//1597 2032//2032 2033//2033
f 1597//1597 2033//2033 1595//1595
f 1595//1595 2033//2033 2034//2034
f 1595//1595 2034//2034 1593//1593
f 1593//1593 2034//2034 2035//2035
f 1593//1593 2035//2035 1591//1591
f 1591//1591 2035//2035 2023//2023
f 1591//1591 2023//2023 1589//1589
f 1589//1589 2023//2023 2022//2022
f 1874//1874 1415//1415 2036//2036
f 2036//2036 1415//1415 1414//1414
f 2036//2036 1414//1414 2037//2037
f 1874//1874 2036//2036 1875//1875
f 1875//1875 2036//2036 2038//2038
f 1875//1875 2038//2038 1877//1877
f 2039//2039 1872//1872 2038//2038
f 2038//2038 1872//1872 1871//1871
f 2038//2038 1871//1871 1877//1877
f 2040//2040 1428//1428 2039//2039
f 2039//2039 1428//1428 1878//1878
f 2039//2039 1878//1878 1872//1872
f 2041//2041 2042//2042 2043//2043
f 2043//2043 2042//2042 2044//2044
f 2043//2043 2044//2044 2045//2045
f 2045//2045 2044//2044 2037//2037
f 2045//2045 2037//2037 2046//2046
f 2046//2046 2037//2037 1414//1414
f 2041//2041 2047//2047 2042//2042
f 2042//2042 2047//2047 1419//1419
f 2042//2042 1419//1419 2048//2048
f 2048//2048 1419//1419 1421//1421
f 2048//2048 1421//1421 2049//2049
f 2049//2049 1421//1421 1422//1422
f 2049//2049 1422//1422 2050//2050
f 2050//2050 1422//1422 1418//1418
f 2050//2050 1418//1418 2051//2051
f 2051//2051 1418//1418 1433//1433
f 2051//2051 1433//1433 2052//2052
f 2052//2052 1433//1433 1432//1432
f 2052//2052 1432//1432 2040//2040
f 2040//2040 1432//1432 1430//1430
f 2040//2040 1430//1430 1428//1428
f 1561//1561 2050//2050 1559//1559
f 1559//1559 2050//2050 2051//2051
f 1559//1559 2051//2051 1557//1557
f 1557//1557 2051//2051 2052//2052
f 1557//1557 2052//2052 1555//1555
f 1555//1555 2052//2052 2040//2040
f 1555//1555 2040//2040 1553//1553
f 1553//1553 2040//2040 2039//2039
f 1553//1553 2039//2039 1551//1551
f 1551//1551 2039//2039 2038//2038
f 1551//1551 2038//2038 1573//1573
f 1573//1573 2038//2038 2036//2036
f 1573//1573 2036//2036 1571//1571
f 1571//1571 2036//2036 2037//2037
f 1571//1571 2037//2037 1569//1569
f 1569//1569 2037//2037 2044//2044
f 1569//1569 2044//2044 1567//1567
f 1567//1567 2044//2044 2042//2042
f 1567//1567 2042//2042 1565//1565
f 1565//1565 2042//2042 2048//2048
f 1565//1565 2048//2048 1563//1563
f 1563//1563 2048//2048 2049//2049
f 1563//1563 2049//2049 1561//1561
f 1561//1561 2049//2049 2050//2050
f 2053//2053 1882//1882 1883//1883
f 2053//2053 1883//1883 2054//2054
f 1697//1697 1884//1884 2055//2055
f 2055//2055 1884//1884 1885//1885
f 2055//2055 1885//1885 2053//2053
f 2053//2053 1885//1885 1881//1881
f 2053//2053 1881//1881 1882//1882
f 1697//1697 2055//2055 1695//1695
f 1695//1695 2055//2055 2056//2056
f 1695//1695 2056//2056 2057//2057
f 2058//2058 2059//2059 2060//2060
f 2060//2060 2059//2059 2061//2061
f 2060//2060 2061//2061 2056//2056
f 2056//2056 2061//2061 2062//2062
f 2056//2056 2062//2062 2057//2057
f 2063//2063 1424//1424 2058//2058
f 2058//2058 1424//1424 2064//2064
f 2058//2058 2064//2064 2059//2059
f 1883//1883 1879//1879 2054//2054
f 2054//2054 1879//1879 1427//1427
f 2054//2054 1427//1427 2065//2065
f 2065//2065 1427//1427 1429//1429
f 2065//2065 1429//1429 2066//2066
f 2066//2066 1429//1429 1431//1431
f 2066//2066 1431//1431 2067//2067
f 2067//2067 1431//1431 1417//1417
f 2067//2067 1417//1417 2068//2068
f 2068//2068 1417//1417 1416//1416
f 2068//2068 1416//1416 2069//2069
f 2069//2069 1416//1416 1426//1426
f 2069//2069 1426//1426 2063//2063
f 2063//2063 1426//1426 1425//1425
f 2063//2063 1425//1425 1424//1424
f 1537//1537 2063//2063 1535//1535
f 1535//1535 2063//2063 2058//2058
f 1535//1535 2058//2058 1533//1533
f 1533//1533 2058//2058 2060//2060
f 1533//1533 2060//2060 1531//1531
f 1531//1531 2060//2060 2056//2056
f 1531//1531 2056//2056 1529//1529
f 1529//1529 2056//2056 2055//2055
f 1529//1529 2055//2055 1527//1527
f 1527//1527 2055//2055 2053//2053
f 1527//1527 2053//2053 1549//1549
f 1549//1549 2053//2053 2054//2054
f 1549//1549 2054//2054 1547//1547
f 1547//1547 2054//2054 2065//2065
f 1547//1547 2065//2065 1545//1545
f 1545//1545 2065//2065 2066//2066
f 1545//1545 2066//2066 1543//1543
f 1543//1543 2066//2066 2067//2067
f 1543//1543 2067//2067 1541//1541
f 1541//1541 2067//2067 2068//2068
f 1541//1541 2068//2068 1539//1539
f 1539//1539 2068//2068 2069//2069
f 1539//1539 2069//2069 1537//1537
f 1537//1537 2069//2069 2063//2063
f 2070//2070 1763//1763 1764//1764
f 2070//2070 1764//1764 2071//2071
f 1750//1750 1765//1765 2072//2072
f 2072//2072 1765//1765 1766//1766
f 2072//2072 1766//1766 2070//2070
f 2070//2070 1766//1766 1762//1762
f 2070//2070 1762//1762 1763//1763
f 1750//1750 2072//2072 1748//1748
f 1748//1748 2072//2072 2073//2073
f 1748//1748 2073//2073 2074//2074
f 2075//2075 2076//2076 2077//2077
f 2077//2077 2076//2076 2078//2078
f 2077//2077 2078//2078 2073//2073
f 2073//2073 2078//2078 2079//2079
f 2073//2073 2079//2079 2074//2074
f 2080//2080 1442//1442 2075//2075
f 2075//2075 1442//1442 2081//2081
f 2075//2075 2081//2081 2076//2076
f 1764//1764 1760//1760 2071//2071
f 2071//2071 1760//1760 1443//1443
f 2071//2071 1443//1443 2082//2082
f 2082//2082 1443//1443 1445//1445
f 2082//2082 1445//1445 2083//2083
f 2083//2083 1445//1445 1447//1447
f 2083//2083 1447//1447 2084//2084
f 2084//2084 1447//1447 1449//1449
f 2084//2084 1449//1449 2085//2085
f 2085//2085 1449//1449 1437//1437
f 2085//2085 1437//1437 2086//2086
f 2086//2086 1437//1437 1439//1439
f 2086//2086 1439//1439 2080//2080
f 2080//2080 1439//1439 1441//1441
f 2080//2080 1441//1441 1442//1442
f 1517//1517 2072//2072 1515//1515
f 1515//1515 2072//2072 2070//2070
f 1515//1515 2070//2070 1513//1513
f 1513//1513 2070//2070 2071//2071
f 1513//1513 2071//2071 1511//1511
f 1511//1511 2071//2071 2082//2082
f 1511//1511 2082//2082 1509//1509
f 1509//1509 2082//2082 2083//2083
f 1509//1509 2083//2083 1507//1507
f 1507//1507 2083//2083 2084//2084
f 1507//1507 2084//2084 1505//1505
f 1505//1505 2084//2084 2085//2085
f 1505//1505 2085//2085 1503//1503
f 1503//1503 2085//2085 2086//2086
f 1503//1503 2086//2086 1525//1525
f 1525//1525 2086//2086 2080//2080
f 1525//1525 2080//2080 1523//1523
f 1523//1523 2080//2080 2075//2075
f 1523//1523 2075//2075 1521//1521
f 1521//1521 2075//2075 2077//2077
f 1521//1521 2077//2077 1519//1519
f 1519//1519 2077//2077 2073//2073
f 1519//1519 2073//2073 1517//1517
f 1517//1517 2073//2073 2072//2072
f 2087//2087 2088//2088 2089//2089
f 2089//2089 2088//2088 1719//1719
f 2089//2089 1719//1719 2090//2090
f 2087//2087 2089//2089 2091//2091
f 2091//2091 2089//2089 2092//2092
f 2091//2091 2092//2092 2093//2093
f 2093//2093 2092//2092 2094//2094
f 2093//2093 2094//2094 2095//2095
f 2095//2095 2094//2094 1721//1721
f 1721//1721 2094//2094 2096//2096
f 1721//1721 2096//2096 1722//1722
f 1722//1722 2096//2096 1744//1744
f 1744//1744 2096//2096 2097//2097
f 1744//1744 2097//2097 1726//1726
f 1726//1726 2097//2097 1723//1723
f 1723//1723 2097//2097 2098//2098
f 1723//1723 2098//2098 1724//1724
f 2099//2099 1733//1733 2098//2098
f 2098//2098 1733//1733 1732//1732
f 2098//2098 1732//1732 1724//1724
f 2100//2100 1731//1731 2101//2101
f 2101//2101 1731//1731 1730//1730
f 2101//2101 1730//1730 2099//2099
f 2099//2099 1730//1730 1728//1728
f 2099//2099 1728//1728 1733//1733
f 2102//2102 1710//1710 2100//2100
f 2100//2100 1710//1710 1714//1714
f 2100//2100 1714//1714 1731//1731
f 2103//2103 1712//1712 2102//2102
f 2102//2102 1712//1712 1711//1711
f 2102//2102 1711//1711 1710//1710
f 1719//1719 1718//1718 2090//2090
f 2090//2090 1718//1718 1717//1717
f 2090//2090 1717//1717 2103//2103
f 2103//2103 1717//1717 1713//1713
f 2103//2103 1713//1713 1712//1712
f 1487//1487 2094//2094 1485//1485
f 1485//1485 2094//2094 2092//2092
f 1485//1485 2092//2092 1483//1483
f 1483//1483 2092//2092 2089//2089
f 1483//1483 2089//2089 1481//1481
f 1481//1481 2089//2089 2090//2090
f 1481//1481 2090//2090 1479//1479
f 1479//1479 2090//2090 2103//2103
f 1479//1479 2103//2103 1501//1501
f 1501//1501 2103//2103 2102//2102
f 1501//1501 2102//2102 1499//1499
f 1499//1499 2102//2102 2100//2100
f 1499//1499 2100//2100 1497//1497
f 1497//1497 2100//2100 2101//2101
f 1497//1497 2101//2101 1495//1495
f 1495//1495 2101//2101 2099//2099
f 1495//1495 2099//2099 1493//1493
f 1493//1493 2099//2099 2098//2098
f 1493//1493 2098//2098 1491//1491
f 1491//1491 2098//2098 2097//2097
f 1491//1491 2097//2097 1489//1489
f 1489//1489 2097//2097 2096//2096
f 1489//1489 2096//2096 1487//1487
f 1487//1487 2096//2096 2094//2094
f 2104//2104 2105//2105 2106//2106
f 2106//2106 2105//2105 1699//1699
f 2106//2106 1699//1699 2107//2107
f 2104//2104 2106//2106 2108//2108
f 2108//2108 2106//2106 2109//2109
f 2108//2108 2109//2109 2110//2110
f 2110//2110 2109//2109 2111//2111
f 2110//2110 2111//2111 2112//2112
f 2112//2112 2111//2111 1702//1702
f 1702//1702 2111//2111 2113//2113
f 1702//1702 2113//2113 1703//1703
f 1703//1703 2113//2113 1743//1743
f 1743//1743 2113//2113 2114//2114
f 1743//1743 2114//2114 1709//1709
f 1709//1709 2114//2114 1708//1708
f 1708//1708 2114//2114 2115//2115
f 1708//1708 2115//2115 1706//1706
f 1706//1706 2115//2115 1704//1704
f 1704//1704 2115//2115 2116//2116
f 1704//1704 2116//2116 1716//1716
f 2117//2117 1727//1727 2118//2118
f 2118//2118 1727//1727 1729//1729
f 2118//2118 1729//1729 2116//2116
f 2116//2116 1729//1729 1715//1715
f 2116//2116 1715//1715 1716//1716
f 2119//2119 1735//1735 2117//2117
f 2117//2117 1735//1735 1734//1734
f 2117//2117 1734//1734 1727//1727
f 2120//2120 1737//1737 2119//2119
f 2119//2119 1737//1737 1736//1736
f 2119//2119 1736//1736 1735//1735
f 1699//1699 1698//1698 2107//2107
f 2107//2107 1698//1698 1739//1739
f 2107//2107 1739//1739 2120//2120
f 2120//2120 1739//1739 1738//1738
f 2120//2120 1738//1738 1737//1737
f 1463//1463 2117//2117 1461//1461
f 1461//1461 2117//2117 2118//2118
f 1461//1461 2118//2118 1459//1459
f 1459//1459 2118//2118 2116//2116
f 1459//1459 2116//2116 1457//1457
f 1457//1457 2116//2116 2115//2115
f 1457//1457 2115//2115 1455//1455
f 1455//1455 2115//2115 2114//2114
f 1455//1455 2114//2114 1477//1477
f 1477//1477 2114//2114 2113//2113
f 1477//1477 2113//2113 1475//1475
f 1475//1475 2113//2113 2111//2111
f 1475//1475 2111//2111 1473//1473
f 1473//1473 2111//2111 2109//2109
f 1473//1473 2109//2109 1471//1471
f 1471//1471 2109//2109 2106//2106
f 1471//1471 2106//2106 1469//1469
f 1469//1469 2106//2106 2107//2107
f 1469//1469 2107//2107 1467//1467
f 1467//1467 2107//2107 2120//2120
f 1467//1467 2120//2120 1465//1465
f 1465//1465 2120//2120 2119//2119
f 1465//1465 2119//2119 1463//1463
f 1463//1463 2119//2119 2117//2117
f 1906//1906 1856//1856 2121//2121
f 2121//2121 1856//1856 1861//1861
f 2121//2121 1861//1861 2122//2122
f 2123//2123 2124//2124 1860//1860
f 1860//1860 2124//2124 2125//2125
f 1860//1860 2125//2125 1861//1861
f 1861//1861 2125//2125 2126//2126
f 1861//1861 2126//2126 2122//2122
f 1392//1392 1391//1391 1860//1860
f 1860//1860 1391//1391 2001//2001
f 1860//1860 2001//2001 1997//1997
f 1997//1997 1998//1998 1860//1860
f 1860//1860 1998//1998 2127//2127
f 1860//1860 2127//2127 2123//2123
f 2000//2000 1412//1412 1410//1410
f 1998//1998 1999//1999 2127//2127
f 2127//2127 1999//1999 2000//2000
f 2127//2127 2000//2000 2128//2128
f 2128//2128 2000//2000 1410//1410
f 1896//1896 1895//1895 2129//2129
f 1893//1893 1891//1891 2130//2130
f 1873//1873 1880//1880 2131//2131
f 2125//2125 2124//2124 2132//2132
f 2127//2127 2128//2128 2133//2133
f 2133//2133 2128//2128 1410//1410
f 2133//2133 1410//1410 1869//1869
f 2132//2132 2124//2124 2133//2133
f 2133//2133 2124//2124 2123//2123
f 2133//2133 2123//2123 2127//2127
f 2125//2125 2132//2132 2126//2126
f 2126//2126 2132//2132 2134//2134
f 2126//2126 2134//2134 2122//2122
f 2122//2122 2134//2134 2121//2121
f 2121//2121 2134//2134 1901//1901
f 2121//2121 1901//1901 1906//1906
f 1917//1917 1916//1916 2135//2135
f 2135//2135 1916//1916 2136//2136
f 2135//2135 2136//2136 2137//2137
f 2137//2137 2136//2136 2138//2138
f 2137//2137 2138//2138 2139//2139
f 2139//2139 2138//2138 2130//2130
f 1919//1919 1918//1918 2140//2140
f 2140//2140 1918//1918 2141//2141
f 2140//2140 2141//2141 2142//2142
f 2142//2142 2141//2141 2143//2143
f 2142//2142 2143//2143 2144//2144
f 2144//2144 2143//2143 2131//2131
f 2144//2144 2131//2131 1696//1696
f 1696//1696 2131//2131 1880//1880
f 1887//1887 1873//1873 2139//2139
f 2139//2139 1873//1873 2131//2131
f 2139//2139 2131//2131 2137//2137
f 2137//2137 2131//2131 2143//2143
f 2137//2137 2143//2143 2135//2135
f 2135//2135 2143//2143 2141//2141
f 2135//2135 2141//2141 1917//1917
f 1917//1917 2141//2141 1918//1918
f 2130//2130 1891//1891 2139//2139
f 2139//2139 1891//1891 1889//1889
f 2139//2139 1889//1889 1887//1887
f 1895//1895 1893//1893 2129//2129
f 2129//2129 1893//1893 2130//2130
f 2129//2129 2130//2130 2145//2145
f 2145//2145 2130//2130 2138//2138
f 2145//2145 2138//2138 2146//2146
f 2146//2146 2138//2138 2136//2136
f 2146//2146 2136//2136 1915//1915
f 1915//1915 2136//2136 1916//1916
f 1869//1869 1896//1896 2133//2133
f 2133//2133 1896//1896 2129//2129
f 2133//2133 2129//2129 2132//2132
f 2132//2132 2129//2129 2145//2145
f 2132//2132 2145//2145 2134//2134
f 2134//2134 2145//2145 2146//2146
f 2134//2134 2146//2146 1901//1901
f 1901//1901 2146//2146 1915//1915
f 1920//1920 1919//1919 2147//2147
f 2147//2147 1919//1919 2140//2140
f 2147//2147 2140//2140 2148//2148
f 2144//2144 1696//1696 1695//1695
f 1695//1695 2057//2057 2144//2144
f 2144//2144 2057//2057 2062//2062
f 2144//2144 2062//2062 2061//2061
f 2061//2061 2149//2149 2144//2144
f 2144//2144 2149//2149 2150//2150
f 2144//2144 2150//2150 2142//2142
f 2142//2142 2150//2150 2151//2151
f 2142//2142 2151//2151 2140//2140
f 2140//2140 2151//2151 2152//2152
f 2140//2140 2152//2152 2148//2148
f 2064//2064 1424//1424 1423//1423
f 2061//2061 2059//2059 2149//2149
f 2149//2149 2059//2059 2064//2064
f 2149//2149 2064//2064 2153//2153
f 2153//2153 2064//2064 1423//1423
f 1787//1787 1792//1792 2154//2154
f 2154//2154 1792//1792 1967//1967
f 2154//2154 1967//1967 2155//2155
f 2155//2155 1967//1967 1963//1963
f 1798//1798 1795//1795 1966//1966
f 1966//1966 1795//1795 1819//1819
f 1966//1966 1819//1819 1965//1965
f 1965//1965 1819//1819 1964//1964
f 1820//1820 2156//2156 1819//1819
f 1819//1819 2156//2156 2157//2157
f 1963//1963 1964//1964 2155//2155
f 2155//2155 1964//1964 1819//1819
f 2155//2155 1819//1819 2158//2158
f 2158//2158 1819//1819 2157//2157
f 1816//1816 1897//1897 1820//1820
f 1820//1820 1897//1897 2159//2159
f 2159//2159 2160//2160 1820//1820
f 1820//1820 2160//2160 2161//2161
f 1820//1820 2161//2161 2156//2156
f 2162//2162 1922//1922 1921//1921
f 2163//2163 2153//2153 1423//1423
f 2164//2164 2150//2150 2149//2149
f 2165//2165 2152//2152 2151//2151
f 1920//1920 2147//2147 1911//1911
f 1911//1911 2147//2147 2148//2148
f 2162//2162 1921//1921 2166//2166
f 2167//2167 2168//2168 2169//2169
f 2169//2169 2168//2168 2166//2166
f 2170//2170 2171//2171 2172//2172
f 2172//2172 2171//2171 2173//2173
f 2172//2172 2173//2173 2167//2167
f 2174//2174 2175//2175 2170//2170
f 2095//2095 2176//2176 2093//2093
f 2093//2093 2176//2176 2177//2177
f 1719//1719 2088//2088 2178//2178
f 2178//2178 2088//2088 2087//2087
f 2178//2178 2087//2087 2177//2177
f 2177//2177 2087//2087 2091//2091
f 2177//2177 2091//2091 2093//2093
f 1423//1423 1740//1740 2163//2163
f 2163//2163 1740//1740 1707//1707
f 2163//2163 1707//1707 2178//2178
f 2178//2178 1707//1707 1705//1705
f 2178//2178 1705//1705 1719//1719
f 1438//1438 2175//2175 1746//1746
f 1746//1746 2175//2175 2174//2174
f 1746//1746 2174//2174 1745//1745
f 1745//1745 2174//2174 2176//2176
f 1745//1745 2176//2176 1720//1720
f 1720//1720 2176//2176 2095//2095
f 1720//1720 2095//2095 1721//1721
f 2170//2170 2172//2172 2174//2174
f 2174//2174 2172//2172 2179//2179
f 2174//2174 2179//2179 2176//2176
f 2176//2176 2179//2179 2180//2180
f 2176//2176 2180//2180 2177//2177
f 2177//2177 2180//2180 2181//2181
f 2177//2177 2181//2181 2178//2178
f 2178//2178 2181//2181 2164//2164
f 2178//2178 2164//2164 2163//2163
f 2163//2163 2164//2164 2149//2149
f 2163//2163 2149//2149 2153//2153
f 2167//2167 2169//2169 2172//2172
f 2172//2172 2169//2169 2182//2182
f 2172//2172 2182//2182 2179//2179
f 2179//2179 2182//2182 2183//2183
f 2179//2179 2183//2183 2180//2180
f 2180//2180 2183//2183 2184//2184
f 2180//2180 2184//2184 2181//2181
f 2181//2181 2184//2184 2165//2165
f 2181//2181 2165//2165 2164//2164
f 2164//2164 2165//2165 2151//2151
f 2164//2164 2151//2151 2150//2150
f 2166//2166 1921//1921 2169//2169
f 2169//2169 1921//1921 1914//1914
f 2169//2169 1914//1914 2182//2182
f 2182//2182 1914//1914 1913//1913
f 2182//2182 1913//1913 2183//2183
f 2183//2183 1913//1913 1912//1912
f 2183//2183 1912//1912 2184//2184
f 2184//2184 1912//1912 1911//1911
f 2184//2184 1911//1911 2165//2165
f 2165//2165 1911//1911 2148//2148
f 2165//2165 2148//2148 2152//2152
f 1769//1769 1771//1771 2185//2185
f 1773//1773 1775//1775 2186//2186
f 1779//1779 1781//1781 2187//2187
f 1783//1783 1785//1785 2188//2188
f 2189//2189 1903//1903 1923//1923
f 1897//1897 1898//1898 2159//2159
f 2159//2159 1898//1898 2190//2190
f 2159//2159 2190//2190 2160//2160
f 2158//2158 2157//2157 2191//2191
f 2191//2191 2157//2157 2156//2156
f 2191//2191 2156//2156 2190//2190
f 2190//2190 2156//2156 2161//2161
f 2190//2190 2161//2161 2160//2160
f 2158//2158 2191//2191 2155//2155
f 2155//2155 2191//2191 2188//2188
f 2155//2155 2188//2188 2154//2154
f 2154//2154 2188//2188 1785//1785
f 2154//2154 1785//1785 1787//1787
f 1910//1910 1904//1904 2192//2192
f 2192//2192 1904//1904 2193//2193
f 2192//2192 2193//2193 2194//2194
f 2194//2194 2193//2193 2195//2195
f 2194//2194 2195//2195 2185//2185
f 1904//1904 1903//1903 2193//2193
f 2193//2193 1903//1903 2189//2189
f 2193//2193 2189//2189 2195//2195
f 2195//2195 2189//2189 2196//2196
f 1923//1923 2197//2197 2189//2189
f 2189//2189 2197//2197 2198//2198
f 2189//2189 2198//2198 2196//2196
f 2196//2196 2198//2198 2199//2199
f 2196//2196 2199//2199 2200//2200
f 2185//2185 2195//2195 2201//2201
f 2201//2201 2195//2195 2196//2196
f 2201//2201 2196//2196 2202//2202
f 2202//2202 2196//2196 2200//2200
f 2202//2202 2200//2200 2203//2203
f 1781//1781 1783//1783 2187//2187
f 2187//2187 1783//1783 2188//2188
f 2187//2187 2188//2188 2204//2204
f 2204//2204 2188//2188 2191//2191
f 2204//2204 2191//2191 2205//2205
f 2205//2205 2191//2191 2190//2190
f 2205//2205 2190//2190 1905//1905
f 1905//1905 2190//2190 1898//1898
f 1777//1777 1779//1779 2206//2206
f 2206//2206 1779//1779 2187//2187
f 2206//2206 2187//2187 2207//2207
f 2207//2207 2187//2187 2204//2204
f 2207//2207 2204//2204 2208//2208
f 2208//2208 2204//2204 2205//2205
f 2208//2208 2205//2205 1900//1900
f 1900//1900 2205//2205 1905//1905
f 1900//1900 1899//1899 2208//2208
f 2208//2208 1899//1899 2209//2209
f 2208//2208 2209//2209 2207//2207
f 2207//2207 2209//2209 2210//2210
f 2207//2207 2210//2210 2206//2206
f 2206//2206 2210//2210 2186//2186
f 2206//2206 2186//2186 1777//1777
f 1777//1777 2186//2186 1775//1775
f 1771//1771 1773//1773 2185//2185
f 2185//2185 1773//1773 2186//2186
f 2185//2185 2186//2186 2194//2194
f 2194//2194 2186//2186 2210//2210
f 2194//2194 2210//2210 2192//2192
f 2192//2192 2210//2210 2209//2209
f 2192//2192 2209//2209 1910//1910
f 1910//1910 2209//2209 1899//1899
f 1769//1769 2185//2185 1767//1767
f 1767//1767 2185//2185 2201//2201
f 1767//1767 2201//2201 1757//1757
f 1757//1757 2201//2201 2202//2202
f 1757//1757 2202//2202 1751//1751
f 1751//1751 2202//2202 2203//2203
f 1751//1751 2203//2203 1434//1434
f 1438//1438 1454//1454 2175//2175
f 2175//2175 1454//1454 2030//2030
f 2175//2175 2030//2030 2170//2170
f 2170//2170 2030//2030 2024//2024
f 2029//2029 1435//1435 1434//1434
f 2026//2026 2028//2028 2200//2200
f 2200//2200 2028//2028 2029//2029
f 2200//2200 2029//2029 2203//2203
f 2203//2203 2029//2029 1434//1434
f 2024//2024 2026//2026 2170//2170
f 2170//2170 2026//2026 2200//2200
f 2170//2170 2200//2200 2171//2171
f 2171//2171 2200//2200 2199//2199
f 2171//2171 2199//2199 2173//2173
f 2173//2173 2199//2199 2198//2198
f 1923//1923 1922//1922 2197//2197
f 2197//2197 1922//1922 2162//2162
f 2162//2162 2166//2166 2197//2197
f 2197//2197 2166//2166 2168//2168
f 2197//2197 2168//2168 2198//2198
f 2198//2198 2168//2168 2167//2167
f 2198//2198 2167//2167 2173//2173
f 1865//1865 1864//1864 2211//2211
f 2211//2211 1864//1864 2018//2018
f 2211//2211 2018//2018 2212//2212
f 2212//2212 2018//2018 2014//2014
f 1393//1393 1395//1395 2017//2017
f 2017//2017 1395//1395 1862//1862
f 2017//2017 1862//1862 2016//2016
f 2016//2016 1862//1862 2015//2015
f 1863//1863 2213//2213 1862//1862
f 1862//1862 2213//2213 2214//2214
f 2014//2014 2015//2015 2212//2212
f 2212//2212 2015//2015 1862//1862
f 2212//2212 1862//1862 2215//2215
f 2215//2215 1862//1862 2214//2214
f 1858//1858 1925//1925 1863//1863
f 1863//1863 1925//1925 2216//2216
f 2216//2216 2217//2217 1863//1863
f 1863//1863 2217//2217 2218//2218
f 1863//1863 2218//2218 2213//2213
f 2219//2219 1413//1413 1870//1870
f 2216//2216 1925//1925 1924//1924
f 2213//2213 2218//2218 2220//2220
f 2220//2220 2218//2218 2217//2217
f 2220//2220 2217//2217 2216//2216
f 2212//2212 2215//2215 2221//2221
f 2221//2221 2215//2215 2214//2214
f 2221//2221 2214//2214 2213//2213
f 2222//2222 2211//2211 2212//2212
f 2219//2219 1870//1870 2223//2223
f 2223//2223 1870//1870 1876//1876
f 2223//2223 1876//1876 2224//2224
f 1876//1876 1886//1886 2224//2224
f 2224//2224 1886//1886 1888//1888
f 2224//2224 1888//1888 2225//2225
f 2225//2225 1888//1888 1890//1890
f 2225//2225 1890//1890 2226//2226
f 2226//2226 1890//1890 1892//1892
f 1865//1865 2211//2211 1867//1867
f 1867//1867 2211//2211 2222//2222
f 1867//1867 2222//2222 1868//1868
f 1868//1868 2222//2222 2226//2226
f 1868//1868 2226//2226 1894//1894
f 1894//1894 2226//2226 1892//1892
f 2212//2212 2221//2221 2222//2222
f 2222//2222 2221//2221 2227//2227
f 2222//2222 2227//2227 2226//2226
f 2226//2226 2227//2227 2228//2228
f 2226//2226 2228//2228 2225//2225
f 2225//2225 2228//2228 2229//2229
f 2225//2225 2229//2229 2224//2224
f 2224//2224 2229//2229 2230//2230
f 2224//2224 2230//2230 2223//2223
f 2223//2223 2230//2230 2231//2231
f 2223//2223 2231//2231 2219//2219
f 2213//2213 2220//2220 2221//2221
f 2221//2221 2220//2220 2232//2232
f 2221//2221 2232//2232 2227//2227
f 2227//2227 2232//2232 2233//2233
f 2227//2227 2233//2233 2228//2228
f 2228//2228 2233//2233 2234//2234
f 2228//2228 2234//2234 2229//2229
f 2229//2229 2234//2234 2235//2235
f 2229//2229 2235//2235 2230//2230
f 2230//2230 2235//2235 2236//2236
f 2230//2230 2236//2236 2231//2231
f 2216//2216 1924//1924 2220//2220
f 2220//2220 1924//1924 1926//1926
f 2220//2220 1926//1926 2232//2232
f 2232//2232 1926//1926 1936//1936
f 2232//2232 1936//1936 2233//2233
f 2233//2233 1936//1936 1935//1935
f 2233//2233 1935//1935 2234//2234
f 2234//2234 1935//1935 1950//1950
f 2234//2234 1950//1950 2235//2235
f 2235//2235 1950//1950 1949//1949
f 2235//2235 1949//1949 2236//2236
f 2237//2237 2219//2219 2231//2231
f 2219//2219 2237//2237 2043//2043
f 1420//1420 1419//1419 2238//2238
f 2238//2238 1419//1419 2047//2047
f 2238//2238 2047//2047 2237//2237
f 2237//2237 2047//2047 2041//2041
f 2237//2237 2041//2041 2043//2043
f 1414//1414 1413//1413 2046//2046
f 2046//2046 1413//1413 2219//2219
f 2046//2046 2219//2219 2045//2045
f 2045//2045 2219//2219 2043//2043
f 2236//2236 2239//2239 2231//2231
f 2231//2231 2239//2239 2240//2240
f 2231//2231 2240//2240 2237//2237
f 1949//1949 1948//1948 2236//2236
f 2236//2236 1948//1948 2241//2241
f 2241//2241 2242//2242 2236//2236
f 2236//2236 2242//2242 2243//2243
f 2236//2236 2243//2243 2239//2239
f 1742//1742 1741//1741 2244//2244
f 2241//2241 1948//1948 1947//1947
f 1440//1440 1747//1747 2245//2245
f 2104//2104 2108//2108 2246//2246
f 1702//1702 1701//1701 2112//2112
f 2112//2112 1701//1701 2247//2247
f 2112//2112 2247//2247 2110//2110
f 1725//1725 1700//1700 2248//2248
f 2248//2248 1700//1700 1699//1699
f 2248//2248 1699//1699 2105//2105
f 2249//2249 2250//2250 2251//2251
f 2251//2251 2250//2250 2252//2252
f 2251//2251 2252//2252 2245//2245
f 2245//2245 2252//2252 2253//2253
f 2245//2245 2253//2253 1440//1440
f 1946//1946 2254//2254 1940//1940
f 1940//1940 2254//2254 2255//2255
f 1940//1940 2255//2255 2256//2256
f 2256//2256 2255//2255 2257//2257
f 2256//2256 2257//2257 2251//2251
f 2251//2251 2257//2257 2258//2258
f 2251//2251 2258//2258 2249//2249
f 2241//2241 1947//1947 2242//2242
f 2242//2242 1947//1947 2259//2259
f 2242//2242 2259//2259 2243//2243
f 2243//2243 2259//2259 2239//2239
f 2239//2239 2259//2259 2260//2260
f 2239//2239 2260//2260 2240//2240
f 2240//2240 2260//2260 2237//2237
f 2237//2237 2260//2260 2244//2244
f 2237//2237 2244//2244 2238//2238
f 2238//2238 2244//2244 1741//1741
f 2238//2238 1741//1741 1420//1420
f 1937//1937 1938//1938 2261//2261
f 2261//2261 1938//1938 2262//2262
f 2261//2261 2262//2262 2263//2263
f 2263//2263 2262//2262 2264//2264
f 2263//2263 2264//2264 2247//2247
f 2247//2247 2264//2264 2246//2246
f 2247//2247 2246//2246 2110//2110
f 2110//2110 2246//2246 2108//2108
f 1938//1938 1939//1939 2262//2262
f 2262//2262 1939//1939 2265//2265
f 2262//2262 2265//2265 2264//2264
f 2264//2264 2265//2265 2266//2266
f 2264//2264 2266//2266 2246//2246
f 2246//2246 2266//2266 2248//2248
f 2246//2246 2248//2248 2104//2104
f 2104//2104 2248//2248 2105//2105
f 1701//1701 1742//1742 2247//2247
f 2247//2247 1742//1742 2244//2244
f 2247//2247 2244//2244 2263//2263
f 2263//2263 2244//2244 2260//2260
f 2263//2263 2260//2260 2261//2261
f 2261//2261 2260//2260 2259//2259
f 2261//2261 2259//2259 1937//1937
f 1937//1937 2259//2259 1947//1947
f 1939//1939 1940//1940 2265//2265
f 2265//2265 1940//1940 2256//2256
f 2265//2265 2256//2256 2266//2266
f 2266//2266 2256//2256 2251//2251
f 2266//2266 2251//2251 2248//2248
f 2248//2248 2251//2251 2245//2245
f 2248//2248 2245//2245 1725//1725
f 1725//1725 2245//2245 1747//1747
f 2267//2267 2268//2268 2252//2252
f 1749//1749 1748//1748 2269//2269
f 2269//2269 1748//1748 2074//2074
f 2269//2269 2074//2074 2268//2268
f 2074//2074 2079//2079 2268//2268
f 2268//2268 2079//2079 2078//2078
f 2268//2268 2078//2078 2252//2252
f 2081//2081 1442//1442 1440//1440
f 2078//2078 2076//2076 2252//2252
f 2252//2252 2076//2076 2081//2081
f 2252//2252 2081//2081 2253//2253
f 2253//2253 2081//2081 1440//1440
f 1946//1946 1945//1945 2254//2254
f 2254//2254 1945//1945 2270//2270
f 2254//2254 2270//2270 2255//2255
f 2252//2252 2250//2250 2267//2267
f 2267//2267 2250//2250 2249//2249
f 2267//2267 2249//2249 2271//2271
f 2271//2271 2249//2249 2258//2258
f 2271//2271 2258//2258 2270//2270
f 2270//2270 2258//2258 2257//2257
f 2270//2270 2257//2257 2255//2255
f 2272//2272 2273//2273 2274//2274
f 2274//2274 2273//2273 1788//1788
f 2275//2275 2276//2276 2277//2277
f 2276//2276 2278//2278 2277//2277
f 2277//2277 2278//2278 2279//2279
f 2277//2277 2279//2279 2272//2272
f 1927//1927 2280//2280 2281//2281
f 2281//2281 2280//2280 2282//2282
f 2281//2281 2282//2282 2275//2275
f 1788//1788 1786//1786 2274//2274
f 2274//2274 1786//1786 1784//1784
f 2274//2274 1784//1784 2283//2283
f 2283//2283 1784//1784 1782//1782
f 2283//2283 1782//1782 2284//2284
f 2284//2284 1782//1782 1780//1780
f 1780//1780 1778//1778 2284//2284
f 2284//2284 1778//1778 1776//1776
f 2284//2284 1776//1776 2285//2285
f 2285//2285 1776//1776 1774//1774
f 2285//2285 1774//1774 2286//2286
f 1774//1774 1772//1772 2286//2286
f 2286//2286 1772//1772 1770//1770
f 2286//2286 1770//1770 2287//2287
f 1770//1770 1768//1768 2287//2287
f 2287//2287 1768//1768 1754//1754
f 2287//2287 1754//1754 2288//2288
f 2288//2288 1754//1754 1761//1761
f 2288//2288 1761//1761 1749//1749
f 2272//2272 2274//2274 2277//2277
f 2277//2277 2274//2274 2283//2283
f 2277//2277 2283//2283 2289//2289
f 2289//2289 2283//2283 2284//2284
f 2289//2289 2284//2284 2290//2290
f 2290//2290 2284//2284 2285//2285
f 2290//2290 2285//2285 2291//2291
f 2291//2291 2285//2285 2286//2286
f 2291//2291 2286//2286 2292//2292
f 2292//2292 2286//2286 2287//2287
f 2292//2292 2287//2287 2293//2293
f 2293//2293 2287//2287 2288//2288
f 2293//2293 2288//2288 2294//2294
f 1749//1749 2269//2269 2288//2288
f 2288//2288 2269//2269 2268//2268
f 2288//2288 2268//2268 2294//2294
f 2294//2294 2268//2268 2267//2267
f 2294//2294 2267//2267 2271//2271
f 2275//2275 2277//2277 2281//2281
f 2281//2281 2277//2277 2289//2289
f 2281//2281 2289//2289 2295//2295
f 2295//2295 2289//2289 2290//2290
f 2295//2295 2290//2290 2296//2296
f 2296//2296 2290//2290 2291//2291
f 2296//2296 2291//2291 2297//2297
f 2297//2297 2291//2291 2292//2292
f 2297//2297 2292//2292 2298//2298
f 2298//2298 2292//2292 2293//2293
f 2298//2298 2293//2293 2299//2299
f 2299//2299 2293//2293 2294//2294
f 2299//2299 2294//2294 2300//2300
f 2300//2300 2294//2294 2271//2271
f 2300//2300 2271//2271 2270//2270
f 1927//1927 2281//2281 1928//1928
f 1928//1928 2281//2281 2295//2295
f 1928//1928 2295//2295 1932//1932
f 1932//1932 2295//2295 2296//2296
f 1932//1932 2296//2296 1931//1931
f 1931//1931 2296//2296 2297//2297
f 1931//1931 2297//2297 1943//1943
f 1943//1943 2297//2297 2298//2298
f 1943//1943 2298//2298 1942//1942
f 1942//1942 2298//2298 2299//2299
f 1942//1942 2299//2299 1941//1941
f 1941//1941 2299//2299 2300//2300
f 1941//1941 2300//2300 1944//1944
f 1944//1944 2300//2300 2270//2270
f 1944//1944 2270//2270 1945//1945
f 1818//1818 2276//2276 2275//2275
f 1927//1927 1815//1815 2280//2280
f 2280//2280 1815//1815 1818//1818
f 2280//2280 1818//1818 2282//2282
f 2282//2282 1818//1818 2275//2275
f 2276//2276 1818//1818 2278//2278
f 2278//2278 1818//1818 1817//1817
f 2278//2278 1817//1817 2279//2279
f 1791//1791 1790//1790 1817//1817
f 1817//1817 1790//1790 1984//1984
f 1817//1817 1984//1984 1980//1980
f 1980//1980 1981//1981 1817//1817
f 1817//1817 1981//1981 2272//2272
f 1817//1817 2272//2272 2279//2279
f 1983//1983 1800//1800 1788//1788
f 1981//1981 1982//1982 2272//2272
f 2272//2272 1982//1982 1983//1983
f 2272//2272 1983//1983 2273//2273
f 2273//2273 1983//1983 1788//1788
f 2301//2301 2302//2302 2303//2303
f 2303//2303 2302//2302 2304//2304
f 2305//2305 2306//2306 2307//2307
f 2308//2308 2309//2309 2310//2310
f 2310//2310 2309//2309 2311//2311
f 2310//2310 2311//2311 2312//2312
f 2313//2313 2314//2314 2315//2315
f 2315//2315 2314//2314 2316//2316
f 2317//2317 2318//2318 2319//2319
f 2319//2319 2320//2320 2317//2317
f 2317//2317 2320//2320 2321//2321
f 2317//2317 2321//2321 2322//2322
f 2321//2321 2323//2323 2322//2322
f 2322//2322 2323//2323 2324//2324
f 2322//2322 2324//2324 2325//2325
f 2325//2325 2324//2324 2326//2326
f 2325//2325 2326//2326 2327//2327
f 2327//2327 2326//2326 2316//2316
f 2327//2327 2316//2316 2328//2328
f 2328//2328 2316//2316 2314//2314
f 2328//2328 2314//2314 2329//2329
f 2329//2329 2314//2314 2330//2330
f 1814//1814 2331//2331 2314//2314
f 2332//2332 2333//2333 2314//2314
f 1821//1821 2334//2334 1829//1829
f 1829//1829 2334//2334 2335//2335
f 2313//2313 2308//2308 2314//2314
f 2314//2314 2308//2308 2310//2310
f 2314//2314 2310//2310 2332//2332
f 2332//2332 2310//2310 2336//2336
f 2332//2332 2336//2336 2337//2337
f 2338//2338 2339//2339 2310//2310
f 2310//2310 2339//2339 2340//2340
f 2310//2310 2340//2340 2336//2336
f 2341//2341 1909//1909 1908//1908
f 2342//2342 2343//2343 2344//2344
f 2335//2335 2345//2345 1829//1829
f 1829//1829 2345//2345 2346//2346
f 1829//1829 2346//2346 2347//2347
f 2347//2347 2346//2346 2348//2348
f 2347//2347 2348//2348 2344//2344
f 2349//2349 2350//2350 2347//2347
f 2350//2350 2351//2351 2347//2347
f 2347//2347 2351//2351 2352//2352
f 2347//2347 2352//2352 2310//2310
f 2310//2310 2352//2352 2353//2353
f 2310//2310 2353//2353 2338//2338
f 1909//1909 2341//2341 1823//1823
f 1823//1823 2341//2341 2354//2354
f 1823//1823 2354//2354 1821//1821
f 1821//1821 2354//2354 2355//2355
f 1821//1821 2355//2355 2334//2334
f 2333//2333 2356//2356 2314//2314
f 2314//2314 2356//2356 2341//2341
f 2314//2314 2341//2341 1814//1814
f 1814//1814 2341//2341 1908//1908
f 2344//2344 2343//2343 2347//2347
f 2347//2347 2343//2343 2357//2357
f 2347//2347 2357//2357 2349//2349
f 2342//2342 2344//2344 2358//2358
f 2358//2358 2344//2344 2359//2359
f 2358//2358 2359//2359 2360//2360
f 2360//2360 2359//2359 2361//2361
f 2360//2360 2361//2361 2362//2362
f 2362//2362 2361//2361 2363//2363
f 2362//2362 2363//2363 2337//2337
f 2337//2337 2363//2363 2364//2364
f 2337//2337 2364//2364 2332//2332
f 2365//2365 2366//2366 1857//1857
f 2365//2365 1857//1857 2367//2367
f 1833//1833 1839//1839 2368//2368
f 2369//2369 2370//2370 2310//2310
f 2310//2310 2370//2370 2371//2371
f 2310//2310 2371//2371 2372//2372
f 2347//2347 2373//2373 1839//1839
f 1839//1839 2373//2373 2374//2374
f 1839//1839 2374//2374 2375//2375
f 2376//2376 2377//2377 2378//2378
f 2310//2310 2379//2379 2369//2369
f 2369//2369 2379//2379 2377//2377
f 2369//2369 2377//2377 2380//2380
f 2380//2380 2377//2377 2376//2376
f 1857//1857 1907//1907 2367//2367
f 2367//2367 1907//1907 1902//1902
f 2367//2367 1902//1902 1855//1855
f 2375//2375 2381//2381 1839//1839
f 1839//1839 2381//2381 2382//2382
f 1839//1839 2382//2382 2368//2368
f 2305//2305 2307//2307 2383//2383
f 2368//2368 2384//2384 1833//1833
f 1833//1833 2384//2384 2385//2385
f 1833//1833 2385//2385 1834//1834
f 1834//1834 2385//2385 2386//2386
f 1834//1834 2386//2386 1850//1850
f 1850//1850 2386//2386 1852//1852
f 2307//2307 2387//2387 2383//2383
f 2383//2383 2387//2387 2367//2367
f 2383//2383 2367//2367 2386//2386
f 2386//2386 2367//2367 1855//1855
f 2386//2386 1855//1855 1852//1852
f 2372//2372 2388//2388 2310//2310
f 2310//2310 2388//2388 2389//2389
f 2310//2310 2389//2389 2347//2347
f 2347//2347 2389//2389 2390//2390
f 2347//2347 2390//2390 2373//2373
f 2381//2381 2391//2391 2382//2382
f 2382//2382 2391//2391 2392//2392
f 2382//2382 2392//2392 2378//2378
f 2378//2378 2392//2392 2393//2393
f 2378//2378 2393//2393 2376//2376
f 2312//2312 2318//2318 2310//2310
f 2310//2310 2318//2318 2317//2317
f 2310//2310 2317//2317 2379//2379
f 2379//2379 2317//2317 2394//2394
f 2379//2379 2394//2394 2395//2395
f 2395//2395 2394//2394 2307//2307
f 2395//2395 2307//2307 2396//2396
f 2396//2396 2307//2307 2306//2306
f 2303//2303 2397//2397 2398//2398
f 1859//1859 2399//2399 2400//2400
f 2401//2401 2402//2402 2403//2403
f 2404//2404 2405//2405 1845//1845
f 1845//1845 2405//2405 2406//2406
f 1845//1845 2406//2406 1847//1847
f 1847//1847 2406//2406 2407//2407
f 1847//1847 2407//2407 2408//2408
f 2408//2408 2407//2407 2409//2409
f 1845//1845 1830//1830 2410//2410
f 2410//2410 1830//1830 1831//1831
f 2410//2410 2411//2411 1845//1845
f 1845//1845 2411//2411 2412//2412
f 1845//1845 2412//2412 2404//2404
f 2404//2404 2412//2412 2413//2413
f 2409//2409 2414//2414 2408//2408
f 2408//2408 2414//2414 2415//2415
f 2408//2408 2415//2415 2398//2398
f 2398//2398 2415//2415 2416//2416
f 2398//2398 2416//2416 2417//2417
f 2417//2417 2418//2418 2398//2398
f 2398//2398 2418//2418 2419//2419
f 2398//2398 2419//2419 2402//2402
f 2410//2410 2420//2420 2421//2421
f 2421//2421 2420//2420 2422//2422
f 2421//2421 2422//2422 2423//2423
f 2423//2423 2422//2422 2301//2301
f 2423//2423 2301//2301 2424//2424
f 1859//1859 2400//2400 1930//1930
f 1930//1930 2400//2400 2420//2420
f 1930//1930 2420//2420 1929//1929
f 1929//1929 2420//2420 2410//2410
f 1929//1929 2410//2410 1854//1854
f 1854//1854 2410//2410 1831//1831
f 1854//1854 1831//1831 1851//1851
f 2401//2401 2425//2425 2402//2402
f 2402//2402 2425//2425 2426//2426
f 2402//2402 2426//2426 2398//2398
f 2398//2398 2426//2426 2427//2427
f 2398//2398 2427//2427 2303//2303
f 2303//2303 2427//2427 2428//2428
f 2303//2303 2428//2428 2301//2301
f 2301//2301 2428//2428 2429//2429
f 2301//2301 2429//2429 2424//2424
f 2403//2403 2430//2430 2401//2401
f 2401//2401 2430//2430 2431//2431
f 2401//2401 2431//2431 2413//2413
f 2413//2413 2431//2431 2432//2432
f 2413//2413 2432//2432 2404//2404
f 2433//2433 2434//2434 2408//2408
f 2408//2408 2435//2435 2436//2436
f 1825//1825 2437//2437 2438//2438
f 1933//1933 1934//1934 2439//2439
f 1825//1825 2438//2438 1822//1822
f 2440//2440 2441//2441 2398//2398
f 2408//2408 2436//2436 1825//1825
f 1825//1825 2436//2436 2442//2442
f 1825//1825 2442//2442 2437//2437
f 2433//2433 2408//2408 2443//2443
f 2438//2438 2444//2444 1822//1822
f 1822//1822 2444//2444 2445//2445
f 1822//1822 2445//2445 1824//1824
f 1824//1824 2445//2445 2446//2446
f 1824//1824 2446//2446 1934//1934
f 1934//1934 2446//2446 2447//2447
f 1934//1934 2447//2447 2439//2439
f 2448//2448 2449//2449 2450//2450
f 2450//2450 2449//2449 2451//2451
f 2450//2450 2451//2451 2452//2452
f 2452//2452 2451//2451 2453//2453
f 2452//2452 2453//2453 2454//2454
f 2454//2454 2453//2453 2435//2435
f 2454//2454 2435//2435 2455//2455
f 2455//2455 2435//2435 2408//2408
f 2455//2455 2408//2408 2456//2456
f 2456//2456 2408//2408 2434//2434
f 2439//2439 2457//2457 2458//2458
f 2458//2458 2457//2457 2459//2459
f 1933//1933 2439//2439 1813//1813
f 1813//1813 2439//2439 2458//2458
f 1813//1813 2458//2458 2460//2460
f 2440//2440 2398//2398 2461//2461
f 2461//2461 2398//2398 2458//2458
f 2461//2461 2458//2458 2462//2462
f 2462//2462 2458//2458 2459//2459
f 2462//2462 2459//2459 2448//2448
f 2448//2448 2459//2459 2463//2463
f 2448//2448 2463//2463 2449//2449
f 2441//2441 2464//2464 2398//2398
f 2398//2398 2464//2464 2465//2465
f 2398//2398 2465//2465 2408//2408
f 2408//2408 2465//2465 2466//2466
f 2408//2408 2466//2466 2443//2443
f 2467//2467 2468//2468 2458//2458
f 2469//2469 2470//2470 2398//2398
f 2398//2398 2470//2470 2471//2471
f 2398//2398 2471//2471 2458//2458
f 2458//2458 2471//2471 2472//2472
f 2458//2458 2472//2472 2467//2467
f 2473//2473 2474//2474 2475//2475
f 2475//2475 2474//2474 2476//2476
f 2475//2475 2476//2476 2468//2468
f 2476//2476 2477//2477 2468//2468
f 2468//2468 2477//2477 2478//2478
f 2468//2468 2478//2478 2458//2458
f 2458//2458 2478//2478 2479//2479
f 2458//2458 2479//2479 2480//2480
f 2481//2481 2397//2397 2482//2482
f 2482//2482 2397//2397 2474//2474
f 2482//2482 2474//2474 2483//2483
f 2483//2483 2474//2474 2473//2473
f 2481//2481 2484//2484 2397//2397
f 2397//2397 2484//2484 2485//2485
f 2397//2397 2485//2485 2398//2398
f 2398//2398 2485//2485 2486//2486
f 2398//2398 2486//2486 2469//2469
f 2487//2487 2488//2488 2489//2489
f 2489//2489 2488//2488 2490//2490
f 2491//2491 2492//2492 2493//2493
f 2494//2494 2495//2495 2302//2302
f 2302//2302 2495//2495 2496//2496
f 2302//2302 2496//2496 2304//2304
f 2304//2304 2496//2496 2497//2497
f 2304//2304 2497//2497 2487//2487
f 2494//2494 2302//2302 2493//2493
f 2493//2493 2302//2302 2498//2498
f 2493//2493 2498//2498 2491//2491
f 2497//2497 2499//2499 2487//2487
f 2487//2487 2499//2499 2500//2500
f 2487//2487 2500//2500 2488//2488
f 2488//2488 2500//2500 2501//2501
f 2488//2488 2501//2501 2502//2502
f 2502//2502 2501//2501 2503//2503
f 2502//2502 2503//2503 2504//2504
f 2504//2504 2503//2503 2505//2505
f 2504//2504 2505//2505 2506//2506
f 2506//2506 2505//2505 2507//2507
f 2506//2506 2507//2507 2508//2508
f 2508//2508 2507//2507 2509//2509
f 2508//2508 2509//2509 2510//2510
f 2510//2510 2509//2509 2493//2493
f 2510//2510 2493//2493 2511//2511
f 2511//2511 2493//2493 2492//2492
f 2512//2512 2513//2513 2514//2514
f 2514//2514 2513//2513 2515//2515
f 2515//2515 2513//2513 2516//2516
f 2515//2515 2516//2516 2517//2517
f 2518//2518 2519//2519 2520//2520
f 2521//2521 2489//2489 2522//2522
f 2517//2517 2516//2516 2490//2490
f 2490//2490 2516//2516 2523//2523
f 2490//2490 2523//2523 2489//2489
f 2489//2489 2523//2523 2524//2524
f 2489//2489 2524//2524 2522//2522
f 2522//2522 2525//2525 2521//2521
f 2521//2521 2525//2525 2526//2526
f 2521//2521 2526//2526 2527//2527
f 2526//2526 2528//2528 2527//2527
f 2527//2527 2528//2528 2529//2529
f 2527//2527 2529//2529 2530//2530
f 2530//2530 2529//2529 2520//2520
f 2530//2530 2520//2520 2531//2531
f 2531//2531 2520//2520 2519//2519
f 2512//2512 2514//2514 2532//2532
f 2532//2532 2514//2514 2533//2533
f 2532//2532 2533//2533 2520//2520
f 2520//2520 2533//2533 2534//2534
f 2520//2520 2534//2534 2518//2518
f 2527//2527 2307//2307 2521//2521
f 2521//2521 2307//2307 2394//2394
f 2491//2491 2420//2420 2492//2492
f 2492//2492 2420//2420 2400//2400
f 2492//2492 2400//2400 2519//2519
f 2519//2519 2400//2400 2365//2365
f 2519//2519 2365//2365 2531//2531
f 2531//2531 2365//2365 2367//2367
f 2420//2420 2491//2491 2422//2422
f 2422//2422 2491//2491 2498//2498
f 2422//2422 2498//2498 2301//2301
f 2301//2301 2498//2498 2302//2302
f 2476//2476 2474//2474 2325//2325
f 2325//2325 2474//2474 2322//2322
f 2366//2366 2365//2365 2399//2399
f 2399//2399 2365//2365 2400//2400
f 1857//1857 2366//2366 1859//1859
f 1859//1859 2366//2366 2399//2399
f 1634//1634 1636//1636 1852//1852
f 1851//1851 1852//1852 1612//1612
f 1612//1612 1852//1852 1610//1610
f 1624//1624 1626//1626 1855//1855
f 1612//1612 1614//1614 1851//1851
f 1851//1851 1614//1614 1616//1616
f 1851//1851 1616//1616 1854//1854
f 1854//1854 1616//1616 1618//1618
f 1854//1854 1618//1618 1620//1620
f 1852//1852 1636//1636 1610//1610
f 1610//1610 1636//1636 1638//1638
f 1610//1610 1638//1638 1640//1640
f 1620//1620 1622//1622 1854//1854
f 1854//1854 1622//1622 1600//1600
f 1854//1854 1600//1600 1855//1855
f 1855//1855 1600//1600 1602//1602
f 1855//1855 1602//1602 1624//1624
f 1624//1624 1602//1602 1646//1646
f 1626//1626 1628//1628 1855//1855
f 1855//1855 1628//1628 1630//1630
f 1855//1855 1630//1630 1852//1852
f 1852//1852 1630//1630 1632//1632
f 1852//1852 1632//1632 1634//1634
f 1646//1646 1602//1602 1644//1644
f 1644//1644 1602//1602 1604//1604
f 1644//1644 1604//1604 1642//1642
f 1642//1642 1604//1604 1606//1606
f 1642//1642 1606//1606 1640//1640
f 1640//1640 1606//1606 1608//1608
f 1640//1640 1608//1608 1610//1610
f 1831//1831 1832//1832 1851//1851
f 1851//1851 1832//1832 1853//1853
f 1851//1851 1853//1853 1852//1852
f 1852//1852 1853//1853 1849//1849
f 1852//1852 1849//1849 1850//1850
f 2347//2347 1839//1839 1840//1840
f 1829//1829 2347//2347 1582//1582
f 1582//1582 2347//2347 1580//1580
f 1582//1582 1584//1584 1829//1829
f 1829//1829 1584//1584 1586//1586
f 1829//1829 1586//1586 1828//1828
f 1828//1828 1586//1586 1588//1588
f 1828//1828 1588//1588 1827//1827
f 1827//1827 1588//1588 1590//1590
f 1827//1827 1590//1590 1592//1592
f 1594//1594 1596//1596 2535//2535
f 2535//2535 1596//1596 1598//1598
f 2535//2535 1598//1598 1840//1840
f 1840//1840 1598//1598 1576//1576
f 1840//1840 1576//1576 2347//2347
f 2347//2347 1576//1576 1578//1578
f 2347//2347 1578//1578 1580//1580
f 1834//1834 1532//1532 1534//1534
f 1834//1834 1534//1534 1833//1833
f 1534//1534 1536//1536 1833//1833
f 1833//1833 1536//1536 1538//1538
f 1833//1833 1538//1538 1836//1836
f 1836//1836 1538//1538 1540//1540
f 1836//1836 1540//1540 2536//2536
f 1540//1540 1542//1542 2536//2536
f 2536//2536 1542//1542 1544//1544
f 2536//2536 1544//1544 2537//2537
f 2537//2537 1544//1544 1546//1546
f 1546//1546 1548//1548 2537//2537
f 2537//2537 1548//1548 1550//1550
f 2537//2537 1550//1550 1837//1837
f 1837//1837 1550//1550 1528//1528
f 1837//1837 1528//1528 1834//1834
f 1834//1834 1528//1528 1530//1530
f 1834//1834 1530//1530 1532//1532
f 1839//1839 1833//1833 1486//1486
f 1486//1486 1833//1833 1484//1484
f 1498//1498 1500//1500 2536//2536
f 2536//2536 1500//1500 1502//1502
f 2536//2536 1502//1502 1836//1836
f 1836//1836 1502//1502 1480//1480
f 1836//1836 1480//1480 1833//1833
f 1833//1833 1480//1480 1482//1482
f 1833//1833 1482//1482 1484//1484
f 1486//1486 1488//1488 1839//1839
f 1839//1839 1488//1488 1490//1490
f 1839//1839 1490//1490 1840//1840
f 1840//1840 1490//1490 1492//1492
f 1840//1840 1492//1492 2535//2535
f 2535//2535 1492//1492 1494//1494
f 2535//2535 1494//1494 1496//1496
f 1592//1592 1594//1594 1827//1827
f 1827//1827 1594//1594 2535//2535
f 1827//1827 2535//2535 1510//1510
f 1510//1510 2535//2535 1508//1508
f 1510//1510 1512//1512 1827//1827
f 1827//1827 1512//1512 1514//1514
f 1827//1827 1514//1514 1826//1826
f 1826//1826 1514//1514 1516//1516
f 1826//1826 1516//1516 1518//1518
f 1524//1524 1843//1843 1522//1522
f 1522//1522 1843//1843 1826//1826
f 1522//1522 1826//1826 1520//1520
f 1520//1520 1826//1826 1518//1518
f 1524//1524 1526//1526 1843//1843
f 1843//1843 1526//1526 1504//1504
f 1843//1843 1504//1504 2535//2535
f 2535//2535 1504//1504 1506//1506
f 2535//2535 1506//1506 1508//1508
f 1478//1478 1456//1456 1846//1846
f 1496//1496 1498//1498 2535//2535
f 2535//2535 1498//1498 2536//2536
f 2535//2535 2536//2536 1462//1462
f 1470//1470 1472//1472 1843//1843
f 1843//1843 1472//1472 1474//1474
f 1843//1843 1474//1474 1846//1846
f 1846//1846 1474//1474 1476//1476
f 1846//1846 1476//1476 1478//1478
f 1456//1456 1458//1458 2536//2536
f 2536//2536 1458//1458 1460//1460
f 2536//2536 1460//1460 1462//1462
f 1462//1462 1464//1464 2535//2535
f 2535//2535 1464//1464 1466//1466
f 2535//2535 1466//1466 1843//1843
f 1843//1843 1466//1466 1468//1468
f 1843//1843 1468//1468 1470//1470
f 1846//1846 1564//1564 1566//1566
f 1456//1456 2536//2536 1846//1846
f 1846//1846 2536//2536 1562//1562
f 1846//1846 1562//1562 1564//1564
f 1554//1554 2537//2537 1552//1552
f 1552//1552 2537//2537 1844//1844
f 1552//1552 1844//1844 1574//1574
f 1554//1554 1556//1556 2537//2537
f 2537//2537 1556//1556 1558//1558
f 2537//2537 1558//1558 2536//2536
f 2536//2536 1558//1558 1560//1560
f 2536//2536 1560//1560 1562//1562
f 1566//1566 1568//1568 1846//1846
f 1846//1846 1568//1568 1570//1570
f 1846//1846 1570//1570 1844//1844
f 1844//1844 1570//1570 1572//1572
f 1844//1844 1572//1572 1574//1574
f 1834//1834 1850//1850 1837//1837
f 1837//1837 1850//1850 1849//1849
f 1837//1837 1849//1849 2537//2537
f 2537//2537 1849//1849 1853//1853
f 2537//2537 1853//1853 1844//1844
f 1844//1844 1853//1853 1832//1832
f 1825//1825 1826//1826 2408//2408
f 2408//2408 1826//1826 1843//1843
f 2408//2408 1843//1843 1847//1847
f 1847//1847 1843//1843 1846//1846
f 1847//1847 1846//1846 1845//1845
f 1845//1845 1846//1846 1844//1844
f 1845//1845 1844//1844 1830//1830
f 1830//1830 1844//1844 1832//1832
f 1830//1830 1832//1832 1831//1831
f 1826//1826 1825//1825 1822//1822
f 1821//1821 1829//1829 1828//1828
f 1821//1821 1828//1828 1822//1822
f 1822//1822 1828//1828 1827//1827
f 1822//1822 1827//1827 1826//1826
f 2538//2538 2539//2539 2540//2540
f 2541//2541 1824//1824 2542//2542
f 2542//2542 1824//1824 1823//1823
f 2542//2542 1823//1823 2539//2539
f 2543//2543 2544//2544 1821//1821
f 1821//1821 2544//2544 2545//2545
f 1821//1821 2545//2545 1823//1823
f 1823//1823 2545//2545 2546//2546
f 1823//1823 2546//2546 2547//2547
f 2547//2547 2548//2548 1823//1823
f 1823//1823 2548//2548 2549//2549
f 1823//1823 2549//2549 2539//2539
f 2539//2539 2549//2549 2550//2550
f 2539//2539 2550//2550 2540//2540
f 2551//2551 1822//1822 2552//2552
f 2552//2552 1822//1822 1824//1824
f 2552//2552 1824//1824 2553//2553
f 2553//2553 1824//1824 2541//2541
f 2551//2551 2554//2554 1822//1822
f 1822//1822 2554//2554 2555//2555
f 1822//1822 2555//2555 1821//1821
f 1821//1821 2555//2555 2556//2556
f 1821//1821 2556//2556 2543//2543
f 2538//2538 2540//2540 2557//2557
f 2557//2557 2540//2540 2558//2558
f 2557//2557 2558//2558 2559//2559
f 2559//2559 2558//2558 2560//2560
f 2559//2559 2560//2560 2556//2556
f 2556//2556 2560//2560 2561//2561
f 2556//2556 2561//2561 2543//2543
f 1813//1813 2460//2460 1814//1814
f 1814//1814 2460//2460 2331//2331
f 2480//2480 2330//2330 2458//2458
f 2458//2458 2330//2330 2314//2314
f 2458//2458 2314//2314 2460//2460
f 2460//2460 2314//2314 2331//2331
f 2329//2329 2330//2330 2479//2479
f 2479//2479 2330//2330 2480//2480
f 2562//2562 2563//2563 2309//2309
f 2309//2309 2563//2563 2470//2470
f 2309//2309 2470//2470 2311//2311
f 2311//2311 2470//2470 2469//2469
f 2311//2311 2469//2469 2312//2312
f 2312//2312 2469//2469 2486//2486
f 2312//2312 2486//2486 2318//2318
f 2318//2318 2486//2486 2485//2485
f 2318//2318 2485//2485 2319//2319
f 2319//2319 2485//2485 2484//2484
f 2319//2319 2484//2484 2320//2320
f 2320//2320 2484//2484 2481//2481
f 2320//2320 2481//2481 2564//2564
f 2564//2564 2481//2481 2482//2482
f 2564//2564 2482//2482 2323//2323
f 2323//2323 2482//2482 2483//2483
f 2323//2323 2483//2483 2324//2324
f 2324//2324 2483//2483 2473//2473
f 2324//2324 2473//2473 2326//2326
f 2326//2326 2473//2473 2475//2475
f 2326//2326 2475//2475 2316//2316
f 2316//2316 2475//2475 2468//2468
f 2316//2316 2468//2468 2315//2315
f 2315//2315 2468//2468 2467//2467
f 2315//2315 2467//2467 2313//2313
f 2313//2313 2467//2467 2472//2472
f 2313//2313 2472//2472 2562//2562
f 2562//2562 2472//2472 2563//2563
f 2531//2531 2367//2367 2530//2530
f 2530//2530 2367//2367 2387//2387
f 2530//2530 2387//2387 2527//2527
f 2527//2527 2387//2387 2307//2307
f 2476//2476 2325//2325 2477//2477
f 2477//2477 2325//2325 2327//2327
f 2477//2477 2327//2327 2478//2478
f 2478//2478 2327//2327 2328//2328
f 2478//2478 2328//2328 2479//2479
f 2479//2479 2328//2328 2329//2329
f 2490//2490 2488//2488 2517//2517
f 2517//2517 2488//2488 2502//2502
f 2517//2517 2502//2502 2515//2515
f 2515//2515 2502//2502 2504//2504
f 2515//2515 2504//2504 2514//2514
f 2514//2514 2504//2504 2506//2506
f 2511//2511 2492//2492 2518//2518
f 2518//2518 2492//2492 2519//2519
f 2533//2533 2514//2514 2508//2508
f 2508//2508 2514//2514 2506//2506
f 2395//2395 2396//2396 2528//2528
f 2528//2528 2396//2396 2306//2306
f 2528//2528 2306//2306 2529//2529
f 2529//2529 2306//2306 2305//2305
f 2529//2529 2305//2305 2520//2520
f 2520//2520 2305//2305 2383//2383
f 2520//2520 2383//2383 2532//2532
f 2532//2532 2383//2383 2386//2386
f 2532//2532 2386//2386 2512//2512
f 2512//2512 2386//2386 2385//2385
f 2512//2512 2385//2385 2513//2513
f 2513//2513 2385//2385 2384//2384
f 2513//2513 2384//2384 2516//2516
f 2516//2516 2384//2384 2368//2368
f 2516//2516 2368//2368 2523//2523
f 2523//2523 2368//2368 2382//2382
f 2523//2523 2382//2382 2524//2524
f 2524//2524 2382//2382 2378//2378
f 2524//2524 2378//2378 2522//2522
f 2522//2522 2378//2378 2377//2377
f 2522//2522 2377//2377 2525//2525
f 2525//2525 2377//2377 2379//2379
f 2525//2525 2379//2379 2526//2526
f 2526//2526 2379//2379 2395//2395
f 2526//2526 2395//2395 2528//2528
f 2421//2421 2423//2423 2494//2494
f 2494//2494 2423//2423 2424//2424
f 2494//2494 2424//2424 2495//2495
f 2495//2495 2424//2424 2429//2429
f 2495//2495 2429//2429 2496//2496
f 2496//2496 2429//2429 2428//2428
f 2496//2496 2428//2428 2497//2497
f 2497//2497 2428//2428 2427//2427
f 2497//2497 2427//2427 2499//2499
f 2499//2499 2427//2427 2426//2426
f 2499//2499 2426//2426 2500//2500
f 2500//2500 2426//2426 2425//2425
f 2500//2500 2425//2425 2501//2501
f 2501//2501 2425//2425 2401//2401
f 2501//2501 2401//2401 2503//2503
f 2503//2503 2401//2401 2413//2413
f 2503//2503 2413//2413 2505//2505
f 2505//2505 2413//2413 2412//2412
f 2505//2505 2412//2412 2507//2507
f 2507//2507 2412//2412 2411//2411
f 2507//2507 2411//2411 2509//2509
f 2509//2509 2411//2411 2410//2410
f 2509//2509 2410//2410 2493//2493
f 2493//2493 2410//2410 2421//2421
f 2493//2493 2421//2421 2494//2494
f 1857//1857 1859//1859 1907//1907
f 1907//1907 1859//1859 1930//1930
f 1907//1907 1930//1930 1902//1902
f 1902//1902 1930//1930 1929//1929
f 1902//1902 1929//1929 1855//1855
f 1855//1855 1929//1929 1854//1854
f 1823//1823 1824//1824 1909//1909
f 1909//1909 1824//1824 1934//1934
f 1909//1909 1934//1934 1908//1908
f 1908//1908 1934//1934 1933//1933
f 1908//1908 1933//1933 1814//1814
f 1814//1814 1933//1933 1813//1813
f 2565//2565 2542//2542 2566//2566
f 2566//2566 2542//2542 2539//2539
f 2566//2566 2539//2539 2567//2567
f 2567//2567 2539//2539 2538//2538
f 2567//2567 2538//2538 2568//2568
f 2568//2568 2538//2538 2557//2557
f 2568//2568 2557//2557 2569//2569
f 2569//2569 2557//2557 2559//2559
f 2569//2569 2559//2559 2570//2570
f 2570//2570 2559//2559 2556//2556
f 2570//2570 2556//2556 2571//2571
f 2571//2571 2556//2556 2555//2555
f 2571//2571 2555//2555 2572//2572
f 2572//2572 2555//2555 2554//2554
f 2572//2572 2554//2554 2573//2573
f 2573//2573 2554//2554 2551//2551
f 2573//2573 2551//2551 2574//2574
f 2574//2574 2551//2551 2552//2552
f 2574//2574 2552//2552 2575//2575
f 2575//2575 2552//2552 2553//2553
f 2575//2575 2553//2553 2576//2576
f 2576//2576 2553//2553 2541//2541
f 2576//2576 2541//2541 2565//2565
f 2565//2565 2541//2541 2542//2542
f 2575//2575 2576//2576 2577//2577
f 2577//2577 2576//2576 2565//2565
f 2577//2577 2565//2565 2566//2566
f 2572//2572 2573//2573 2577//2577
f 2577//2577 2573//2573 2574//2574
f 2577//2577 2574//2574 2575//2575
f 2569//2569 2570//2570 2577//2577
f 2577//2577 2570//2570 2571//2571
f 2577//2577 2571//2571 2572//2572
f 2566//2566 2567//2567 2577//2577
f 2577//2577 2567//2567 2568//2568
f 2577//2577 2568//2568 2569//2569
f 2578//2578 2549//2549 2579//2579
f 2579//2579 2549//2549 2548//2548
f 2579//2579 2548//2548 2580//2580
f 2580//2580 2548//2548 2547//2547
f 2580//2580 2547//2547 2581//2581
f 2581//2581 2547//2547 2546//2546
f 2581//2581 2546//2546 2582//2582
f 2582//2582 2546//2546 2545//2545
f 2582//2582 2545//2545 2583//2583
f 2583//2583 2545//2545 2544//2544
f 2583//2583 2544//2544 2584//2584
f 2584//2584 2544//2544 2543//2543
f 2584//2584 2543//2543 2585//2585
f 2585//2585 2543//2543 2561//2561
f 2585//2585 2561//2561 2586//2586
f 2586//2586 2561//2561 2560//2560
f 2586//2586 2560//2560 2587//2587
f 2587//2587 2560//2560 2558//2558
f 2587//2587 2558//2558 2588//2588
f 2588//2588 2558//2558 2540//2540
f 2588//2588 2540//2540 2589//2589
f 2589//2589 2540//2540 2550//2550
f 2589//2589 2550//2550 2578//2578
f 2578//2578 2550//2550 2549//2549
f 2588//2588 2589//2589 2590//2590
f 2590//2590 2589//2589 2578//2578
f 2590//2590 2578//2578 2579//2579
f 2585//2585 2586//2586 2590//2590
f 2590//2590 2586//2586 2587//2587
f 2590//2590 2587//2587 2588//2588
f 2582//2582 2583//2583 2590//2590
f 2590//2590 2583//2583 2584//2584
f 2590//2590 2584//2584 2585//2585
f 2579//2579 2580//2580 2590//2590
f 2590//2590 2580//2580 2581//2581
f 2590//2590 2581//2581 2582//2582
f 2591//2591 1636//1636 2592//2592
f 2592//2592 1636//1636 1634//1634
f 2592//2592 1634//1634 2593//2593
f 2593//2593 1634//1634 1632//1632
f 2593//2593 1632//1632 2594//2594
f 2594//2594 1632//1632 1630//1630
f 2594//2594 1630//1630 2595//2595
f 2595//2595 1630//1630 1628//1628
f 2595//2595 1628//1628 2596//2596
f 2596//2596 1628//1628 1626//1626
f 2596//2596 1626//1626 2597//2597
f 2597//2597 1626//1626 1624//1624
f 2597//2597 1624//1624 2598//2598
f 2598//2598 1624//1624 1646//1646
f 2598//2598 1646//1646 2599//2599
f 2599//2599 1646//1646 1644//1644
f 2599//2599 1644//1644 2600//2600
f 2600//2600 1644//1644 1642//1642
f 2600//2600 1642//1642 2601//2601
f 2601//2601 1642//1642 1640//1640
f 2601//2601 1640//1640 2602//2602
f 2602//2602 1640//1640 1638//1638
f 2602//2602 1638//1638 2591//2591
f 2591//2591 1638//1638 1636//1636
f 2601//2601 2602//2602 2603//2603
f 2603//2603 2602//2602 2591//2591
f 2603//2603 2591//2591 2592//2592
f 2598//2598 2599//2599 2603//2603
f 2603//2603 2599//2599 2600//2600
f 2603//2603 2600//2600 2601//2601
f 2595//2595 2596//2596 2603//2603
f 2603//2603 2596//2596 2597//2597
f 2603//2603 2597//2597 2598//2598
f 2592//2592 2593//2593 2603//2603
f 2603//2603 2593//2593 2594//2594
f 2603//2603 2594//2594 2595//2595
f 2604//2604 1612//1612 2605//2605
f 2605//2605 1612//1612 1610//1610
f 2605//2605 1610//1610 2606//2606
f 2606//2606 1610//1610 1608//1608
f 2606//2606 1608//1608 2607//2607
f 2607//2607 1608//1608 1606//1606
f 2607//2607 1606//1606 2608//2608
f 2608//2608 1606//1606 1604//1604
f 2608//2608 1604//1604 2609//2609
f 2609//2609 1604//1604 1602//1602
f 2609//2609 1602//1602 2610//2610
f 2610//2610 1602//1602 1600//1600
f 2610//2610 1600//1600 2611//2611
f 2611//2611 1600//1600 1622//1622
f 2611//2611 1622//1622 2612//2612
f 2612//2612 1622//1622 1620//1620
f 2612//2612 1620//1620 2613//2613
f 2613//2613 1620//1620 1618//1618
f 2613//2613 1618//1618 2614//2614
f 2614//2614 1618//1618 1616//1616
f 2614//2614 1616//1616 2615//2615
f 2615//2615 1616//1616 1614//1614
f 2615//2615 1614//1614 2604//2604
f 2604//2604 1614//1614 1612//1612
f 2614//2614 2615//2615 2616//2616
f 2616//2616 2615//2615 2604//2604
f 2616//2616 2604//2604 2605//2605
f 2611//2611 2612//2612 2616//2616
f 2616//2616 2612//2612 2613//2613
f 2616//2616 2613//2613 2614//2614
f 2608//2608 2609//2609 2616//2616
f 2616//2616 2609//2609 2610//2610
f 2616//2616 2610//2610 2611//2611
f 2605//2605 2606//2606 2616//2616
f 2616//2616 2606//2606 2607//2607
f 2616//2616 2607//2607 2608//2608
f 2617//2617 1564//1564 2618//2618
f 2618//2618 1564//1564 1562//1562
f 2618//2618 1562//1562 2619//2619
f 2619//2619 1562//1562 1560//1560
f 2619//2619 1560//1560 2620//2620
f 2620//2620 1560//1560 1558//1558
f 2620//2620 1558//1558 2621//2621
f 2621//2621 1558//1558 1556//1556
f 2621//2621 1556//1556 2622//2622
f 2622//2622 1556//1556 1554//1554
f 2622//2622 1554//1554 2623//2623
f 2623//2623 1554//1554 1552//1552
f 2623//2623 1552//1552 2624//2624
f 2624//2624 1552//1552 1574//1574
f 2624//2624 1574//1574 2625//2625
f 2625//2625 1574//1574 1572//1572
f 2625//2625 1572//1572 2626//2626
f 2626//2626 1572//1572 1570//1570
f 2626//2626 1570//1570 2627//2627
f 2627//2627 1570//1570 1568//1568
f 2627//2627 1568//1568 2628//2628
f 2628//2628 1568//1568 1566//1566
f 2628//2628 1566//1566 2617//2617
f 2617//2617 1566//1566 1564//1564
f 2627//2627 2628//2628 2629//2629
f 2629//2629 2628//2628 2617//2617
f 2629//2629 2617//2617 2618//2618
f 2624//2624 2625//2625 2629//2629
f 2629//2629 2625//2625 2626//2626
f 2629//2629 2626//2626 2627//2627
f 2621//2621 2622//2622 2629//2629
f 2629//2629 2622//2622 2623//2623
f 2629//2629 2623//2623 2624//2624
f 2618//2618 2619//2619 2629//2629
f 2629//2629 2619//2619 2620//2620
f 2629//2629 2620//2620 2621//2621
f 2630//2630 1588//1588 2631//2631
f 2631//2631 1588//1588 1586//1586
f 2631//2631 1586//1586 2632//2632
f 2632//2632 1586//1586 1584//1584
f 2632//2632 1584//1584 2633//2633
f 2633//2633 1584//1584 1582//1582
f 2633//2633 1582//1582 2634//2634
f 2634//2634 1582//1582 1580//1580
f 2634//2634 1580//1580 2635//2635
f 2635//2635 1580//1580 1578//1578
f 2635//2635 1578//1578 2636//2636
f 2636//2636 1578//1578 1576//1576
f 2636//2636 1576//1576 2637//2637
f 2637//2637 1576//1576 1598//1598
f 2637//2637 1598//1598 2638//2638
f 2638//2638 1598//1598 1596//1596
f 2638//2638 1596//1596 2639//2639
f 2639//2639 1596//1596 1594//1594
f 2639//2639 1594//1594 2640//2640
f 2640//2640 1594//1594 1592//1592
f 2640//2640 1592//1592 2641//2641
f 2641//2641 1592//1592 1590//1590
f 2641//2641 1590//1590 2630//2630
f 2630//2630 1590//1590 1588//1588
f 2640//2640 2641//2641 2642//2642
f 2642//2642 2641//2641 2630//2630
f 2642//2642 2630//2630 2631//2631
f 2637//2637 2638//2638 2642//2642
f 2642//2642 2638//2638 2639//2639
f 2642//2642 2639//2639 2640//2640
f 2634//2634 2635//2635 2642//2642
f 2642//2642 2635//2635 2636//2636
f 2642//2642 2636//2636 2637//2637
f 2631//2631 2632//2632 2642//2642
f 2642//2642 2632//2632 2633//2633
f 2642//2642 2633//2633 2634//2634
f 2643//2643 1516//1516 2644//2644
f 2644//2644 1516//1516 1514//1514
f 2644//2644 1514//1514 2645//2645
f 2645//2645 1514//1514 1512//1512
f 2645//2645 1512//1512 2646//2646
f 2646//2646 1512//1512 1510//1510
f 2646//2646 1510//1510 2647//2647
f 2647//2647 1510//1510 1508//1508
f 2647//2647 1508//1508 2648//2648
f 2648//2648 1508//1508 1506//1506
f 2648//2648 1506//1506 2649//2649
f 2649//2649 1506//1506 1504//1504
f 2649//2649 1504//1504 2650//2650
f 2650//2650 1504//1504 1526//1526
f 2650//2650 1526//1526 2651//2651
f 2651//2651 1526//1526 1524//1524
f 2651//2651 1524//1524 2652//2652
f 2652//2652 1524//1524 1522//1522
f 2652//2652 1522//1522 2653//2653
f 2653//2653 1522//1522 1520//1520
f 2653//2653 1520//1520 2654//2654
f 2654//2654 1520//1520 1518//1518
f 2654//2654 1518//1518 2643//2643
f 2643//2643 1518//1518 1516//1516
f 2653//2653 2654//2654 2655//2655
f 2655//2655 2654//2654 2643//2643
f 2655//2655 2643//2643 2644//2644
f 2650//2650 2651//2651 2655//2655
f 2655//2655 2651//2651 2652//2652
f 2655//2655 2652//2652 2653//2653
f 2647//2647 2648//2648 2655//2655
f 2655//2655 2648//2648 2649//2649
f 2655//2655 2649//2649 2650//2650
f 2644//2644 2645//2645 2655//2655
f 2655//2655 2645//2645 2646//2646
f 2655//2655 2646//2646 2647//2647
f 2656//2656 1468//1468 2657//2657
f 2657//2657 1468//1468 1466//1466
f 2657//2657 1466//1466 2658//2658
f 2658//2658 1466//1466 1464//1464
f 2658//2658 1464//1464 2659//2659
f 2659//2659 1464//1464 1462//1462
f 2659//2659 1462//1462 2660//2660
f 2660//2660 1462//1462 1460//1460
f 2660//2660 1460//1460 2661//2661
f 2661//2661 1460//1460 1458//1458
f 2661//2661 1458//1458 2662//2662
f 2662//2662 1458//1458 1456//1456
f 2662//2662 1456//1456 2663//2663
f 2663//2663 1456//1456 1478//1478
f 2663//2663 1478//1478 2664//2664
f 2664//2664 1478//1478 1476//1476
f 2664//2664 1476//1476 2665//2665
f 2665//2665 1476//1476 1474//1474
f 2665//2665 1474//1474 2666//2666
f 2666//2666 1474//1474 1472//1472
f 2666//2666 1472//1472 2667//2667
f 2667//2667 1472//1472 1470//1470
f 2667//2667 1470//1470 2656//2656
f 2656//2656 1470//1470 1468//1468
f 2666//2666 2667//2667 2668//2668
f 2668//2668 2667//2667 2656//2656
f 2668//2668 2656//2656 2657//2657
f 2663//2663 2664//2664 2668//2668
f 2668//2668 2664//2664 2665//2665
f 2668//2668 2665//2665 2666//2666
f 2660//2660 2661//2661 2668//2668
f 2668//2668 2661//2661 2662//2662
f 2668//2668 2662//2662 2663//2663
f 2657//2657 2658//2658 2668//2668
f 2668//2668 2658//2658 2659//2659
f 2668//2668 2659//2659 2660//2660
f 2669//2669 1540//1540 2670//2670
f 2670//2670 1540//1540 1538//1538
f 2670//2670 1538//1538 2671//2671
f 2671//2671 1538//1538 1536//1536
f 2671//2671 1536//1536 2672//2672
f 2672//2672 1536//1536 1534//1534
f 2672//2672 1534//1534 2673//2673
f 2673//2673 1534//1534 1532//1532
f 2673//2673 1532//1532 2674//2674
f 2674//2674 1532//1532 1530//1530
f 2674//2674 1530//1530 2675//2675
f 2675//2675 1530//1530 1528//1528
f 2675//2675 1528//1528 2676//2676
f 2676//2676 1528//1528 1550//1550
f 2676//2676 1550//1550 2677//2677
f 2677//2677 1550//1550 1548//1548
f 2677//2677 1548//1548 2678//2678
f 2678//2678 1548//1548 1546//1546
f 2678//2678 1546//1546 2679//2679
f 2679//2679 1546//1546 1544//1544
f 2679//2679 1544//1544 2680//2680
f 2680//2680 1544//1544 1542//1542
f 2680//2680 1542//1542 2669//2669
f 2669//2669 1542//1542 1540//1540
f 2679//2679 2680//2680 2681//2681
f 2681//2681 2680//2680 2669//2669
f 2681//2681 2669//2669 2670//2670
f 2676//2676 2677//2677 2681//2681
f 2681//2681 2677//2677 2678//2678
f 2681//2681 2678//2678 2679//2679
f 2673//2673 2674//2674 2681//2681
f 2681//2681 2674//2674 2675//2675
f 2681//2681 2675//2675 2676//2676
f 2670//2670 2671//2671 2681//2681
f 2681//2681 2671//2671 2672//2672
f 2681//2681 2672//2672 2673//2673
f 2682//2682 1492//1492 2683//2683
f 2683//2683 1492//1492 1490//1490
f 2683//2683 1490//1490 2684//2684
f 2684//2684 1490//1490 1488//1488
f 2684//2684 1488//1488 2685//2685
f 2685//2685 1488//1488 1486//1486
f 2685//2685 1486//1486 2686//2686
f 2686//2686 1486//1486 1484//1484
f 2686//2686 1484//1484 2687//2687
f 2687//2687 1484//1484 1482//1482
f 2687//2687 1482//1482 2688//2688
f 2688//2688 1482//1482 1480//1480
f 2688//2688 1480//1480 2689//2689
f 2689//2689 1480//1480 1502//1502
f 2689//2689 1502//1502 2690//2690
f 2690//2690 1502//1502 1500//1500
f 2690//2690 1500//1500 2691//2691
f 2691//2691 1500//1500 1498//1498
f 2691//2691 1498//1498 2692//2692
f 2692//2692 1498//1498 1496//1496
f 2692//2692 1496//1496 2693//2693
f 2693//2693 1496//1496 1494//1494
f 2693//2693 1494//1494 2682//2682
f 2682//2682 1494//1494 1492//1492
f 2692//2692 2693//2693 2694//2694
f 2694//2694 2693//2693 2682//2682
f 2694//2694 2682//2682 2683//2683
f 2689//2689 2690//2690 2694//2694
f 2694//2694 2690//2690 2691//2691
f 2694//2694 2691//2691 2692//2692
f 2686//2686 2687//2687 2694//2694
f 2694//2694 2687//2687 2688//2688
f 2694//2694 2688//2688 2689//2689
f 2683//2683 2684//2684 2694//2694
f 2694//2694 2684//2684 2685//2685
f 2694//2694 2685//2685 2686//2686
f 2303//2303 2304//2304 2397//2397
f 2397//2397 2304//2304 2487//2487
f 2397//2397 2487//2487 2474//2474
f 2474//2474 2487//2487 2322//2322
f 2322//2322 2487//2487 2489//2489
f 2322//2322 2489//2489 2317//2317
f 2317//2317 2489//2489 2521//2521
f 2317//2317 2521//2521 2394//2394
f 2358//2358 2360//2360 2452//2452
f 2452//2452 2360//2360 2450//2450
f 2440//2440 2461//2461 2340//2340
f 2340//2340 2461//2461 2336//2336
f 2466//2466 2465//2465 2352//2352
f 2352//2352 2465//2465 2353//2353
f 2456//2456 2434//2434 2357//2357
f 2357//2357 2434//2434 2349//2349
f 2358//2358 2452//2452 2342//2342
f 2342//2342 2452//2452 2454//2454
f 2342//2342 2454//2454 2343//2343
f 2343//2343 2454//2454 2455//2455
f 2343//2343 2455//2455 2357//2357
f 2357//2357 2455//2455 2456//2456
f 2466//2466 2352//2352 2443//2443
f 2443//2443 2352//2352 2351//2351
f 2443//2443 2351//2351 2433//2433
f 2433//2433 2351//2351 2350//2350
f 2433//2433 2350//2350 2434//2434
f 2434//2434 2350//2350 2349//2349
f 2440//2440 2340//2340 2441//2441
f 2441//2441 2340//2340 2339//2339
f 2441//2441 2339//2339 2464//2464
f 2464//2464 2339//2339 2338//2338
f 2464//2464 2338//2338 2465//2465
f 2465//2465 2338//2338 2353//2353
f 2336//2336 2461//2461 2337//2337
f 2337//2337 2461//2461 2462//2462
f 2337//2337 2462//2462 2362//2362
f 2362//2362 2462//2462 2448//2448
f 2362//2362 2448//2448 2360//2360
f 2360//2360 2448//2448 2450//2450
f 2355//2355 2354//2354 2445//2445
f 2445//2445 2354//2354 2446//2446
f 2355//2355 2445//2445 2334//2334
f 2334//2334 2445//2445 2444//2444
f 2334//2334 2444//2444 2335//2335
f 2335//2335 2444//2444 2438//2438
f 2335//2335 2438//2438 2345//2345
f 2345//2345 2438//2438 2437//2437
f 2437//2437 2442//2442 2345//2345
f 2345//2345 2442//2442 2346//2346
f 2453//2453 2359//2359 2435//2435
f 2435//2435 2359//2359 2344//2344
f 2435//2435 2344//2344 2436//2436
f 2436//2436 2344//2344 2348//2348
f 2436//2436 2348//2348 2442//2442
f 2442//2442 2348//2348 2346//2346
f 2453//2453 2451//2451 2359//2359
f 2359//2359 2451//2451 2361//2361
f 2459//2459 2332//2332 2463//2463
f 2463//2463 2332//2332 2364//2364
f 2463//2463 2364//2364 2449//2449
f 2449//2449 2364//2364 2363//2363
f 2449//2449 2363//2363 2451//2451
f 2451//2451 2363//2363 2361//2361
f 2459//2459 2457//2457 2332//2332
f 2332//2332 2457//2457 2333//2333
f 2333//2333 2457//2457 2356//2356
f 2356//2356 2457//2457 2439//2439
f 2356//2356 2439//2439 2341//2341
f 2341//2341 2439//2439 2447//2447
f 2341//2341 2447//2447 2354//2354
f 2354//2354 2447//2447 2446//2446
f 2389//2389 2388//2388 2415//2415
f 2415//2415 2388//2388 2416//2416
f 2389//2389 2415//2415 2390//2390
f 2390//2390 2415//2415 2414//2414
f 2390//2390 2414//2414 2373//2373
f 2373//2373 2414//2414 2409//2409
f 2373//2373 2409//2409 2374//2374
f 2374//2374 2409//2409 2407//2407
f 2407//2407 2406//2406 2374//2374
f 2374//2374 2406//2406 2375//2375
f 2432//2432 2392//2392 2404//2404
f 2404//2404 2392//2392 2391//2391
f 2404//2404 2391//2391 2405//2405
f 2405//2405 2391//2391 2381//2381
f 2405//2405 2381//2381 2406//2406
f 2406//2406 2381//2381 2375//2375
f 2432//2432 2431//2431 2392//2392
f 2392//2392 2431//2431 2393//2393
f 2402//2402 2369//2369 2403//2403
f 2403//2403 2369//2369 2380//2380
f 2403//2403 2380//2380 2430//2430
f 2430//2430 2380//2380 2376//2376
f 2430//2430 2376//2376 2431//2431
f 2431//2431 2376//2376 2393//2393
f 2402//2402 2419//2419 2369//2369
f 2369//2369 2419//2419 2370//2370
f 2370//2370 2419//2419 2371//2371
f 2371//2371 2419//2419 2418//2418
f 2371//2371 2418//2418 2372//2372
f 2372//2372 2418//2418 2417//2417
f 2372//2372 2417//2417 2388//2388
f 2388//2388 2417//2417 2416//2416
f 2511//2511 2518//2518 2510//2510
f 2510//2510 2518//2518 2534//2534
f 2510//2510 2534//2534 2508//2508
f 2508//2508 2534//2534 2533//2533
# 5698 faces, 0 coords texture

# End of File
