####
#
# OBJ File Generated by Meshlab
#
####
# Object left_shoulder_roll.OBJ
#
# Vertices: 2075
# Faces: 4278
#
####
vn 6.1278158592060592 -0.7762629818432493 0.7935399260474263
v 0.0142276510596275 -0.0282985307276249 -0.0464915372431278
vn 5.7199240826871902 1.5247019686594401 1.2223104615130413
v 0.0144268665462732 0.0279024690389633 -0.0470214970409870
vn 2.4021609723966342 -0.1210640150629362 3.5196908142127978
v 0.0140148745849729 -0.0291464924812317 -0.0453853867948055
vn 6.1142482228922423 0.8638689478900317 0.7470758546425058
v 0.0142047079280019 0.0283556710928679 -0.0464160405099392
vn 2.4240836091099327 0.2399103470937266 3.1833493811781892
v 0.0140148745849729 0.0291464924812317 -0.0453853867948055
vn 4.7672583327492202 -2.3002494910956752 1.9328031577536058
v 0.0149838291108608 -0.0272233653813601 -0.0479783155024052
vn 4.3751062202178979 -2.5007833905365304 2.1883959379528295
v 0.0152905620634556 -0.0269795395433903 -0.0483526214957237
vn 3.2121283553260889 3.0049676177995317 2.5955307879411289
v 0.0159390456974506 0.0266387313604355 -0.0489535480737686
vn 3.9566520432494872 -2.6883136091176514 2.3987066690279888
v 0.0154927130788565 -0.0268510077148676 -0.0485635586082935
vn 3.2238218280157485 -2.9633875628801620 2.5400250365317176
v 0.0160094574093819 -0.0266131106764078 -0.0490070767700672
vn 2.3152994071968749 3.1452477528961111 2.8730276235789054
v 0.0166100580245256 0.0264703147113323 -0.0493918322026730
vn 2.6353905297331695 -3.0777293807099513 2.7347982229697312
v 0.0162196308374405 -0.0265481378883123 -0.0491556636989117
vn 5.1969441067189184 -2.0119271661949303 1.6425002106652875
v 0.0148005951195955 -0.0274046137928963 -0.0477138534188271
vn 3.9241940516902143 2.7398347268734513 2.2836918445691676
v 0.0154908802360296 0.0268520750105381 -0.0485617518424988
vn 4.4485239897897815 2.4591079413166792 2.1114301774026170
v 0.0152031173929572 0.0270425286144018 -0.0482532568275928
vn 5.7963000148434771 -1.3365917262771929 1.2187486048700298
v 0.0144012561067939 -0.0279460195451975 -0.0469625405967236
vn 5.5346384722222375 -1.6947821910844951 1.3599492241792566
v 0.0144516220316291 -0.0278619024902582 -0.0470765978097916
vn 5.2178639685153714 1.9952100145076637 1.6295389614126095
v 0.0148002970963717 0.0274049360305071 -0.0477133914828300
vn 4.7725815813066070 2.2752247771633751 1.9216413116066489
v 0.0149846756830812 0.0272225979715586 -0.0479794591665268
vn -2.2403214843236881 -2.1807846631014822 3.3951865950109168
v 0.0189999993890524 -0.0272087957710028 -0.0500000007450581
vn -2.1167797441954663 2.2956400483231851 3.4088304694538674
v 0.0189999993890524 0.0272087957710028 -0.0500000007450581
vn -1.4849587490743523 2.6933542718901062 3.2516092991401684
v 0.0184998381882906 0.0268466938287020 -0.0499749220907688
vn 2.0761927274885865 -3.1702260482573901 2.9616073781579972
v 0.0166096147149801 -0.0264703724533319 -0.0493915900588036
vn 1.5236846105815776 -3.1840232133129831 3.0177396097196509
v 0.0170162264257669 -0.0264449082314968 -0.0495896227657795
vn 1.7938287123953345 3.1573607425449746 2.9349450759627453
v 0.0167287904769182 0.0264571476727724 -0.0494543910026550
vn -0.6880305060613852 -2.9517254927660366 3.3454382886021783
v 0.0180919654667377 -0.0266506522893906 -0.0499168559908867
vn -1.2426558881069369 -2.8183039800230034 3.3577234550218416
v 0.0184986554086208 -0.0268460121005774 -0.0499748028814793
vn 0.2421209200036217 3.2093222108629886 3.2968519474786260
v 0.0175548009574413 0.0264966115355492 -0.0497865863144398
vn 1.2449497520785440 3.2242134949364640 3.0122964969326378
v 0.0169933531433344 0.0264448709785938 -0.0495796687901020
vn 0.8421097999376616 -3.2204382082555352 3.0964150421008818
v 0.0171213913708925 -0.0264473203569651 -0.0496336631476879
vn -0.0206614213837931 -3.1320898642688269 3.2660142206926879
v 0.0179283544421196 -0.0265921186655760 -0.0498838089406490
vn -0.8041283330055038 2.9650568460895075 3.3159605590266050
v 0.0184266082942486 0.0268057752400637 -0.0499670132994652
vn -1.8510375597783180 -2.5366670804951759 3.2591231928067290
v 0.0188747085630894 -0.0271027553826571 -0.0499984286725521
vn 3.1414480173038788 -3.1551631902423392 0.0213158948584321
v 0.0140000004321337 0.0295499991625547 -0.0450000017881393
vn 3.1342174268922234 -3.2497396887000787 0.1504212453818447
v 0.0140018425881863 0.0295499991625547 -0.0451357401907444
vn 3.1842652900906874 3.2445551938147430 0.2280317560987962
v 0.0140000004321337 0.0375499986112118 -0.0450000017881393
vn 6.1746435136829891 -0.6898461359129260 0.6414675766081552
v 0.0141594689339399 0.0304099451750517 -0.0462527014315128
vn 4.1630197426536464 3.1461805621511294 0.5679608177910437
v 0.0140962768346071 0.0375139638781548 -0.0459764711558819
vn 3.8407780108849412 3.2057722359534564 1.0395046379369410
v 0.0143806021660566 0.0374058932065964 -0.0469134189188480
vn 5.8480748210275273 -1.2818977191498813 1.1596925607024975
v 0.0144009646028280 0.0309431999921799 -0.0469618551433086
vn 5.5188037162701367 -1.7298488567135490 1.3963551171800599
v 0.0144516220316291 0.0310278255492449 -0.0470765978097916
vn 5.0165465513212011 -2.2149481326682272 1.8087483821221566
v 0.0149838291108608 0.0316663607954979 -0.0479783155024052
vn 4.4082041797505420 -2.5649136613038497 2.1450141592396226
v 0.0152905620634556 0.0319101884961128 -0.0483526214957237
vn 1.4133462979801654 2.7727106420538479 0.2773808450122499
v 0.0148457959294319 0.0372237116098404 -0.0477825514972210
vn 3.9716785451845595 -2.7103894216330056 2.3826509508074878
v 0.0154927130788565 0.0320387184619904 -0.0485635586082935
vn 3.1510982722046932 3.1857777367137983 1.8224808892282398
v 0.0154644660651684 0.0369709730148315 -0.0485355332493782
vn 3.2171649494260413 -2.9850918266537230 2.5444279070935596
v 0.0160094574093819 0.0322766155004501 -0.0490070767700672
vn 2.5548489307588587 -3.1503572807326932 2.8145074643337433
v 0.0162196308374405 0.0323415882885456 -0.0491556636989117
vn 3.0084839372895269 3.0852932082185616 2.3930817132332862
v 0.0162327606230974 0.0366401411592960 -0.0491644181311131
vn 1.7261829659538208 -3.2125688243783497 3.0054606383365714
v 0.0170162264257669 0.0324448198080063 -0.0495896227657795
vn 2.6290862171988829 3.0201599435343951 2.7634093534473014
v 0.0170865822583437 0.0362498424947262 -0.0496193990111351
vn 0.8381270576748829 -3.2252938490104874 3.0976198539466968
v 0.0171213913708925 0.0324424058198929 -0.0496336631476879
vn 2.1675209642132494 2.9719821809764393 2.9974891339911087
v 0.0180306080728769 0.0357896573841572 -0.0499051287770271
vn -0.0644037408760068 -3.1804684525146962 3.2737489723039066
v 0.0179283544421196 0.0322976112365723 -0.0498838089406490
vn 1.8267349174267462 2.7887499148657438 3.0470557921615335
v 0.0189999993890524 0.0352845937013626 -0.0500000007450581
vn -0.6961597897598523 -3.0163538317567449 3.3448394115266482
v 0.0180919654667377 0.0322390757501125 -0.0499168559908867
vn -1.2354780845046300 -2.8322223347965552 3.3567559243985641
v 0.0184986554086208 0.0320437178015709 -0.0499748028814793
vn -1.8404006807353377 -2.5275667299783118 3.2590294397411710
v 0.0188747085630894 0.0317869707942009 -0.0499984286725521
vn -2.2413062404776425 -2.1776800939956180 3.3952031289709868
v 0.0189999993890524 0.0316809304058552 -0.0500000007450581
vn -6.1278158592060592 0.7762629818432493 0.7935399260474263
v -0.0142276510596275 0.0282985307276249 -0.0464915372431278
vn -5.7199240826871902 -1.5247019686594401 1.2223104615130413
v -0.0144268665462732 -0.0279024690389633 -0.0470214970409870
vn -2.4021609723966342 0.1210640150629362 3.5196908142127978
v -0.0140148745849729 0.0291464924812317 -0.0453853867948055
vn -6.1142482228922423 -0.8638689478900317 0.7470758546425058
v -0.0142047079280019 -0.0283556710928679 -0.0464160405099392
vn -2.4240836091099327 -0.2399103470937266 3.1833493811781892
v -0.0140148745849729 -0.0291464924812317 -0.0453853867948055
vn -4.7672583327492202 2.3002494910956752 1.9328031577536058
v -0.0149838291108608 0.0272233653813601 -0.0479783155024052
vn -4.3751062202178979 2.5007833905365304 2.1883959379528295
v -0.0152905620634556 0.0269795395433903 -0.0483526214957237
vn -3.2121283553260889 -3.0049676177995317 2.5955307879411289
v -0.0159390456974506 -0.0266387313604355 -0.0489535480737686
vn -3.9566520432494872 2.6883136091176514 2.3987066690279888
v -0.0154927130788565 0.0268510077148676 -0.0485635586082935
vn -3.2238218280157485 2.9633875628801620 2.5400250365317176
v -0.0160094574093819 0.0266131106764078 -0.0490070767700672
vn -2.3152994071968749 -3.1452477528961111 2.8730276235789054
v -0.0166100580245256 -0.0264703147113323 -0.0493918322026730
vn -2.6353905297331695 3.0777293807099513 2.7347982229697312
v -0.0162196308374405 0.0265481378883123 -0.0491556636989117
vn -5.1969441067189184 2.0119271661949303 1.6425002106652875
v -0.0148005951195955 0.0274046137928963 -0.0477138534188271
vn -3.9241940516902143 -2.7398347268734513 2.2836918445691676
v -0.0154908802360296 -0.0268520750105381 -0.0485617518424988
vn -4.4485239897897815 -2.4591079413166792 2.1114301774026170
v -0.0152031173929572 -0.0270425286144018 -0.0482532568275928
vn -5.7963000148434771 1.3365917262771929 1.2187486048700298
v -0.0144012561067939 0.0279460195451975 -0.0469625405967236
vn -5.5346384722222375 1.6947821910844951 1.3599492241792566
v -0.0144516220316291 0.0278619024902582 -0.0470765978097916
vn -5.2178639685153714 -1.9952100145076637 1.6295389614126095
v -0.0148002970963717 -0.0274049360305071 -0.0477133914828300
vn -4.7725815813066070 -2.2752247771633751 1.9216413116066489
v -0.0149846756830812 -0.0272225979715586 -0.0479794591665268
vn 2.2403214843236881 2.1807846631014822 3.3951865950109172
v -0.0189999993890524 0.0272087957710028 -0.0500000007450581
vn 2.1167797441954663 -2.2956400483231851 3.4088304694538678
v -0.0189999993890524 -0.0272087957710028 -0.0500000007450581
vn 1.4849587490743523 -2.6933542718901062 3.2516092991401684
v -0.0184998381882906 -0.0268466938287020 -0.0499749220907688
vn -2.0761927274885865 3.1702260482573901 2.9616073781579972
v -0.0166096147149801 0.0264703724533319 -0.0493915900588036
vn -1.5236846105815776 3.1840232133129831 3.0177396097196509
v -0.0170162264257669 0.0264449082314968 -0.0495896227657795
vn -1.7938287123953345 -3.1573607425449746 2.9349450759627453
v -0.0167287904769182 -0.0264571476727724 -0.0494543910026550
vn 0.6880305060613852 2.9517254927660366 3.3454382886021783
v -0.0180919654667377 0.0266506522893906 -0.0499168559908867
vn 1.2426558881069369 2.8183039800230034 3.3577234550218416
v -0.0184986554086208 0.0268460121005774 -0.0499748028814793
vn -0.2421209200036217 -3.2093222108629886 3.2968519474786260
v -0.0175548009574413 -0.0264966115355492 -0.0497865863144398
vn -1.2449497520785440 -3.2242134949364640 3.0122964969326378
v -0.0169933531433344 -0.0264448709785938 -0.0495796687901020
vn -0.8421097999376616 3.2204382082555352 3.0964150421008818
v -0.0171213913708925 0.0264473203569651 -0.0496336631476879
vn 0.0206614213837931 3.1320898642688269 3.2660142206926879
v -0.0179283544421196 0.0265921186655760 -0.0498838089406490
vn 0.8041283330055038 -2.9650568460895075 3.3159605590266050
v -0.0184266082942486 -0.0268057752400637 -0.0499670132994652
vn 1.8510375597783180 2.5366670804951759 3.2591231928067290
v -0.0188747085630894 0.0271027553826571 -0.0499984286725521
vn -3.5906880584219314 -3.2077492293132126 1.4700168338434838
v -0.0148457959294319 -0.0372237116098404 -0.0477825514972210
vn -3.9756095509972065 -3.1542488931161921 1.1090915553642831
v -0.0143806021660566 -0.0374058932065964 -0.0469134189188480
vn -5.0215799535156957 2.1861996628781322 1.8034897152508620
v -0.0149838291108608 -0.0316663607954979 -0.0479783155024052
vn -3.1814564412412083 -3.2731283339101802 0.2514769097209618
v -0.0140000004321337 -0.0375499986112118 -0.0450000017881393
vn -3.1414480173038788 3.1551631902423392 0.0213158948584321
v -0.0140000004321337 -0.0295499991625547 -0.0450000017881393
vn -3.1342174268922234 3.2497396887000778 0.1504212453818447
v -0.0140018425881863 -0.0295499991625547 -0.0451357401907444
vn -6.1709678773013765 0.7260327785131675 0.6507484376555939
v -0.0141594689339399 -0.0304099451750517 -0.0462527014315128
vn -5.8723920379143149 1.3383398014377890 1.0829622812544710
v -0.0144009646028280 -0.0309431999921799 -0.0469618551433086
vn -4.1581677950440170 -3.2006530752244089 0.5357203512175736
v -0.0140962768346071 -0.0375139638781548 -0.0459764711558819
vn -5.5188037162701367 1.7298488567135490 1.3963551171800599
v -0.0144516220316291 -0.0310278255492449 -0.0470765978097916
vn -3.2442445362985395 -3.1792750924364559 2.2223476619972922
v -0.0157504621893167 -0.0368500389158726 -0.0488000661134720
vn -4.3906053206874720 2.5337565080255944 2.1686459648879812
v -0.0152905620634556 -0.0319101884961128 -0.0483526214957237
vn -3.9626018370507374 2.6935193001974085 2.3926234339260439
v -0.0154927130788565 -0.0320387184619904 -0.0485635586082935
vn -3.2188725688024098 2.9640811230282740 2.5439557682931495
v -0.0160094574093819 -0.0322766155004501 -0.0490070767700672
vn -2.5410389204736870 3.1420365705993349 2.8241494355399888
v -0.0162196308374405 -0.0323415882885456 -0.0491556636989117
vn -2.7499096447076585 -3.0451676803996630 2.7363428544954052
v -0.0170865822583437 -0.0362498424947262 -0.0496193990111351
vn -1.7285667670341385 3.2160152144420273 3.0041582582581885
v -0.0170162264257669 -0.0324448198080063 -0.0495896227657795
vn -0.8379459556401054 3.2255105366117456 3.0976752654244883
v -0.0171213913708925 -0.0324424058198929 -0.0496336631476879
vn -2.1636524869567069 -2.9732015943815435 2.9947485741338573
v -0.0180354248732328 -0.0357872322201729 -0.0499060787260532
vn 0.0642899372913420 3.1806435606525527 3.2737141824381175
v -0.0179283544421196 -0.0322976112365723 -0.0498838089406490
vn -1.7762452308709946 -2.8197333331596850 3.0710829791191925
v -0.0189999993890524 -0.0352845937013626 -0.0500000007450581
vn 0.6961597897598523 3.0163538317567449 3.3448394115266482
v -0.0180919654667377 -0.0322390757501125 -0.0499168559908867
vn 1.2354780845046300 2.8322223347965552 3.3567559243985641
v -0.0184986554086208 -0.0320437178015709 -0.0499748028814793
vn 1.8404006807353377 2.5275667299783118 3.2590294397411710
v -0.0188747085630894 -0.0317869707942009 -0.0499984286725521
vn 2.2413062404776425 2.1776800939956180 3.3952031289709868
v -0.0189999993890524 -0.0316809304058552 -0.0500000007450581
vn -3.1293125619201057 -3.2667162457117720 -0.1960312350710534
v -0.0140000004321337 0.0295499991625547 -0.0317214429378510
vn -3.1293125619201061 3.2667162457118177 -0.1960312350710534
v -0.0140000004321337 0.0375499986112118 -0.0317214429378510
vn -3.1415926535897971 -3.1415926535897576 0.0000000000000000
v -0.0140000004321337 0.0295499991625547 -0.0331557318568230
vn -3.1415926535897936 3.1415926535897931 0.0000000000000000
v -0.0140000004321337 0.0375499986112118 -0.0319057367742062
vn -3.1411164519916968 -3.1684621622161071 0.0380177092432553
v -0.0140000004321337 0.0295499991625547 -0.0450000017881393
vn -3.1836499292108726 3.2501493382933488 0.2327046432397207
v -0.0140000004321337 0.0375499986112118 -0.0450000055134296
vn 3.1293125619201057 -3.2667162457118160 -0.1960312350710534
v 0.0140000004321337 -0.0375499986112118 -0.0317214429378510
vn 3.1836499292108735 -3.2501490722011934 0.2327046432397207
v 0.0140000004321337 -0.0375499986112118 -0.0450000055134296
vn 3.1293125619201057 3.2667162457118151 -0.1960312350710534
v 0.0140000004321337 -0.0295499991625547 -0.0317214429378510
vn 3.1411164519916972 3.1684621622161071 0.0380177092432553
v 0.0140000004321337 -0.0295499991625547 -0.0450000017881393
vn -0.4673846547071814 2.9918391932244983 3.0977298644326825
v 0.0070867533795536 -0.0295499991625547 -0.0469683706760406
vn 4.3318013400595605 2.2297761437675057 1.6314018532500145
v 0.0140018425881863 -0.0295499991625547 -0.0453894101083279
vn 2.4327651874810075 -0.1757171279629436 3.2489319560606389
v 0.0140000004321337 -0.0294448472559452 -0.0453899763524532
vn -0.4673846547071815 -2.9918391932244983 3.0977298644326829
v 0.0070867533795536 0.0295499991625547 -0.0469683706760406
vn 2.4362192609001263 -0.0684441236395710 3.2512104697096964
v 0.0140000004321337 0.0294448472559452 -0.0453899763524532
vn 4.2781365383970043 -2.2636037666118454 1.8933831728548771
v 0.0140018425881863 0.0295499991625547 -0.0453894101083279
vn 0.4673846547071818 -2.9918391932244988 3.0977298644326829
v -0.0070867533795536 0.0295499991625547 -0.0469683706760406
vn -4.3318013400595605 -2.2297761437675057 1.6314018532500145
v -0.0140018425881863 0.0295499991625547 -0.0453894101083279
vn -2.4327651874810075 0.1757171279629436 3.2489319560606389
v -0.0140000004321337 0.0294448472559452 -0.0453899763524532
vn 0.4673846547071818 2.9918391932244988 3.0977298644326829
v -0.0070867533795536 -0.0295499991625547 -0.0469683706760406
vn -2.4362192609001263 0.0684441236395710 3.2512104697096964
v -0.0140000004321337 -0.0294448472559452 -0.0453899763524532
vn -4.2781365383970043 2.2636037666118454 1.8933831728548771
v -0.0140018425881863 -0.0295499991625547 -0.0453894101083279
vn 0.0000000000000003 -2.9918386573773001 3.1327899960004135
v -0.0000000000000000 0.0295499991625547 -0.0474999994039536
vn 0.0000000000000003 2.9918386573773019 3.1327899960004140
v -0.0000000000000000 -0.0295499991625547 -0.0474999994039536
vn 3.1415926535897936 -3.1415926535897931 0.0000000000000000
v 0.0140000004321337 0.0295499991625547 -0.0331557318568230
vn 3.1415926535897931 3.1415926535897949 0.0000000000000000
v 0.0140000004321337 0.0375499986112118 -0.0319057367742062
vn 3.1293125619201008 -3.2667162457118177 -0.1960312350710534
v 0.0140000004321337 0.0295499991625547 -0.0317214429378510
vn 3.1293125619201057 3.2667162457117720 -0.1960312350710534
v 0.0140000004321337 0.0375499986112118 -0.0317214429378510
vn -3.1293125619201057 3.2667162457118160 -0.1960312350710534
v -0.0140000004321337 -0.0295499991625547 -0.0317214429378510
vn -3.1293125619201061 -3.2667162457118151 -0.1960312350710534
v -0.0140000004321337 -0.0375499986112118 -0.0317214429378510
vn 2.6946050050998265 -2.9204934708116159 -1.5775234725748384
v 0.0228691659867764 0.0295499991625547 -0.0133884754031897
vn 0.0000000000000000 -6.2831853071795871 0.0000000000000000
v 0.0178653150796890 0.0295499991625547 -0.0083307335153222
vn 2.5330373386625542 -3.1561667609484427 -1.8581717261734298
v 0.0193763449788094 0.0295499991625547 -0.0180778112262487
vn -2.5330373386625538 -3.1561667609484432 -1.8581717261734294
v -0.0193763449788094 0.0295499991625547 -0.0180778112262487
vn 0.0000000000000000 -6.2831853071795889 0.0000000000000000
v -0.0178653150796890 0.0295499991625547 -0.0083307335153222
vn -2.6946050050998265 -2.9204934708116155 -1.5775234725748386
v -0.0228691659867764 0.0295499991625547 -0.0133884754031897
vn 0.0000000000000000 -6.2831853071795800 0.0000000000000000
v 0.0000000000000000 0.0295499991625547 -0.0331557318568230
vn -3.1394663275006618 -3.2513033402124862 0.0336686001016911
v -0.0140018425881863 0.0295499991625547 -0.0451357401907444
vn 0.0000000000000000 -6.2831853071795862 0.0000000000000000
v 0.0000000000000000 0.0295499991625547 -0.0083307335153222
vn -2.6279936447203740 -3.6651918480514087 -1.5172721043612660
v -0.0121186757460237 0.0295499991625547 -0.0155864665284753
vn -3.0345457323080298 -3.6651908080478632 0.0000003286206752
v -0.0118306307122111 0.0295499991625547 -0.0166614670306444
vn -3.0199406251617686 -3.3918400839752358 -0.7719130393317983
v -0.0146229760721326 0.0295499991625547 -0.0267685707658529
vn 0.0000003286206752 -3.6651908080475857 3.0345457323080298
v -0.0139806307852268 0.0295499991625547 -0.0188114661723375
vn -2.7347134777642790 -3.3918402549961892 -1.4957383144545089
v -0.0164530947804451 0.0295499991625547 -0.0221242494881153
vn 1.5172724329819409 -3.6651916314650044 2.6279935566668380
v -0.0150556303560734 0.0295499991625547 -0.0185234211385250
vn 2.6279936447203740 -3.6651918480514087 -1.5172721043612658
v -0.0158425848931074 0.0295499991625547 -0.0155864665284753
vn 3.0345457323080289 -3.6651908080478632 0.0000003286206752
v -0.0161306299269199 0.0295499991625547 -0.0166614670306444
vn 2.6279935566668389 -3.6651916314650039 1.5172724329819414
v -0.0158425848931074 0.0295499991625547 -0.0177364666014910
vn 1.5172724329819414 -3.6651916314650039 -2.6279935566668389
v -0.0150556303560734 0.0295499991625547 -0.0147995119914412
vn 0.0000003286206752 -3.6651908080478632 -3.0345457323080289
v -0.0139806307852268 0.0295499991625547 -0.0145114669576287
vn -1.5172721043612658 -3.6651918480514087 -2.6279936447203740
v -0.0129056302830577 0.0295499991625547 -0.0147995119914412
vn -1.5172721043612660 -3.6651918480514087 2.6279936447203740
v -0.0129056302830577 0.0295499991625547 -0.0185234211385250
vn -2.6279935566668380 -3.6651916314650039 1.5172724329819409
v -0.0121186757460237 0.0295499991625547 -0.0177364666014910
vn -2.6279936006936317 -3.6651917397582503 1.5172722686715390
v -0.0198880452662706 0.0295499991625547 -0.0010750000365078
vn -1.5172730461973440 -3.6651912273086609 2.6279933923562666
v -0.0206749998033047 0.0295499991625547 -0.0018619545735419
vn -3.1104846393317347 -2.9204933150163712 -0.2726931974055615
v -0.0263987462967634 0.0295499991625547 -0.0023143519647419
vn -2.9749642969505894 -2.9204942389383595 -0.9481902252070169
v -0.0252485796809196 0.0295499991625547 -0.0080473087728024
vn -3.0945684817565531 -2.9204940174474174 0.4160804529512823
v -0.0262636635452509 0.0295499991625547 0.0035312816035002
vn 2.6279936006936326 -3.6651917397582494 1.5172722686715405
v -0.0236119553446770 0.0295499991625547 -0.0010750000365078
vn -0.0000006572416876 -3.6651913997738892 3.0345454917407197
v -0.0217499993741512 0.0295499991625547 -0.0021500000730157
vn 1.5172723889556565 -3.6651916604817263 2.6279935684636362
v -0.0228250008076429 0.0295499991625547 -0.0018619545735419
vn 1.5172723889556567 -3.6651916604817263 -2.6279935684636362
v -0.0228250008076429 0.0295499991625547 0.0018619545735419
vn -2.9279904702736399 -2.9204938350524277 1.0845960723726349
v -0.0248499121516943 0.0295499991625547 0.0092049911618233
vn 2.6279936006936317 -3.6651917397582503 -1.5172722686715383
v -0.0236119553446770 0.0295499991625547 0.0010750000365078
vn 3.0345457323080822 -3.6651908080477758 0.0000000000000016
v -0.0239000003784895 0.0295499991625547 -0.0000000000000000
vn -0.0000006572416873 -3.6651913997738896 -3.0345454917407197
v -0.0217499993741512 0.0295499991625547 0.0021500000730157
vn -1.5172730461973440 -3.6651912273086604 -2.6279933923562675
v -0.0206749998033047 0.0295499991625547 0.0018619545735419
vn 0.0000000000000000 -6.2831853071795871 0.0000000000000000
v -0.0178653150796890 0.0295499991625547 0.0083307335153222
vn -2.6279936006936331 -3.6651917397582503 -1.5172722686715399
v -0.0198880452662706 0.0295499991625547 0.0010750000365078
vn -3.0345457323080818 -3.6651908080477762 -0.0000000000000002
v -0.0196000002324581 0.0295499991625547 0.0000000000000000
vn -2.6188603686246692 -2.9204935106717955 1.7003078700099807
v -0.0222263205796480 0.0295499991625547 0.0144305480644107
vn -2.1822286926137684 -2.9204938454835494 2.2332386300261948
v -0.0185206197202206 0.0295499991625547 0.0189535394310951
vn -2.6279935566668389 -3.6651916314650048 -1.5172724329819414
v -0.0121186757460237 0.0295499991625547 0.0177364666014910
vn -3.0345457323080289 -3.6651908080478632 -0.0000003286206752
v -0.0118306307122111 0.0295499991625547 0.0166614670306444
vn 0.0000000000000000 -6.2831853071795836 0.0000000000000000
v 0.0000000000000000 0.0295499991625547 0.0083307335153222
vn 0.0000003286206752 -3.6651908080478632 3.0345457323080298
v -0.0139806307852268 0.0295499991625547 0.0145114669576287
vn -1.5172721043612660 -3.6651918480514087 2.6279936447203740
v -0.0129056302830577 0.0295499991625547 0.0147995119914412
vn -2.6279936447203740 -3.6651918480514087 1.5172721043612658
v -0.0121186757460237 0.0295499991625547 0.0155864665284753
vn 1.5172724329819409 -3.6651916314650039 2.6279935566668380
v -0.0150556303560734 0.0295499991625547 0.0147995119914412
vn 2.6279936447203740 -3.6651918480514083 1.5172721043612660
v -0.0158425848931074 0.0295499991625547 0.0155864665284753
vn 3.0345457323080298 -3.6651908080478637 -0.0000003286206752
v -0.0161306299269199 0.0295499991625547 0.0166614670306444
vn 2.6279935566668380 -3.6651916314650039 -1.5172724329819409
v -0.0158425848931074 0.0295499991625547 0.0177364666014910
vn -1.6393534192887331 -2.9204937448276005 2.6574418344045476
v -0.0139132244512439 0.0295499991625547 0.0225537624210119
vn -3.0345457323080289 -3.6651908080478632 -0.0000003286206752
v 0.0161306299269199 0.0295499991625547 0.0166614670306444
vn -2.6279936447203740 -3.6651918480514087 1.5172721043612658
v 0.0158425848931074 0.0295499991625547 0.0155864665284753
vn 0.0000000000000000 -6.2831853071795889 0.0000000000000000
v 0.0178653150796890 0.0295499991625547 0.0083307335153222
vn -1.5172724329819414 -3.6651916314650039 2.6279935566668389
v 0.0150556303560734 0.0295499991625547 0.0147995119914412
vn -0.0000003286206752 -3.6651908080478637 3.0345457323080289
v 0.0139806307852268 0.0295499991625547 0.0145114669576287
vn 1.5172721043612658 -3.6651918480514087 2.6279936447203740
v 0.0129056302830577 0.0295499991625547 0.0147995119914412
vn 2.6279936447203740 -3.6651918480514087 1.5172721043612660
v 0.0121186757460237 0.0295499991625547 0.0155864665284753
vn -2.6279935566668389 -3.6651916314650039 -1.5172724329819414
v 0.0158425848931074 0.0295499991625547 0.0177364666014910
vn 2.1822286926137688 -2.9204938454835503 2.2332386300261948
v 0.0185206197202206 0.0295499991625547 0.0189535394310951
vn -1.5172724329819409 -3.6651916314650039 -2.6279935566668380
v 0.0150556303560734 0.0295499991625547 0.0185234211385250
vn 1.6393534192887329 -2.9204937448276009 2.6574418344045476
v 0.0139132244512439 0.0295499991625547 0.0225537624210119
vn -0.0000003286206752 -3.6651908080478632 -3.0345457323080294
v 0.0139806307852268 0.0295499991625547 0.0188114661723375
vn 3.0345457323080298 -3.6651908080478632 -0.0000003286206752
v 0.0118306307122111 0.0295499991625547 0.0166614670306444
vn 2.6279935566668380 -3.6651916314650035 -1.5172724329819409
v 0.0121186757460237 0.0295499991625547 0.0177364666014910
vn 0.0000000000000004 -3.0310436478728788 3.1367946674320528
v 0.0000000000000000 0.0295499991625547 0.0264999996870756
vn -0.4312593995928984 -2.9757682613033762 3.1009558419833660
v -0.0029235968831927 0.0295499991625547 0.0263382345438004
vn -1.5172721043612658 -3.6651918480514087 -2.6279936447203740
v -0.0129056302830577 0.0295499991625547 0.0185234211385250
vn -1.0166646293257893 -2.9204937411364766 2.9522651920280376
v -0.0086284531280398 0.0295499991625547 0.0250559337437153
vn 0.0000003286206752 -3.6651908080478632 -3.0345457323080289
v -0.0139806307852268 0.0295499991625547 0.0188114661723375
vn 1.5172724329819414 -3.6651916314650039 -2.6279935566668389
v -0.0150556303560734 0.0295499991625547 0.0185234211385250
vn 1.5172721043612660 -3.6651918480514087 -2.6279936447203740
v 0.0129056302830577 0.0295499991625547 0.0185234211385250
vn 1.0166646293257895 -2.9204937411364771 2.9522651920280385
v 0.0086284531280398 0.0295499991625547 0.0250559337437153
vn 0.4312593995928987 -2.9757682613033767 3.1009558419833656
v 0.0029235968831927 0.0295499991625547 0.0263382345438004
vn 2.6188603686246692 -2.9204935106717955 1.7003078700099807
v 0.0222263205796480 0.0295499991625547 0.0144305480644107
vn 2.9279904702736403 -2.9204938350524277 1.0845960723726351
v 0.0248499121516943 0.0295499991625547 0.0092049911618233
vn 2.6279936006936326 -3.6651917397582499 1.5172722686715405
v 0.0198880452662706 0.0295499991625547 -0.0010750000365078
vn 3.0345457323080822 -3.6651908080477758 0.0000000000000016
v 0.0196000002324581 0.0295499991625547 -0.0000000000000000
vn 2.6279936006936317 -3.6651917397582507 -1.5172722686715383
v 0.0198880452662706 0.0295499991625547 0.0010750000365078
vn 1.5172730461973440 -3.6651912273086609 -2.6279933923562666
v 0.0206749998033047 0.0295499991625547 0.0018619545735419
vn 3.1104846393317347 -2.9204933150163721 -0.2726931974055614
v 0.0263987462967634 0.0295499991625547 -0.0023143519647419
vn -2.6279936006936317 -3.6651917397582503 1.5172722686715390
v 0.0236119553446770 0.0295499991625547 -0.0010750000365078
vn 2.9749642969505894 -2.9204942389383568 -0.9481902252070169
v 0.0252485796809196 0.0295499991625547 -0.0080473087728024
vn -1.5172723889556567 -3.6651916604817272 2.6279935684636362
v 0.0228250008076429 0.0295499991625547 -0.0018619545735419
vn 0.0000006572416873 -3.6651913997738896 3.0345454917407197
v 0.0217499993741512 0.0295499991625547 -0.0021500000730157
vn 1.5172730461973440 -3.6651912273086604 2.6279933923562675
v 0.0206749998033047 0.0295499991625547 -0.0018619545735419
vn 0.0000006572416876 -3.6651913997738892 -3.0345454917407197
v 0.0217499993741512 0.0295499991625547 0.0021500000730157
vn -1.5172723889556565 -3.6651916604817267 -2.6279935684636362
v 0.0228250008076429 0.0295499991625547 0.0018619545735419
vn 3.0945684817565531 -2.9204940174474139 0.4160804529512823
v 0.0262636635452509 0.0295499991625547 0.0035312816035002
vn -2.6279936006936331 -3.6651917397582503 -1.5172722686715399
v 0.0236119553446770 0.0295499991625547 0.0010750000365078
vn -3.0345457323080818 -3.6651908080477758 -0.0000000000000002
v 0.0239000003784895 0.0295499991625547 0.0000000000000000
vn -0.0000003286206752 -3.6651908080478632 -3.0345457323080294
v 0.0139806307852268 0.0295499991625547 -0.0145114669576287
vn 1.5172721043612660 -3.6651918480514087 -2.6279936447203740
v 0.0129056302830577 0.0295499991625547 -0.0147995119914412
vn 2.6279936447203740 -3.6651918480514087 -1.5172721043612658
v 0.0121186757460237 0.0295499991625547 -0.0155864665284753
vn -2.6279935566668380 -3.6651916314650044 1.5172724329819409
v 0.0158425848931074 0.0295499991625547 -0.0177364666014910
vn 2.7347134777642794 -3.3918402549961888 -1.4957383144545089
v 0.0164530947804451 0.0295499991625547 -0.0221242494881153
vn -1.5172724329819414 -3.6651916314650039 2.6279935566668389
v 0.0150556303560734 0.0295499991625547 -0.0185234211385250
vn 3.0199406251617678 -3.3918400839752372 -0.7719130393317982
v 0.0146229760721326 0.0295499991625547 -0.0267685707658529
vn -0.0000003286206752 -3.6651908080478655 3.0345457323080289
v 0.0139806307852268 0.0295499991625547 -0.0188114661723375
vn 1.5172721043612658 -3.6651918480514087 2.6279936447203740
v 0.0129056302830577 0.0295499991625547 -0.0185234211385250
vn 2.6279935566668389 -3.6651916314650039 1.5172724329819414
v 0.0121186757460237 0.0295499991625547 -0.0177364666014910
vn 3.0345457323080289 -3.6651908080478632 0.0000003286206752
v 0.0118306307122111 0.0295499991625547 -0.0166614670306444
vn -1.5172724329819409 -3.6651916314650039 -2.6279935566668380
v 0.0150556303560734 0.0295499991625547 -0.0147995119914412
vn -2.6279936447203740 -3.6651918480514092 -1.5172721043612660
v 0.0158425848931074 0.0295499991625547 -0.0155864665284753
vn -3.0345457323080298 -3.6651908080478637 0.0000003286206752
v 0.0161306299269199 0.0295499991625547 -0.0166614670306444
vn -2.5330373386625542 3.1561667609484427 -1.8581717261734298
v -0.0193763449788094 0.0375499986112118 -0.0180778112262487
vn -2.6946050050998265 2.9204934708116159 -1.5775234725748384
v -0.0228691659867764 0.0375499986112118 -0.0133884754031897
vn -2.9749642969505898 2.9204942389383621 -0.9481902252070170
v -0.0252485796809196 0.0375499986112118 -0.0080473087728024
vn -3.1104846393317347 2.9204933150163712 -0.2726931974055614
v -0.0263987462967634 0.0375499986112118 -0.0023143519647419
vn -3.0945684817565526 2.9204940174474157 0.4160804529512823
v -0.0262636635452509 0.0375499986112118 0.0035312816035002
vn -2.9279904702736403 2.9204938350524277 1.0845960723726351
v -0.0248499121516943 0.0375499986112118 0.0092049911618233
vn -2.6188603686246692 2.9204935106717955 1.7003078700099807
v -0.0222263205796480 0.0375499986112118 0.0144305480644107
vn -2.1822286926137688 2.9204938454835503 2.2332386300261948
v -0.0185206197202206 0.0375499986112118 0.0189535394310951
vn -1.6393534192887329 2.9204937448276009 2.6574418344045476
v -0.0139132244512439 0.0375499986112118 0.0225537624210119
vn -1.0166646293257895 2.9204937411364771 2.9522651920280385
v -0.0086284531280398 0.0375499986112118 0.0250559337437153
vn -0.4312593995928983 2.9757682613033762 3.1009558419833656
v -0.0029235968831927 0.0375499986112118 0.0263382345438004
vn 0.0000000000000004 3.0310436478728784 3.1367946674320519
v 0.0000000000000000 0.0375499986112118 0.0264999996870756
vn 0.4312593995928988 2.9757682613033767 3.1009558419833665
v 0.0029235968831927 0.0375499986112118 0.0263382345438004
vn 1.0166646293257893 2.9204937411364766 2.9522651920280376
v 0.0086284531280398 0.0375499986112118 0.0250559337437153
vn 1.6393534192887329 2.9204937448276005 2.6574418344045476
v 0.0139132244512439 0.0375499986112118 0.0225537624210119
vn 2.1822286926137688 2.9204938454835490 2.2332386300261948
v 0.0185206197202206 0.0375499986112118 0.0189535394310951
vn 2.6188603686246692 2.9204935106717955 1.7003078700099807
v 0.0222263205796480 0.0375499986112118 0.0144305480644107
vn 2.9279904702736399 2.9204938350524277 1.0845960723726349
v 0.0248499121516943 0.0375499986112118 0.0092049911618233
vn 3.0945684817565531 2.9204940174474139 0.4160804529512823
v 0.0262636635452509 0.0375499986112118 0.0035312816035002
vn 3.1104846393317347 2.9204933150163721 -0.2726931974055614
v 0.0263987462967634 0.0375499986112118 -0.0023143519647419
vn 2.9749642969505894 2.9204942389383555 -0.9481902252070169
v 0.0252485796809196 0.0375499986112118 -0.0080473087728024
vn 2.6946050050998265 2.9204934708116155 -1.5775234725748386
v 0.0228691659867764 0.0375499986112118 -0.0133884754031897
vn 2.5330373386625538 3.1561667609484432 -1.8581717261734294
v 0.0193763449788094 0.0375499986112118 -0.0180778112262487
vn 0.0000000000000000 6.2831853071795880 0.0000000000000000
v 0.0178653150796890 0.0375499986112118 -0.0083307335153222
vn -1.5172724329819411 3.6651916314650039 -2.6279935566668389
v 0.0150556303560734 0.0375499986112118 -0.0147995119914412
vn -0.0000003286206752 3.6651908080478637 -3.0345457323080289
v 0.0139806307852268 0.0375499986112118 -0.0145114669576287
vn 0.0000000000000000 6.2831853071795880 0.0000000000000000
v -0.0178653150796890 0.0375499986112118 -0.0083307335153222
vn 0.0000003286206752 3.6651908080478632 -3.0345457323080298
v -0.0139806307852268 0.0375499986112118 -0.0145114669576287
vn -1.5172721043612660 3.6651918480514087 -2.6279936447203740
v -0.0129056302830577 0.0375499986112118 -0.0147995119914412
vn 0.0000000000000000 6.2831853071795836 0.0000000000000000
v 0.0000000000000000 0.0375499986112118 -0.0083307335153222
vn 1.5172724329819409 3.6651916314650039 -2.6279935566668380
v -0.0150556303560734 0.0375499986112118 -0.0147995119914412
vn 2.6279936447203740 3.6651918480514092 -1.5172721043612660
v -0.0158425848931074 0.0375499986112118 -0.0155864665284753
vn 0.0000000000000000 6.2831853071795862 0.0000000000000000
v 0.0000000000000000 0.0375499986112118 -0.0319057367742062
vn -2.6279935566668389 3.6651916314650039 1.5172724329819411
v -0.0121186757460237 0.0375499986112118 -0.0177364666014910
vn -3.0345457323080289 3.6651908080478632 0.0000003286206752
v -0.0118306307122111 0.0375499986112118 -0.0166614670306444
vn -2.6279936447203740 3.6651918480514087 -1.5172721043612658
v -0.0121186757460237 0.0375499986112118 -0.0155864665284753
vn 3.0345457323080298 3.6651908080478637 0.0000003286206752
v -0.0161306299269199 0.0375499986112118 -0.0166614670306444
vn 2.6279935566668380 3.6651916314650044 1.5172724329819409
v -0.0158425848931074 0.0375499986112118 -0.0177364666014910
vn -2.7347134777642790 3.3918402549961888 -1.4957383144545089
v -0.0164530947804451 0.0375499986112118 -0.0221242494881153
vn 1.5172724329819411 3.6651916314650039 2.6279935566668389
v -0.0150556303560734 0.0375499986112118 -0.0185234211385250
vn -3.0199406251617682 3.3918400839752372 -0.7719130393317982
v -0.0146229760721326 0.0375499986112118 -0.0267685707658529
vn 0.0000003286206752 3.6651908080478655 3.0345457323080289
v -0.0139806307852268 0.0375499986112118 -0.0188114661723375
vn -1.5172721043612658 3.6651918480514087 2.6279936447203740
v -0.0129056302830577 0.0375499986112118 -0.0185234211385250
vn 0.0000000000000000 3.1415923874976377 0.0000000000000000
v 0.0000000000000000 0.0375499986112118 -0.0450000055134296
vn 1.5172721043612658 3.6651918480514087 -2.6279936447203740
v 0.0129056302830577 0.0375499986112118 -0.0147995119914412
vn 2.6279936447203740 3.6651918480514087 -1.5172721043612660
v 0.0121186757460237 0.0375499986112118 -0.0155864665284753
vn 3.0345457323080298 3.6651908080478632 0.0000003286206752
v 0.0118306307122111 0.0375499986112118 -0.0166614670306444
vn -3.0345457323080289 3.6651908080478632 0.0000003286206752
v 0.0161306299269199 0.0375499986112118 -0.0166614670306444
vn -2.6279936447203740 3.6651918480514087 -1.5172721043612658
v 0.0158425848931074 0.0375499986112118 -0.0155864665284753
vn 3.0199406251617686 3.3918400839752358 -0.7719130393317983
v 0.0146229760721326 0.0375499986112118 -0.0267685707658529
vn -0.0000003286206752 3.6651908080481199 3.0345457323080298
v 0.0139806307852268 0.0375499986112118 -0.0188114661723375
vn 2.7347134777642790 3.3918402549961892 -1.4957383144545089
v 0.0164530947804451 0.0375499986112118 -0.0221242494881153
vn -1.5172724329819409 3.6651916314650044 2.6279935566668380
v 0.0150556303560734 0.0375499986112118 -0.0185234211385250
vn -2.6279935566668389 3.6651916314650039 1.5172724329819411
v 0.0158425848931074 0.0375499986112118 -0.0177364666014910
vn 2.6279935566668380 3.6651916314650039 1.5172724329819409
v 0.0121186757460237 0.0375499986112118 -0.0177364666014910
vn 1.5172721043612660 3.6651918480514087 2.6279936447203740
v 0.0129056302830577 0.0375499986112118 -0.0185234211385250
vn 0.0000006572416873 3.6651913997738896 -3.0345454917407197
v 0.0217499993741512 0.0375499986112118 0.0021500000730157
vn 1.5172730461973440 3.6651912273086604 -2.6279933923562675
v 0.0206749998033047 0.0375499986112118 0.0018619545735419
vn 0.0000000000000000 6.2831853071795880 0.0000000000000000
v 0.0178653150796890 0.0375499986112118 0.0083307335153222
vn 2.6279936006936331 3.6651917397582507 -1.5172722686715387
v 0.0198880452662706 0.0375499986112118 0.0010750000365078
vn -1.5172723889556567 3.6651916604817263 -2.6279935684636362
v 0.0228250008076429 0.0375499986112118 0.0018619545735419
vn -2.6279936006936317 3.6651917397582494 -1.5172722686715394
v 0.0236119553446770 0.0375499986112118 0.0010750000365078
vn -3.0345457323080813 3.6651908080477758 -0.0000000000000007
v 0.0239000003784895 0.0375499986112118 0.0000000000000000
vn 3.0345457323080813 3.6651908080477758 0.0000000000000020
v 0.0196000002324581 0.0375499986112118 -0.0000000000000000
vn 2.6279936006936322 3.6651917397582499 1.5172722686715403
v 0.0198880452662706 0.0375499986112118 -0.0010750000365078
vn 1.5172730461973440 3.6651912273086609 2.6279933923562666
v 0.0206749998033047 0.0375499986112118 -0.0018619545735419
vn 0.0000006572416876 3.6651913997738892 3.0345454917407197
v 0.0217499993741512 0.0375499986112118 -0.0021500000730157
vn -1.5172723889556565 3.6651916604817272 2.6279935684636362
v 0.0228250008076429 0.0375499986112118 -0.0018619545735419
vn -2.6279936006936331 3.6651917397582503 1.5172722686715394
v 0.0236119553446770 0.0375499986112118 -0.0010750000365078
vn -2.6279935566668380 3.6651916314650039 -1.5172724329819409
v 0.0158425848931074 0.0375499986112118 0.0177364666014910
vn 0.0000000000000000 6.2831853071795853 0.0000000000000000
v 0.0000000000000000 0.0375499986112118 0.0083307335153222
vn 1.5172721043612660 3.6651918480514087 2.6279936447203740
v 0.0129056302830577 0.0375499986112118 0.0147995119914412
vn -0.0000003286206752 3.6651908080478632 3.0345457323080298
v 0.0139806307852268 0.0375499986112118 0.0145114669576287
vn -1.5172724329819409 3.6651916314650039 2.6279935566668380
v 0.0150556303560734 0.0375499986112118 0.0147995119914412
vn -2.6279936447203740 3.6651918480514083 1.5172721043612660
v 0.0158425848931074 0.0375499986112118 0.0155864665284753
vn -3.0345457323080298 3.6651908080478637 -0.0000003286206752
v 0.0161306299269199 0.0375499986112118 0.0166614670306444
vn 2.6279935566668389 3.6651916314650039 -1.5172724329819411
v 0.0121186757460237 0.0375499986112118 0.0177364666014910
vn 3.0345457323080289 3.6651908080478632 -0.0000003286206752
v 0.0118306307122111 0.0375499986112118 0.0166614670306444
vn 2.6279936447203740 3.6651918480514087 1.5172721043612658
v 0.0121186757460237 0.0375499986112118 0.0155864665284753
vn -3.0345457323080298 3.6651908080478632 -0.0000003286206752
v -0.0118306307122111 0.0375499986112118 0.0166614670306444
vn -2.6279935566668380 3.6651916314650048 -1.5172724329819409
v -0.0121186757460237 0.0375499986112118 0.0177364666014910
vn 2.6279935566668389 3.6651916314650039 -1.5172724329819411
v -0.0158425848931074 0.0375499986112118 0.0177364666014910
vn 1.5172724329819409 3.6651916314650039 -2.6279935566668380
v -0.0150556303560734 0.0375499986112118 0.0185234211385250
vn 0.0000003286206752 3.6651908080478632 -3.0345457323080298
v -0.0139806307852268 0.0375499986112118 0.0188114661723375
vn 3.0345457323080289 3.6651908080478632 -0.0000003286206752
v -0.0161306299269199 0.0375499986112118 0.0166614670306444
vn 2.6279936447203740 3.6651918480514087 1.5172721043612658
v -0.0158425848931074 0.0375499986112118 0.0155864665284753
vn 0.0000000000000000 6.2831853071795889 0.0000000000000000
v -0.0178653150796890 0.0375499986112118 0.0083307335153222
vn -2.6279936447203740 3.6651918480514087 1.5172721043612660
v -0.0121186757460237 0.0375499986112118 0.0155864665284753
vn 1.5172721043612658 3.6651918480514087 -2.6279936447203740
v 0.0129056302830577 0.0375499986112118 0.0185234211385250
vn -0.0000003286206752 3.6651908080478632 -3.0345457323080289
v 0.0139806307852268 0.0375499986112118 0.0188114661723375
vn -1.5172724329819411 3.6651916314650039 -2.6279935566668389
v 0.0150556303560734 0.0375499986112118 0.0185234211385250
vn -1.5172721043612660 3.6651918480514087 -2.6279936447203740
v -0.0129056302830577 0.0375499986112118 0.0185234211385250
vn 1.5172724329819411 3.6651916314650039 2.6279935566668389
v -0.0150556303560734 0.0375499986112118 0.0147995119914412
vn 0.0000003286206752 3.6651908080478632 3.0345457323080289
v -0.0139806307852268 0.0375499986112118 0.0145114669576287
vn -1.5172721043612658 3.6651918480514087 2.6279936447203740
v -0.0129056302830577 0.0375499986112118 0.0147995119914412
vn 3.0345457323080813 3.6651908080477753 0.0000000000000020
v -0.0239000003784895 0.0375499986112118 -0.0000000000000000
vn 1.5172723889556565 3.6651916604817272 -2.6279935684636362
v -0.0228250008076429 0.0375499986112118 0.0018619545735419
vn 2.6279936006936331 3.6651917397582507 -1.5172722686715387
v -0.0236119553446770 0.0375499986112118 0.0010750000365078
vn -3.0345457323080813 3.6651908080477762 -0.0000000000000007
v -0.0196000002324581 0.0375499986112118 0.0000000000000000
vn -2.6279936006936317 3.6651917397582503 -1.5172722686715394
v -0.0198880452662706 0.0375499986112118 0.0010750000365078
vn -1.5172730461973440 3.6651912273086609 -2.6279933923562666
v -0.0206749998033047 0.0375499986112118 0.0018619545735419
vn -0.0000006572416876 3.6651913997738892 -3.0345454917407197
v -0.0217499993741512 0.0375499986112118 0.0021500000730157
vn 2.6279936006936322 3.6651917397582499 1.5172722686715403
v -0.0236119553446770 0.0375499986112118 -0.0010750000365078
vn 1.5172723889556567 3.6651916604817272 2.6279935684636362
v -0.0228250008076429 0.0375499986112118 -0.0018619545735419
vn -0.0000006572416873 3.6651913997738896 3.0345454917407197
v -0.0217499993741512 0.0375499986112118 -0.0021500000730157
vn -1.5172730461973440 3.6651912273086604 2.6279933923562675
v -0.0206749998033047 0.0375499986112118 -0.0018619545735419
vn -2.6279936006936331 3.6651917397582503 1.5172722686715394
v -0.0198880452662706 0.0375499986112118 -0.0010750000365078
vn 1.5172727395896466 3.6651916856115654 2.6279933542279266
v 0.0023891015443951 -0.0295499991625547 -0.0038619546685368
vn -0.0000000821552378 3.6651912663506403 3.0345455459842698
v 0.0034641015809029 -0.0295499991625547 -0.0041499999351799
vn -2.6279936197578682 3.6651912345629993 1.5172726464277044
v -0.0016021470073611 -0.0295499991625547 -0.0030749998986721
vn -1.0166646293257895 2.9204937411364771 2.9522651920280385
v -0.0086284531280398 -0.0295499991625547 0.0250559337437153
vn -0.3444786190893809 2.9204937584449069 3.1033548350622362
v -0.0029235968831927 -0.0295499991625547 0.0263382345438004
vn 0.0000000821552643 3.6651914684287465 -3.0345454638290184
v -0.0034641015809029 -0.0295499991625547 0.0001500000071246
vn -3.1104846393317347 2.9204933150163721 -0.2726931974055614
v -0.0263987462967634 -0.0295499991625547 -0.0023143519647419
vn -3.0945684817565531 2.9204940174474112 0.4160804529512823
v -0.0262636635452509 -0.0295499991625547 0.0035312816035002
vn 3.0345457157980382 3.6651908486577387 0.0000001026939759
v -0.0056141014210880 -0.0295499991625547 -0.0020000000949949
vn 2.6279933391924395 3.6651919936834121 -1.5172725151372228
v -0.0053260563872755 -0.0295499991625547 -0.0009250000002794
vn -2.9749642969505894 2.9204942389383559 -0.9481902252070169
v -0.0252485796809196 -0.0295499991625547 -0.0080473087728024
vn 2.6279934143697794 3.6651918335430174 1.5172725151371622
v -0.0053260563872755 -0.0295499991625547 -0.0030749998986721
vn -2.6946050050998265 2.9204934708116133 -1.5775234725748384
v -0.0228691659867764 -0.0295499991625547 -0.0133884754031897
vn -1.5172727395896466 3.6651916856115667 2.6279933542279270
v -0.0023891015443951 -0.0295499991625547 -0.0038619546685368
vn 0.0000000821552380 3.6651912663506385 3.0345455459842698
v -0.0034641015809029 -0.0295499991625547 -0.0041499999351799
vn 0.0000000000000000 3.6651908080477753 0.0000000000000000
v 0.0000000000000000 -0.0295499991625547 0.0061499997973442
vn 1.5172722686715385 3.6651917397582507 -2.6279936006936317
v -0.0010750000365078 -0.0295499991625547 0.0058619547635317
vn -2.9279904702736403 2.9204938350524281 1.0845960723726351
v -0.0248499121516943 -0.0295499991625547 0.0092049911618233
vn -2.6188603686246692 2.9204935106717960 1.7003078700099807
v -0.0222263205796480 -0.0295499991625547 0.0144305480644107
vn 1.5172725437336769 3.6651911421059156 -2.6279937224518561
v -0.0045391013845801 -0.0295499991625547 -0.0001380453759339
vn -2.1822286926137688 2.9204938454835534 2.2332386300261948
v -0.0185206197202206 -0.0295499991625547 0.0189535394310951
vn -1.6393534192887329 2.9204937448276018 2.6574418344045476
v -0.0139132244512439 -0.0295499991625547 0.0225537624210119
vn -2.5330373386625542 3.1561667609484410 -1.8581717261734298
v -0.0193763449788094 -0.0295499991625547 -0.0180778112262487
vn 1.5172724931239348 3.6651913356021133 2.6279936608354530
v -0.0045391013845801 -0.0295499991625547 -0.0038619546685368
vn -2.7347134777642794 3.3918402549961884 -1.4957383144545089
v -0.0164530947804451 -0.0295499991625547 -0.0221242494881153
vn -3.0199406251617678 3.3918400839752358 -0.7719130393317982
v -0.0146229760721326 -0.0295499991625547 -0.0267685707658529
vn -1.5172725437336769 3.6651911421059138 -2.6279937224518557
v 0.0045391013845801 -0.0295499991625547 -0.0001380453759339
vn -1.5172727285829508 3.6651914366410985 2.6279934774608202
v 0.0010750000365078 -0.0295499991625547 0.0021380453836173
vn -2.6279934583966300 3.6651913897487240 1.5172727997314712
v 0.0018619545735419 -0.0295499991625547 0.0029249999206513
vn -2.6279933391924404 3.6651919936834134 -1.5172725151372228
v 0.0053260563872755 -0.0295499991625547 -0.0009250000002794
vn 3.1104846393317347 2.9204933150163703 -0.2726931974055615
v 0.0263987462967634 -0.0295499991625547 -0.0023143519647419
vn -3.0345457157980369 3.6651908486577387 0.0000001026939758
v 0.0056141014210880 -0.0295499991625547 -0.0020000000949949
vn 2.9749642969505894 2.9204942389383559 -0.9481902252070169
v 0.0252485796809196 -0.0295499991625547 -0.0080473087728024
vn -2.6279934143697794 3.6651918335430178 1.5172725151371620
v 0.0053260563872755 -0.0295499991625547 -0.0030749998986721
vn 2.6946050050998265 2.9204934708116146 -1.5775234725748386
v 0.0228691659867764 -0.0295499991625547 -0.0133884754031897
vn -1.5172724931239352 3.6651913356021129 2.6279936608354539
v 0.0045391013845801 -0.0295499991625547 -0.0038619546685368
vn 2.5330373386625538 3.1561667609484432 -1.8581717261734294
v 0.0193763449788094 -0.0295499991625547 -0.0180778112262487
vn 2.7347134777642790 3.3918402549961870 -1.4957383144545089
v 0.0164530947804451 -0.0295499991625547 -0.0221242494881153
vn 3.0199406251617686 3.3918400839752363 -0.7719130393317983
v 0.0146229760721326 -0.0295499991625547 -0.0267685707658529
vn 0.0000000000000005 3.6651914142820790 3.0345454858424570
v -0.0000000000000000 -0.0295499991625547 0.0018500000005588
vn -0.0000000821552645 3.6651914684287497 -3.0345454638290184
v 0.0034641015809029 -0.0295499991625547 0.0001500000071246
vn 1.5172727285829515 3.6651914366410967 2.6279934774608198
v -0.0010750000365078 -0.0295499991625547 0.0021380453836173
vn 1.5172727901993921 3.6651914921153868 -2.6279934158443758
v 0.0023891015443951 -0.0295499991625547 -0.0001380453759339
vn 2.6279935445806188 3.6651913947034727 -1.5172726464276960
v 0.0016021470073611 -0.0295499991625547 -0.0009250000002794
vn 0.3444786190893810 2.9204937584449189 3.1033548350622366
v 0.0029235968831927 -0.0295499991625547 0.0263382345438004
vn 1.0166646293257893 2.9204937411364753 2.9522651920280376
v 0.0086284531280398 -0.0295499991625547 0.0250559337437153
vn -1.5172722686715401 3.6651917397582499 -2.6279936006936331
v 0.0010750000365078 -0.0295499991625547 0.0058619547635317
vn 3.1394663275006618 3.2513033402124867 0.0336686001016911
v 0.0140018425881863 -0.0295499991625547 -0.0451357401907444
vn 3.0945684817565531 2.9204940174474148 0.4160804529512823
v 0.0262636635452509 -0.0295499991625547 0.0035312816035002
vn -3.0345454257006366 3.6651915622134936 -0.0000000821552588
v 0.0021500000730157 -0.0295499991625547 0.0040000001899898
vn 2.9279904702736399 2.9204938350524277 1.0845960723726349
v 0.0248499121516943 -0.0295499991625547 0.0092049911618233
vn -2.6279934363831887 3.6651913356020578 -1.5172728818867298
v 0.0018619545735419 -0.0295499991625547 0.0050750002264977
vn 1.6393534192887331 2.9204937448276018 2.6574418344045476
v 0.0139132244512439 -0.0295499991625547 0.0225537624210119
vn 2.1822286926137684 2.9204938454835463 2.2332386300261948
v 0.0185206197202206 -0.0295499991625547 0.0189535394310951
vn 2.6188603686246692 2.9204935106717951 1.7003078700099807
v 0.0222263205796480 -0.0295499991625547 0.0144305480644107
vn 2.6279934363831892 3.6651913356020582 -1.5172728818867300
v -0.0018619545735419 -0.0295499991625547 0.0050750002264977
vn 3.0345454257006357 3.6651915622134936 -0.0000000821552589
v -0.0021500000730157 -0.0295499991625547 0.0040000001899898
vn 2.6279934583966309 3.6651913897487240 1.5172727997314710
v -0.0018619545735419 -0.0295499991625547 0.0029249999206513
vn -1.5172727901993923 3.6651914921153868 -2.6279934158443758
v -0.0023891015443951 -0.0295499991625547 -0.0001380453759339
vn -2.6279935445806180 3.6651913947034731 -1.5172726464276951
v -0.0016021470073611 -0.0295499991625547 -0.0009250000002794
vn -3.0345454693323757 3.6651914548920850 0.0000001026940756
v -0.0013141016243026 -0.0295499991625547 -0.0020000000949949
vn 3.0345454693323748 3.6651914548920854 0.0000001026940756
v 0.0013141016243026 -0.0295499991625547 -0.0020000000949949
vn 2.6279936197578682 3.6651912345630056 1.5172726464277042
v 0.0016021470073611 -0.0295499991625547 -0.0030749998986721
vn 2.5330373386625542 -3.1561667609484410 -1.8581717261734298
v 0.0193763449788094 -0.0375499986112118 -0.0180778112262487
vn 2.6946050050998265 -2.9204934708116133 -1.5775234725748384
v 0.0228691659867764 -0.0375499986112118 -0.0133884754031897
vn 2.9749642969505898 -2.9204942389383559 -0.9481902252070170
v 0.0252485796809196 -0.0375499986112118 -0.0080473087728024
vn 3.1104846393317347 -2.9204933150163721 -0.2726931974055614
v 0.0263987462967634 -0.0375499986112118 -0.0023143519647419
vn 3.0945684817565526 -2.9204940174474112 0.4160804529512823
v 0.0262636635452509 -0.0375499986112118 0.0035312816035002
vn 2.9279904702736403 -2.9204938350524281 1.0845960723726351
v 0.0248499121516943 -0.0375499986112118 0.0092049911618233
vn 2.6188603686246692 -2.9204935106717960 1.7003078700099807
v 0.0222263205796480 -0.0375499986112118 0.0144305480644107
vn 2.1822286926137688 -2.9204938454835467 2.2332386300261948
v 0.0185206197202206 -0.0375499986112118 0.0189535394310951
vn 1.6393534192887329 -2.9204937448276018 2.6574418344045476
v 0.0139132244512439 -0.0375499986112118 0.0225537624210119
vn 1.0166646293257895 -2.9204937411364753 2.9522651920280385
v 0.0086284531280398 -0.0375499986112118 0.0250559337437153
vn 0.3444786190893809 -2.9204937584449189 3.1033548350622366
v 0.0029235968831927 -0.0375499986112118 0.0263382345438004
vn -0.3444786190893810 -2.9204937584449180 3.1033548350622366
v -0.0029235968831927 -0.0375499986112118 0.0263382345438004
vn -1.0166646293257893 -2.9204937411364771 2.9522651920280376
v -0.0086284531280398 -0.0375499986112118 0.0250559337437153
vn -1.6393534192887329 -2.9204937448276018 2.6574418344045476
v -0.0139132244512439 -0.0375499986112118 0.0225537624210119
vn -2.1822286926137688 -2.9204938454835463 2.2332386300261948
v -0.0185206197202206 -0.0375499986112118 0.0189535394310951
vn -2.6188603686246692 -2.9204935106717951 1.7003078700099807
v -0.0222263205796480 -0.0375499986112118 0.0144305480644107
vn -2.9279904702736399 -2.9204938350524277 1.0845960723726349
v -0.0248499121516943 -0.0375499986112118 0.0092049911618233
vn -3.0945684817565531 -2.9204940174474117 0.4160804529512823
v -0.0262636635452509 -0.0375499986112118 0.0035312816035002
vn -3.1104846393317347 -2.9204933150163721 -0.2726931974055614
v -0.0263987462967634 -0.0375499986112118 -0.0023143519647419
vn -2.9749642969505894 -2.9204942389383559 -0.9481902252070169
v -0.0252485796809196 -0.0375499986112118 -0.0080473087728024
vn -2.6946050050998265 -2.9204934708116146 -1.5775234725748386
v -0.0228691659867764 -0.0375499986112118 -0.0133884754031897
vn -2.5330373386625538 -3.1561667609484432 -1.8581717261734294
v -0.0193763449788094 -0.0375499986112118 -0.0180778112262487
vn -2.6279934143697794 -3.6651918335430174 1.5172725151371622
v 0.0053260563872755 -0.0375499986112118 -0.0030749998986721
vn -3.0345457157980382 -3.6651908486577387 0.0000001026939759
v 0.0056141014210880 -0.0375499986112118 -0.0020000000949949
vn -2.6279936197578682 -3.6651912345629993 1.5172726464277042
v -0.0016021470073611 -0.0375499986112118 -0.0030749998986721
vn 2.6279936197578682 -3.6651912345630056 1.5172726464277044
v 0.0016021470073611 -0.0375499986112118 -0.0030749998986721
vn -3.0345454693323748 -3.6651914548920850 0.0000001026940756
v -0.0013141016243026 -0.0375499986112118 -0.0020000000949949
vn 3.0345454693323757 -3.6651914548920850 0.0000001026940756
v 0.0013141016243026 -0.0375499986112118 -0.0020000000949949
vn -2.6279935445806188 -3.6651913947034727 -1.5172726464276960
v -0.0016021470073611 -0.0375499986112118 -0.0009250000002794
vn 2.6279935445806180 -3.6651913947034727 -1.5172726464276951
v 0.0016021470073611 -0.0375499986112118 -0.0009250000002794
vn -1.5172727901993921 -3.6651914921153854 -2.6279934158443758
v -0.0023891015443951 -0.0375499986112118 -0.0001380453759339
vn -1.5172727395896466 -3.6651916856115667 2.6279933542279266
v -0.0023891015443951 -0.0375499986112118 -0.0038619546685368
vn -0.0000000821552381 -3.6651912663506394 3.0345455459842698
v 0.0034641015809029 -0.0375499986112118 -0.0041499999351799
vn 1.5172727395896464 -3.6651916856115654 2.6279933542279270
v 0.0023891015443951 -0.0375499986112118 -0.0038619546685368
vn -1.5172724931239348 -3.6651913356021133 2.6279936608354530
v 0.0045391013845801 -0.0375499986112118 -0.0038619546685368
vn 2.7347134777642790 -3.3918402549961884 -1.4957383144545089
v 0.0164530947804451 -0.0375499986112118 -0.0221242494881153
vn 0.0000198121114418 -6.2328958706050335 0.5598433769472417
v 0.0000000000000000 -0.0375499986112118 -0.0450000017881393
vn -1.5172727285829510 -3.6651914366410980 2.6279934774608198
v 0.0010750000365078 -0.0375499986112118 0.0021380453836173
vn 0.0000000000000000 -3.6651914142820825 0.0000000000000000
v 0.0000000000000000 -0.0375499986112118 0.0018500000005588
vn 1.5172727901993925 -3.6651914921153854 -2.6279934158443758
v 0.0023891015443951 -0.0375499986112118 -0.0001380453759339
vn 1.5172722686715390 -3.6651917397582503 -2.6279936006936331
v -0.0010750000365078 -0.0375499986112118 0.0058619547635317
vn 2.6279934363831887 -3.6651913356020578 -1.5172728818867298
v -0.0018619545735419 -0.0375499986112118 0.0050750002264977
vn 0.0000000821552378 -3.6651912663506385 3.0345455459842698
v -0.0034641015809029 -0.0375499986112118 -0.0041499999351799
vn 1.5172724931239350 -3.6651913356021133 2.6279936608354539
v -0.0045391013845801 -0.0375499986112118 -0.0038619546685368
vn -2.7347134777642790 -3.3918402549961870 -1.4957383144545089
v -0.0164530947804451 -0.0375499986112118 -0.0221242494881153
vn -3.0199406251617686 -3.3918400839752363 -0.7719130393317983
v -0.0146229760721326 -0.0375499986112118 -0.0267685707658529
vn 3.0345457157980369 -3.6651908486577387 0.0000001026939758
v -0.0056141014210880 -0.0375499986112118 -0.0020000000949949
vn 2.6279933391924404 -3.6651919936834121 -1.5172725151372228
v -0.0053260563872755 -0.0375499986112118 -0.0009250000002794
vn 0.0000000821552645 -3.6651914684287514 -3.0345454638290184
v -0.0034641015809029 -0.0375499986112118 0.0001500000071246
vn 1.5172725437336769 -3.6651911421059125 -2.6279937224518557
v -0.0045391013845801 -0.0375499986112118 -0.0001380453759339
vn 1.5172727285829513 -3.6651914366410980 2.6279934774608202
v -0.0010750000365078 -0.0375499986112118 0.0021380453836173
vn 2.6279934583966300 -3.6651913897487267 1.5172727997314710
v -0.0018619545735419 -0.0375499986112118 0.0029249999206513
vn -1.5172725437336769 -3.6651911421059156 -2.6279937224518561
v 0.0045391013845801 -0.0375499986112118 -0.0001380453759339
vn -2.6279934363831892 -3.6651913356020578 -1.5172728818867300
v 0.0018619545735419 -0.0375499986112118 0.0050750002264977
vn -0.0000000821552643 -3.6651914684287368 -3.0345454638290184
v 0.0034641015809029 -0.0375499986112118 0.0001500000071246
vn -3.0345454257006357 -3.6651915622134932 -0.0000000821552589
v 0.0021500000730157 -0.0375499986112118 0.0040000001899898
vn -2.6279934583966309 -3.6651913897487249 1.5172727997314712
v 0.0018619545735419 -0.0375499986112118 0.0029249999206513
vn 3.0199406251617682 -3.3918400839752358 -0.7719130393317982
v 0.0146229760721326 -0.0375499986112118 -0.0267685707658529
vn 2.6279934143697794 -3.6651918335430178 1.5172725151371622
v -0.0053260563872755 -0.0375499986112118 -0.0030749998986721
vn 3.0345454257006366 -3.6651915622134936 -0.0000000821552588
v -0.0021500000730157 -0.0375499986112118 0.0040000001899898
vn -0.0000000000000013 -3.6651908080477753 -3.0345457323080813
v 0.0000000000000000 -0.0375499986112118 0.0061499997973442
vn -1.5172722686715396 -3.6651917397582499 -2.6279936006936322
v 0.0010750000365078 -0.0375499986112118 0.0058619547635317
vn -2.6279933391924395 -3.6651919936834121 -1.5172725151372226
v 0.0053260563872755 -0.0375499986112118 -0.0009250000002794
vn 3.0345477741406599 0.0000000000000003 3.6651857857025751
v 0.0324000008404255 -0.0000000000000000 -0.0500000007450581
vn -2.1167797441954663 2.2956400483231851 3.4088304694538678
v 0.0189999993890524 -0.0316809304058552 -0.0500000007450581
vn 1.6094492816257893 -2.7266396584320551 3.0815289700533990
v 0.0189999993890524 -0.0352845937013626 -0.0500000007450581
vn -2.7363717802345144 1.3971066048199328 3.5621281234543432
v 0.0195980761200190 -0.0309448633342981 -0.0500000007450581
vn 1.9535399883809073 -2.4494481520080829 3.0220413206148073
v 0.0249863304197788 -0.0313318669795990 -0.0500000007450581
vn -3.0345456929999002 0.0000004710229796 3.6651909047345148
v 0.0199999995529652 -0.0294448640197515 -0.0500000007450581
vn 2.3594163002976636 -2.0613597465977902 3.0219960622924562
v 0.0301793087273836 -0.0263668689876795 -0.0500000007450581
vn -2.7163701408759366 -1.4207732063600638 3.6027298852483467
v 0.0195980761200190 -0.0279448628425598 -0.0500000007450581
vn 2.6895693906936451 -1.6069427897948270 3.0219951910708671
v 0.0344023033976555 -0.0205544177442789 -0.0500000007450581
vn 1.9423152536630237 2.4542423207871984 2.9832746208829484
v 0.0249863304197788 0.0313318669795990 -0.0500000007450581
vn -2.7163700146658423 -1.4207736773830433 3.6027295748078210
v 0.0195980761200190 0.0309448633342981 -0.0500000007450581
vn 2.3400669378894214 2.0803820269389535 2.9920347393390228
v 0.0301793087273836 0.0263668689876795 -0.0500000007450581
vn -3.0345456929999006 -0.0000004710229795 3.6651909047345139
v 0.0199999995529652 0.0294448640197515 -0.0500000007450581
vn 2.6895693906936451 1.6069427897948270 3.0219951910708662
v 0.0344023033976555 0.0205544177442789 -0.0500000007450581
vn -2.7363719064446093 1.3971061337969533 3.5621284338948684
v 0.0195980761200190 0.0279448628425598 -0.0500000007450581
vn -0.0000017663353066 -3.0345456993392266 3.6651908891404190
v 0.0340000018477440 0.0015999999595806 -0.0500000007450581
vn -1.5172722749924441 -2.6279942859311212 3.6651902723099044
v 0.0348000004887581 0.0013856407022104 -0.0500000007450581
vn 3.0827078585343348 0.5594294654031144 3.0219959918526396
v 0.0394309386610985 0.0071556605398655 -0.0500000007450581
vn -2.6279936832434072 -1.5172693969019289 3.6651950957571762
v 0.0353856422007084 0.0007999999797903 -0.0500000007450581
vn 3.1330575151507714 0.0000000000000000 3.0219967067409490
v 0.0400749593973160 0.0000000000000000 -0.0500000007450581
vn -3.0345477741406599 -0.0000000000000006 3.6651857857025751
v 0.0355999991297722 0.0000000000000000 -0.0500000007450581
vn 3.0827078585343348 -0.5594294654031144 3.0219959918526369
v 0.0394309386610985 -0.0071556605398655 -0.0500000007450581
vn -2.6279936832434077 1.5172693969019289 3.6651950957571766
v 0.0353856422007084 -0.0007999999797903 -0.0500000007450581
vn -1.5172722749924430 2.6279942859311207 3.6651902723099044
v 0.0348000004887581 -0.0013856407022104 -0.0500000007450581
vn 2.9332778743893320 -1.1008770102070982 3.0219960944770348
v 0.0375195741653442 -0.0140813328325748 -0.0500000007450581
vn -0.0000017663353065 3.0345456993392266 3.6651908891404190
v 0.0340000018477440 -0.0015999999595806 -0.0500000007450581
vn 1.5172705086571374 2.6279947592187294 3.6651914364613001
v 0.0331999994814396 -0.0013856407022104 -0.0500000007450581
vn 2.6279936832434072 1.5172693969019286 3.6651950957571766
v 0.0326143577694893 -0.0007999999797903 -0.0500000007450581
vn 2.6279936832434077 -1.5172693969019289 3.6651950957571766
v 0.0326143577694893 0.0007999999797903 -0.0500000007450581
vn 1.5172705086571363 -2.6279947592187289 3.6651914364613001
v 0.0331999994814396 0.0013856407022104 -0.0500000007450581
vn 2.9332778743893320 1.1008770102070982 3.0219960944770374
v 0.0375195741653442 0.0140813328325748 -0.0500000007450581
vn -3.0345477741406599 -0.0000000000000006 3.6651857857025751
v -0.0324000008404255 0.0000000000000000 -0.0500000007450581
vn -3.1204445805946639 0.2808453929562327 3.0219946977423309
v -0.0399136319756508 0.0035922918468714 -0.0500000007450581
vn -3.1204445805946639 -0.2808453929562328 3.0219946977423304
v -0.0399136319756508 -0.0035922918468714 -0.0500000007450581
vn 2.6279936832434072 1.5172693969019286 3.6651950957571762
v -0.0353856422007084 -0.0007999999797903 -0.0500000007450581
vn -1.7637739756489166 -2.5930561134005110 3.0370518122641248
v -0.0220771748572588 -0.0334454923868179 -0.0500000007450581
vn 2.7163700146658423 1.4207736773830433 3.6027295748078210
v -0.0195980761200190 -0.0309448633342981 -0.0500000007450581
vn -2.1651393638912246 -2.2645574733396274 3.0219957106672908
v -0.0276943091303110 -0.0289659760892391 -0.0500000007450581
vn 3.0345456929999006 0.0000004710229795 3.6651909047345148
v -0.0199999995529652 -0.0294448640197515 -0.0500000007450581
vn -2.5346966304030940 -1.8415651342566557 3.0219959414433903
v -0.0324213244020939 -0.0235554706305265 -0.0500000007450581
vn 2.7363719064446093 -1.3971061337969533 3.5621284338948684
v -0.0195980761200190 -0.0279448628425598 -0.0500000007450581
vn 0.0000017663353066 3.0345456993392266 3.6651908891404195
v -0.0340000018477440 -0.0015999999595806 -0.0500000007450581
vn -1.5172705086571363 2.6279947592187289 3.6651914364613001
v -0.0331999994814396 -0.0013856407022104 -0.0500000007450581
vn -2.6279936832434077 1.5172693969019289 3.6651950957571766
v -0.0326143577694893 -0.0007999999797903 -0.0500000007450581
vn 1.5172722749924441 2.6279942859311212 3.6651902723099044
v -0.0348000004887581 -0.0013856407022104 -0.0500000007450581
vn -3.0201510351290906 -0.8335088963940658 3.0219960550510527
v -0.0386307723820210 -0.0106614157557487 -0.0500000007450581
vn -2.8227874392891295 -1.3593821641775659 3.0219954466911805
v -0.0361062921583652 -0.0173878744244576 -0.0500000007450581
vn 2.1167797441954663 -2.2956400483231851 3.4088304694538678
v -0.0189999993890524 0.0316809304058552 -0.0500000007450581
vn -1.7382996971893172 2.8148140652951645 3.0512298911480937
v -0.0189999993890524 0.0352845937013626 -0.0500000007450581
vn 2.7363717802345144 -1.3971066048199328 3.5621281234543432
v -0.0195980761200190 0.0309448633342981 -0.0500000007450581
vn -1.7637023856211056 2.5930988956629646 3.0369597353732654
v -0.0220771748572588 0.0334454923868179 -0.0500000007450581
vn 3.0345456929999002 -0.0000004710229796 3.6651909047345148
v -0.0199999995529652 0.0294448640197515 -0.0500000007450581
vn -2.1651393638912246 2.2645574733396274 3.0219957106672899
v -0.0276943091303110 0.0289659760892391 -0.0500000007450581
vn 2.7163701408759366 1.4207732063600638 3.6027298852483458
v -0.0195980761200190 0.0279448628425598 -0.0500000007450581
vn -2.5346966304030940 1.8415651342566555 3.0219959414433895
v -0.0324213244020939 0.0235554706305265 -0.0500000007450581
vn 3.0345477741406599 0.0000000000000003 3.6651857857025751
v -0.0355999991297722 -0.0000000000000000 -0.0500000007450581
vn 2.6279936832434077 -1.5172693969019289 3.6651950957571762
v -0.0353856422007084 0.0007999999797903 -0.0500000007450581
vn -3.0201510351290906 0.8335088963940658 3.0219960550510536
v -0.0386307723820210 0.0106614157557487 -0.0500000007450581
vn 1.5172722749924430 -2.6279942859311207 3.6651902723099044
v -0.0348000004887581 0.0013856407022104 -0.0500000007450581
vn -2.8227874392891295 1.3593821641775659 3.0219954466911787
v -0.0361062921583652 0.0173878744244576 -0.0500000007450581
vn 0.0000017663353065 -3.0345456993392266 3.6651908891404199
v -0.0340000018477440 0.0015999999595806 -0.0500000007450581
vn -1.5172705086571374 -2.6279947592187294 3.6651914364613001
v -0.0331999994814396 0.0013856407022104 -0.0500000007450581
vn -2.6279936832434072 -1.5172693969019289 3.6651950957571762
v -0.0326143577694893 0.0007999999797903 -0.0500000007450581
vn -1.1844425181002751 -5.9634871228475763 0.7600521367713402
v -0.0131164100021124 -0.0378676950931549 -0.0467538572847843
vn -1.2116724960122640 -6.0339458758293336 0.5116998601159073
v -0.0137390466406941 -0.0376462638378143 -0.0459764003753662
vn -1.1929995449537856 -6.0709024674349958 0.2636876744146293
v -0.0139306476339698 -0.0375757850706577 -0.0455071255564690
vn -1.0310664647916066 -5.7734111053717516 1.3025463445336385
v -0.0116586713120341 -0.0383415929973125 -0.0476998761296272
vn -2.4060224474875116 -5.6935307688818479 -0.6755060142983000
v -0.0157504621893167 -0.0368500389158726 -0.0552031248807907
vn -0.8831558551864049 -5.5422959662207800 1.7833775074609395
v -0.0100211137905717 -0.0388018004596233 -0.0483092293143272
vn -1.9348810411248025 -5.8692297225768302 -0.6334550544642612
v -0.0123838437721133 -0.0381135530769825 -0.0552031248807907
vn -0.7087798184319586 -5.3472738703507945 2.0798055553198167
v -0.0089175179600716 -0.0390701964497566 -0.0485903993248940
vn -1.3974726262290145 -6.0270581817615145 -0.6631896945466047
v -0.0089175179600716 -0.0390701964497566 -0.0552031248807907
vn -0.4387185161906722 -5.0748781784739583 2.3605033907772675
v -0.0053986567072570 -0.0397096574306488 -0.0491149090230465
vn -0.8328008144174074 -6.1348690475997811 -0.6474186283541206
v -0.0053793927654624 -0.0397122725844383 -0.0552031248807907
vn -0.1528619302156746 -4.9741154288177443 2.4571815204841276
v -0.0017979562981054 -0.0400346070528030 -0.0493212044239044
vn -0.2783979084925031 -6.1849022161088172 -0.6471487634876829
v -0.0017979562981054 -0.0400346070528030 -0.0552031248807907
vn 0.1585713746117722 -4.9284245721170574 2.4896495373098393
v 0.0017992571229115 -0.0400345511734486 -0.0493211708962917
vn 0.2977677340552171 -6.1794222794399980 -0.6645056312950919
v 0.0017979562981054 -0.0400346070528030 -0.0552031248807907
vn 0.4158675088635197 -5.0280350969874270 2.4159636582609072
v 0.0053793927654624 -0.0397122725844383 -0.0491167120635509
vn 0.8393280726811089 -6.1290444363522418 -0.6727841988513030
v 0.0053793927654624 -0.0397122725844383 -0.0552031248807907
vn 0.6264669216007481 -5.2696269149134007 2.1948135150789283
v 0.0077280183322728 -0.0393227711319923 -0.0488190278410912
vn 1.3914410657592582 -6.0280873281480130 -0.6794004316672715
v 0.0089175179600716 -0.0390701964497566 -0.0552031248807907
vn 0.8269006363425301 -5.5239015659138611 1.8716690555855950
v 0.0100211137905717 -0.0388018004596233 -0.0483092293143272
vn 1.9120744298105705 -5.8789680212282320 -0.6945517556489856
v 0.0123838437721133 -0.0381135530769825 -0.0552031248807907
vn 0.9262783941695857 -5.6873453159341594 1.6094729980466380
v 0.0112404022365808 -0.0384662933647633 -0.0478850230574608
vn 1.0277466678990030 -5.8448770058418713 1.2749982265522510
v 0.0123838437721133 -0.0381135530769825 -0.0473060645163059
vn 2.6252900948362949 -3.0073682396795465 2.7660110674763079
v 0.0170865822583437 -0.0362498424947262 -0.0496193990111351
vn 2.9135233818888446 -5.4510379953694192 -0.6730456367633312
v 0.0189902689307928 -0.0352898314595222 -0.0552031248807907
vn 2.1504617813940579 -2.9815986965285783 3.0011639385099635
v 0.0180305521935225 -0.0357896871864796 -0.0499051176011562
vn 1.7461296977900669 -2.8883907253188279 3.1119052447376112
v 0.0189902689307928 -0.0352898314595222 -0.0499999895691872
vn 3.0041212533280479 -3.0734579286855159 2.3972377937091958
v 0.0162336826324463 -0.0366397313773632 -0.0491650328040123
vn 3.2379675183037397 -3.1498187313329251 1.8842917538747705
v 0.0154644660651684 -0.0369709730148315 -0.0485355332493782
vn 1.1773811328760289 -5.9490890596611603 0.8721627934924893
v 0.0131164100021124 -0.0378676950931549 -0.0467538572847843
vn 3.6474405770023584 -3.1653283798494201 1.4947404335438343
v 0.0148489261046052 -0.0372224636375904 -0.0477872192859650
vn 1.2040568528265005 -6.0258928014085749 0.5736959059240261
v 0.0136077878996730 -0.0376939065754414 -0.0461909472942352
vn 3.9537176264742762 -3.1635631273033749 1.0905482700888216
v 0.0143806021660566 -0.0374058932065964 -0.0469134189188480
vn 1.2122287861334282 -6.0680599894878728 0.2791998743181309
v 0.0139309298247099 -0.0375756807625294 -0.0455061011016369
vn 4.0491873625981780 -3.1979097227356306 0.5284875643881919
v 0.0140976803377271 -0.0375134348869324 -0.0459834933280945
vn 2.4554387945071916 -5.6713505737448147 -0.6361389965281695
v 0.0157504621893167 -0.0368500389158726 -0.0552031248807907
vn 3.4051819814248745 -5.1584462214418565 -0.6455225274044555
v 0.0220771748572588 -0.0334454923868179 -0.0552031248807907
vn 3.8542585433900718 -4.8330862351186514 -0.6827142450839067
v 0.0249863304197788 -0.0313318669795990 -0.0552031248807907
vn 4.2714566668742169 -4.4675915179165280 -0.6452729761770676
v 0.0276943091303110 -0.0289659760892391 -0.0552031248807907
vn 4.6553004539066789 -4.0672127722976938 -0.6827115931836906
v 0.0301793087273836 -0.0263668689876795 -0.0552031248807907
vn 5.0005309493104617 -3.6330993029412859 -0.6452720114948987
v 0.0324213244020939 -0.0235554706305265 -0.0552031248807907
vn 5.3067155736163345 -3.1706150419420975 -0.6827142565067031
v 0.0344023033976555 -0.0205544177442789 -0.0552031248807907
vn 5.5688854909398691 -2.6818323321779656 -0.6452744499865269
v 0.0361062921583652 -0.0173878744244576 -0.0552031248807907
vn 5.7875712825493419 -2.1721100935020030 -0.6827111736286329
v 0.0375195741653442 -0.0140813328325748 -0.0552031248807907
vn 5.9582510526057018 -1.6443740896528571 -0.6452715946332797
v 0.0386307723820210 -0.0106614157557487 -0.0552031248807907
vn 6.0824085249058095 -1.1037949669626943 -0.6827069523092655
v 0.0394309386610985 -0.0071556605398655 -0.0552031248807907
vn 6.1561118461163478 -0.5540605701199671 -0.6452768080854303
v 0.0399136319756508 -0.0035922918468714 -0.0552031248807907
vn 6.1817507169067882 0.0000008054160946 -0.6827131793063252
v 0.0400749593973160 0.0000000000000000 -0.0552031248807907
vn 6.1561123024244528 0.5540579698902111 -0.6452760253749991
v 0.0399136319756508 0.0035922918468714 -0.0552031248807907
vn 6.0824082080942592 1.1037977513452313 -0.6827062966461102
v 0.0394309386610985 0.0071556605398655 -0.0552031248807907
vn 5.9582511963199742 1.6443729287178384 -0.6452721967849364
v 0.0386307723820210 0.0106614157557487 -0.0552031248807907
vn 5.7875709498219257 2.1721107553141183 -0.6827114528155338
v 0.0375195741653442 0.0140813328325748 -0.0552031248807907
vn 5.5688856667442561 2.6818317273992660 -0.6452748177079450
v 0.0361062921583652 0.0173878744244576 -0.0552031248807907
vn 5.3067157734110406 3.1706148725709684 -0.6827139572533115
v 0.0344023033976555 0.0205544177442789 -0.0552031248807907
vn 5.0005308022033992 3.6330996156092175 -0.6452717825032211
v 0.0324213244020939 0.0235554706305265 -0.0552031248807907
vn 4.6254800336413764 4.0972976820943821 -0.6438704791374267
v 0.0301793087273836 0.0263668689876795 -0.0552031248807907
vn 4.3061842563157606 4.4258437814295704 -0.5483683505569157
v 0.0276943091303110 0.0289659760892391 -0.0552031248807907
vn 3.8196809481704177 4.8572715578004484 -0.6440063369427784
v 0.0249863304197788 0.0313318669795990 -0.0552031248807907
vn 1.2102568049062927 6.0336757075587713 0.4793185047683483
v 0.0137390466406941 0.0376462638378143 -0.0459764003753662
vn 1.1929995449537856 6.0709024674349950 0.2636876744146294
v 0.0139306476339698 0.0375757850706577 -0.0455071255564690
vn 2.9131297416994992 5.4512159060965306 -0.6723899924151652
v 0.0189902689307928 0.0352898314595222 -0.0552031248807907
vn 3.4466423166340081 5.1237365908905845 -0.5491603165753599
v 0.0220771748572588 0.0334454923868179 -0.0552031248807907
vn 1.2385788468700898 5.9419332754297542 0.8009636891027549
v 0.0131164100021124 0.0378676950931549 -0.0467538572847843
vn 2.4528321927259360 5.6723336171803931 -0.6333860166420497
v 0.0157504621893167 0.0368500389158726 -0.0552031248807907
vn 1.0563994359005608 5.8349935037772500 1.2536590743136926
v 0.0123838437721133 0.0381135530769825 -0.0473060645163059
vn 1.9029182742479449 5.8811791692627144 -0.6790094271418594
v 0.0123838437721133 0.0381135530769825 -0.0552031248807907
vn 0.9263463167305980 5.6874372240663433 1.6093042300935152
v 0.0112417293712497 0.0384659059345722 -0.0478844717144966
vn 0.8119951713679010 5.5270899964821192 1.8371280879311058
v 0.0100211137905717 0.0388018004596233 -0.0483092293143272
vn -1.1744099515217050 5.9524640702040692 0.8667100244904645
v -0.0131164100021124 0.0378676950931549 -0.0467538572847843
vn -3.6474405770023584 3.1653283798494201 1.4947404335438343
v -0.0148489261046052 0.0372224636375904 -0.0477872192859650
vn -1.2040568528265005 6.0258928014085749 0.5736959059240261
v -0.0136077878996730 0.0376939065754414 -0.0461909472942352
vn -3.9537176264742762 3.1635631273033749 1.0905482700888216
v -0.0143806021660566 0.0374058932065964 -0.0469134189188480
vn -1.2122287861334282 6.0680599894878728 0.2791998743181309
v -0.0139309298247099 0.0375756807625294 -0.0455061011016369
vn -4.0491873625981780 3.1979097227356306 0.5284875643881919
v -0.0140976803377271 0.0375134348869324 -0.0459834933280945
vn 0.6459524774936825 5.2643868709159261 2.1628342695324281
v 0.0077256131917238 0.0393232442438602 -0.0488194301724434
vn 1.4089283460582294 6.0238208729455653 -0.6457701403866194
v 0.0089175179600716 0.0390701964497566 -0.0552031248807907
vn 0.4250169102850129 5.0263619480659720 2.4063735258692609
v 0.0053793927654624 0.0397122725844383 -0.0491167120635509
vn 0.8329619764116455 6.1348417518844780 -0.6472820640586507
v 0.0053793927654624 0.0397122725844383 -0.0552031248807907
vn 0.1585516851868285 4.9284234627926926 2.4896710810135629
v 0.0017988868057728 0.0400345660746098 -0.0493211783468723
vn 0.2579629394141090 6.1810071658888450 -0.6653610125731871
v 0.0017979562981054 0.0400346070528030 -0.0552031248807907
vn -0.1531533058773580 4.9740932488126104 2.4569519968910325
v -0.0017979562981054 0.0400346070528030 -0.0493212044239044
vn -0.2918194060235330 6.1789916574283463 -0.6663458989420987
v -0.0017979562981054 0.0400346070528030 -0.0552031248807907
vn -0.4391191837403497 5.0751311740198117 2.3598728839089733
v -0.0054053878411651 0.0397087447345257 -0.0491142757236958
vn -0.8444503251488784 6.1281150185350901 -0.6657054371213910
v -0.0053793927654624 0.0397122725844383 -0.0552031248807907
vn -0.6892694065502752 5.3521812928864723 2.0990684838429616
v -0.0089175179600716 0.0390701964497566 -0.0485903993248940
vn -1.3859513125633915 6.0291063161507656 -0.6724882544056303
v -0.0089175179600716 0.0390701964497566 -0.0552031248807907
vn -0.8483143925002350 5.5533198611170711 1.8340353275375638
v -0.0100211137905717 0.0388018004596233 -0.0483092293143272
vn -1.9201931509725898 5.8758984594298251 -0.6804174714331193
v -0.0123838437721133 0.0381135530769825 -0.0552031248807907
vn -1.0141013315389575 5.7813746413376901 1.3731166055539770
v -0.0116567555814981 0.0383421778678894 -0.0477007813751698
vn -2.4243948820323000 5.6863534646222540 -0.6846998185819162
v -0.0157504621893167 0.0368500389158726 -0.0552031248807907
vn -2.1719663988841718 2.9459887707756227 2.9619399373328834
v -0.0180353485047817 0.0357872694730759 -0.0499060638248920
vn -2.7667157624721002 3.0554902565634894 2.7270486371838460
v -0.0170865822583437 0.0362498424947262 -0.0496193990111351
vn -3.1950323152885423 3.1869626592651721 2.3308042873172048
v -0.0157504621893167 0.0368500389158726 -0.0488000661134720
vn -2.8882228846382905 3.1551749189786888 1.3835424297268450
v -0.0154644660651684 0.0369709730148315 -0.0485355332493782
vn -2.9292405851746968 5.4436708366753415 -0.6826160225860207
v -0.0189902689307928 0.0352898314595222 -0.0552031248807907
vn -3.4055072690613231 5.1591238524394178 -0.6827116530069295
v -0.0220771748572588 0.0334454923868179 -0.0552031248807907
vn -3.8537884831012521 4.8324968021476389 -0.6452741814819219
v -0.0249863304197788 0.0313318669795990 -0.0552031248807907
vn -4.2719776681579029 4.4681364396374690 -0.6827129377879986
v -0.0276943091303110 0.0289659760892391 -0.0552031248807907
vn -4.6547327109954093 4.0667167458489279 -0.6452717573500479
v -0.0301793087273836 0.0263668689876795 -0.0552031248807907
vn -5.0011408732706588 3.6335424391625475 -0.6827118962637513
v -0.0324213244020939 0.0235554706305265 -0.0552031248807907
vn -5.3060683694728814 3.1702283614760711 -0.6452740812796874
v -0.0344023033976555 0.0205544177442789 -0.0552031248807907
vn -5.5695647433878017 2.6821594450248543 -0.6827144851893148
v -0.0361062921583652 0.0173878744244576 -0.0552031248807907
vn -5.7868654512893425 2.1718451880204275 -0.6452713630410771
v -0.0375195741653442 0.0140813328325748 -0.0552031248807907
vn -5.9589777925735792 1.6445746550649112 -0.6827114845852094
v -0.0386307723820210 0.0106614157557487 -0.0552031248807907
vn -6.0816667373148219 1.1036603512115644 -0.6452671828080813
v -0.0394309386610985 0.0071556605398655 -0.0552031248807907
vn -6.1568627446823214 0.5541281516913713 -0.6827173293937870
v -0.0399136319756508 0.0035922918468714 -0.0552031248807907
vn -6.1809968298325622 -0.0000008054160942 -0.6452738129810065
v -0.0400749593973160 0.0000000000000000 -0.0552031248807907
vn -6.1568632009904265 -0.5541255514616150 -0.6827165466833558
v -0.0399136319756508 -0.0035922918468714 -0.0552031248807907
vn -6.0816664205032716 -1.1036631355941011 -0.6452665271449258
v -0.0394309386610985 -0.0071556605398655 -0.0552031248807907
vn -5.9589779362878508 -1.6445734941298924 -0.6827120867368661
v -0.0386307723820210 -0.0106614157557487 -0.0552031248807907
vn -5.7868651185619271 -2.1718458498325428 -0.6452716422279781
v -0.0375195741653442 -0.0140813328325748 -0.0552031248807907
vn -5.5695649191921888 -2.6821588402461547 -0.6827148529107329
v -0.0361062921583652 -0.0173878744244576 -0.0552031248807907
vn -5.3060685692675893 -3.1702281921049420 -0.6452737820262958
v -0.0344023033976555 -0.0205544177442789 -0.0552031248807907
vn -5.0011407261635963 -3.6335427518304790 -0.6827116672720738
v -0.0324213244020939 -0.0235554706305265 -0.0552031248807907
vn -4.6547325271582558 -4.0667168715746582 -0.6452719543568470
v -0.0301793087273836 -0.0263668689876795 -0.0552031248807907
vn -2.9349230476606722 -5.4409130496592812 -0.6916096858395422
v -0.0189902689307928 -0.0352898314595222 -0.0552031248807907
vn -3.4055787420364605 -5.1590813603394112 -0.6828029396515757
v -0.0220771748572588 -0.0334454923868179 -0.0552031248807907
vn -3.8537890297465127 -4.8324964331748017 -0.6452739963883549
v -0.0249863304197788 -0.0313318669795990 -0.0552031248807907
vn -4.2719776217650569 -4.4681363505552243 -0.6827132787796382
v -0.0276943091303110 -0.0289659760892391 -0.0552031248807907
vn 0.0001354562147726 -5.4492481848438477 3.0751500611010467
v -0.0009380042902194 -0.0381306558847427 -0.0473386719822884
vn -0.0116444398576950 -4.0770164355834488 4.7557680817353152
v -0.0023208605125546 -0.0392323769629002 -0.0487407743930817
vn -0.0000198121114418 3.0913029509230836 0.5598433769472408
v 0.0000000000000000 0.0375499986112118 -0.0450000017881393
vn 0.0001358232394367 5.4493533728056409 3.0749605921115801
v -0.0009373406064697 0.0381304956972599 -0.0473383739590645
vn -0.0116419333471221 4.0770070296980494 4.7557749937261224
v -0.0023208605125546 0.0392323769629002 -0.0487407743930817
vn -1.4819165504353142 2.7027329270143299 3.2512456107916119
v 0.0184998381882906 -0.0320430323481560 -0.0499749220907688
vn -0.8081387691893479 3.0114886244299113 3.3146977865695897
v 0.0184266082942486 -0.0320839509367943 -0.0499670132994652
vn 0.2073272670914753 3.2350989591348016 3.3037103561166608
v 0.0175548009574413 -0.0323931165039539 -0.0497865863144398
vn 1.2472522195131419 3.2239551879931385 3.0113524853009572
v 0.0169933531433344 -0.0324448570609093 -0.0495796687901020
vn 2.1572079570951233 3.1841722591975890 2.9082960906553907
v 0.0167287904769182 -0.0324325785040855 -0.0494543910026550
vn 3.1865029386919685 3.0100705092936684 2.6215690257680291
v 0.0159390456974506 -0.0322509966790676 -0.0489535480737686
vn 6.2626973266049077 0.2889175366004752 0.3180727966385631
v 0.0140075748786330 -0.0296579133719206 -0.0452751144766808
vn 6.1380104674318146 0.8062879864951052 0.7109329968228796
v 0.0142047079280019 -0.0305340569466352 -0.0464160405099392
vn 5.7071813796814448 1.5652265013467221 1.2501864220612584
v 0.0144268665462732 -0.0309872590005398 -0.0470214970409870
vn 5.0542108168333550 2.1471280120515956 1.7713783961505907
v 0.0149846756830812 -0.0316671319305897 -0.0479794591665268
vn 4.4516339615101508 2.4619389941756946 2.1075890507952395
v 0.0152031173929572 -0.0318471975624561 -0.0482532568275928
vn 3.9233132725968303 2.7329877787205534 2.2849046461470168
v 0.0154908802360296 -0.0320376530289650 -0.0485617518424988
vn -3.1708467045179853 -3.0460558647995106 2.6311714724387492
v -0.0159390456974506 0.0322509966790676 -0.0489535480737686
vn -2.1528274891342241 -3.2841279937410537 2.9041600801729102
v -0.0167287904769182 0.0324325785040855 -0.0494543910026550
vn -1.2820507660068676 -3.2735515397171069 2.9938383926605843
v -0.0169933531433344 0.0324448570609093 -0.0495796687901020
vn -0.2525510556799415 -3.1970025449875488 3.2948116082780254
v -0.0175548009574413 0.0323931165039539 -0.0497865863144398
vn 0.8243963813562973 -2.9731975552576815 3.3184129269266345
v -0.0184266082942486 0.0320839509367943 -0.0499670132994652
vn 1.4819165504353142 -2.7027329270143299 3.2512456107916119
v -0.0184998381882906 0.0320430323481560 -0.0499749220907688
vn -6.2626973266049077 -0.2889175366004752 0.3180727966385631
v -0.0140075748786330 0.0296579133719206 -0.0452751144766808
vn -6.1380104674318146 -0.8062879864951052 0.7109329968228796
v -0.0142047079280019 0.0305340569466352 -0.0464160405099392
vn -5.7071813796814448 -1.5652265013467221 1.2501864220612584
v -0.0144268665462732 0.0309872590005398 -0.0470214970409870
vn -5.0542108168333550 -2.1471280120515956 1.7713783961505907
v -0.0149846756830812 0.0316671319305897 -0.0479794591665268
vn -4.4516339615101508 -2.4619389941756946 2.1075890507952395
v -0.0152031173929572 0.0318471975624561 -0.0482532568275928
vn -3.9233132725968303 -2.7329877787205534 2.2849046461470168
v -0.0154908802360296 0.0320376530289650 -0.0485617518424988
vn 3.1350821544396270 0.0000000000000000 -3.0397000973183013
v 0.0395000018179417 0.0000000000000000 -0.0599999986588955
vn 6.1859277867765750 -0.5754702023631614 -0.8480537402212309
v 0.0393314994871616 -0.0036446002777666 -0.0577661208808422
vn 3.0831218556724282 -0.5712343850552867 -3.0314917820518246
v 0.0388274379074574 -0.0072581060230732 -0.0599999986588955
vn 6.1092385271087659 -1.1625565394532507 -0.7077804120194487
v 0.0388274379074574 -0.0072581060230732 -0.0577661208808422
vn 2.9973041256344892 -0.9268965507909458 -3.0257241738267799
v 0.0376993156969547 -0.0117903165519238 -0.0599999986588955
vn 5.9869731266820860 -1.6790909459821406 -0.7374365831268503
v 0.0379921123385429 -0.0108096878975630 -0.0577661208808422
vn 2.9134053724686870 -1.1634551584220132 -3.0457775023209694
v 0.0368326529860497 -0.0142690455541015 -0.0599999986588955
vn 5.7959187514121000 -2.2569789900638613 -0.6952105962430155
v 0.0368326529860497 -0.0142690455541015 -0.0577661208808422
vn 5.5561166735796910 -2.7806823863212733 -0.8473900435636049
v 0.0353589504957199 -0.0176066644489765 -0.0577661208808422
vn 2.6378000610290320 -1.6886009188547009 -2.9982466512591652
v 0.0335835777223110 -0.0207940712571144 -0.0599999986588955
vn 5.2473162375000788 -3.3342199771977397 -0.7371795758047481
v 0.0335835777223110 -0.0207940712571144 -0.0577661208808422
vn 2.2897695245180891 -2.1353324623706698 -2.9948649612260909
v 0.0291908513754606 -0.0266109779477119 -0.0599999986588955
vn 4.9831454031669997 -3.6649681066418940 -1.0756452480331564
v 0.0315216816961765 -0.0238040685653687 -0.0577661208808422
vn 4.5455292273482097 -4.2428018595969963 -0.7331104962417436
v 0.0291908513754606 -0.0266109779477119 -0.0577661208808422
vn 1.8980428166013514 -2.4941107530288211 -3.0363178487786557
v 0.0238040685653687 -0.0315216816961765 -0.0599999986588955
vn 4.2257414007738126 -4.5187380679327394 -1.0713501248404309
v 0.0266109779477119 -0.0291908513754606 -0.0577661208808422
vn 3.7393001017988419 -4.9736397360809415 -0.6839779944486057
v 0.0238040685653687 -0.0315216816961765 -0.0577661208808422
vn 3.2619642495027970 -5.2911704898585246 -0.8353728513953611
v 0.0207940712571144 -0.0335835777223110 -0.0577661208808422
vn 1.3974259151067241 -2.8064107915026666 -3.0397014241168661
v 0.0176066644489765 -0.0353589504957199 -0.0599999986588955
vn 2.7645348748988301 -5.5755872861679565 -0.6801862037450989
v 0.0176066644489765 -0.0353589504957199 -0.0577661208808422
vn 2.2375289841028478 -5.7999499501669103 -0.8320321411429868
v 0.0142690455541015 -0.0368326529860497 -0.0577661208808422
vn 0.8117545707721600 -3.0249656558169429 -2.9982473142436308
v 0.0108096878975630 -0.0379921123385429 -0.0599999986588955
vn 1.5768142917112484 -6.0401780798487836 -0.5868206084868843
v 0.0108096878975630 -0.0379921123385429 -0.0577661208808422
vn 0.2535959563796390 -3.1206374165693012 -2.9948644629070982
v 0.0036446002777666 -0.0393314994871616 -0.0599999986588955
vn 1.2209261126458371 -6.0598338441963726 -1.0924794721510160
v 0.0072581060230732 -0.0388274379074574 -0.0577661208808422
vn 0.4990533201888546 -6.1931053058833108 -0.7544759743290148
v 0.0036446002777666 -0.0393314994871616 -0.0577661208808422
vn -0.2776016854707825 -3.1218732812433547 -3.0363190876241744
v -0.0036446002777666 -0.0393314994871616 -0.0599999986588955
vn 0.0991221996766010 -6.1774626970884956 -1.1140164637111356
v -0.0000000000000000 -0.0395000018179417 -0.0577661208808422
vn -0.5721520631347325 -6.1866030421151921 -0.7308275591759633
v -0.0036446002777666 -0.0393314994871616 -0.0577661208808422
vn -1.1381748594552024 -6.1006970412214141 -0.8840086115662210
v -0.0072581060230732 -0.0388274379074574 -0.0577661208808422
vn -0.9022715457317272 -2.9992113759342738 -2.9982475538542781
v -0.0108096878975630 -0.0379921123385429 -0.0599999986588955
vn -1.7682913444849815 -5.9642333975139064 -0.7166653616382972
v -0.0108096878975630 -0.0379921123385429 -0.0577661208808422
vn -1.4271917363128135 -2.7867207456235406 -2.9948643084136366
v -0.0176066644489765 -0.0353589504957199 -0.0599999986588955
vn -2.1020296798518059 -5.8423792586217136 -0.9400482951851387
v -0.0142690455541015 -0.0368326529860497 -0.0577661208808422
vn -2.7837548201140843 -5.5806044446241625 -0.6170609551135346
v -0.0176066644489765 -0.0353589504957199 -0.0577661208808422
vn -1.9149501662774637 -2.4770252949915741 -2.9948639703372844
v -0.0238040685653687 -0.0315216816961765 -0.0599999986588955
vn -3.1431411232959681 -5.3485201309946664 -0.9739011701357558
v -0.0207940712571144 -0.0335835777223110 -0.0577661208808422
vn -3.7648102931526388 -4.9655291306092737 -0.6488771620068199
v -0.0238040685653687 -0.0315216816961765 -0.0577661208808422
vn -2.3374964805376486 -2.0829784568491765 -2.9948645484822767
v -0.0291908513754606 -0.0266109779477119 -0.0599999986588955
vn -4.0750654681476179 -4.6709783953618160 -1.0036161405104149
v -0.0266109779477119 -0.0291908513754606 -0.0577661208808422
vn -4.6153823828256879 -4.1799349845829576 -0.6764063791313384
v -0.0291908513754606 -0.0266109779477119 -0.0577661208808422
vn -2.6804425264248204 -1.6179976282496322 -2.9948640446036445
v -0.0335835777223110 -0.0207940712571144 -0.0599999986588955
vn -4.8658175604014549 -3.8330932780391431 -1.0288603226319437
v -0.0315216816961765 -0.0238040685653687 -0.0577661208808422
vn -5.3062720528118712 -3.2508827316988933 -0.6992758711824079
v -0.0335835777223110 -0.0207940712571144 -0.0577661208808422
vn -2.9321092491271052 -1.0979181516517267 -2.9948644555423014
v -0.0368326529860497 -0.0142690455541015 -0.0599999986588955
vn -5.4882498171227905 -2.8637674280011414 -1.0492709786590984
v -0.0353589504957199 -0.0176066644489765 -0.0577661208808422
vn -5.8137401121239920 -2.2104859189755257 -0.7171538650378286
v -0.0368326529860497 -0.0142690455541015 -0.0577661208808422
vn -3.0839263055919757 -0.5404510033148389 -2.9948641813158519
v -0.0388274379074574 -0.0072581060230732 -0.0599999986588955
vn -5.9209968358938720 -1.7966038464926339 -1.0645599291728474
v -0.0379921123385429 -0.0108096878975630 -0.0577661208808422
vn -6.1204242849060284 -1.0948709813417410 -0.7298413290609783
v -0.0388274379074574 -0.0072581060230732 -0.0577661208808422
vn -3.1307241381587785 0.0354214138767847 -2.9948635236982950
v -0.0395000018179417 0.0000000000000000 -0.0599999986588955
vn -6.1493602887186158 -0.6687368996807044 -1.0746611057098157
v -0.0393314994871616 -0.0036446002777666 -0.0577661208808422
vn -6.2160702844672153 0.0570974403705663 -0.7374364495361538
v -0.0395000018179417 0.0000000000000000 -0.0577661208808422
vn -3.0709089188604217 0.6100877717080235 -2.9948639917521298
v -0.0388274379074574 0.0072581060230732 -0.0599999986588955
vn -6.1659259591971765 0.4805299308616424 -1.0799071229895383
v -0.0393314994871616 0.0036446002777666 -0.0577661208808422
vn -6.0979676978884996 1.2053541787910471 -0.7405261115916660
v -0.0388274379074574 0.0072581060230732 -0.0577661208808422
vn -2.9267286146925549 1.1213451571174480 -3.0363183649142096
v -0.0368326529860497 0.0142690455541015 -0.0599999986588955
vn -5.9708605348318553 1.6113454157771629 -1.0810673191809534
v -0.0379921123385429 0.0108096878975630 -0.0577661208808422
vn -5.7959187514121000 2.2569789900638613 -0.6952105962430155
v -0.0368326529860497 0.0142690455541015 -0.0577661208808422
vn -5.5561166735796910 2.7806823863212733 -0.8473900435636049
v -0.0353589504957199 0.0176066644489765 -0.0577661208808422
vn -2.6378000610290320 1.6886009188547009 -2.9982466512591652
v -0.0335835777223110 0.0207940712571144 -0.0599999986588955
vn -5.2473162375000788 3.3342199771977397 -0.7371795758047481
v -0.0335835777223110 0.0207940712571144 -0.0577661208808422
vn -2.3240161138763424 2.1028800825155178 -3.0363188304212287
v -0.0291908513754606 0.0266109779477119 -0.0599999986588955
vn -4.9831454031669997 3.6649681066418940 -1.0756452480331564
v -0.0315216816961765 0.0238040685653687 -0.0577661208808422
vn -4.5880023727464616 4.2021042192729023 -0.6882811767514294
v -0.0291908513754606 0.0266109779477119 -0.0577661208808422
vn -4.1765619962728744 4.6023753911257375 -0.8394956927801711
v -0.0266109779477119 0.0291908513754606 -0.0577661208808422
vn -1.8496826221795426 2.5274565030178220 -2.9982465345120288
v -0.0238040685653687 0.0315216816961765 -0.0599999986588955
vn -3.6900715586300321 5.0058402575084440 -0.7288076828469009
v -0.0238040685653687 0.0315216816961765 -0.0577661208808422
vn -1.3637751335300865 2.8182984561680939 -2.9948644018154873
v -0.0176066644489765 0.0353589504957199 -0.0599999986588955
vn -3.3256750120836940 5.2179931843576099 -1.0672291099806832
v -0.0207940712571144 0.0335835777223110 -0.0577661208808422
vn -2.7102278627423715 5.5981937467436804 -0.7250157675957433
v -0.0176066644489765 0.0353589504957199 -0.0577661208808422
vn -0.8688951854251989 3.0113413284212620 -3.0363187292565379
v -0.0108096878975630 0.0379921123385429 -0.0599999986588955
vn -2.3136010651594838 5.7397256934181229 -1.0638877089985883
v -0.0142690455541015 0.0368326529860497 -0.0577661208808422
vn -1.6343508741345738 6.0279353389679136 -0.5419907898850458
v -0.0108096878975630 0.0379921123385429 -0.0577661208808422
vn -1.1350826884201317 6.1050548812997159 -0.8606226413940932
v -0.0072581060230732 0.0388274379074574 -0.0577661208808422
vn -0.3146426247980605 3.1209432606245113 -3.0444479197482157
v -0.0036446002777666 0.0393314994871616 -0.0599999986588955
vn -0.5578602797926052 6.1916433190354878 -0.7096458135188090
v -0.0036446002777666 0.0393314994871616 -0.0577661208808422
vn -0.0000000000000209 3.1382404040667620 -3.0491916152586720
v -0.0000000000000003 0.0395000018179417 -0.0599999986588955
vn -0.0064303937135190 6.2132182915598015 -0.7287668713470644
v -0.0000000000000000 0.0395000018179417 -0.0577661208808422
vn 0.3611788890487978 3.1131707307360461 -3.0029935854295027
v 0.0036446002777666 0.0393314994871616 -0.0599999986588955
vn 0.6302259178557275 6.1772344446067153 -0.7756573790749312
v 0.0036446002777666 0.0393314994871616 -0.0577661208808422
vn 0.8908329635570572 3.0015172077721992 -2.9948646163084343
v 0.0108096878975630 0.0379921123385429 -0.0599999986588955
vn 1.0417925241324912 6.0895399036974993 -1.1158654551042528
v 0.0072581060230732 0.0388274379074574 -0.0577661208808422
vn 1.7682913444849817 5.9642333975139064 -0.7166653616382972
v 0.0108096878975630 0.0379921123385429 -0.0577661208808422
vn 1.4271917363128135 2.7867207456235406 -2.9948643084136357
v 0.0176066644489765 0.0353589504957199 -0.0599999986588955
vn 2.1020296798518059 5.8423792586217136 -0.9400482951851387
v 0.0142690455541015 0.0368326529860497 -0.0577661208808422
vn 2.7837548201140843 5.5806044446241625 -0.6170609551135346
v 0.0176066644489765 0.0353589504957199 -0.0577661208808422
vn 1.9149501662774637 2.4770252949915741 -2.9948639703372844
v 0.0238040685653687 0.0315216816961765 -0.0599999986588955
vn 3.1431411232959681 5.3485201309946664 -0.9739011701357558
v 0.0207940712571144 0.0335835777223110 -0.0577661208808422
vn 3.7648102931526388 4.9655291306092737 -0.6488771620068199
v 0.0238040685653687 0.0315216816961765 -0.0577661208808422
vn 2.3083420857641359 2.1200736840216767 -3.0363188656180058
v 0.0291908513754606 0.0266109779477119 -0.0599999986588955
vn 4.0750654681476179 4.6709783953618160 -1.0036161405104149
v 0.0266109779477119 0.0291908513754606 -0.0577661208808422
vn 4.5787768742478923 4.2259825341293000 -0.6315765802644528
v 0.0291908513754606 0.0266109779477119 -0.0577661208808422
vn 4.9445614521576529 3.7764061799227835 -0.7970036137987526
v 0.0315216816961765 0.0238040685653687 -0.0577661208808422
vn 2.6873423134314880 1.6085874781464868 -2.9982469818413646
v 0.0335835777223110 0.0207940712571144 -0.0599999986588955
vn 5.3062720528118712 3.2508827316988933 -0.6992758711824079
v 0.0335835777223110 0.0207940712571144 -0.0577661208808422
vn 2.9040527198886172 1.1864868147868082 -3.0540190550972230
v 0.0368326529860497 0.0142690455541015 -0.0599999986588955
vn 5.4882498171227905 2.8637674280011414 -1.0492709786590984
v 0.0353589504957199 0.0176066644489765 -0.0577661208808422
vn 5.7926234064732105 2.2772648087796434 -0.6615900280788400
v 0.0368326529860497 0.0142690455541015 -0.0577661208808422
vn 3.0008956459602523 0.9198913971337851 -3.0536238485155058
v 0.0376993156969547 0.0117903165519238 -0.0599999986588955
vn 5.9863814244047253 1.6971497930023505 -0.6926171751456819
v 0.0379921123385429 0.0108096878975630 -0.0577661208808422
vn 3.0862483416592461 0.5583772197641010 -3.0431161220651886
v 0.0388274379074574 0.0072581060230732 -0.0599999986588955
vn 6.1135426946682561 1.1532908395342361 -0.6850122035887873
v 0.0388274379074574 0.0072581060230732 -0.0577661208808422
vn 6.1864668163319552 0.5790884991452085 -0.8428076835475777
v 0.0393314994871616 0.0036446002777666 -0.0577661208808422
vn 3.1382404040667620 0.0000000000000000 0.0000000000000000
v 0.0395000018179417 0.0000000000000000 -0.0577661208808422
vn 0.0000000000000000 0.0000000000000000 -6.2831853071795765
v 0.0254999995231628 -0.0147224320098758 -0.0599999986588955
vn 0.0000000000000000 0.0000000000000000 -3.6651857857025751
v -0.0355999991297722 0.0000000000000000 -0.0599999986588955
vn 0.0000035326706134 6.0690913986784523 0.0000000000000016
v -0.0340000018477440 -0.0015999999595806 -0.0599999986588955
vn -3.0345410173142753 5.2559895184374597 -0.0000000000000107
v -0.0331999994814396 -0.0013856407022104 -0.0599999986588955
vn 0.0000000000000000 0.0000000000000000 -6.2831853071795774
v -0.0254999995231628 -0.0147224320098758 -0.0599999986588955
vn -5.2559873664868180 3.0345387938038559 0.0000000000000013
v -0.0326143577694893 -0.0007999999797903 -0.0599999986588955
vn -3.0345477741406599 -0.0000000000000010 -3.6651857857025747
v -0.0324000008404255 0.0000000000000000 -0.0599999986588955
vn 0.0000000000000000 0.0000000000000000 -6.2831853071795791
v -0.0254999995231628 0.0147224320098758 -0.0599999986588955
vn -5.2559873664868153 -3.0345387938038622 -0.0000000000000011
v -0.0326143577694893 0.0007999999797903 -0.0599999986588955
vn -3.0345410173142735 -5.2559895184374570 0.0000000000000000
v -0.0331999994814396 0.0013856407022104 -0.0599999986588955
vn 5.2559873664868144 -3.0345387938038613 -0.0000000000000017
v -0.0353856422007084 0.0007999999797903 -0.0599999986588955
vn 3.0345445499848882 -5.2559885718622432 -0.0000000000000011
v -0.0348000004887581 0.0013856407022104 -0.0599999986588955
vn 0.0000035326706129 -6.0690913986784523 0.0000000000000007
v -0.0340000018477440 0.0015999999595806 -0.0599999986588955
vn 5.2559873664868171 3.0345387938038559 0.0000000000000024
v -0.0353856422007084 -0.0007999999797903 -0.0599999986588955
vn 3.0345445499848869 5.2559885718622414 -0.0000000000000002
v -0.0348000004887581 -0.0013856407022104 -0.0599999986588955
vn 1.5172739190455817 -2.6279944515212952 -3.6651878976173320
v -0.0177999995648861 -0.0280592236667871 -0.0599999986588955
vn 0.0000000000000000 0.0000000000000000 -6.2831853071795827
v -0.0000000000000003 -0.0352724306285381 -0.0599999986588955
vn 0.0000008831679699 3.0345459042805616 -3.6651903850443874
v -0.0170000009238720 -0.0310448631644249 -0.0599999986588955
vn -3.0345452577565588 -0.0000000000000002 -3.6651919753069460
v -0.0153999999165535 -0.0294448640197515 -0.0599999986588955
vn -2.6279924802480483 -1.5172740373659230 -3.6651919512605495
v -0.0156143596395850 -0.0286448635160923 -0.0599999986588955
vn 0.0000000000000000 0.0000000000000000 -6.2831853071795924
v -0.0000000000000003 -0.0147224320098758 -0.0599999986588955
vn -1.5172739190405993 -2.6279938050016312 -3.6651892748282000
v -0.0162000004202127 -0.0280592236667871 -0.0599999986588955
vn 0.0000008831741019 -3.0345441379384903 -3.6651947297243552
v -0.0170000009238720 -0.0278448630124331 -0.0599999986588955
vn 2.6279920386627555 -1.5172732725178792 -3.6651938325603828
v -0.0183856412768364 -0.0286448635160923 -0.0599999986588955
vn 3.0345461409242125 -0.0000000000000001 -3.6651898029685199
v -0.0186000000685453 -0.0294448640197515 -0.0599999986588955
vn 2.6279920386627564 1.5172732725178790 -3.6651938325603828
v -0.0183856412768364 -0.0302448645234108 -0.0599999986588955
vn 1.5172706230107746 2.6279953346941802 -3.6651900699595057
v -0.0177999995648861 -0.0308305043727160 -0.0599999986588955
vn -1.5172706230119244 2.6279946881708178 -3.6651914471659941
v -0.0162000004202127 -0.0308305043727160 -0.0599999986588955
vn -2.6279924802480492 1.5172740373659230 -3.6651919512605504
v -0.0156143596395850 -0.0302448645234108 -0.0599999986588955
vn -1.5172706230107744 2.6279953346941798 -3.6651900699595057
v 0.0177999995648861 -0.0308305043727160 -0.0599999986588955
vn -2.6279920386627555 1.5172732725178792 -3.6651938325603823
v 0.0183856412768364 -0.0302448645234108 -0.0599999986588955
vn 2.6279924802480492 -1.5172740373659230 -3.6651919512605495
v 0.0156143596395850 -0.0286448635160923 -0.0599999986588955
vn 3.0345452577565588 0.0000000000000002 -3.6651919753069455
v 0.0153999999165535 -0.0294448640197515 -0.0599999986588955
vn 2.6279924802480483 1.5172740373659230 -3.6651919512605504
v 0.0156143596395850 -0.0302448645234108 -0.0599999986588955
vn 1.5172706230119242 2.6279946881708174 -3.6651914471659941
v 0.0162000004202127 -0.0308305043727160 -0.0599999986588955
vn -0.0000008831679699 3.0345459042805625 -3.6651903850443874
v 0.0170000009238720 -0.0310448631644249 -0.0599999986588955
vn -3.0345461409242125 0.0000000000000001 -3.6651898029685199
v 0.0186000000685453 -0.0294448640197515 -0.0599999986588955
vn -2.6279920386627564 -1.5172732725178790 -3.6651938325603828
v 0.0183856412768364 -0.0286448635160923 -0.0599999986588955
vn -1.5172739190455815 -2.6279944515212947 -3.6651878976173320
v 0.0177999995648861 -0.0280592236667871 -0.0599999986588955
vn -0.0000008831741021 -3.0345441379384912 -3.6651947297243552
v 0.0170000009238720 -0.0278448630124331 -0.0599999986588955
vn 1.5172739190405995 -2.6279938050016316 -3.6651892748282000
v 0.0162000004202127 -0.0280592236667871 -0.0599999986588955
vn -0.0000035326706129 6.0690913986784523 0.0000000000000016
v 0.0340000018477440 -0.0015999999595806 -0.0599999986588955
vn -3.0345445499848882 5.2559885718622432 0.0000000000000004
v 0.0348000004887581 -0.0013856407022104 -0.0599999986588955
vn -5.2559873664868180 3.0345387938038515 0.0000000000000046
v 0.0353856422007084 -0.0007999999797903 -0.0599999986588955
vn 3.0345477741406599 0.0000000000000008 -3.6651857857025751
v 0.0324000008404255 -0.0000000000000000 -0.0599999986588955
vn 5.2559873664868180 3.0345387938038519 0.0000000000000049
v 0.0326143577694893 -0.0007999999797903 -0.0599999986588955
vn 3.0345410173142735 5.2559895184374570 -0.0000000000000108
v 0.0331999994814396 -0.0013856407022104 -0.0599999986588955
vn -0.0000035326706134 -6.0690913986784523 -0.0000000000000002
v 0.0340000018477440 0.0015999999595806 -0.0599999986588955
vn 3.0345410173142753 -5.2559895184374597 0.0000000000000002
v 0.0331999994814396 0.0013856407022104 -0.0599999986588955
vn 0.0000000000000000 0.0000000000000000 -6.2831853071795711
v 0.0254999995231628 0.0147224320098758 -0.0599999986588955
vn 5.2559873664868144 -3.0345387938038657 -0.0000000000000048
v 0.0326143577694893 0.0007999999797903 -0.0599999986588955
vn 0.0000000000000000 0.0000000000000000 -3.6651857857025751
v 0.0355999991297722 0.0000000000000000 -0.0599999986588955
vn 0.0000000000000000 0.0000000000000000 -6.2831853071795889
v -0.0000000000000003 0.0147224320098758 -0.0599999986588955
vn 3.0345478380811990 5.2559876100032641 0.0000000000000002
v 0.0162000004202127 0.0280592236667871 -0.0599999986588955
vn -0.0000017663482038 6.0690882758769806 -0.0000000000000002
v 0.0170000009238720 0.0278448630124331 -0.0599999986588955
vn -3.0345478380911626 5.2559889030425886 0.0000000000000000
v 0.0177999995648861 0.0280592236667871 -0.0599999986588955
vn -5.2559873664868144 -3.0345387938038666 -0.0000000000000044
v 0.0353856422007084 0.0007999999797903 -0.0599999986588955
vn -3.0345445499848869 -5.2559885718622414 0.0000000000000002
v 0.0348000004887581 0.0013856407022104 -0.0599999986588955
vn -5.2559840773255120 3.0345465450357585 0.0000000000000006
v 0.0183856412768364 0.0286448635160923 -0.0599999986588955
vn -6.0690922818484250 -0.0000000000000001 0.0000000000000002
v 0.0186000000685453 0.0294448640197515 -0.0599999986588955
vn -5.2559840773255111 -3.0345465450357576 0.0000000000000000
v 0.0183856412768364 0.0302448645234108 -0.0599999986588955
vn -3.0345412460215493 -5.2559906693883605 0.0000000000000002
v 0.0177999995648861 0.0308305043727160 -0.0599999986588955
vn -0.0000017663359398 -6.0690918085611241 -0.0000000000000001
v 0.0170000009238720 0.0310448631644249 -0.0599999986588955
vn 3.0345412460238492 -5.2559893763416348 0.0000000000000002
v 0.0162000004202127 0.0308305043727160 -0.0599999986588955
vn 5.2559849604960984 -3.0345480747318461 0.0000000000000140
v 0.0156143596395850 0.0302448645234108 -0.0599999986588955
vn 6.0690905155131176 0.0000000000000002 0.0000000000000009
v 0.0153999999165535 0.0294448640197515 -0.0599999986588955
vn 5.2559849604960975 3.0345480747318465 0.0000000000000004
v 0.0156143596395850 0.0286448635160923 -0.0599999986588955
vn 6.0690922818484250 0.0000000000000001 -0.0000000000000002
v -0.0186000000685453 0.0294448640197515 -0.0599999986588955
vn 5.2559840773255111 3.0345465450357576 0.0000000000000002
v -0.0183856412768364 0.0286448635160923 -0.0599999986588955
vn 5.2559840773255120 -3.0345465450357585 0.0000000000000009
v -0.0183856412768364 0.0302448645234108 -0.0599999986588955
vn 3.0345412460215484 -5.2559906693883605 0.0000000000000001
v -0.0177999995648861 0.0308305043727160 -0.0599999986588955
vn 0.0000017663359401 -6.0690918085611258 0.0000000000000000
v -0.0170000009238720 0.0310448631644249 -0.0599999986588955
vn 3.0345478380911626 5.2559889030425886 0.0000000000000018
v -0.0177999995648861 0.0280592236667871 -0.0599999986588955
vn 0.0000017663482037 6.0690882758769824 0.0000000000000000
v -0.0170000009238720 0.0278448630124331 -0.0599999986588955
vn -3.0345478380811990 5.2559876100032632 -0.0000000000000004
v -0.0162000004202127 0.0280592236667871 -0.0599999986588955
vn -5.2559849604960984 3.0345480747318461 0.0000000000000000
v -0.0156143596395850 0.0286448635160923 -0.0599999986588955
vn -6.0690905155131176 -0.0000000000000002 -0.0000000000000019
v -0.0153999999165535 0.0294448640197515 -0.0599999986588955
vn -5.2559849604960975 -3.0345480747318465 0.0000000000000018
v -0.0156143596395850 0.0302448645234108 -0.0599999986588955
vn -3.0345412460238483 -5.2559893763416357 0.0000000000000004
v -0.0162000004202127 0.0308305043727160 -0.0599999986588955
vn 1.1100552207783008 6.0393884285842061 -1.3202774766342908
v 0.0073109301738441 0.0391100235283375 -0.0564846247434616
vn 1.4216131234503018 5.9507465962998225 -1.4144757688443557
v 0.0088535472750664 0.0387899242341518 -0.0564846247434616
vn 0.8346720026192878 6.0582296437968770 -1.4313915439271769
v 0.0053408034145832 0.0394273959100246 -0.0564846247434616
vn 0.5573242358088993 6.1153626987509098 -1.3195131014410402
v 0.0036711255088449 0.0396177545189857 -0.0564846247434616
vn 0.2521860658937052 6.1139413760956796 -1.4111548986892481
v 0.0017850585281849 0.0397474169731140 -0.0564846247434616
vn 0.0419204160422792 6.1569344268321018 -1.2247000798646686
v -0.0000000000000000 0.0397874787449837 -0.0564846247434616
vn -0.4925152067624230 6.1304377806856740 -1.2555559898838402
v -0.0036711255088449 0.0396177545189857 -0.0564846247434616
vn -0.3438260283713294 6.0850908040302274 -1.4999566348667581
v -0.0017850585281849 0.0397474169731140 -0.0564846247434616
vn -1.8817892221572197 5.8222558608149502 -1.3991638218424098
v -0.0122950077056885 0.0378401428461075 -0.0564846247434616
vn -1.4790049110787598 5.8976175525133367 -1.5470188811496526
v -0.0088535472750664 0.0387899242341518 -0.0564846247434616
vn -1.0507555662586583 6.0583264026088681 -1.2648563061024030
v -0.0073109301738441 0.0391100235283375 -0.0564846247434616
vn -0.8934299596904043 6.0316148278373936 -1.4912646824792644
v -0.0053408034145832 0.0394273959100246 -0.0564846247434616
vn -2.4153256576373865 5.6245859643719189 -1.3918229094038879
v -0.0156374759972095 0.0365856923162937 -0.0564846247434616
vn -2.9116100343149927 5.3849010353698414 -1.3901190880603445
v -0.0188540406525135 0.0350366793572903 -0.0564846247434616
vn -3.3841646076998089 5.1017270245365589 -1.3881653685809516
v -0.0219188034534454 0.0332055687904358 -0.0564846247434616
vn -3.8291557835311254 4.7774285782613966 -1.3860164906448174
v -0.0248070880770683 0.0311071053147316 -0.0564846247434616
vn -4.2429898610657464 4.4147103363704039 -1.3837382032589918
v -0.0274956412613392 0.0287581868469715 -0.0564846247434616
vn -4.6223444180988968 4.0165914357805494 -1.3814078722777858
v -0.0299628153443336 0.0261777248233557 -0.0564846247434616
vn -4.9641907865198922 3.5863767749432762 -1.3791257556337291
v -0.0321887470781803 0.0233864951878786 -0.0564846247434616
vn -5.2658204928329138 3.1276283030640246 -1.3770087902161035
v -0.0341555140912533 0.0204069707542658 -0.0564846247434616
vn -5.5248718696538637 2.6441302836638529 -1.3751747942150336
v -0.0358472801744938 0.0172631405293941 -0.0564846247434616
vn -5.7393437656927047 2.1398477601221533 -1.3737593503085925
v -0.0372504256665707 0.0139803187921643 -0.0564846247434616
vn -5.9076065960744941 1.6188934921593341 -1.3729144475875159
v -0.0383536517620087 0.0105849355459213 -0.0564846247434616
vn -6.0284159335117584 1.0854754442624208 -1.3727803831157088
v -0.0391480810940266 0.0071043288335204 -0.0564846247434616
vn -6.1009063842598961 0.5438866850831513 -1.3735065955413948
v -0.0396273061633110 0.0035665221512318 -0.0564846247434616
vn -6.1245998965196433 -0.0015547474776682 -1.3751973225979284
v -0.0397874787449837 0.0000000000000000 -0.0564846247434616
vn -6.0993885012218509 -0.5465132539759704 -1.3779863606921843
v -0.0396273061633110 -0.0035665221512318 -0.0564846247434616
vn -6.0255500425992095 -1.0866955781988985 -1.3819146210664222
v -0.0391480810940266 -0.0071043288335204 -0.0564846247434616
vn -5.9037245851234239 -1.6178273102946257 -1.3870495037919304
v -0.0383536517620087 -0.0105849355459213 -0.0564846247434616
vn -5.7349196166213812 -2.1357149131622379 -1.3934020904240960
v -0.0372504256665707 -0.0139803187921643 -0.0564846247434616
vn -5.5205044430400392 -2.6362653812019579 -1.4009631931535909
v -0.0358472801744938 -0.0172631405293941 -0.0564846247434616
vn -5.2622046848563855 -3.1155038283615606 -1.4096983340030009
v -0.0341555140912533 -0.0204069707542658 -0.0564846247434616
vn -4.9620939886590092 -3.5696101071598645 -1.4195624659187633
v -0.0321887470781803 -0.0233864951878786 -0.0564846247434616
vn -4.6225835848921628 -3.9949447215249778 -1.4305109388496644
v -0.0299628153443336 -0.0261777248233557 -0.0564846247434616
vn -4.2464064061659474 -4.3880939546520690 -1.4424780363714631
v -0.0274956412613392 -0.0287581868469715 -0.0564846247434616
vn -3.8365978702941557 -4.7458907376795665 -1.4554029658822194
v -0.0248070880770683 -0.0311071053147316 -0.0564846247434616
vn -3.3964722522864617 -5.0654443703708276 -1.4692343347865788
v -0.0219188034534454 -0.0332055687904358 -0.0564846247434616
vn -2.9295990490558945 -5.3441748962487727 -1.4839120978617699
v -0.0188540406525135 -0.0350366793572903 -0.0564846247434616
vn -2.4397780997236724 -5.5798283446821273 -1.4993875828078331
v -0.0156374759972095 -0.0365856923162937 -0.0564846247434616
vn -1.9485471837603394 -5.7670272682102981 -1.5096949201208643
v -0.0122950077056885 -0.0378401428461075 -0.0564846247434616
vn -1.4216131234503016 -5.9507465962998225 -1.4144757688443557
v -0.0088535472750664 -0.0387899242341518 -0.0564846247434616
vn -1.1100552207783005 -6.0393884285842061 -1.3202774766342911
v -0.0073109301738441 -0.0391100235283375 -0.0564846247434616
vn -0.8346720026192878 -6.0582296437968770 -1.4313915439271767
v -0.0053408034145832 -0.0394273959100246 -0.0564846247434616
vn -0.5573242358088993 -6.1153626987509098 -1.3195131014410402
v -0.0036711255088449 -0.0396177545189857 -0.0564846247434616
vn -0.2789954411628196 -6.1089655600129680 -1.4318826499347299
v -0.0017850585281849 -0.0397474169731140 -0.0564846247434616
vn -0.0000000000000005 -6.1407580836352311 -1.3192498843090661
v -0.0000000000000000 -0.0397874787449837 -0.0564846247434616
vn 0.4925152067624228 -6.1304377806856740 -1.2555559898838404
v 0.0036711255088449 -0.0396177545189857 -0.0564846247434616
vn 0.3438260283713290 -6.0850908040302265 -1.4999566348667597
v 0.0017850585281849 -0.0397474169731140 -0.0564846247434616
vn 1.8817892221572197 -5.8222558608149502 -1.3991638218424098
v 0.0122950077056885 -0.0378401428461075 -0.0564846247434616
vn 1.4790049110787595 -5.8976175525133367 -1.5470188811496526
v 0.0088535472750664 -0.0387899242341518 -0.0564846247434616
vn 1.0507555662586583 -6.0583264026088681 -1.2648563061024030
v 0.0073109301738441 -0.0391100235283375 -0.0564846247434616
vn 0.8934299596904043 -6.0316148278373927 -1.4912646824792641
v 0.0053408034145832 -0.0394273959100246 -0.0564846247434616
vn 2.4153256576373869 -5.6245859643719198 -1.3918229094038881
v 0.0156374759972095 -0.0365856923162937 -0.0564846247434616
vn 2.9116100343149927 -5.3849010353698423 -1.3901190880603445
v 0.0188540406525135 -0.0350366793572903 -0.0564846247434616
vn 3.3841646076998089 -5.1017270245365589 -1.3881653685809519
v 0.0219188034534454 -0.0332055687904358 -0.0564846247434616
vn 3.8291557835311254 -4.7774285782613966 -1.3860164906448174
v 0.0248070880770683 -0.0311071053147316 -0.0564846247434616
vn 4.2429898610657464 -4.4147103363704030 -1.3837382032589918
v 0.0274956412613392 -0.0287581868469715 -0.0564846247434616
vn 4.6223444180988968 -4.0165914357805494 -1.3814078722777861
v 0.0299628153443336 -0.0261777248233557 -0.0564846247434616
vn 4.9641907865198913 -3.5863767749432762 -1.3791257556337291
v 0.0321887470781803 -0.0233864951878786 -0.0564846247434616
vn 5.2658204928329138 -3.1276283030640242 -1.3770087902161035
v 0.0341555140912533 -0.0204069707542658 -0.0564846247434616
vn 5.5248718696538637 -2.6441302836638534 -1.3751747942150336
v 0.0358472801744938 -0.0172631405293941 -0.0564846247434616
vn 5.7393437656927055 -2.1398477601221533 -1.3737593503085925
v 0.0372504256665707 -0.0139803187921643 -0.0564846247434616
vn 5.9076065960744941 -1.6188934921593341 -1.3729144475875161
v 0.0383536517620087 -0.0105849355459213 -0.0564846247434616
vn 6.0284159335117593 -1.0854754442624208 -1.3727803831157086
v 0.0391480810940266 -0.0071043288335204 -0.0564846247434616
vn 6.1009063842598961 -0.5438866850831513 -1.3735065955413945
v 0.0396273061633110 -0.0035665221512318 -0.0564846247434616
vn 3.0818001043750276 0.0015921909111256 -0.6926073280619693
v 0.0395000018179417 -0.0000000000000000 -0.0577661208808422
vn 3.0429855870855436 0.0015539162495742 -0.6838938225163287
v 0.0397874787449837 -0.0000000000000000 -0.0564846247434616
vn 6.0993885012218509 0.5465132539759704 -1.3779863606921843
v 0.0396273061633110 0.0035665221512318 -0.0564846247434616
vn 6.0255500425992086 1.0866955781988985 -1.3819146210664219
v 0.0391480810940266 0.0071043288335204 -0.0564846247434616
vn 5.9037245851234248 1.6178273102946257 -1.3870495037919306
v 0.0383536517620087 0.0105849355459213 -0.0564846247434616
vn 5.7349196166213812 2.1357149131622375 -1.3934020904240960
v 0.0372504256665707 0.0139803187921643 -0.0564846247434616
vn 5.5205044430400392 2.6362653812019574 -1.4009631931535909
v 0.0358472801744938 0.0172631405293941 -0.0564846247434616
vn 5.2622046848563855 3.1155038283615606 -1.4096983340030009
v 0.0341555140912533 0.0204069707542658 -0.0564846247434616
vn 4.9620939886590092 3.5696101071598640 -1.4195624659187631
v 0.0321887470781803 0.0233864951878786 -0.0564846247434616
vn 4.6225835848921628 3.9949447215249783 -1.4305109388496642
v 0.0299628153443336 0.0261777248233557 -0.0564846247434616
vn 4.2464064061659483 4.3880939546520690 -1.4424780363714631
v 0.0274956412613392 0.0287581868469715 -0.0564846247434616
vn 3.8365978702941561 4.7458907376795674 -1.4554029658822192
v 0.0248070880770683 0.0311071053147316 -0.0564846247434616
vn 3.3964722522864617 5.0654443703708276 -1.4692343347865791
v 0.0219188034534454 0.0332055687904358 -0.0564846247434616
vn 2.9295990490558950 5.3441748962487736 -1.4839120978617699
v 0.0188540406525135 0.0350366793572903 -0.0564846247434616
vn 2.4397780997236729 5.5798283446821273 -1.4993875828078331
v 0.0156374759972095 0.0365856923162937 -0.0564846247434616
vn 1.9485471837603394 5.7670272682102990 -1.5096949201208643
v 0.0122950077056885 0.0378401428461075 -0.0564846247434616
vn 3.0816143094340989 0.0000008312280940 -0.6913035000815997
v 0.0397874787449837 0.0000000000000000 -0.0564846247434616
vn 3.0345477741406599 0.0000000000000008 0.0000000000000000
v -0.0355999991297722 -0.0000000000000000 -0.0599999986588955
vn 3.0345461409242125 0.0000000000000001 3.6651898029685199
v -0.0186000000685453 0.0294448640197515 -0.0549999997019768
vn 2.6279920386627564 -1.5172732725178792 3.6651938325603828
v -0.0183856412768364 0.0302448645234108 -0.0549999997019768
vn 1.5172706230107746 -2.6279953346941802 3.6651900699595057
v -0.0177999995648861 0.0308305043727160 -0.0549999997019768
vn 0.0000008831679699 -3.0345459042805616 3.6651903850443874
v -0.0170000009238720 0.0310448631644249 -0.0549999997019768
vn -1.5172706230119246 -2.6279946881708178 3.6651914471659932
v -0.0162000004202127 0.0308305043727160 -0.0549999997019768
vn -2.6279924802480492 -1.5172740373659228 3.6651919512605500
v -0.0156143596395850 0.0302448645234108 -0.0549999997019768
vn -3.0345452577565588 0.0000000000000002 3.6651919753069455
v -0.0153999999165535 0.0294448640197515 -0.0549999997019768
vn -2.6279924802480483 1.5172740373659230 3.6651919512605500
v -0.0156143596395850 0.0286448635160923 -0.0549999997019768
vn -1.5172739190405991 2.6279938050016307 3.6651892748282000
v -0.0162000004202127 0.0280592236667871 -0.0549999997019768
vn 0.0000008831741019 3.0345441379384903 3.6651947297243552
v -0.0170000009238720 0.0278448630124331 -0.0549999997019768
vn 1.5172739190455817 2.6279944515212952 3.6651878976173320
v -0.0177999995648861 0.0280592236667871 -0.0549999997019768
vn 2.6279920386627555 1.5172732725178790 3.6651938325603828
v -0.0183856412768364 0.0286448635160923 -0.0549999997019768
vn 3.0345452577565588 -0.0000000000000002 3.6651919753069455
v 0.0153999999165535 0.0294448640197515 -0.0549999997019768
vn 2.6279924802480483 -1.5172740373659230 3.6651919512605495
v 0.0156143596395850 0.0302448645234108 -0.0549999997019768
vn 1.5172706230119242 -2.6279946881708174 3.6651914471659932
v 0.0162000004202127 0.0308305043727160 -0.0549999997019768
vn -0.0000008831679699 -3.0345459042805625 3.6651903850443874
v 0.0170000009238720 0.0310448631644249 -0.0549999997019768
vn -1.5172706230107744 -2.6279953346941798 3.6651900699595057
v 0.0177999995648861 0.0308305043727160 -0.0549999997019768
vn -2.6279920386627555 -1.5172732725178790 3.6651938325603828
v 0.0183856412768364 0.0302448645234108 -0.0549999997019768
vn -3.0345461409242125 -0.0000000000000001 3.6651898029685199
v 0.0186000000685453 0.0294448640197515 -0.0549999997019768
vn -2.6279920386627564 1.5172732725178792 3.6651938325603828
v 0.0183856412768364 0.0286448635160923 -0.0549999997019768
vn -1.5172739190455815 2.6279944515212947 3.6651878976173320
v 0.0177999995648861 0.0280592236667871 -0.0549999997019768
vn -0.0000008831741021 3.0345441379384912 3.6651947297243552
v 0.0170000009238720 0.0278448630124331 -0.0549999997019768
vn 1.5172739190405995 2.6279938050016316 3.6651892748282000
v 0.0162000004202127 0.0280592236667871 -0.0549999997019768
vn 2.6279924802480492 1.5172740373659228 3.6651919512605500
v 0.0156143596395850 0.0286448635160923 -0.0549999997019768
vn -3.0345477741406599 -0.0000000000000010 0.0000000000000000
v 0.0355999991297722 0.0000000000000000 -0.0599999986588955
vn 3.0345452577565588 -0.0000000000000002 3.6651919753069455
v 0.0153999999165535 -0.0294448640197515 -0.0549999997019768
vn 2.6279924802480483 -1.5172740373659230 3.6651919512605500
v 0.0156143596395850 -0.0286448635160923 -0.0549999997019768
vn 1.5172739190405991 -2.6279938050016307 3.6651892748282000
v 0.0162000004202127 -0.0280592236667871 -0.0549999997019768
vn -0.0000008831741019 -3.0345441379384903 3.6651947297243552
v 0.0170000009238720 -0.0278448630124331 -0.0549999997019768
vn -1.5172739190455817 -2.6279944515212952 3.6651878976173320
v 0.0177999995648861 -0.0280592236667871 -0.0549999997019768
vn -2.6279920386627555 -1.5172732725178790 3.6651938325603828
v 0.0183856412768364 -0.0286448635160923 -0.0549999997019768
vn -3.0345461409242125 -0.0000000000000001 3.6651898029685199
v 0.0186000000685453 -0.0294448640197515 -0.0549999997019768
vn -2.6279920386627564 1.5172732725178792 3.6651938325603828
v 0.0183856412768364 -0.0302448645234108 -0.0549999997019768
vn -1.5172706230107746 2.6279953346941802 3.6651900699595057
v 0.0177999995648861 -0.0308305043727160 -0.0549999997019768
vn -0.0000008831679699 3.0345459042805616 3.6651903850443874
v 0.0170000009238720 -0.0310448631644249 -0.0549999997019768
vn 1.5172706230119246 2.6279946881708178 3.6651914471659932
v 0.0162000004202127 -0.0308305043727160 -0.0549999997019768
vn 2.6279924802480492 1.5172740373659228 3.6651919512605500
v 0.0156143596395850 -0.0302448645234108 -0.0549999997019768
vn 3.0345461409242125 0.0000000000000001 3.6651898029685199
v -0.0186000000685453 -0.0294448640197515 -0.0549999997019768
vn 2.6279920386627564 -1.5172732725178792 3.6651938325603828
v -0.0183856412768364 -0.0286448635160923 -0.0549999997019768
vn 1.5172739190455815 -2.6279944515212947 3.6651878976173320
v -0.0177999995648861 -0.0280592236667871 -0.0549999997019768
vn 0.0000008831741021 -3.0345441379384912 3.6651947297243548
v -0.0170000009238720 -0.0278448630124331 -0.0549999997019768
vn -1.5172739190405995 -2.6279938050016316 3.6651892748282000
v -0.0162000004202127 -0.0280592236667871 -0.0549999997019768
vn -2.6279924802480492 -1.5172740373659228 3.6651919512605500
v -0.0156143596395850 -0.0286448635160923 -0.0549999997019768
vn -3.0345452577565588 0.0000000000000002 3.6651919753069455
v -0.0153999999165535 -0.0294448640197515 -0.0549999997019768
vn -2.6279924802480483 1.5172740373659230 3.6651919512605495
v -0.0156143596395850 -0.0302448645234108 -0.0549999997019768
vn -1.5172706230119242 2.6279946881708174 3.6651914471659932
v -0.0162000004202127 -0.0308305043727160 -0.0549999997019768
vn 0.0000008831679699 3.0345459042805625 3.6651903850443874
v -0.0170000009238720 -0.0310448631644249 -0.0549999997019768
vn 1.5172706230107744 2.6279953346941798 3.6651900699595057
v -0.0177999995648861 -0.0308305043727160 -0.0549999997019768
vn 2.6279920386627555 1.5172732725178790 3.6651938325603828
v -0.0183856412768364 -0.0302448645234108 -0.0549999997019768
vn 0.0057295891554003 -3.0383305352817254 2.6438957563035164
v -0.0170000009238720 -0.0264448635280132 -0.0549999997019768
vn 1.5073067975021706 -2.6404605957927658 2.6526436391586361
v -0.0185000002384186 -0.0268467869609594 -0.0549999997019768
vn 2.6414526191101779 -1.5034570304567758 2.6450035482064895
v -0.0195980761200190 -0.0279448628425598 -0.0549999997019768
vn 3.0345456929999002 0.0000004710229796 2.6179944024450723
v -0.0199999995529652 -0.0294448640197515 -0.0549999997019768
vn 2.6279935179344944 1.5172725775331064 2.6179937709849681
v -0.0195980761200190 -0.0309448633342981 -0.0549999997019768
vn 1.5167284916347734 2.6285371371951318 2.6241980912702032
v -0.0185000002384186 -0.0320429392158985 -0.0549999997019768
vn -0.0018154603666120 3.0345795998304754 2.6232831468395328
v -0.0170000009238720 -0.0324448645114899 -0.0549999997019768
vn -1.5169848391048313 2.6282107779929178 2.6228976233183428
v -0.0154999997466803 -0.0320429392158985 -0.0549999997019768
vn -2.6285171836540866 1.5167662204605938 2.6222232427301644
v -0.0144019238650799 -0.0309448633342981 -0.0549999997019768
vn -3.0370712884637734 0.0092045289130865 2.6348225949594255
v -0.0140000004321337 -0.0294448640197515 -0.0549999997019768
vn -2.6328503971715245 -1.5191279575638652 2.6493012168906804
v -0.0144019238650799 -0.0279448628425598 -0.0549999997019768
vn -1.5199849680694317 -2.6325747348889776 2.6510286243114916
v -0.0154999997466803 -0.0268467869609594 -0.0549999997019768
vn -1.5167260438448440 -2.6285377926968514 2.6241957532859344
v 0.0185000002384186 -0.0268467869609594 -0.0549999997019768
vn 2.6285413654996930 -1.5167226490370196 2.6225951909906247
v 0.0144019238650799 -0.0279448628425598 -0.0549999997019768
vn 3.0370603911063156 -0.0092262492285607 2.6341257105894860
v 0.0140000004321337 -0.0294448640197515 -0.0549999997019768
vn 1.5171264322475997 -2.6281652483828455 2.6236147196556643
v 0.0154999997466803 -0.0268467869609594 -0.0549999997019768
vn 0.0018147942312372 -3.0345803665316788 2.6232846277620818
v 0.0170000009238720 -0.0264448635280132 -0.0549999997019768
vn -1.5073085360522496 2.6404601251587030 2.6526447685530652
v 0.0185000002384186 -0.0320429392158985 -0.0549999997019768
vn -2.6414524929000835 1.5034575014797553 2.6450038586470148
v 0.0195980761200190 -0.0309448633342981 -0.0549999997019768
vn -3.0345456929999006 0.0000004710229795 2.6179944024450719
v 0.0199999995529652 -0.0294448640197515 -0.0549999997019768
vn -2.6279936441445888 -1.5172721065101269 2.6179934605444433
v 0.0195980761200190 -0.0279448628425598 -0.0549999997019768
vn -0.0057293394110082 3.0383295409412079 2.6438930423158351
v 0.0170000009238720 -0.0324448645114899 -0.0549999997019768
vn 1.5199279255685050 2.6325947867132791 2.6506710646923937
v 0.0154999997466803 -0.0320429392158985 -0.0549999997019768
vn 2.6328287550223468 1.5191563075245051 2.6488422254363577
v 0.0144019238650799 -0.0309448633342981 -0.0549999997019768
vn 1.5169848391048313 -2.6282107779929178 2.6228976233183428
v 0.0154999997466803 0.0320429392158985 -0.0549999997019768
vn 2.6285171836540866 -1.5167662204605938 2.6222232427301639
v 0.0144019238650799 0.0309448633342981 -0.0549999997019768
vn 3.0370712884637734 -0.0092045289130865 2.6348225949594259
v 0.0140000004321337 0.0294448640197515 -0.0549999997019768
vn 0.0018154603666120 -3.0345795998304754 2.6232831468395332
v 0.0170000009238720 0.0324448645114899 -0.0549999997019768
vn -1.5167284916347734 -2.6285371371951318 2.6241980912702028
v 0.0185000002384186 0.0320429392158985 -0.0549999997019768
vn -2.6279935179344944 -1.5172725775331064 2.6179937709849681
v 0.0195980761200190 0.0309448633342981 -0.0549999997019768
vn -3.0345456929999002 -0.0000004710229796 2.6179944024450723
v 0.0199999995529652 0.0294448640197515 -0.0549999997019768
vn -2.6414526191101779 1.5034570304567758 2.6450035482064895
v 0.0195980761200190 0.0279448628425598 -0.0549999997019768
vn -1.5073067975021706 2.6404605957927658 2.6526436391586357
v 0.0185000002384186 0.0268467869609594 -0.0549999997019768
vn -0.0057295891554003 3.0383305352817254 2.6438957563035159
v 0.0170000009238720 0.0264448635280132 -0.0549999997019768
vn 1.5199849680694317 2.6325747348889776 2.6510286243114916
v 0.0154999997466803 0.0268467869609594 -0.0549999997019768
vn 2.6328503971715245 1.5191279575638652 2.6493012168906804
v 0.0144019238650799 0.0279448628425598 -0.0549999997019768
vn 1.5167260438448440 2.6285377926968514 2.6241957532859344
v -0.0185000002384186 0.0268467869609594 -0.0549999997019768
vn -2.6285413654996930 1.5167226490370196 2.6225951909906247
v -0.0144019238650799 0.0279448628425598 -0.0549999997019768
vn -3.0370603911063156 0.0092262492285607 2.6341257105894860
v -0.0140000004321337 0.0294448640197515 -0.0549999997019768
vn -1.5171264322475997 2.6281652483828455 2.6236147196556643
v -0.0154999997466803 0.0268467869609594 -0.0549999997019768
vn -0.0018147942312372 3.0345803665316788 2.6232846277620818
v -0.0170000009238720 0.0264448635280132 -0.0549999997019768
vn 1.5073085360522496 -2.6404601251587030 2.6526447685530652
v -0.0185000002384186 0.0320429392158985 -0.0549999997019768
vn 2.6414524929000835 -1.5034575014797553 2.6450038586470148
v -0.0195980761200190 0.0309448633342981 -0.0549999997019768
vn 3.0345456929999006 -0.0000004710229795 2.6179944024450719
v -0.0199999995529652 0.0294448640197515 -0.0549999997019768
vn 2.6279936441445888 1.5172721065101269 2.6179934605444433
v -0.0195980761200190 0.0279448628425598 -0.0549999997019768
vn 0.0057293394110082 -3.0383295409412079 2.6438930423158351
v -0.0170000009238720 0.0324448645114899 -0.0549999997019768
vn -1.5199279255685050 -2.6325947867132791 2.6506710646923937
v -0.0154999997466803 0.0320429392158985 -0.0549999997019768
vn -2.6328287550223468 -1.5191563075245051 2.6488422254363577
v -0.0144019238650799 0.0309448633342981 -0.0549999997019768
vn 0.0000000000000003 0.0000000000000000 3.0345454858424565
v -0.0000000000000000 -0.0375499986112118 0.0018500000005588
vn -0.0000000000000008 0.0000000000000000 -3.0345457323080822
v 0.0000000000000000 -0.0295499991625547 0.0061499997973442
vn 2.5745783737518382 1.7938018729315173 3.0441170478679522
v -0.0216572210192680 -0.0200303457677364 -0.0599999986588955
vn 2.5745783737518377 1.7938018729315168 -3.0441170478679513
v -0.0216572210192680 -0.0200303457677364 -0.0689999982714653
vn 2.6375367288365412 1.6836920842163554 3.3198378960990680
v -0.0248655304312706 -0.0158731024712324 -0.0599999986588955
vn 2.6375367288365412 1.6836920842163554 -3.3198378960990680
v -0.0248655304312706 -0.0158731024712324 -0.0689999982714653
vn 2.8942719474821397 1.1893733315339570 3.3198378991487538
v -0.0272859167307615 -0.0112128835171461 -0.0599999986588955
vn 2.8942719474821397 1.1893733315339570 -3.3198378991487538
v -0.0272859167307615 -0.0112128835171461 -0.0689999982714653
vn 3.0592954420188674 0.6573661163158067 3.3198381452283994
v -0.0288416855037212 -0.0061973561532795 -0.0599999986588955
vn 3.0592954420188674 0.6573661163158065 -3.3198381452283989
v -0.0288416855037212 -0.0061973561532795 -0.0689999982714653
vn 3.1273779196700406 0.1045283448805022 3.3198381282153964
v -0.0294835362583399 -0.0009854517411441 -0.0599999986588955
vn 3.1273779196700406 0.1045283448805022 -3.3198381282153959
v -0.0294835362583399 -0.0009854517411441 -0.0689999982714653
vn 3.0963620593269789 -0.4516207700259913 3.3198375624313079
v -0.0291911307722330 0.0042576794512570 -0.0599999986588955
vn 3.0963620593269789 -0.4516207700259913 -3.3198375624313075
v -0.0291911307722330 0.0042576794512570 -0.0689999982714653
vn 2.9672306992187769 -0.9934590572322305 3.3198380213986196
v -0.0279737375676632 0.0093658957630396 -0.0599999986588955
vn 2.9672306992187774 -0.9934590572322305 -3.3198380213986178
v -0.0279737375676632 0.0093658957630396 -0.0689999982714653
vn 2.7440755338871723 -1.5038179383118031 3.3198380139886092
v -0.0258699301630259 0.0141773317009211 -0.0599999986588955
vn 2.7440755338871723 -1.5038179383118029 -3.3198380139886101
v -0.0258699301630259 0.0141773317009211 -0.0689999982714653
vn 2.4339678653520149 -1.9665247016543532 3.3198379631100523
v -0.0229463726282120 0.0185395255684853 -0.0599999986588955
vn 2.4339678653520145 -1.9665247016543532 -3.3198379631100514
v -0.0229463726282120 0.0185395255684853 -0.0689999982714653
vn 2.0467342330717253 -2.3669173974682769 3.3198379454146085
v -0.0192957054823637 0.0223142504692078 -0.0599999986588955
vn 2.0467342330717253 -2.3669173974682765 -3.3198379454146085
v -0.0192957054823637 0.0223142504692078 -0.0689999982714653
vn 1.5946448745840067 -2.6923087898337901 3.3198380498912425
v -0.0150336073711514 0.0253818966448307 -0.0599999986588955
vn 1.5946448745840067 -2.6923087898337905 -3.3198380498912434
v -0.0150336073711514 0.0253818966448307 -0.0689999982714653
vn 1.0920257422783641 -2.9323879261776185 3.3198377349748731
v -0.0102951349690557 0.0276452563703060 -0.0599999986588955
vn 1.0920257422783641 -2.9323879261776185 -3.3198377349748718
v -0.0102951349690557 0.0276452563703060 -0.0689999982714653
vn 0.5548029827215264 -3.0795474389101849 3.3198381844333023
v -0.0052304370328784 0.0290326122194529 -0.0599999986588955
vn 0.5548029827215262 -3.0795474389101845 -3.3198381844333027
v -0.0052304370328784 0.0290326122194529 -0.0689999982714653
vn 0.0000000000000009 -3.1291243454833517 3.3198377371398649
v -0.0000000000000000 0.0295000001788139 -0.0599999986588955
vn 0.0000000000000009 -3.1291243454833522 -3.3198377371398604
v -0.0000000000000000 0.0295000001788139 -0.0689999982714653
vn -0.5548029827215253 -3.0795474389101853 3.3198381844333027
v 0.0052304370328784 0.0290326122194529 -0.0599999986588955
vn -0.5548029827215254 -3.0795474389101853 -3.3198381844333023
v 0.0052304370328784 0.0290326122194529 -0.0689999982714653
vn -1.0920257422783641 -2.9323879261776185 3.3198377349748718
v 0.0102951349690557 0.0276452563703060 -0.0599999986588955
vn -1.0920257422783641 -2.9323879261776185 -3.3198377349748731
v 0.0102951349690557 0.0276452563703060 -0.0689999982714653
vn -1.5946448745840067 -2.6923087898337910 3.3198380498912434
v 0.0150336073711514 0.0253818966448307 -0.0599999986588955
vn -1.5946448745840067 -2.6923087898337905 -3.3198380498912434
v 0.0150336073711514 0.0253818966448307 -0.0689999982714653
vn -2.0467342330717253 -2.3669173974682765 3.3198379454146085
v 0.0192957054823637 0.0223142504692078 -0.0599999986588955
vn -2.0467342330717253 -2.3669173974682769 -3.3198379454146085
v 0.0192957054823637 0.0223142504692078 -0.0689999982714653
vn -2.4339678653520145 -1.9665247016543534 3.3198379631100536
v 0.0229463726282120 0.0185395255684853 -0.0599999986588955
vn -2.4339678653520149 -1.9665247016543534 -3.3198379631100519
v 0.0229463726282120 0.0185395255684853 -0.0689999982714653
vn -2.7440755338871723 -1.5038179383118029 3.3198380139886070
v 0.0258699301630259 0.0141773317009211 -0.0599999986588955
vn -2.7440755338871723 -1.5038179383118029 -3.3198380139886146
v 0.0258699301630259 0.0141773317009211 -0.0689999982714653
vn -2.9672306992187769 -0.9934590572322306 3.3198380213986178
v 0.0279737375676632 0.0093658957630396 -0.0599999986588955
vn -2.9672306992187769 -0.9934590572322306 -3.3198380213986196
v 0.0279737375676632 0.0093658957630396 -0.0689999982714653
vn -3.0963620593269789 -0.4516207700259913 3.3198375624313079
v 0.0291911307722330 0.0042576794512570 -0.0599999986588955
vn -3.0963620593269789 -0.4516207700259914 -3.3198375624313079
v 0.0291911307722330 0.0042576794512570 -0.0689999982714653
vn -3.1273779196700406 0.1045283448805022 3.3198381282153955
v 0.0294835362583399 -0.0009854517411441 -0.0599999986588955
vn -3.1273779196700406 0.1045283448805022 -3.3198381282153955
v 0.0294835362583399 -0.0009854517411441 -0.0689999982714653
vn -3.0592954420188674 0.6573661163158067 3.3198381452283989
v 0.0288416855037212 -0.0061973561532795 -0.0599999986588955
vn -3.0592954420188674 0.6573661163158067 -3.3198381452283989
v 0.0288416855037212 -0.0061973561532795 -0.0689999982714653
vn -2.8942719474821397 1.1893733315339570 3.3198378991487538
v 0.0272859167307615 -0.0112128835171461 -0.0599999986588955
vn -2.8942719474821397 1.1893733315339570 -3.3198378991487538
v 0.0272859167307615 -0.0112128835171461 -0.0689999982714653
vn -2.6375367288365412 1.6836920842163554 3.3198378960990675
v 0.0248655304312706 -0.0158731024712324 -0.0599999986588955
vn -2.6375367288365412 1.6836920842163554 -3.3198378960990680
v 0.0248655304312706 -0.0158731024712324 -0.0689999982714653
vn -2.5745783737518373 1.7938018729315168 3.0441170478679513
v 0.0216572210192680 -0.0200303457677364 -0.0599999986588955
vn -2.5745783737518382 1.7938018729315173 -3.0441170478679522
v 0.0216572210192680 -0.0200303457677364 -0.0689999982714653
vn -3.1008253760918465 -0.3555449459348430 2.9132670075520957
v 0.0208596494048834 -0.0276218596845865 -0.0599999986588955
vn -3.1143250860727667 0.2914104829179263 2.9549939970163823
v 0.0208596494048834 -0.0220673307776451 -0.0599999986588955
vn -3.1008253760918469 -0.3555449459348430 -2.9132670075520979
v 0.0208596494048834 -0.0276218596845865 -0.0689999982714653
vn -3.1143250860727667 0.2914104829179264 -2.9549939970163823
v 0.0208596494048834 -0.0220673307776451 -0.0689999982714653
vn 1.8478153251172698 -2.4949798602919548 2.8349085927980031
v 0.0258207172155380 -0.0298921484500170 -0.0599999986588955
vn 1.8478153251172698 -2.4949798602919548 -2.8349085927980027
v 0.0258207172155380 -0.0298921484500170 -0.0689999982714653
vn 2.3921606199678012 -2.0215575034838609 -2.9848740335661814
v 0.0301697887480259 -0.0254957601428032 -0.0689999982714653
vn 2.3921606199678007 -2.0215575034838604 2.9848740335661796
v 0.0301697887480259 -0.0254957601428032 -0.0599999986588955
vn 2.6783648873849835 -1.6234187076849975 -2.9848735127007737
v 0.0337793827056885 -0.0204744562506676 -0.0689999982714653
vn 2.6783648873849835 -1.6234187076849975 2.9848735127007737
v 0.0337793827056885 -0.0204744562506676 -0.0599999986588955
vn 2.8989211654638267 -1.1854884913721058 -2.9848736637123245
v 0.0365610234439373 -0.0149513091892004 -0.0689999982714653
vn 2.8989211654638267 -1.1854884913721055 2.9848736637123237
v 0.0365610234439373 -0.0149513091892004 -0.0599999986588955
vn 3.0484230376891377 -0.7185009743146932 -2.9848733781497931
v 0.0384465306997299 -0.0090616978704929 -0.0689999982714653
vn 3.0484230376891377 -0.7185009743146931 2.9848733781497927
v 0.0384465306997299 -0.0090616978704929 -0.0599999986588955
vn 3.1232061268672053 -0.2339035671614240 -2.9848743166243903
v 0.0393896885216236 -0.0029499784577638 -0.0689999982714653
vn 3.1232061268672053 -0.2339035671614241 2.9848743166243894
v 0.0393896885216236 -0.0029499784577638 -0.0599999986588955
vn 3.1214374376925296 0.2564271633566050 -2.9848732492648007
v 0.0393673852086067 0.0032340465113521 -0.0689999982714653
vn 3.1214374376925296 0.2564271633566051 2.9848732492648016
v 0.0393673852086067 0.0032340465113521 -0.0599999986588955
vn 3.0431604480056897 0.7404737402009038 -2.9848736448649196
v 0.0383801609277725 0.0093388026580215 -0.0689999982714653
vn 3.0431604480056897 0.7404737402009038 2.9848736448649165
v 0.0383801609277725 0.0093388026580215 -0.0599999986588955
vn 2.8902940796389167 1.2063695117457107 -2.9848741556735758
v 0.0364522151648998 0.0152146602049470 -0.0689999982714653
vn 2.8902940796389167 1.2063695117457107 2.9848741556735763
v 0.0364522151648998 0.0152146602049470 -0.0599999986588955
vn 2.6665848962157996 1.6426965135964120 -2.9848736088681540
v 0.0336308069527149 0.0207175966352224 -0.0689999982714653
vn 2.6665848962158001 1.6426965135964120 2.9848736088681527
v 0.0336308069527149 0.0207175966352224 -0.0599999986588955
vn 2.3775156548969365 2.0387609170589873 -2.9848735072072650
v 0.0299850869923830 0.0257127322256565 -0.0689999982714653
vn 2.3775156548969365 2.0387609170589878 2.9848735072072641
v 0.0299850869923830 0.0257127322256565 -0.0599999986588955
vn 2.0301719464213028 2.3848540181594293 -2.9848735770059101
v 0.0256044119596481 0.0300776343792677 -0.0689999982714653
vn 2.0301719464213024 2.3848540181594293 2.9848735770059092
v 0.0256044119596481 0.0300776343792677 -0.0599999986588955
vn 1.6330684199262790 2.6724922578674457 -2.9848742424763413
v 0.0205961596220732 0.0337053127586842 -0.0689999982714653
vn 1.6330684199262788 2.6724922578674453 2.9848742424763417
v 0.0205961596220732 0.0337053127586842 -0.0599999986588955
vn 1.1959370580346123 2.8946262597343004 -2.9848733307849944
v 0.0150830829516053 0.0365068577229977 -0.0689999982714653
vn 1.1959370580346123 2.8946262597343009 2.9848733307849948
v 0.0150830829516053 0.0365068577229977 -0.0599999986588955
vn 0.7294916486266166 3.0458116746132440 -2.9848735804582853
v 0.0092003103345633 0.0384135954082012 -0.0689999982714653
vn 0.7294916486266165 3.0458116746132440 2.9848735804582835
v 0.0092003103345633 0.0384135954082012 -0.0599999986588955
vn 0.2451667813336889 3.1223421203836059 -2.9848738982459491
v 0.0030920326244086 0.0393787920475006 -0.0689999982714653
vn 0.2451667813336889 3.1223421203836059 2.9848738982459468
v 0.0030920326244086 0.0393787920475006 -0.0599999986588955
vn -0.2451667813336889 3.1223421203836059 -2.9848738982459473
v -0.0030920326244086 0.0393787920475006 -0.0689999982714653
vn -0.2451667813336889 3.1223421203836059 2.9848738982459495
v -0.0030920326244086 0.0393787920475006 -0.0599999986588955
vn -0.7294916486266165 3.0458116746132435 -2.9848735804582835
v -0.0092003103345633 0.0384135954082012 -0.0689999982714653
vn -0.7294916486266165 3.0458116746132440 2.9848735804582853
v -0.0092003103345633 0.0384135954082012 -0.0599999986588955
vn -1.1959370580346123 2.8946262597343004 -2.9848733307849953
v -0.0150830829516053 0.0365068577229977 -0.0689999982714653
vn -1.1959370580346123 2.8946262597343004 2.9848733307849944
v -0.0150830829516053 0.0365068577229977 -0.0599999986588955
vn -1.6330684199262788 2.6724922578674453 -2.9848742424763417
v -0.0205961596220732 0.0337053127586842 -0.0689999982714653
vn -1.6330684199262788 2.6724922578674453 2.9848742424763413
v -0.0205961596220732 0.0337053127586842 -0.0599999986588955
vn -2.0301719464213024 2.3848540181594293 -2.9848735770059092
v -0.0256044119596481 0.0300776343792677 -0.0689999982714653
vn -2.0301719464213024 2.3848540181594298 2.9848735770059101
v -0.0256044119596481 0.0300776343792677 -0.0599999986588955
vn -2.3775156548969365 2.0387609170589878 -2.9848735072072641
v -0.0299850869923830 0.0257127322256565 -0.0689999982714653
vn -2.3775156548969365 2.0387609170589873 2.9848735072072650
v -0.0299850869923830 0.0257127322256565 -0.0599999986588955
vn -2.6665848962158001 1.6426965135964120 -2.9848736088681518
v -0.0336308069527149 0.0207175966352224 -0.0689999982714653
vn -2.6665848962158001 1.6426965135964120 2.9848736088681482
v -0.0336308069527149 0.0207175966352224 -0.0599999986588955
vn -2.8902940796389167 1.2063695117457107 -2.9848741556735763
v -0.0364522151648998 0.0152146602049470 -0.0689999982714653
vn -2.8902940796389167 1.2063695117457109 2.9848741556735736
v -0.0364522151648998 0.0152146602049470 -0.0599999986588955
vn -3.0431604480056897 0.7404737402009038 -2.9848736448649169
v -0.0383801609277725 0.0093388026580215 -0.0689999982714653
vn -3.0431604480056893 0.7404737402009038 2.9848736448649160
v -0.0383801609277725 0.0093388026580215 -0.0599999986588955
vn -3.1214374376925300 0.2564271633566051 -2.9848732492648016
v -0.0393673852086067 0.0032340465113521 -0.0689999982714653
vn -3.1214374376925296 0.2564271633566050 2.9848732492648011
v -0.0393673852086067 0.0032340465113521 -0.0599999986588955
vn -3.1232061268672053 -0.2339035671614241 -2.9848743166243912
v -0.0393896885216236 -0.0029499784577638 -0.0689999982714653
vn -3.1232061268672053 -0.2339035671614240 2.9848743166243903
v -0.0393896885216236 -0.0029499784577638 -0.0599999986588955
vn -3.0484230376891377 -0.7185009743146931 -2.9848733781497927
v -0.0384465306997299 -0.0090616978704929 -0.0689999982714653
vn -3.0484230376891377 -0.7185009743146931 2.9848733781497931
v -0.0384465306997299 -0.0090616978704929 -0.0599999986588955
vn -2.8989211654638267 -1.1854884913721055 -2.9848736637123237
v -0.0365610234439373 -0.0149513091892004 -0.0689999982714653
vn -2.8989211654638267 -1.1854884913721058 2.9848736637123245
v -0.0365610234439373 -0.0149513091892004 -0.0599999986588955
vn -2.6783648873849835 -1.6234187076849977 -2.9848735127007737
v -0.0337793827056885 -0.0204744562506676 -0.0689999982714653
vn -2.6783648873849835 -1.6234187076849973 2.9848735127007733
v -0.0337793827056885 -0.0204744562506676 -0.0599999986588955
vn -2.3921606199678007 -2.0215575034838604 -2.9848740335661796
v -0.0301697887480259 -0.0254957601428032 -0.0689999982714653
vn -2.3921606199678012 -2.0215575034838609 2.9848740335661814
v -0.0301697887480259 -0.0254957601428032 -0.0599999986588955
vn -1.8478153251172698 -2.4949798602919548 -2.8349085927980027
v -0.0258207172155380 -0.0298921484500170 -0.0689999982714653
vn -1.8478153251172698 -2.4949798602919548 2.8349085927980027
v -0.0258207172155380 -0.0298921484500170 -0.0599999986588955
vn 3.1008253760918465 -0.3555449459348430 -2.9132670075520970
v -0.0208596494048834 -0.0276218596845865 -0.0689999982714653
vn 3.1143250860727667 0.2914104829179263 -2.9549939970163823
v -0.0208596494048834 -0.0220673307776451 -0.0689999982714653
vn 3.1008253760918469 -0.3555449459348430 2.9132670075520979
v -0.0208596494048834 -0.0276218596845865 -0.0599999986588955
vn 3.1143250860727667 0.2914104829179264 2.9549939970163823
v -0.0208596494048834 -0.0220673307776451 -0.0599999986588955
vn -3.0345477741406608 -0.0000000000000047 3.6651857857025756
v -0.0324000008404255 0.0000000000000000 -0.0599999986588955
vn 3.0345477741406626 -0.0000000000000061 3.6651857857025751
v -0.0355999991297722 0.0000000000000000 -0.0599999986588955
vn 3.0345477741406617 -0.0000000000000149 3.6651857857025751
v 0.0324000008404255 0.0000000000000000 -0.0599999986588955
vn -3.0345477741406621 -0.0000000000000136 3.6651857857025751
v 0.0355999991297722 0.0000000000000000 -0.0599999986588955
vn -2.8745655716500185 1.1255220488265469 2.7683969996481981
v 0.0210661496967077 -0.0209735501557589 -0.0599999986588955
vn 2.8745655716500176 1.1255220488265465 2.7683969996481981
v -0.0210661496967077 -0.0209735501557589 -0.0599999986588955
vn -2.7465101467657544 -1.3493129469156724 2.6849449682907678
v 0.0211670454591513 -0.0289446879178286 -0.0599999986588955
vn -1.8701202520518287 -2.4221086311766964 2.6849433889233683
v 0.0220262352377176 -0.0299964305013418 -0.0599999986588955
vn -0.6104865446654648 -2.9985441050772739 2.6849436614257800
v 0.0232611447572708 -0.0305615514516830 -0.0599999986588955
vn 0.7742540585803031 -2.9604882557934245 2.6849434264073020
v 0.0246187075972557 -0.0305242426693439 -0.0599999986588955
vn 1.8701202520518290 -2.4221086311766968 2.6849433889233687
v -0.0220262352377176 -0.0299964305013418 -0.0599999986588955
vn 2.7465101467657540 -1.3493129469156719 2.6849449682907687
v -0.0211670454591513 -0.0289446879178286 -0.0599999986588955
vn 0.6104865446654647 -2.9985441050772734 2.6849436614257796
v -0.0232611447572708 -0.0305615514516830 -0.0599999986588955
vn -0.7742540585803029 -2.9604882557934240 2.6849434264073020
v -0.0246187075972557 -0.0305242426693439 -0.0599999986588955
vn 2.6279936832434103 1.5172693969019229 -3.6651950957571806
v 0.0326143577694893 -0.0007999999797903 -0.0689999982714653
vn 1.5172705086571379 2.6279947592187298 -3.6651914364612899
v 0.0331999994814396 -0.0013856407022104 -0.0689999982714653
vn -0.0000008831741016 3.0345441379384921 -3.6651947297243863
v 0.0170000009238720 0.0278448630124331 -0.0689999982714653
vn -1.5172739190455813 2.6279944515212943 -3.6651878976173515
v 0.0177999995648861 0.0280592236667871 -0.0689999982714653
vn 1.5172705086571372 -2.6279947592187280 -3.6651914364613010
v 0.0331999994814396 0.0013856407022104 -0.0689999982714653
vn -0.0000017663353063 -3.0345456993392261 -3.6651908891404164
v 0.0340000018477440 0.0015999999595806 -0.0689999982714653
vn -1.5172722749924445 -2.6279942859311225 -3.6651902723099044
v 0.0348000004887581 0.0013856407022104 -0.0689999982714653
vn -2.6279936832434077 -1.5172693969019357 -3.6651950957571726
v 0.0353856422007084 0.0007999999797903 -0.0689999982714653
vn -0.0000017663353069 3.0345456993392257 -3.6651908891404208
v 0.0340000018477440 -0.0015999999595806 -0.0689999982714653
vn -1.5172722749924437 2.6279942859311207 -3.6651902723099044
v 0.0348000004887581 -0.0013856407022104 -0.0689999982714653
vn -3.0345461409242134 0.0000000000000002 -3.6651898029685195
v 0.0186000000685453 0.0294448640197515 -0.0689999982714653
vn 3.0345477741406626 -0.0000000000000138 -3.6651857857025747
v 0.0324000008404255 0.0000000000000000 -0.0689999982714653
vn 2.6279936832434068 -1.5172693969019369 -3.6651950957571717
v 0.0326143577694893 0.0007999999797903 -0.0689999982714653
vn -2.8745655716500176 1.1255220488265465 -2.7683969996481981
v 0.0210661496967077 -0.0209735501557589 -0.0689999982714653
vn -2.6279920386627555 1.5172732725178786 -3.6651938325603828
v 0.0183856412768364 0.0286448635160923 -0.0689999982714653
vn 0.0000017663353069 -3.0345456993392257 -3.6651908891404155
v -0.0340000018477440 0.0015999999595806 -0.0689999982714653
vn 1.5172722749924437 -2.6279942859311207 -3.6651902723099044
v -0.0348000004887581 0.0013856407022104 -0.0689999982714653
vn -1.8701202520518287 -2.4221086311766968 -2.6849433889233687
v 0.0220262352377176 -0.0299964305013418 -0.0689999982714653
vn -2.7465101467657540 -1.3493129469156722 -2.6849449682907687
v 0.0211670454591513 -0.0289446879178286 -0.0689999982714653
vn -0.6104865446654647 -2.9985441050772734 -2.6849436614257796
v 0.0232611447572708 -0.0305615514516830 -0.0689999982714653
vn 0.7742540585803029 -2.9604882557934240 -2.6849434264073020
v 0.0246187075972557 -0.0305242426693439 -0.0689999982714653
vn -2.6279936832434103 1.5172693969019240 -3.6651950957571806
v 0.0353856422007084 -0.0007999999797903 -0.0689999982714653
vn -3.0345477741406612 -0.0000000000000116 -3.6651857857025751
v 0.0355999991297722 0.0000000000000000 -0.0689999982714653
vn -2.6279920386627564 -1.5172732725178792 -3.6651938325603832
v 0.0183856412768364 0.0302448645234108 -0.0689999982714653
vn -1.5172706230107740 -2.6279953346941802 -3.6651900699595057
v 0.0177999995648861 0.0308305043727160 -0.0689999982714653
vn -0.0000008831679702 -3.0345459042805625 -3.6651903850443874
v 0.0170000009238720 0.0310448631644249 -0.0689999982714653
vn 1.5172706230119246 -2.6279946881708183 -3.6651914471659941
v 0.0162000004202127 0.0308305043727160 -0.0689999982714653
vn 2.6279924802480492 -1.5172740373659233 -3.6651919512605500
v 0.0156143596395850 0.0302448645234108 -0.0689999982714653
vn -2.6279924802480492 -1.5172740373659233 -3.6651919512605620
v -0.0156143596395850 0.0302448645234108 -0.0689999982714653
vn -1.5172706230119246 -2.6279946881708178 -3.6651914471659937
v -0.0162000004202127 0.0308305043727160 -0.0689999982714653
vn 0.0000008831679699 -3.0345459042805629 -3.6651903850443874
v -0.0170000009238720 0.0310448631644249 -0.0689999982714653
vn 2.6279936832434081 -1.5172693969019324 -3.6651950957571744
v -0.0353856422007084 0.0007999999797903 -0.0689999982714653
vn 3.0345477741406612 -0.0000000000000049 -3.6651857857025756
v -0.0355999991297722 0.0000000000000000 -0.0689999982714653
vn 2.6279936832434103 1.5172693969019273 -3.6651950957571779
v -0.0353856422007084 -0.0007999999797903 -0.0689999982714653
vn 1.5172722749924445 2.6279942859311225 -3.6651902723099044
v -0.0348000004887581 -0.0013856407022104 -0.0689999982714653
vn 0.0000017663353063 3.0345456993392261 -3.6651908891404208
v -0.0340000018477440 -0.0015999999595806 -0.0689999982714653
vn 1.5172706230107749 -2.6279953346941811 -3.6651900699595057
v -0.0177999995648861 0.0308305043727160 -0.0689999982714653
vn 2.6279920386627555 -1.5172732725178786 -3.6651938325603828
v -0.0183856412768364 0.0302448645234108 -0.0689999982714653
vn 3.0345461409242134 -0.0000000000000002 -3.6651898029685199
v -0.0186000000685453 0.0294448640197515 -0.0689999982714653
vn 2.6279920386627564 1.5172732725178792 -3.6651938325603828
v -0.0183856412768364 0.0286448635160923 -0.0689999982714653
vn 1.5172739190405995 2.6279938050016316 -3.6651892748282000
v 0.0162000004202127 0.0280592236667871 -0.0689999982714653
vn 2.6279924802480492 1.5172740373659233 -3.6651919512605500
v 0.0156143596395850 0.0286448635160923 -0.0689999982714653
vn 3.0345452577565588 0.0000000000000000 -3.6651919753069513
v 0.0153999999165535 0.0294448640197515 -0.0689999982714653
vn -3.0345452577565588 0.0000000000000000 -3.6651919753069446
v -0.0153999999165535 0.0294448640197515 -0.0689999982714653
vn -2.6279924802480492 1.5172740373659233 -3.6651919512605504
v -0.0156143596395850 0.0286448635160923 -0.0689999982714653
vn -1.5172739190405997 2.6279938050016325 -3.6651892748282000
v -0.0162000004202127 0.0280592236667871 -0.0689999982714653
vn 0.0000008831741019 3.0345441379384899 -3.6651947297243552
v -0.0170000009238720 0.0278448630124331 -0.0689999982714653
vn 1.5172739190455808 2.6279944515212943 -3.6651878976173315
v -0.0177999995648861 0.0280592236667871 -0.0689999982714653
vn -1.5172705086571372 2.6279947592187280 -3.6651914364612899
v -0.0331999994814396 -0.0013856407022104 -0.0689999982714653
vn 2.8745655716500185 1.1255220488265469 -2.7683969996481981
v -0.0210661496967077 -0.0209735501557589 -0.0689999982714653
vn -1.5172705086571379 -2.6279947592187298 -3.6651914364613010
v -0.0331999994814396 0.0013856407022104 -0.0689999982714653
vn -2.6279936832434081 -1.5172693969019311 -3.6651950957571753
v -0.0326143577694893 0.0007999999797903 -0.0689999982714653
vn -3.0345477741406626 -0.0000000000000029 -3.6651857857025751
v -0.0324000008404255 0.0000000000000000 -0.0689999982714653
vn -2.6279936832434094 1.5172693969019282 -3.6651950957571775
v -0.0326143577694893 -0.0007999999797903 -0.0689999982714653
vn -0.7742540585803031 -2.9604882557934245 -2.6849434264073020
v -0.0246187075972557 -0.0305242426693439 -0.0689999982714653
vn 2.7465101467657544 -1.3493129469156724 -2.6849449682907678
v -0.0211670454591513 -0.0289446879178286 -0.0689999982714653
vn 1.8701202520518287 -2.4221086311766964 -2.6849433889233683
v -0.0220262352377176 -0.0299964305013418 -0.0689999982714653
vn 0.6104865446654648 -2.9985441050772739 -2.6849436614257800
v -0.0232611447572708 -0.0305615514516830 -0.0689999982714653
vn 1.3240139654302818 2.8373476375379001 2.9800375152356882
v 0.0052947038784623 0.0113232554867864 -0.0886000022292137
vn 0.8412614114449131 3.0157219624350207 -2.9762451621107253
v 0.0033587445504963 0.0120403012260795 -0.0986000001430511
vn 0.8412614114449128 3.0157219624350198 2.9762451621107253
v 0.0033587445504963 0.0120403012260795 -0.0886000022292137
vn 0.3334154445289809 3.1130586724312921 -2.9762457032677072
v 0.0013311671791598 0.0124289179220796 -0.0986000001430511
vn 0.3334154445289810 3.1130586724312925 2.9762457032677077
v 0.0013311671791598 0.0124289179220796 -0.0886000022292137
vn -0.0770889860482308 3.1369374256747395 -3.0444093308182389
v -0.0007327209459618 0.0124785061925650 -0.0986000001430511
vn -0.1810780172284295 3.1258223580836382 2.9800376261328343
v -0.0007327209459618 0.0124785061925650 -0.0886000022292137
vn -0.3586345617145038 3.1183524915901812 -3.0584142718001268
v -0.0010944763198495 0.0124519923701882 -0.0986000001430511
vn -0.6978801035128721 3.0522955885564960 2.9797086991207999
v -0.0027766218408942 0.0121877146884799 -0.0886000022292137
vn -0.7179979405407847 3.0492705127119755 -2.9907539858363981
v -0.0027766218408942 0.0121877146884799 -0.0986000001430511
vn -1.1884218774838617 2.8965417861062841 -2.9762465908039157
v -0.0047447844408453 0.0115644717589021 -0.0986000001430511
vn -1.1884218774838615 2.8965417861062832 2.9762465908039157
v -0.0047447844408453 0.0115644717589021 -0.0886000022292137
vn -1.6489674336482303 2.6614293842579526 -2.9762454668529426
v -0.0065835211426020 0.0106257824227214 -0.0986000001430511
vn -1.6489674336482307 2.6614293842579535 2.9762454668529426
v -0.0065835211426020 0.0106257824227214 -0.0886000022292137
vn -2.0645349319499755 2.3537195141593630 -2.9762455554375422
v -0.0082426769658923 0.0093972487375140 -0.0986000001430511
vn -2.0645349319499755 2.3537195141593630 2.9762455554375431
v -0.0082426769658923 0.0093972487375140 -0.0886000022292137
vn -2.4237869439777375 1.9818065055783580 -2.9762457262898048
v -0.0096769938245416 0.0079123824834824 -0.0986000001430511
vn -2.4237869439777375 1.9818065055783576 2.9762457262898048
v -0.0096769938245416 0.0079123824834824 -0.0886000022292137
vn -2.7169246065294024 1.5558342953332533 -2.9762451067097304
v -0.0108473477885127 0.0062116868793964 -0.0986000001430511
vn -2.7169246065294028 1.5558342953332531 2.9762451067097304
v -0.0108473477885127 0.0062116868793964 -0.0886000022292137
vn -2.9359512196511370 1.0874241405312144 -2.9762465268312486
v -0.0117218131199479 0.0043415524996817 -0.0986000001430511
vn -2.9359512196511375 1.0874241405312146 2.9762465268312486
v -0.0117218131199479 0.0043415524996817 -0.0886000022292137
vn -3.0748925185206897 0.5893519812725774 -2.9762452128161798
v -0.0122765395790339 0.0023529925383627 -0.0986000001430511
vn -3.0748925185206897 0.5893519812725773 2.9762452128161798
v -0.0122765395790339 0.0023529925383627 -0.0886000022292137
vn -3.1299592320969190 0.0752028533078462 -2.9762458351056713
v -0.0124963931739330 0.0003002485318575 -0.0986000001430511
vn -3.1299592320969181 0.0752028533078462 2.9762458351056713
v -0.0124963931739330 0.0003002485318575 -0.0886000022292137
vn -3.0996486650900117 -0.4409969193252306 -2.9762456702707549
v -0.0123753780499101 -0.0017606851179153 -0.0986000001430511
vn -3.0996486650900126 -0.4409969193252307 2.9762456702707549
v -0.0123753780499101 -0.0017606851179153 -0.0886000022292137
vn -2.9847878872559290 -0.9451674625359399 -2.9762458356128634
v -0.0119167948141694 -0.0037735921796411 -0.0986000001430511
vn -2.9847878872559286 -0.9451674625359398 2.9762458356128638
v -0.0119167948141694 -0.0037735921796411 -0.0886000022292137
vn -2.7885094242274233 -1.4235571074032927 -2.9762450758612813
v -0.0111331529915333 -0.0056835650466383 -0.0986000001430511
vn -2.7885094242274233 -1.4235571074032931 2.9762450758612813
v -0.0111331529915333 -0.0056835650466383 -0.0886000022292137
vn -2.5161678634626785 -1.8631155896217431 -2.9762460243101514
v -0.0100458264350891 -0.0074385050684214 -0.0986000001430511
vn -2.5161678634626785 -1.8631155896217431 2.9762460243101510
v -0.0100458264350891 -0.0074385050684214 -0.0886000022292137
vn -2.1751930440852263 -2.2518516591706166 -2.9762463401435637
v -0.0086844768375158 -0.0089905420318246 -0.0986000001430511
vn -2.1751930440852263 -2.2518516591706170 2.9762463401435637
v -0.0086844768375158 -0.0089905420318246 -0.0886000022292137
vn -1.7748832184491614 -2.5791643905717025 -2.9762447627563651
v -0.0070862374268472 -0.0102973422035575 -0.0986000001430511
vn -1.7748832184491610 -2.5791643905717021 2.9762447627563651
v -0.0070862374268472 -0.0102973422035575 -0.0886000022292137
vn -1.3261592075655604 -2.8361245289901067 -2.9762462340221290
v -0.0052947038784623 -0.0113232554867864 -0.0986000001430511
vn -1.3261592075655604 -2.8361245289901067 2.9762462340221294
v -0.0052947038784623 -0.0113232554867864 -0.0886000022292137
vn -0.8412614114449131 -3.0157219624350207 -2.9762451621107249
v -0.0033587445504963 -0.0120403012260795 -0.0986000001430511
vn -0.8412614114449128 -3.0157219624350198 2.9762451621107253
v -0.0033587445504963 -0.0120403012260795 -0.0886000022292137
vn -0.3334154445289809 -3.1130586724312921 -2.9762457032677085
v -0.0013311671791598 -0.0124289179220796 -0.0986000001430511
vn -0.3334154445289810 -3.1130586724312925 2.9762457032677077
v -0.0013311671791598 -0.0124289179220796 -0.0886000022292137
vn 0.1835235042625909 -3.1254791251014220 -2.9762462959636391
v 0.0007327209459618 -0.0124785061925650 -0.0986000001430511
vn 0.1835235042625910 -3.1254791251014220 2.9762462959636382
v 0.0007327209459618 -0.0124785061925650 -0.0886000022292137
vn 0.6954580142570188 -3.0526443361413937 -2.9762446394500612
v 0.0027766218408942 -0.0121877146884799 -0.0986000001430511
vn 0.6954580142570189 -3.0526443361413937 2.9762446394500612
v 0.0027766218408942 -0.0121877146884799 -0.0886000022292137
vn 1.1884218774838617 -2.8965417861062841 -2.9762465908039157
v 0.0047447844408453 -0.0115644717589021 -0.0986000001430511
vn 1.1884218774838615 -2.8965417861062832 2.9762465908039157
v 0.0047447844408453 -0.0115644717589021 -0.0886000022292137
vn 1.6489674336482303 -2.6614293842579526 -2.9762454668529426
v 0.0065835211426020 -0.0106257824227214 -0.0986000001430511
vn 1.6489674336482307 -2.6614293842579535 2.9762454668529426
v 0.0065835211426020 -0.0106257824227214 -0.0886000022292137
vn 2.0645349319499755 -2.3537195141593630 -2.9762455554375422
v 0.0082426769658923 -0.0093972487375140 -0.0986000001430511
vn 2.0645349319499755 -2.3537195141593630 2.9762455554375431
v 0.0082426769658923 -0.0093972487375140 -0.0886000022292137
vn 2.4237869439777375 -1.9818065055783580 -2.9762457262898048
v 0.0096769938245416 -0.0079123824834824 -0.0986000001430511
vn 2.4237869439777375 -1.9818065055783576 2.9762457262898048
v 0.0096769938245416 -0.0079123824834824 -0.0886000022292137
vn 2.7169246065294024 -1.5558342953332533 -2.9762451067097309
v 0.0108473477885127 -0.0062116868793964 -0.0986000001430511
vn 2.7169246065294028 -1.5558342953332531 2.9762451067097304
v 0.0108473477885127 -0.0062116868793964 -0.0886000022292137
vn 2.9359512196511370 -1.0874241405312144 -2.9762465268312490
v 0.0117218131199479 -0.0043415524996817 -0.0986000001430511
vn 2.9359512196511375 -1.0874241405312146 2.9762465268312486
v 0.0117218131199479 -0.0043415524996817 -0.0886000022292137
vn 3.0748925185206897 -0.5893519812725774 -2.9762452128161812
v 0.0122765395790339 -0.0023529925383627 -0.0986000001430511
vn 3.0748925185206897 -0.5893519812725773 2.9762452128161798
v 0.0122765395790339 -0.0023529925383627 -0.0886000022292137
vn 3.1299592320969190 -0.0752028533078462 -2.9762458351056709
v 0.0124963931739330 -0.0003002485318575 -0.0986000001430511
vn 3.1299592320969181 -0.0752028533078462 2.9762458351056713
v 0.0124963931739330 -0.0003002485318575 -0.0886000022292137
vn 3.0996486650900117 0.4409969193252306 -2.9762456702707549
v 0.0123753780499101 0.0017606851179153 -0.0986000001430511
vn 3.0996486650900126 0.4409969193252307 2.9762456702707549
v 0.0123753780499101 0.0017606851179153 -0.0886000022292137
vn 2.9847878872559290 0.9451674625359399 -2.9762458356128634
v 0.0119167948141694 0.0037735921796411 -0.0986000001430511
vn 2.9847878872559286 0.9451674625359398 2.9762458356128638
v 0.0119167948141694 0.0037735921796411 -0.0886000022292137
vn 2.7885094242274233 1.4235571074032927 -2.9762450758612813
v 0.0111331529915333 0.0056835650466383 -0.0986000001430511
vn 2.7885094242274233 1.4235571074032931 2.9762450758612813
v 0.0111331529915333 0.0056835650466383 -0.0886000022292137
vn 2.5161678634626785 1.8631155896217431 -2.9762460243101514
v 0.0100458264350891 0.0074385050684214 -0.0986000001430511
vn 2.5161678634626785 1.8631155896217431 2.9762460243101510
v 0.0100458264350891 0.0074385050684214 -0.0886000022292137
vn 2.1751930440852263 2.2518516591706166 -2.9762463401435637
v 0.0086844768375158 0.0089905420318246 -0.0986000001430511
vn 2.1751930440852263 2.2518516591706170 2.9762463401435637
v 0.0086844768375158 0.0089905420318246 -0.0886000022292137
vn 1.7945780629296686 2.5676957047095561 -2.9907539232864666
v 0.0070862374268472 0.0102973422035575 -0.0986000001430511
vn 1.7770046823147276 2.5779448095787245 2.9797087777676143
v 0.0070862374268472 0.0102973422035575 -0.0886000022292137
vn 1.4862265148297278 2.7647553601810468 -3.0584153682214761
v 0.0056210188195109 0.0111648617312312 -0.0986000001430511
vn 1.2315054802894796 2.8861242027759628 -3.0444083648423357
v 0.0052947038784623 0.0113232554867864 -0.0986000001430511
vn 0.0000000000000000 0.0000000000000000 -6.2831853071795880
v 0.0028409226797521 -0.0081810243427753 -0.0986000001430511
vn -2.2251133321428171 2.0864371301096147 -3.6249160417187483
v -0.0083524230867624 -0.0043064290657640 -0.0986000001430511
vn -2.9398568418120239 0.8133830624750025 -3.6249155978690371
v -0.0080009456723928 -0.0036804003175348 -0.0986000001430511
vn 0.0000000000000000 0.0000000000000000 -6.2831853071795791
v -0.0056645134463906 -0.0065508233383298 -0.0986000001430511
vn -2.6597734758828890 1.4933035939792560 -3.6249154626366256
v 0.0107545889914036 0.0025460764300078 -0.0986000001430511
vn -3.0490858979872750 0.0861963900174642 -3.6249136904630870
v 0.0109460344538093 0.0032380276825279 -0.0986000001430511
vn -2.7398882547471732 -1.3406575424834870 -3.6249155812777354
v 0.0107939857989550 0.0039396896027029 -0.0986000001430511
vn 1.0006250370029017 -2.8815110456402371 -3.6249129317929287
v 0.0089545715600252 0.0046974094584584 -0.0986000001430511
vn 0.0000000000000000 0.0000000000000000 -6.2831853071795791
v 0.0056645134463906 0.0065508233383298 -0.0986000001430511
vn -0.4530919543032714 -3.0164650967054913 -3.6249139661602667
v 0.0096694435924292 0.0047637741081417 -0.0986000001430511
vn -1.8030139809053192 -2.4603844412169349 -3.6249152676700058
v 0.0103332744911313 0.0044903191737831 -0.0986000001430511
vn 2.9811131771433343 0.6460037343832213 -3.6249128319586283
v 0.0079806586727500 0.0029627401381731 -0.0986000001430511
vn 0.0000000000000000 0.0000000000000000 -6.2831853071795898
v 0.0042527182959020 -0.0008151005022228 -0.0986000001430511
vn 2.9398568418120239 -0.8133830624750025 -3.6249155978690366
v 0.0080009456723928 0.0036804003175348 -0.0986000001430511
vn 2.2251133321428171 -2.0864371301096147 -3.6249160417187483
v 0.0083524230867624 0.0043064290657640 -0.0986000001430511
vn 2.3394320371200354 1.9573984392742960 -3.6249153145650581
v 0.0082962075248361 0.0023178553674370 -0.0986000001430511
vn 1.1618148044555956 2.8203791938535874 -3.6249146471491329
v 0.0088753057643771 0.0018934812396765 -0.0986000001430511
vn -0.2819602382137389 3.0372438436457445 -3.6249149503242437
v 0.0095852883532643 0.0017868370050564 -0.0986000001430511
vn -1.6611403441765258 2.5583134636380405 -3.6249135202614013
v 0.0102635063230991 0.0020223536994308 -0.0986000001430511
vn 2.9194642275267411 0.8837879741499656 -3.6249145939135774
v 0.0004467347462196 0.0093866251409054 -0.0986000001430511
vn 2.1743398802420484 2.1392984034766283 -3.6249150234797427
v 0.0008131526410580 0.0087692225351930 -0.0986000001430511
vn 0.0000000000000000 0.0000000000000000 -6.2831853071795871
v -0.0028409226797521 0.0081810243427753 -0.0986000001430511
vn 0.9311021115223928 2.9047210084913582 -3.6249134077734615
v 0.0014245208585635 0.0083928229287267 -0.0986000001430511
vn -0.5254404045448889 3.0047068394128678 -3.6249153567895553
v 0.0021407820750028 0.0083436537533998 -0.0986000001430511
vn 2.9957739810391879 -0.5741871948605246 -3.6249145410849515
v 0.0004092091112398 0.0101035907864571 -0.0986000001430511
vn -1.8616124937395078 2.4163507896395746 -3.6249147437496223
v 0.0027978497091681 0.0086329802870750 -0.0986000001430511
vn -2.7713103523772178 1.2744376844018492 -3.6249146281189297
v 0.0032451977021992 0.0091945212334394 -0.0986000001430511
vn -3.0461342472560577 -0.1594334379341514 -3.6249144568294414
v 0.0033803435508162 0.0098996339365840 -0.0986000001430511
vn -2.6231249803045840 -1.5567808584048564 -3.6249151414463072
v 0.0031723272986710 0.0105867851525545 -0.0986000001430511
vn -1.5991916087035705 -2.5974877501697184 -3.6249129131273703
v 0.0026688026264310 0.0110985571518540 -0.0986000001430511
vn -0.2089009046433104 -3.0431412926778050 -3.6249163572512453
v 0.0019851215183735 0.0113177103921771 -0.0986000001430511
vn 1.2292473814953426 -2.7916492166403089 -3.6249137590430349
v 0.0012779067037627 0.0111940372735262 -0.0986000001430511
vn 2.3857877177355524 -1.9006232835658556 -3.6249148812396594
v 0.0007091723382473 0.0107558714225888 -0.0986000001430511
vn 0.0000000000000000 0.0000000000000000 -6.2831853071795871
v -0.0111275799572468 0.0021327761933208 -0.0986000001430511
vn 2.8388810882925304 1.1158421465724759 -3.6249159149364738
v -0.0089602721855044 0.0059920968487859 -0.0986000001430511
vn 1.9951478392112709 2.3073234549062187 -3.6249129077900570
v -0.0085453614592552 0.0054061808623374 -0.0986000001430511
vn 0.6943502716710896 2.9702236684820704 -3.6249152996505440
v -0.0079056890681386 0.0050801960751414 -0.0986000001430511
vn -0.7655173106054882 2.9526825092997147 -3.6249153812002941
v -0.0071877930313349 0.0050888219848275 -0.0986000001430511
vn 0.0000000000000000 0.0000000000000000 -6.2831853071795898
v -0.0042527182959020 0.0008151005022228 -0.0986000001430511
vn -3.0234276584882349 -0.4040286207997499 -3.6249139950092681
v -0.0060774558223784 0.0067394995130599 -0.0986000001430511
vn -2.8648728563484402 1.0473077785058991 -3.6249156810275251
v -0.0061554252170026 0.0060257986187935 -0.0986000001430511
vn -2.0500117407426579 2.2587181407678565 -3.6249131908975203
v -0.0065561374649405 0.0054300827905536 -0.0986000001430511
vn -2.4893509708968415 -1.7628057161322652 -3.6249147290570165
v -0.0063400901854038 0.0074076843447983 -0.0986000001430511
vn -1.3849941264766206 -2.7177461256702173 -3.6249145176442132
v -0.0068831620737910 0.0078772800043225 -0.0986000001430511
vn 0.0366489080680450 -3.0500833024229292 -3.6249151454631692
v -0.0075822612270713 0.0080407084897161 -0.0986000001430511
vn 1.4498946292662285 -2.6836842642966126 -3.6249132389539103
v -0.0082772318273783 0.0078605292364955 -0.0986000001430511
vn 2.5309874560848726 -1.7024839124505500 -3.6249161567342925
v -0.0088088642805815 0.0073780207894742 -0.0986000001430511
vn 3.0322628560766303 -0.3312653102412090 -3.6249136454826134
v -0.0090553676709533 0.0067037180997431 -0.0986000001430511
vn -2.3394320371200354 -1.9573984392742960 -3.6249153145650581
v -0.0082962075248361 -0.0023178553674370 -0.0986000001430511
vn -1.1618148044555956 -2.8203791938535874 -3.6249146471491329
v -0.0088753057643771 -0.0018934812396765 -0.0986000001430511
vn -2.9811131771433343 -0.6460037343832213 -3.6249128319586283
v -0.0079806586727500 -0.0029627401381731 -0.0986000001430511
vn 0.2819602382137389 -3.0372438436457445 -3.6249149503242437
v -0.0095852883532643 -0.0017868370050564 -0.0986000001430511
vn 1.6611403441765258 -2.5583134636380405 -3.6249135202614013
v -0.0102635063230991 -0.0020223536994308 -0.0986000001430511
vn 2.6597734758828890 -1.4933035939792560 -3.6249154626366251
v -0.0107545889914036 -0.0025460764300078 -0.0986000001430511
vn 0.4530919543032714 3.0164650967054913 -3.6249139661602667
v -0.0096694435924292 -0.0047637741081417 -0.0986000001430511
vn -1.0006250370029017 2.8815110456402371 -3.6249129317929287
v -0.0089545715600252 -0.0046974094584584 -0.0986000001430511
vn 3.0490858979872750 -0.0861963900174642 -3.6249136904630870
v -0.0109460344538093 -0.0032380276825279 -0.0986000001430511
vn 2.7398882547471732 1.3406575424834870 -3.6249155812777354
v -0.0107939857989550 -0.0039396896027029 -0.0986000001430511
vn 1.8030139809053192 2.4603844412169349 -3.6249152676700058
v -0.0103332744911313 -0.0044903191737831 -0.0986000001430511
vn -0.9311021115223928 -2.9047210084913582 -3.6249134077734615
v -0.0014245208585635 -0.0083928229287267 -0.0986000001430511
vn 0.5254404045448889 -3.0047068394128678 -3.6249153567895553
v -0.0021407820750028 -0.0083436537533998 -0.0986000001430511
vn 1.8616124937395078 -2.4163507896395746 -3.6249147437496223
v -0.0027978497091681 -0.0086329802870750 -0.0986000001430511
vn 2.7713103523772178 -1.2744376844018492 -3.6249146281189297
v -0.0032451977021992 -0.0091945212334394 -0.0986000001430511
vn 3.0461342472560577 0.1594334379341514 -3.6249144568294414
v -0.0033803435508162 -0.0098996339365840 -0.0986000001430511
vn 2.6231249803045840 1.5567808584048564 -3.6249151414463068
v -0.0031723272986710 -0.0105867851525545 -0.0986000001430511
vn 1.5991916087035705 2.5974877501697184 -3.6249129131273707
v -0.0026688026264310 -0.0110985571518540 -0.0986000001430511
vn 0.2089009046433104 3.0431412926778050 -3.6249163572512444
v -0.0019851215183735 -0.0113177103921771 -0.0986000001430511
vn -1.2292473814953426 2.7916492166403089 -3.6249137590430349
v -0.0012779067037627 -0.0111940372735262 -0.0986000001430511
vn -2.3857877177355524 1.9006232835658556 -3.6249148812396594
v -0.0007091723382473 -0.0107558714225888 -0.0986000001430511
vn -2.9957739810391879 0.5741871948605246 -3.6249145410849515
v -0.0004092091112398 -0.0101035907864571 -0.0986000001430511
vn -2.9194642275267411 -0.8837879741499656 -3.6249145939135774
v -0.0004467347462196 -0.0093866251409054 -0.0986000001430511
vn -2.1743398802420484 -2.1392984034766283 -3.6249150234797427
v -0.0008131526410580 -0.0087692225351930 -0.0986000001430511
vn 2.4893509708968415 1.7628057161322652 -3.6249147290570165
v 0.0063400901854038 -0.0074076843447983 -0.0986000001430511
vn 1.3849941264766206 2.7177461256702173 -3.6249145176442132
v 0.0068831620737910 -0.0078772800043225 -0.0986000001430511
vn -0.0366489080680450 3.0500833024229292 -3.6249151454631692
v 0.0075822612270713 -0.0080407084897161 -0.0986000001430511
vn -1.4498946292662285 2.6836842642966126 -3.6249132389539103
v 0.0082772318273783 -0.0078605292364955 -0.0986000001430511
vn -2.5309874560848726 1.7024839124505500 -3.6249161567342925
v 0.0088088642805815 -0.0073780207894742 -0.0986000001430511
vn -3.0322628560766303 0.3312653102412090 -3.6249136454826139
v 0.0090553676709533 -0.0067037180997431 -0.0986000001430511
vn -2.8388810882925304 -1.1158421465724759 -3.6249159149364738
v 0.0089602721855044 -0.0059920968487859 -0.0986000001430511
vn -1.9951478392112709 -2.3073234549062187 -3.6249129077900570
v 0.0085453614592552 -0.0054061808623374 -0.0986000001430511
vn -0.6943502716710896 -2.9702236684820704 -3.6249152996505436
v 0.0079056890681386 -0.0050801960751414 -0.0986000001430511
vn 0.7655173106054882 -2.9526825092997147 -3.6249153812002941
v 0.0071877930313349 -0.0050888219848275 -0.0986000001430511
vn 2.0500117407426579 -2.2587181407678565 -3.6249131908975203
v 0.0065561374649405 -0.0054300827905536 -0.0986000001430511
vn 2.8648728563484402 -1.0473077785058991 -3.6249156810275251
v 0.0061554252170026 -0.0060257986187935 -0.0986000001430511
vn 3.0234276584882349 0.4040286207997499 -3.6249139950092681
v 0.0060774558223784 -0.0067394995130599 -0.0986000001430511
vn 0.0000000000000000 0.0000000000000000 6.2831853071795889
v -0.0000000000000000 0.0000000000000000 -0.0886000022292137
vn -2.9957739810391883 0.5741871948605248 -2.6582707660946356
v -0.0004092091112398 -0.0101035907864571 -0.0926000028848648
vn -2.3857877177355515 1.9006232835658550 -2.6582704259399277
v -0.0007091723382473 -0.0107558714225888 -0.0926000028848648
vn -1.2292473814953429 2.7916492166403097 -2.6582715481365513
v -0.0012779067037627 -0.0111940372735262 -0.0926000028848648
vn 0.2089009046433105 3.0431412926778041 -2.6582689499283418
v -0.0019851215183735 -0.0113177103921771 -0.0926000028848648
vn 1.5991916087035705 2.5974877501697184 -2.6582723940522164
v -0.0026688026264310 -0.0110985571518540 -0.0926000028848648
vn 2.6231249803045849 1.5567808584048566 -2.6582701657332795
v -0.0031723272986710 -0.0105867851525545 -0.0926000028848648
vn 3.0461342472560573 0.1594334379341512 -2.6582708503501449
v -0.0033803435508162 -0.0098996339365840 -0.0926000028848648
vn 2.7713103523772182 -1.2744376844018497 -2.6582706790606565
v -0.0032451977021992 -0.0091945212334394 -0.0926000028848648
vn 1.8616124937395073 -2.4163507896395742 -2.6582705634299639
v -0.0027978497091681 -0.0086329802870750 -0.0926000028848648
vn 0.5254404045448889 -3.0047068394128682 -2.6582699503900313
v -0.0021407820750028 -0.0083436537533998 -0.0926000028848648
vn -0.9311021115223930 -2.9047210084913586 -2.6582718994061247
v -0.0014245208585635 -0.0083928229287267 -0.0926000028848648
vn -2.1743398802420484 -2.1392984034766283 -2.6582702836998435
v -0.0008131526410580 -0.0087692225351930 -0.0926000028848648
vn -2.9194642275267406 -0.8837879741499657 -2.6582707132660088
v -0.0004467347462196 -0.0093866251409054 -0.0926000028848648
vn 0.0000000000000000 0.0000000000000000 -6.2831853071795845
v -0.0018823938444257 -0.0098212314769626 -0.0926000028848648
vn -1.9951478392112700 -2.3073234549062187 -2.6582723993895296
v 0.0085453614592552 -0.0054061808623374 -0.0926000028848648
vn -2.8388810882925317 -1.1158421465724764 -2.6582693922431129
v 0.0089602721855044 -0.0059920968487859 -0.0926000028848648
vn -3.0322628560766294 0.3312653102412089 -2.6582716616969728
v 0.0090553676709533 -0.0067037180997431 -0.0926000028848648
vn -2.5309874560848735 1.7024839124505502 -2.6582691504452942
v 0.0088088642805815 -0.0073780207894742 -0.0926000028848648
vn -1.4498946292662283 2.6836842642966134 -2.6582720682256760
v 0.0082772318273783 -0.0078605292364955 -0.0926000028848648
vn -0.0366489080680449 3.0500833024229284 -2.6582701617164171
v 0.0075822612270713 -0.0080407084897161 -0.0926000028848648
vn 1.3849941264766206 2.7177461256702178 -2.6582707895353725
v 0.0068831620737910 -0.0078772800043225 -0.0926000028848648
vn 2.4893509708968411 1.7628057161322652 -2.6582705781225693
v 0.0063400901854038 -0.0074076843447983 -0.0926000028848648
vn 3.0234276584882354 0.4040286207997500 -2.6582713121703181
v 0.0060774558223784 -0.0067394995130599 -0.0926000028848648
vn 2.8648728563484402 -1.0473077785058993 -2.6582696261520615
v 0.0061554252170026 -0.0060257986187935 -0.0926000028848648
vn 2.0500117407426579 -2.2587181407678569 -2.6582721162820659
v 0.0065561374649405 -0.0054300827905536 -0.0926000028848648
vn 0.7655173106054880 -2.9526825092997138 -2.6582699259792921
v 0.0071877930313349 -0.0050888219848275 -0.0926000028848648
vn -0.6943502716710898 -2.9702236684820704 -2.6582700075290422
v 0.0079056890681386 -0.0050801960751414 -0.0926000028848648
vn 0.0000000000000000 0.0000000000000000 -6.2831853071795853
v 0.0075642392039299 -0.0065408167429268 -0.0926000028848648
vn 1.0006250370029017 -2.8815110456402375 -2.6582723753866579
v 0.0089545715600252 0.0046974094584584 -0.0926000028848648
vn -0.4530919543032715 -3.0164650967054913 -2.6582713410193195
v 0.0096694435924292 0.0047637741081417 -0.0926000028848648
vn -1.8030139809053185 -2.4603844412169344 -2.6582700395095804
v 0.0103332744911313 0.0044903191737831 -0.0926000028848648
vn -2.7398882547471723 -1.3406575424834872 -2.6582697259018513
v 0.0107939857989550 0.0039396896027029 -0.0926000028848648
vn -3.0490858979872755 0.0861963900174639 -2.6582716167164993
v 0.0109460344538093 0.0032380276825279 -0.0926000028848648
vn -2.6597734758828890 1.4933035939792560 -2.6582698445429611
v 0.0107545889914036 0.0025460764300078 -0.0926000028848648
vn -1.6611403441765256 2.5583134636380400 -2.6582717869181853
v 0.0102635063230991 0.0020223536994308 -0.0926000028848648
vn -0.2819602382137389 3.0372438436457445 -2.6582703568553425
v 0.0095852883532643 0.0017868370050564 -0.0926000028848648
vn 1.1618148044555952 2.8203791938535869 -2.6582706600304533
v 0.0088753057643771 0.0018934812396765 -0.0926000028848648
vn 2.3394320371200363 1.9573984392742967 -2.6582699926145286
v 0.0082962075248361 0.0023178553674370 -0.0926000028848648
vn 2.9811131771433348 0.6460037343832213 -2.6582724752209579
v 0.0079806586727500 0.0029627401381731 -0.0926000028848648
vn 2.9398568418120234 -0.8133830624750027 -2.6582697093105496
v 0.0080009456723928 0.0036804003175348 -0.0926000028848648
vn 2.2251133321428171 -2.0864371301096143 -2.6582692654608384
v 0.0083524230867624 0.0043064290657640 -0.0926000028848648
vn 0.0000000000000000 0.0000000000000000 -6.2831853071795862
v 0.0094466330483556 0.0032804147340357 -0.0926000028848648
vn 2.9957739810391883 -0.5741871948605248 -2.6582707660946356
v 0.0004092091112398 0.0101035907864571 -0.0926000028848648
vn 2.3857877177355515 -1.9006232835658550 -2.6582704259399277
v 0.0007091723382473 0.0107558714225888 -0.0926000028848648
vn 1.2292473814953429 -2.7916492166403097 -2.6582715481365513
v 0.0012779067037627 0.0111940372735262 -0.0926000028848648
vn -0.2089009046433105 -3.0431412926778041 -2.6582689499283418
v 0.0019851215183735 0.0113177103921771 -0.0926000028848648
vn -1.5991916087035705 -2.5974877501697184 -2.6582723940522164
v 0.0026688026264310 0.0110985571518540 -0.0926000028848648
vn -2.6231249803045849 -1.5567808584048566 -2.6582701657332795
v 0.0031723272986710 0.0105867851525545 -0.0926000028848648
vn -3.0461342472560573 -0.1594334379341512 -2.6582708503501449
v 0.0033803435508162 0.0098996339365840 -0.0926000028848648
vn -2.7713103523772182 1.2744376844018497 -2.6582706790606565
v 0.0032451977021992 0.0091945212334394 -0.0926000028848648
vn -1.8616124937395073 2.4163507896395742 -2.6582705634299639
v 0.0027978497091681 0.0086329802870750 -0.0926000028848648
vn -0.5254404045448889 3.0047068394128682 -2.6582699503900313
v 0.0021407820750028 0.0083436537533998 -0.0926000028848648
vn 0.9311021115223930 2.9047210084913586 -2.6582718994061247
v 0.0014245208585635 0.0083928229287267 -0.0926000028848648
vn 2.1743398802420484 2.1392984034766283 -2.6582702836998435
v 0.0008131526410580 0.0087692225351930 -0.0926000028848648
vn 2.9194642275267406 0.8837879741499657 -2.6582707132660088
v 0.0004467347462196 0.0093866251409054 -0.0926000028848648
vn 0.0000000000000000 0.0000000000000000 -6.2831853071795845
v 0.0018823938444257 0.0098212314769626 -0.0926000028848648
vn 1.9951478392112700 2.3073234549062187 -2.6582723993895296
v -0.0085453614592552 0.0054061808623374 -0.0926000028848648
vn 2.8388810882925317 1.1158421465724764 -2.6582693922431129
v -0.0089602721855044 0.0059920968487859 -0.0926000028848648
vn 3.0322628560766294 -0.3312653102412089 -2.6582716616969728
v -0.0090553676709533 0.0067037180997431 -0.0926000028848648
vn 2.5309874560848735 -1.7024839124505502 -2.6582691504452942
v -0.0088088642805815 0.0073780207894742 -0.0926000028848648
vn 1.4498946292662283 -2.6836842642966134 -2.6582720682256760
v -0.0082772318273783 0.0078605292364955 -0.0926000028848648
vn 0.0366489080680449 -3.0500833024229284 -2.6582701617164171
v -0.0075822612270713 0.0080407084897161 -0.0926000028848648
vn -1.3849941264766206 -2.7177461256702178 -2.6582707895353725
v -0.0068831620737910 0.0078772800043225 -0.0926000028848648
vn -2.4893509708968411 -1.7628057161322652 -2.6582705781225693
v -0.0063400901854038 0.0074076843447983 -0.0926000028848648
vn -3.0234276584882354 -0.4040286207997500 -2.6582713121703181
v -0.0060774558223784 0.0067394995130599 -0.0926000028848648
vn -2.8648728563484402 1.0473077785058993 -2.6582696261520615
v -0.0061554252170026 0.0060257986187935 -0.0926000028848648
vn -2.0500117407426579 2.2587181407678569 -2.6582721162820659
v -0.0065561374649405 0.0054300827905536 -0.0926000028848648
vn -0.7655173106054880 2.9526825092997138 -2.6582699259792921
v -0.0071877930313349 0.0050888219848275 -0.0926000028848648
vn 0.6943502716710898 2.9702236684820704 -2.6582700075290422
v -0.0079056890681386 0.0050801960751414 -0.0926000028848648
vn 0.0000000000000000 0.0000000000000000 -6.2831853071795853
v -0.0075642392039299 0.0065408167429268 -0.0926000028848648
vn -1.0006250370029017 2.8815110456402375 -2.6582723753866579
v -0.0089545715600252 -0.0046974094584584 -0.0926000028848648
vn 0.4530919543032715 3.0164650967054913 -2.6582713410193195
v -0.0096694435924292 -0.0047637741081417 -0.0926000028848648
vn 1.8030139809053185 2.4603844412169344 -2.6582700395095804
v -0.0103332744911313 -0.0044903191737831 -0.0926000028848648
vn 2.7398882547471723 1.3406575424834872 -2.6582697259018513
v -0.0107939857989550 -0.0039396896027029 -0.0926000028848648
vn 3.0490858979872755 -0.0861963900174639 -2.6582716167164993
v -0.0109460344538093 -0.0032380276825279 -0.0926000028848648
vn 2.6597734758828890 -1.4933035939792560 -2.6582698445429611
v -0.0107545889914036 -0.0025460764300078 -0.0926000028848648
vn 1.6611403441765256 -2.5583134636380400 -2.6582717869181853
v -0.0102635063230991 -0.0020223536994308 -0.0926000028848648
vn 0.2819602382137389 -3.0372438436457445 -2.6582703568553425
v -0.0095852883532643 -0.0017868370050564 -0.0926000028848648
vn -1.1618148044555952 -2.8203791938535869 -2.6582706600304533
v -0.0088753057643771 -0.0018934812396765 -0.0926000028848648
vn -2.3394320371200363 -1.9573984392742967 -2.6582699926145286
v -0.0082962075248361 -0.0023178553674370 -0.0926000028848648
vn -2.9811131771433348 -0.6460037343832213 -2.6582724752209579
v -0.0079806586727500 -0.0029627401381731 -0.0926000028848648
vn -2.9398568418120234 0.8133830624750027 -2.6582697093105496
v -0.0080009456723928 -0.0036804003175348 -0.0926000028848648
vn -2.2251133321428171 2.0864371301096143 -2.6582692654608384
v -0.0083524230867624 -0.0043064290657640 -0.0926000028848648
vn 0.0000000000000000 0.0000000000000000 -6.2831853071795862
v -0.0094466330483556 -0.0032804147340357 -0.0926000028848648
vn -0.0000000000000000 -3.1308624981989910 2.9762454890196310
v 0.0000000000000000 -0.0395000018179417 -0.0689999982714653
vn 0.5153233610111124 -3.0881615794587383 -2.9762456424468242
v 0.0065014865249395 -0.0389612726867199 -0.0965999960899353
vn 0.5153233610111123 -3.0881615794587374 2.9762456424468242
v 0.0065014865249395 -0.0389612726867199 -0.0689999982714653
vn 1.0165893538261805 -2.9612238085386848 -2.9762459518625848
v 0.0128256287425756 -0.0373597815632820 -0.0965999960899353
vn 1.0165893538261803 -2.9612238085386844 2.9762459518625843
v 0.0128256287425756 -0.0373597815632820 -0.0689999982714653
vn 1.4901259179570931 -2.7535113165096208 -2.9762452906617667
v 0.0187999214977026 -0.0347392149269581 -0.0965999960899353
vn 1.4901259179570929 -2.7535113165096208 2.9762452906617654
v 0.0187999214977026 -0.0347392149269581 -0.0689999982714653
vn 1.9230157780902193 -2.4706903250341083 -2.9762459597814148
v 0.0242614019662142 -0.0311710499227047 -0.0965999960899353
vn 1.9230157780902193 -2.4706903250341088 2.9762459597814162
v 0.0242614019662142 -0.0311710499227047 -0.0689999982714653
vn 2.3034503538785396 -2.1204755444733250 -2.9762455935004963
v 0.0290610939264297 -0.0267526227980852 -0.0965999960899353
vn 2.3034503538785396 -2.1204755444733250 2.9762455935004959
v 0.0290610939264297 -0.0267526227980852 -0.0689999982714653
vn 2.6210532578447117 -1.7124192996461687 -2.9762455575093072
v 0.0330680757761002 -0.0216044522821903 -0.0965999960899353
vn 2.6210532578447117 -1.7124192996461687 2.9762455575093072
v 0.0330680757761002 -0.0216044522821903 -0.0689999982714653
vn 2.8671605302492247 -1.2576528337527637 -2.9762457030402323
v 0.0361730456352234 -0.0158669687807560 -0.0965999960899353
vn 2.8671605302492247 -1.2576528337527639 2.9762457030402283
v 0.0361730456352234 -0.0158669687807560 -0.0689999982714653
vn 3.0350589797099863 -0.7685813511766543 -2.9762458843033719
v 0.0382913090288639 -0.0096966763958335 -0.0965999960899353
vn 3.0350589797099863 -0.7685813511766543 2.9762458843033723
v 0.0382913090288639 -0.0096966763958335 -0.0689999982714653
vn 3.1201690087892904 -0.2585447593006643 -2.9762455546923263
v 0.0393650867044926 -0.0032618842087686 -0.0965999960899353
vn 3.1201690087892899 -0.2585447593006643 2.9762455546923263
v 0.0393650867044926 -0.0032618842087686 -0.0689999982714653
vn 3.1201690087892899 0.2585447593006643 -2.9762455546923281
v 0.0393650867044926 0.0032618842087686 -0.0965999960899353
vn 3.1201690087892904 0.2585447593006643 2.9762455546923272
v 0.0393650867044926 0.0032618842087686 -0.0689999982714653
vn 3.0350589797099863 0.7685813511766543 -2.9762458843033723
v 0.0382913090288639 0.0096966763958335 -0.0965999960899353
vn 3.0350589797099863 0.7685813511766543 2.9762458843033719
v 0.0382913090288639 0.0096966763958335 -0.0689999982714653
vn 2.8671605302492247 1.2576528337527639 -2.9762457030402296
v 0.0361730456352234 0.0158669687807560 -0.0965999960899353
vn 2.8671605302492247 1.2576528337527637 2.9762457030402323
v 0.0361730456352234 0.0158669687807560 -0.0689999982714653
vn 2.6210532578447117 1.7124192996461687 -2.9762455575093067
v 0.0330680757761002 0.0216044522821903 -0.0965999960899353
vn 2.6210532578447117 1.7124192996461687 2.9762455575093067
v 0.0330680757761002 0.0216044522821903 -0.0689999982714653
vn 2.3034503538785396 2.1204755444733250 -2.9762455935004963
v 0.0290610939264297 0.0267526227980852 -0.0965999960899353
vn 2.3034503538785396 2.1204755444733250 2.9762455935004963
v 0.0290610939264297 0.0267526227980852 -0.0689999982714653
vn 1.9230157780902193 2.4706903250341088 -2.9762459597814157
v 0.0242614019662142 0.0311710499227047 -0.0965999960899353
vn 1.9230157780902193 2.4706903250341083 2.9762459597814153
v 0.0242614019662142 0.0311710499227047 -0.0689999982714653
vn 1.4901259179570931 2.7535113165096208 -2.9762452906617654
v 0.0187999214977026 0.0347392149269581 -0.0965999960899353
vn 1.4901259179570931 2.7535113165096208 2.9762452906617662
v 0.0187999214977026 0.0347392149269581 -0.0689999982714653
vn 1.0165893538261803 2.9612238085386844 -2.9762459518625843
v 0.0128256287425756 0.0373597815632820 -0.0965999960899353
vn 1.0165893538261805 2.9612238085386844 2.9762459518625848
v 0.0128256287425756 0.0373597815632820 -0.0689999982714653
vn 0.5153233610111123 3.0881615794587378 -2.9762456424468255
v 0.0065014865249395 0.0389612726867199 -0.0965999960899353
vn 0.5153233610111123 3.0881615794587383 2.9762456424468242
v 0.0065014865249395 0.0389612726867199 -0.0689999982714653
vn -0.0000000000000002 3.1308624981989910 -2.9762454890196315
v -0.0000000000000000 0.0395000018179417 -0.0965999960899353
vn -0.0000000000000002 3.1308624981989914 -0.0000000000000000
v -0.0000000000000000 0.0395000018179417 -0.0689999982714653
vn -0.5153233610111125 3.0881615794587383 -2.9762456424468242
v -0.0065014865249395 0.0389612726867199 -0.0965999960899353
vn -0.5153233610111124 3.0881615794587374 2.9762456424468255
v -0.0065014865249395 0.0389612726867199 -0.0689999982714653
vn -1.0165893538261805 2.9612238085386848 -2.9762459518625848
v -0.0128256287425756 0.0373597815632820 -0.0965999960899353
vn -1.0165893538261803 2.9612238085386844 2.9762459518625843
v -0.0128256287425756 0.0373597815632820 -0.0689999982714653
vn -1.4901259179570931 2.7535113165096208 -2.9762452906617662
v -0.0187999214977026 0.0347392149269581 -0.0965999960899353
vn -1.4901259179570929 2.7535113165096208 2.9762452906617649
v -0.0187999214977026 0.0347392149269581 -0.0689999982714653
vn -1.9230157780902193 2.4706903250341083 -2.9762459597814148
v -0.0242614019662142 0.0311710499227047 -0.0965999960899353
vn -1.9230157780902193 2.4706903250341088 2.9762459597814157
v -0.0242614019662142 0.0311710499227047 -0.0689999982714653
vn -2.3034503538785396 2.1204755444733250 -2.9762455935004963
v -0.0290610939264297 0.0267526227980852 -0.0965999960899353
vn -2.3034503538785396 2.1204755444733250 2.9762455935004963
v -0.0290610939264297 0.0267526227980852 -0.0689999982714653
vn -2.6210532578447117 1.7124192996461687 -2.9762455575093072
v -0.0330680757761002 0.0216044522821903 -0.0965999960899353
vn -2.6210532578447117 1.7124192996461687 2.9762455575093067
v -0.0330680757761002 0.0216044522821903 -0.0689999982714653
vn -2.8671605302492247 1.2576528337527637 -2.9762457030402323
v -0.0361730456352234 0.0158669687807560 -0.0965999960899353
vn -2.8671605302492247 1.2576528337527639 2.9762457030402296
v -0.0361730456352234 0.0158669687807560 -0.0689999982714653
vn -3.0350589797099863 0.7685813511766543 -2.9762458843033719
v -0.0382913090288639 0.0096966763958335 -0.0965999960899353
vn -3.0350589797099863 0.7685813511766543 2.9762458843033723
v -0.0382913090288639 0.0096966763958335 -0.0689999982714653
vn -3.1201690087892904 0.2585447593006643 -2.9762455546923277
v -0.0393650867044926 0.0032618842087686 -0.0965999960899353
vn -3.1201690087892899 0.2585447593006643 2.9762455546923272
v -0.0393650867044926 0.0032618842087686 -0.0689999982714653
vn -3.1201690087892899 -0.2585447593006643 -2.9762455546923277
v -0.0393650867044926 -0.0032618842087686 -0.0965999960899353
vn -3.1201690087892904 -0.2585447593006643 2.9762455546923272
v -0.0393650867044926 -0.0032618842087686 -0.0689999982714653
vn -3.0350589797099863 -0.7685813511766543 -2.9762458843033723
v -0.0382913090288639 -0.0096966763958335 -0.0965999960899353
vn -3.0350589797099863 -0.7685813511766543 2.9762458843033719
v -0.0382913090288639 -0.0096966763958335 -0.0689999982714653
vn -2.8671605302492247 -1.2576528337527639 -2.9762457030402296
v -0.0361730456352234 -0.0158669687807560 -0.0965999960899353
vn -2.8671605302492247 -1.2576528337527637 2.9762457030402323
v -0.0361730456352234 -0.0158669687807560 -0.0689999982714653
vn -2.6210532578447117 -1.7124192996461687 -2.9762455575093067
v -0.0330680757761002 -0.0216044522821903 -0.0965999960899353
vn -2.6210532578447117 -1.7124192996461687 2.9762455575093072
v -0.0330680757761002 -0.0216044522821903 -0.0689999982714653
vn -2.3034503538785396 -2.1204755444733250 -2.9762455935004963
v -0.0290610939264297 -0.0267526227980852 -0.0965999960899353
vn -2.3034503538785396 -2.1204755444733250 2.9762455935004959
v -0.0290610939264297 -0.0267526227980852 -0.0689999982714653
vn -1.9230157780902193 -2.4706903250341088 -2.9762459597814162
v -0.0242614019662142 -0.0311710499227047 -0.0965999960899353
vn -1.9230157780902193 -2.4706903250341083 2.9762459597814148
v -0.0242614019662142 -0.0311710499227047 -0.0689999982714653
vn -1.4901259179570931 -2.7535113165096208 -2.9762452906617654
v -0.0187999214977026 -0.0347392149269581 -0.0965999960899353
vn -1.4901259179570931 -2.7535113165096208 2.9762452906617667
v -0.0187999214977026 -0.0347392149269581 -0.0689999982714653
vn -1.0165893538261803 -2.9612238085386844 -2.9762459518625843
v -0.0128256287425756 -0.0373597815632820 -0.0965999960899353
vn -1.0165893538261805 -2.9612238085386844 2.9762459518625852
v -0.0128256287425756 -0.0373597815632820 -0.0689999982714653
vn -0.5153233610111124 -3.0881615794587383 -2.9762456424468242
v -0.0065014865249395 -0.0389612726867199 -0.0965999960899353
vn -0.5153233610111124 -3.0881615794587383 2.9762456424468242
v -0.0065014865249395 -0.0389612726867199 -0.0689999982714653
vn -0.0000000000000000 -3.1308624981989919 -2.9762454890196310
v -0.0000000000000000 -0.0395000018179417 -0.0965999960899353
vn 0.0000000000000000 0.0000000000000000 -6.2831853071795800
v 0.0285000000149012 0.0130000002682209 -0.0965999960899353
vn 0.0000000000000000 0.0000000000000000 -6.2831853071795862
v 0.0285000000149012 -0.0262224320322275 -0.0965999960899353
vn 0.0000000000000000 0.0000000000000000 -6.2831853071795791
v 0.0000000000000001 -0.0352224335074425 -0.0965999960899353
vn 0.0000000000000000 0.0000000000000000 -6.2831853071795800
v -0.0285000000149012 -0.0130000002682209 -0.0965999960899353
vn 0.0000000000000000 0.0000000000000000 -6.2831853071795862
v -0.0285000000149012 0.0262224320322275 -0.0965999960899353
vn -3.0345446247410508 0.0000000000000002 -3.6651935323376237
v -0.0154999997466803 0.0294448640197515 -0.0965999960899353
vn -2.6279949310028909 -1.5172724513207250 -3.6651886813324221
v -0.0157009623944759 0.0301948636770248 -0.0965999960899353
vn 2.6279949310028909 -1.5172724513207250 -3.6651886813324221
v -0.0182990375906229 0.0301948636770248 -0.0965999960899353
vn 1.5172727037406546 -2.6279921048611579 -3.6651943910575331
v -0.0177500005811453 0.0307439025491476 -0.0965999960899353
vn 0.0000009420414185 -3.0345467612527184 -3.6651882771331783
v -0.0170000009238720 0.0309448633342981 -0.0965999960899353
vn -1.5172717616992364 -2.6279923572788038 -3.6651950119353733
v -0.0162499994039536 0.0307439025491476 -0.0965999960899353
vn 3.0345446247410508 -0.0000000000000002 -3.6651935323376232
v -0.0185000002384186 0.0294448640197515 -0.0965999960899353
vn 2.6279949310028909 1.5172724513207252 -3.6651886813324221
v -0.0182990375906229 0.0286948643624783 -0.0965999960899353
vn 0.0000000000000000 0.0000000000000000 -6.2831853071795880
v -0.0215000007301569 0.0262224320322275 -0.0965999960899353
vn 1.5172762195094689 2.6279911628141468 -3.6651920738942305
v -0.0177500005811453 0.0281458254903555 -0.0965999960899353
vn 0.0000009420483953 3.0345448771629058 -3.6651929114548008
v -0.0170000009238720 0.0279448628425598 -0.0965999960899353
vn 0.0000000000000000 0.0000000000000000 -6.2831853071795924
v 0.0000000000000001 0.0262224320322275 -0.0965999960899353
vn -1.5172752774610736 2.6279914152360018 -3.6651926947770535
v -0.0162499994039536 0.0281458254903555 -0.0965999960899353
vn -2.6279949310028909 1.5172724513207250 -3.6651886813324221
v -0.0157009623944759 0.0286948643624783 -0.0965999960899353
vn 0.0000000000000000 0.0000000000000000 -6.2831853071795880
v -0.0285000000149012 0.0130000002682209 -0.0965999960899353
vn 3.0345428352931156 0.0000000000000039 -3.6651979338251088
v -0.0355000011622906 -0.0000000000000000 -0.0965999960899353
vn 2.6279932119895131 1.5172766147388830 -3.6651872227108662
v -0.0352990366518497 -0.0007500000065193 -0.0965999960899353
vn 1.5172750188575101 2.6279920879521557 -3.6651915798241124
v -0.0347499996423721 -0.0012990380637348 -0.0965999960899353
vn 0.0000018840957669 3.0345453312761892 -3.6651917944686980
v -0.0340000018477440 -0.0015000000130385 -0.0965999960899353
vn -1.5172731347617430 2.6279925927944632 -3.6651928215888985
v -0.0332500003278255 -0.0012990380637348 -0.0965999960899353
vn -2.6279932119895140 1.5172766147388821 -3.6651872227108671
v -0.0327009633183479 -0.0007500000065193 -0.0965999960899353
vn -3.0345428352931165 0.0000000000000017 -3.6651979338251084
v -0.0324999988079071 -0.0000000000000000 -0.0965999960899353
vn -2.6279932119895149 -1.5172766147388810 -3.6651872227108679
v -0.0327009633183479 0.0007500000065193 -0.0965999960899353
vn -1.5172731347617434 -2.6279925927944641 -3.6651928215888985
v -0.0332500003278255 0.0012990380637348 -0.0965999960899353
vn 0.0000018840957670 -3.0345453312761888 -3.6651917944686989
v -0.0340000018477440 0.0015000000130385 -0.0965999960899353
vn 1.5172750188575101 -2.6279920879521557 -3.6651915798241124
v -0.0347499996423721 0.0012990380637348 -0.0965999960899353
vn 2.6279932119895149 -1.5172766147388792 -3.6651872227108688
v -0.0352990366518497 0.0007500000065193 -0.0965999960899353
vn 0.0000000000000000 0.0000000000000000 -6.2831853071795862
v -0.0285000000149012 -0.0262224320322275 -0.0965999960899353
vn 0.0000000000000000 0.0000000000000000 -6.2831853071795907
v -0.0215000007301569 -0.0262224320322275 -0.0965999960899353
vn -2.6279949310028909 -1.5172724513207250 -3.6651886813324221
v -0.0157009623944759 -0.0286948643624783 -0.0965999960899353
vn -1.5172752774610738 -2.6279914152360018 -3.6651926947770535
v -0.0162499994039536 -0.0281458254903555 -0.0965999960899353
vn 0.0000000000000000 0.0000000000000000 -6.2831853071796164
v 0.0000000000000001 -0.0262224320322275 -0.0965999960899353
vn 0.0000009420483951 -3.0345448771629053 -3.6651929114548008
v -0.0170000009238720 -0.0279448628425598 -0.0965999960899353
vn 1.5172762195094687 -2.6279911628141472 -3.6651920738942305
v -0.0177500005811453 -0.0281458254903555 -0.0965999960899353
vn 2.6279949310028909 -1.5172724513207250 -3.6651886813324221
v -0.0182990375906229 -0.0286948643624783 -0.0965999960899353
vn 3.0345446247410508 -0.0000000000000002 -3.6651935323376237
v -0.0185000002384186 -0.0294448640197515 -0.0965999960899353
vn 2.6279949310028909 1.5172724513207250 -3.6651886813324221
v -0.0182990375906229 -0.0301948636770248 -0.0965999960899353
vn 1.5172727037406548 2.6279921048611579 -3.6651943910575335
v -0.0177500005811453 -0.0307439025491476 -0.0965999960899353
vn 0.0000009420414185 3.0345467612527188 -3.6651882771331783
v -0.0170000009238720 -0.0309448633342981 -0.0965999960899353
vn -1.5172717616992362 2.6279923572788038 -3.6651950119353729
v -0.0162499994039536 -0.0307439025491476 -0.0965999960899353
vn -2.6279949310028909 1.5172724513207250 -3.6651886813324221
v -0.0157009623944759 -0.0301948636770248 -0.0965999960899353
vn -3.0345446247410508 0.0000000000000002 -3.6651935323376232
v -0.0154999997466803 -0.0294448640197515 -0.0965999960899353
vn -0.0000009420483953 -3.0345448771629058 -3.6651929114548003
v 0.0170000009238720 -0.0279448628425598 -0.0965999960899353
vn 1.5172752774610736 -2.6279914152360018 -3.6651926947770535
v 0.0162499994039536 -0.0281458254903555 -0.0965999960899353
vn -3.0345446247410508 0.0000000000000002 -3.6651935323376232
v 0.0185000002384186 -0.0294448640197515 -0.0965999960899353
vn -2.6279949310028909 -1.5172724513207252 -3.6651886813324221
v 0.0182990375906229 -0.0286948643624783 -0.0965999960899353
vn 0.0000000000000000 0.0000000000000000 -6.2831853071795880
v 0.0215000007301569 -0.0262224320322275 -0.0965999960899353
vn -1.5172762195094689 -2.6279911628141468 -3.6651920738942305
v 0.0177500005811453 -0.0281458254903555 -0.0965999960899353
vn -1.5172727037406546 2.6279921048611579 -3.6651943910575331
v 0.0177500005811453 -0.0307439025491476 -0.0965999960899353
vn -2.6279949310028909 1.5172724513207250 -3.6651886813324221
v 0.0182990375906229 -0.0301948636770248 -0.0965999960899353
vn 2.6279949310028909 -1.5172724513207250 -3.6651886813324226
v 0.0157009623944759 -0.0286948643624783 -0.0965999960899353
vn 3.0345446247410508 -0.0000000000000002 -3.6651935323376232
v 0.0154999997466803 -0.0294448640197515 -0.0965999960899353
vn 2.6279949310028909 1.5172724513207250 -3.6651886813324221
v 0.0157009623944759 -0.0301948636770248 -0.0965999960899353
vn 1.5172717616992364 2.6279923572788038 -3.6651950119353733
v 0.0162499994039536 -0.0307439025491476 -0.0965999960899353
vn -0.0000009420414185 3.0345467612527184 -3.6651882771331783
v 0.0170000009238720 -0.0309448633342981 -0.0965999960899353
vn 0.0000000000000000 0.0000000000000000 -6.2831853071795880
v 0.0285000000149012 -0.0130000002682209 -0.0965999960899353
vn 3.0345428352931165 -0.0000000000000023 -3.6651979338251088
v 0.0324999988079071 0.0000000000000000 -0.0965999960899353
vn 2.6279932119895140 -1.5172766147388823 -3.6651872227108666
v 0.0327009633183479 0.0007500000065193 -0.0965999960899353
vn -3.0345428352931147 -0.0000000000000045 -3.6651979338251084
v 0.0355000011622906 0.0000000000000000 -0.0965999960899353
vn -2.6279932119895135 -1.5172766147388836 -3.6651872227108662
v 0.0352990366518497 0.0007500000065193 -0.0965999960899353
vn -1.5172750188575101 -2.6279920879521557 -3.6651915798241124
v 0.0347499996423721 0.0012990380637348 -0.0965999960899353
vn -0.0000018840957669 -3.0345453312761892 -3.6651917944686980
v 0.0340000018477440 0.0015000000130385 -0.0965999960899353
vn 1.5172731347617430 -2.6279925927944632 -3.6651928215888985
v 0.0332500003278255 0.0012990380637348 -0.0965999960899353
vn 2.6279932119895149 1.5172766147388803 -3.6651872227108679
v 0.0327009633183479 -0.0007500000065193 -0.0965999960899353
vn 1.5172731347617434 2.6279925927944641 -3.6651928215888985
v 0.0332500003278255 -0.0012990380637348 -0.0965999960899353
vn -0.0000018840957670 3.0345453312761888 -3.6651917944686989
v 0.0340000018477440 -0.0015000000130385 -0.0965999960899353
vn -1.5172750188575101 2.6279920879521557 -3.6651915798241124
v 0.0347499996423721 -0.0012990380637348 -0.0965999960899353
vn -2.6279932119895149 1.5172766147388790 -3.6651872227108688
v 0.0352990366518497 -0.0007500000065193 -0.0965999960899353
vn 0.0000000000000000 0.0000000000000000 -6.2831853071795862
v 0.0285000000149012 0.0262224320322275 -0.0965999960899353
vn 0.0000000000000000 0.0000000000000000 -6.2831853071795907
v 0.0215000007301569 0.0262224320322275 -0.0965999960899353
vn 2.6279949310028909 -1.5172724513207250 -3.6651886813324226
v 0.0157009623944759 0.0301948636770248 -0.0965999960899353
vn 3.0345446247410508 -0.0000000000000002 -3.6651935323376237
v 0.0154999997466803 0.0294448640197515 -0.0965999960899353
vn 2.6279949310028909 1.5172724513207250 -3.6651886813324221
v 0.0157009623944759 0.0286948643624783 -0.0965999960899353
vn 1.5172752774610738 2.6279914152360018 -3.6651926947770539
v 0.0162499994039536 0.0281458254903555 -0.0965999960899353
vn -0.0000009420414185 -3.0345467612527188 -3.6651882771331783
v 0.0170000009238720 0.0309448633342981 -0.0965999960899353
vn 1.5172717616992362 -2.6279923572788038 -3.6651950119353733
v 0.0162499994039536 0.0307439025491476 -0.0965999960899353
vn -2.6279949310028909 -1.5172724513207250 -3.6651886813324221
v 0.0182990375906229 0.0301948636770248 -0.0965999960899353
vn -1.5172727037406548 -2.6279921048611579 -3.6651943910575335
v 0.0177500005811453 0.0307439025491476 -0.0965999960899353
vn -0.0000009420483951 3.0345448771629053 -3.6651929114547999
v 0.0170000009238720 0.0279448628425598 -0.0965999960899353
vn -1.5172762195094687 2.6279911628141472 -3.6651920738942305
v 0.0177500005811453 0.0281458254903555 -0.0965999960899353
vn -2.6279949310028909 1.5172724513207250 -3.6651886813324221
v 0.0182990375906229 0.0286948643624783 -0.0965999960899353
vn -3.0345446247410508 0.0000000000000002 -3.6651935323376237
v 0.0185000002384186 0.0294448640197515 -0.0965999960899353
vn 2.7057950428733246 1.5621909971371299 -3.3510317813047794
v 0.0212176218628883 0.0122499996796250 -0.0965999960899353
vn 2.3218686801197244 2.0906200599883444 -3.3510328754795724
v 0.0182070489972830 0.0163937006145716 -0.0965999960899353
vn 1.8364660918136892 2.5276788121650520 -3.3510314321085932
v 0.0144007382914424 0.0198209155350924 -0.0965999960899353
vn 1.2708009396642905 2.8542654800682490 -3.3510328208850764
v 0.0099650481715798 0.0223818644881248 -0.0965999960899353
vn 0.6495952447233401 3.0561075698215108 -3.3510318449368954
v 0.0050938362255692 0.0239646155387163 -0.0965999960899353
vn 0.0000000000000000 0.0000000000000000 -6.2831853071795862
v 0.0215000007301569 0.0130000002682209 -0.0965999960899353
vn 2.9714644495837770 0.9654875346571966 -3.3510321427616301
v 0.0233008842915297 0.0075709163211286 -0.0965999960899353
vn 3.1072669609398584 0.3265870338554810 -3.3510322377786079
v 0.0243657864630222 0.0025609473232180 -0.0965999960899353
vn 3.1072669609398575 -0.3265870338554809 -3.3510322377786079
v 0.0243657864630222 -0.0025609473232180 -0.0965999960899353
vn 2.9714644495837792 -0.9654875346571973 -3.3510321427616305
v 0.0233008842915297 -0.0075709163211286 -0.0965999960899353
vn 0.6495952447233397 -3.0561075698215081 -3.3510318449368963
v 0.0050938362255692 -0.0239646155387163 -0.0965999960899353
vn 1.2708009396642914 -2.8542654800682512 -3.3510328208850764
v 0.0099650481715798 -0.0223818644881248 -0.0965999960899353
vn 1.8364660918136884 -2.5276788121650506 -3.3510314321085932
v 0.0144007382914424 -0.0198209155350924 -0.0965999960899353
vn 2.3218686801197257 -2.0906200599883453 -3.3510328754795737
v 0.0182070489972830 -0.0163937006145716 -0.0965999960899353
vn 0.0000000000000000 0.0000000000000000 -6.2831853071795871
v 0.0215000007301569 -0.0130000002682209 -0.0965999960899353
vn 2.7057950428733220 -1.5621909971371284 -3.3510317813047790
v 0.0212176218628883 -0.0122499996796250 -0.0965999960899353
vn -2.3218686801197244 -2.0906200599883444 -3.3510328754795724
v -0.0182070489972830 -0.0163937006145716 -0.0965999960899353
vn -1.8364660918136892 -2.5276788121650520 -3.3510314321085932
v -0.0144007382914424 -0.0198209155350924 -0.0965999960899353
vn -2.7057950428733246 -1.5621909971371299 -3.3510317813047794
v -0.0212176218628883 -0.0122499996796250 -0.0965999960899353
vn -1.2708009396642905 -2.8542654800682490 -3.3510328208850764
v -0.0099650481715798 -0.0223818644881248 -0.0965999960899353
vn -0.6495952447233404 -3.0561075698215108 -3.3510318449368963
v -0.0050938362255692 -0.0239646155387163 -0.0965999960899353
vn 0.0000000000000000 -3.1243826765307583 -3.3510321869263775
v -0.0000000000000000 -0.0244999993592501 -0.0965999960899353
vn 0.0000000000000000 0.0000000000000000 -6.2831853071795862
v -0.0215000007301569 -0.0130000002682209 -0.0965999960899353
vn -2.9714644495837770 -0.9654875346571966 -3.3510321427616301
v -0.0233008842915297 -0.0075709163211286 -0.0965999960899353
vn -3.1072669609398584 -0.3265870338554810 -3.3510322377786079
v -0.0243657864630222 -0.0025609473232180 -0.0965999960899353
vn -3.1072669609398575 0.3265870338554809 -3.3510322377786079
v -0.0243657864630222 0.0025609473232180 -0.0965999960899353
vn -2.9714644495837792 0.9654875346571973 -3.3510321427616305
v -0.0233008842915297 0.0075709163211286 -0.0965999960899353
vn -2.7057950428733220 1.5621909971371284 -3.3510317813047790
v -0.0212176218628883 0.0122499996796250 -0.0965999960899353
vn 0.0000000000000000 0.0000000000000000 -6.2831853071795871
v -0.0215000007301569 0.0130000002682209 -0.0965999960899353
vn -2.3218686801197257 2.0906200599883453 -3.3510328754795733
v -0.0182070489972830 0.0163937006145716 -0.0965999960899353
vn -1.8364660918136884 2.5276788121650506 -3.3510314321085932
v -0.0144007382914424 0.0198209155350924 -0.0965999960899353
vn 0.0000000000000000 0.0000000000000000 -3.3510321869263775
v 0.0000000000000000 0.0244999993592501 -0.0965999960899353
vn -0.6495952447233400 3.0561075698215081 -3.3510318449368963
v -0.0050938362255692 0.0239646155387163 -0.0965999960899353
vn -1.2708009396642914 2.8542654800682512 -3.3510328208850764
v -0.0099650481715798 0.0223818644881248 -0.0965999960899353
vn -2.6279949310028905 -1.5172724513207250 3.6651886813324226
v -0.0157009623944759 0.0301948636770248 -0.0689999982714653
vn -3.0345446247410499 0.0000000000000001 3.6651935323376241
v -0.0154999997466803 0.0294448640197515 -0.0689999982714653
vn 0.0000000000000000 0.0000000000000000 6.2831853071795889
v 0.0000000000000001 0.0297224316745996 -0.0689999982714653
vn 0.0000000000000000 0.0000000000000000 6.2831853071795880
v 0.0000000000000001 -0.0352224335074425 -0.0689999982714653
vn 1.5172717616992362 -2.6279923572788042 3.6651950119353733
v 0.0162499994039536 0.0307439025491476 -0.0689999982714653
vn 3.0345446247410499 -0.0000000000000001 3.6651935323376250
v 0.0154999997466803 0.0294448640197515 -0.0689999982714653
vn 2.6279949310028901 -1.5172724513207250 3.6651886813324221
v 0.0157009623944759 0.0301948636770248 -0.0689999982714653
vn 0.0000000000000000 0.0000000000000000 2.9762454890196319
v 0.0000000000000000 0.0395000018179417 -0.0689999982714653
vn 0.0000000000000000 0.0000000000000000 6.2831853071795818
v 0.0305000003427267 0.0147224320098758 -0.0689999982714653
vn -2.6279932119895157 1.5172766147388772 3.6651872227108702
v 0.0352990366518497 -0.0007500000065193 -0.0689999982714653
vn -1.5172750188575099 2.6279920879521557 3.6651915798241124
v 0.0347499996423721 -0.0012990380637348 -0.0689999982714653
vn -0.0000018840957669 3.0345453312761892 3.6651917944686980
v 0.0340000018477440 -0.0015000000130385 -0.0689999982714653
vn 1.5172731347617432 2.6279925927944641 3.6651928215888989
v 0.0332500003278255 -0.0012990380637348 -0.0689999982714653
vn 0.0000000000000000 0.0000000000000000 6.2831853071795898
v 0.0305000003427267 -0.0107500003650784 -0.0689999982714653
vn 2.6279932119895157 1.5172766147388761 3.6651872227108706
v 0.0327009633183479 -0.0007500000065193 -0.0689999982714653
vn 3.0345428352931156 -0.0000000000000102 3.6651979338251075
v 0.0324999988079071 0.0000000000000000 -0.0689999982714653
vn 2.6279932119895131 -1.5172766147388865 3.6651872227108644
v 0.0327009633183479 0.0007500000065193 -0.0689999982714653
vn 1.5172731347617432 -2.6279925927944641 3.6651928215888985
v 0.0332500003278255 0.0012990380637348 -0.0689999982714653
vn -0.0000018840957669 -3.0345453312761892 3.6651917944686989
v 0.0340000018477440 0.0015000000130385 -0.0689999982714653
vn -1.5172750188575101 -2.6279920879521557 3.6651915798241124
v 0.0347499996423721 0.0012990380637348 -0.0689999982714653
vn -2.6279932119895131 -1.5172766147388854 3.6651872227108648
v 0.0352990366518497 0.0007500000065193 -0.0689999982714653
vn -3.0345428352931156 -0.0000000000000085 3.6651979338251088
v 0.0355000011622906 0.0000000000000000 -0.0689999982714653
vn -0.0000009420414183 3.0345467612527184 3.6651882771331783
v 0.0170000009238720 -0.0309448633342981 -0.0689999982714653
vn 1.5172717616992362 2.6279923572788038 3.6651950119353729
v 0.0162499994039536 -0.0307439025491476 -0.0689999982714653
vn 2.6279949310028905 1.5172724513207250 3.6651886813324221
v 0.0157009623944759 -0.0301948636770248 -0.0689999982714653
vn 0.0000000000000000 0.0000000000000000 6.2831853071795933
v 0.0000000000000001 -0.0239724311977625 -0.0689999982714653
vn 3.0345446247410499 -0.0000000000000001 3.6651935323376232
v 0.0154999997466803 -0.0294448640197515 -0.0689999982714653
vn 2.6279949310028901 -1.5172724513207250 3.6651886813324221
v 0.0157009623944759 -0.0286948643624783 -0.0689999982714653
vn -2.6279949310028905 -1.5172724513207250 3.6651886813324221
v 0.0182990375906229 -0.0286948643624783 -0.0689999982714653
vn 0.0000000000000000 0.0000000000000000 6.2831853071795880
v 0.0234999991953373 -0.0239724311977625 -0.0689999982714653
vn 0.0000000000000000 0.0000000000000000 6.2831853071795862
v 0.0305000003427267 -0.0239724311977625 -0.0689999982714653
vn 1.5172752774610736 -2.6279914152360018 3.6651926947770539
v 0.0162499994039536 -0.0281458254903555 -0.0689999982714653
vn -0.0000009420483953 -3.0345448771629053 3.6651929114548008
v 0.0170000009238720 -0.0279448628425598 -0.0689999982714653
vn -1.5172762195094687 -2.6279911628141464 3.6651920738942305
v 0.0177500005811453 -0.0281458254903555 -0.0689999982714653
vn -3.0345446247410499 0.0000000000000001 3.6651935323376237
v 0.0185000002384186 -0.0294448640197515 -0.0689999982714653
vn -2.6279949310028901 1.5172724513207250 3.6651886813324221
v 0.0182990375906229 -0.0301948636770248 -0.0689999982714653
vn -1.5172727037406548 2.6279921048611583 3.6651943910575335
v 0.0177500005811453 -0.0307439025491476 -0.0689999982714653
vn 1.5172727037406544 2.6279921048611579 3.6651943910575331
v -0.0177500005811453 -0.0307439025491476 -0.0689999982714653
vn 2.6279949310028905 1.5172724513207250 3.6651886813324221
v -0.0182990375906229 -0.0301948636770248 -0.0689999982714653
vn 3.0345446247410499 -0.0000000000000001 3.6651935323376232
v -0.0185000002384186 -0.0294448640197515 -0.0689999982714653
vn 2.6279949310028901 -1.5172724513207250 3.6651886813324226
v -0.0182990375906229 -0.0286948643624783 -0.0689999982714653
vn 0.0000000000000000 0.0000000000000000 6.2831853071795880
v -0.0234999991953373 -0.0239724311977625 -0.0689999982714653
vn -1.5172752774610734 -2.6279914152360018 3.6651926947770539
v -0.0162499994039536 -0.0281458254903555 -0.0689999982714653
vn 0.0000009420483951 -3.0345448771629049 3.6651929114548008
v -0.0170000009238720 -0.0279448628425598 -0.0689999982714653
vn 1.5172762195094687 -2.6279911628141468 3.6651920738942305
v -0.0177500005811453 -0.0281458254903555 -0.0689999982714653
vn -2.6279949310028905 -1.5172724513207250 3.6651886813324221
v -0.0157009623944759 -0.0286948643624783 -0.0689999982714653
vn -3.0345446247410499 0.0000000000000001 3.6651935323376237
v -0.0154999997466803 -0.0294448640197515 -0.0689999982714653
vn -2.6279949310028901 1.5172724513207250 3.6651886813324221
v -0.0157009623944759 -0.0301948636770248 -0.0689999982714653
vn -1.5172717616992362 2.6279923572788042 3.6651950119353733
v -0.0162499994039536 -0.0307439025491476 -0.0689999982714653
vn 0.0000009420414184 3.0345467612527184 3.6651882771331783
v -0.0170000009238720 -0.0309448633342981 -0.0689999982714653
vn 0.0000000000000000 0.0000000000000000 6.2831853071795862
v -0.0305000003427267 -0.0239724311977625 -0.0689999982714653
vn 0.0000000000000000 0.0000000000000000 6.2831853071795862
v -0.0305000003427267 -0.0107500003650784 -0.0689999982714653
vn 2.6279932119895149 -1.5172766147388823 3.6651872227108671
v -0.0352990366518497 0.0007500000065193 -0.0689999982714653
vn 1.5172750188575099 -2.6279920879521557 3.6651915798241124
v -0.0347499996423721 0.0012990380637348 -0.0689999982714653
vn 0.0000018840957669 -3.0345453312761892 3.6651917944686980
v -0.0340000018477440 0.0015000000130385 -0.0689999982714653
vn -1.5172731347617432 -2.6279925927944641 3.6651928215888989
v -0.0332500003278255 0.0012990380637348 -0.0689999982714653
vn 0.0000000000000000 0.0000000000000000 6.2831853071795827
v -0.0305000003427267 0.0147224320098758 -0.0689999982714653
vn -2.6279932119895140 -1.5172766147388812 3.6651872227108671
v -0.0327009633183479 0.0007500000065193 -0.0689999982714653
vn -3.0345428352931147 0.0000000000000000 3.6651979338251084
v -0.0324999988079071 0.0000000000000000 -0.0689999982714653
vn -2.6279932119895144 1.5172766147388814 3.6651872227108671
v -0.0327009633183479 -0.0007500000065193 -0.0689999982714653
vn -1.5172731347617432 2.6279925927944641 3.6651928215888985
v -0.0332500003278255 -0.0012990380637348 -0.0689999982714653
vn 0.0000018840957669 3.0345453312761892 3.6651917944686989
v -0.0340000018477440 -0.0015000000130385 -0.0689999982714653
vn 1.5172750188575101 2.6279920879521557 3.6651915798241124
v -0.0347499996423721 -0.0012990380637348 -0.0689999982714653
vn 2.6279932119895144 1.5172766147388803 3.6651872227108679
v -0.0352990366518497 -0.0007500000065193 -0.0689999982714653
vn 3.0345428352931156 -0.0000000000000018 3.6651979338251088
v -0.0355000011622906 0.0000000000000000 -0.0689999982714653
vn 0.0000000000000000 0.0000000000000000 6.2831853071795862
v -0.0234999991953373 0.0297224316745996 -0.0689999982714653
vn 2.6279949310028901 -1.5172724513207250 3.6651886813324221
v -0.0182990375906229 0.0301948636770248 -0.0689999982714653
vn 2.8960280243020335 -1.1783078884824789 3.3373135737004964
v 0.0263985842466354 -0.0107407961040735 -0.0689999982714653
vn 2.6115863200770919 -1.7190127093445897 3.3373135690122537
v 0.0238057691603899 -0.0156695656478405 -0.0689999982714653
vn 0.0000000000000000 0.0000000000000000 6.2831853071795862
v 0.0234999991953373 0.0297224316745996 -0.0689999982714653
vn 2.5941702364799895 1.7451843156603837 3.3373138718562365
v 0.0236470159143209 0.0159081313759089 -0.0689999982714653
vn 2.8840343939549968 1.2073662910182077 3.3373136272598432
v 0.0262892562896013 0.0110056800767779 -0.0689999982714653
vn 3.0637727167060778 0.6234455194076238 3.3373138053386207
v 0.0279276520013809 0.0056829811073840 -0.0689999982714653
vn 3.1265221039686990 0.0157183914711461 3.3373138479218052
v 0.0284996405243874 0.0001432796852896 -0.0689999982714653
vn 3.0698862653562893 -0.5926092340019872 3.3373140021252601
v 0.0279833804816008 -0.0054018930532038 -0.0689999982714653
vn -0.0000009420414184 -3.0345467612527184 3.6651882771331783
v 0.0170000009238720 0.0309448633342981 -0.0689999982714653
vn -1.5172727037406544 -2.6279921048611579 3.6651943910575331
v 0.0177500005811453 0.0307439025491476 -0.0689999982714653
vn -2.6279949310028905 -1.5172724513207250 3.6651886813324221
v 0.0182990375906229 0.0301948636770248 -0.0689999982714653
vn -3.0345446247410499 0.0000000000000001 3.6651935323376232
v 0.0185000002384186 0.0294448640197515 -0.0689999982714653
vn -0.0000000000000022 3.1265616364116040 3.3373137105384290
v -0.0000000000000000 0.0285000000149012 -0.0689999982714653
vn 0.6080350091331218 3.0668682408624881 3.3373140097372040
v 0.0055425073951483 0.0279558692127466 -0.0689999982714653
vn -2.6279949310028901 1.5172724513207250 3.6651886813324221
v 0.0182990375906229 0.0286948643624783 -0.0689999982714653
vn -1.5172762195094687 2.6279911628141468 3.6651920738942319
v 0.0177500005811453 0.0281458254903555 -0.0689999982714653
vn 2.2052486708424790 2.2163632360369001 3.3373136813335105
v 0.0201018229126930 0.0202031359076500 -0.0689999982714653
vn 1.7321203344141662 2.6029111724362450 3.3373139624907848
v 0.0157890487462282 0.0237266924232244 -0.0689999982714653
vn 1.5172727037406548 -2.6279921048611583 3.6651943910575335
v -0.0177500005811453 0.0307439025491476 -0.0689999982714653
vn 0.0000009420414183 -3.0345467612527184 3.6651882771331783
v -0.0170000009238720 0.0309448633342981 -0.0689999982714653
vn -1.5172717616992362 -2.6279923572788038 3.6651950119353733
v -0.0162499994039536 0.0307439025491476 -0.0689999982714653
vn 2.6279949310028905 1.5172724513207250 3.6651886813324230
v 0.0157009623944759 0.0286948643624783 -0.0689999982714653
vn 1.1928520269795597 2.8900678163186648 3.3373134240818274
v 0.0108733754605055 0.0263442527502775 -0.0689999982714653
vn 1.5172752774610734 2.6279914152360018 3.6651926947770539
v 0.0162499994039536 0.0281458254903555 -0.0689999982714653
vn -0.0000009420483951 3.0345448771629049 3.6651929114547999
v 0.0170000009238720 0.0279448628425598 -0.0689999982714653
vn -0.6080350091331240 3.0668682408624881 3.3373140097372032
v -0.0055425073951483 0.0279558692127466 -0.0689999982714653
vn -1.1928520269795597 2.8900678163186644 3.3373134240818296
v -0.0108733754605055 0.0263442527502775 -0.0689999982714653
vn -2.6279949310028901 1.5172724513207250 3.6651886813324226
v -0.0157009623944759 0.0286948643624783 -0.0689999982714653
vn -1.7321203344141665 2.6029111724362455 3.3373139624907830
v -0.0157890487462282 0.0237266924232244 -0.0689999982714653
vn -1.5172752774610736 2.6279914152360018 3.6651926947770539
v -0.0162499994039536 0.0281458254903555 -0.0689999982714653
vn 0.0000009420483953 3.0345448771629053 3.6651929114548003
v -0.0170000009238720 0.0279448628425598 -0.0689999982714653
vn -2.2052486708424790 2.2163632360368997 3.3373136813335105
v -0.0201018229126930 0.0202031359076500 -0.0689999982714653
vn 1.5172762195094687 2.6279911628141464 3.6651920738942314
v -0.0177500005811453 0.0281458254903555 -0.0689999982714653
vn -2.5941702364799895 1.7451843156603837 3.3373138718562330
v -0.0236470159143209 0.0159081313759089 -0.0689999982714653
vn 2.6279949310028905 1.5172724513207250 3.6651886813324221
v -0.0182990375906229 0.0286948643624783 -0.0689999982714653
vn 3.0345446247410499 -0.0000000000000001 3.6651935323376232
v -0.0185000002384186 0.0294448640197515 -0.0689999982714653
vn -2.8840343939549968 1.2073662910182077 3.3373136272598432
v -0.0262892562896013 0.0110056800767779 -0.0689999982714653
vn -3.0637727167060778 0.6234455194076238 3.3373138053386207
v -0.0279276520013809 0.0056829811073840 -0.0689999982714653
vn -3.1265221039686990 0.0157183914711461 3.3373138479218052
v -0.0284996405243874 0.0001432796852896 -0.0689999982714653
vn -3.0698862653562893 -0.5926092340019872 3.3373140021252601
v -0.0279833804816008 -0.0054018930532038 -0.0689999982714653
vn -2.6115863200770919 -1.7190127093445895 3.3373135690122537
v -0.0238057691603899 -0.0156695656478405 -0.0689999982714653
vn -2.8960280243020331 -1.1783078884824789 3.3373135737004964
v -0.0263985842466354 -0.0107407961040735 -0.0689999982714653
vn 1.2214119389539382 -2.5584976863429740 4.0323925933351568
v 0.0203039404004812 -0.0199999995529652 -0.0689999982714653
vn 0.0000000000000000 -3.1415926535897931 3.1415926535897936
v 0.0000000000000001 -0.0199999995529652 -0.0689999982714653
vn -1.2214119389539384 -2.5584976863429745 4.0323925933351568
v -0.0203039404004812 -0.0199999995529652 -0.0689999982714653
vn -1.2214119389539382 -2.5584976863429740 2.2507927138444299
v -0.0203039404004812 -0.0199999995529652 -0.0586000010371208
vn 1.2214119389539384 -2.5584976863429745 2.2507927138444295
v 0.0203039404004812 -0.0199999995529652 -0.0586000010371208
vn 2.6115863200770919 -1.7190127093445895 2.9458717381673329
v 0.0238057691603899 -0.0156695656478405 -0.0586000010371208
vn 2.8960280243020331 -1.1783078884824789 2.9458717334790903
v 0.0263985842466354 -0.0107407961040735 -0.0586000010371208
vn 3.0698862653562893 -0.5926092340019872 2.9458713050543226
v 0.0279833804816008 -0.0054018930532038 -0.0586000010371208
vn 3.1265221039686990 0.0157183914711461 2.9458714592577824
v 0.0284996405243874 0.0001432796852896 -0.0586000010371208
vn 3.0637727167060778 0.6234455194076238 2.9458715018409656
v 0.0279276520013809 0.0056829811073840 -0.0586000010371208
vn 2.8840343939549968 1.2073662910182077 2.9458716799197431
v 0.0262892562896013 0.0110056800767779 -0.0586000010371208
vn 2.5941702364799895 1.7451843156603837 2.9458714353233546
v 0.0236470159143209 0.0159081313759089 -0.0586000010371208
vn 2.2052486708424790 2.2163632360368997 2.9458716258460753
v 0.0201018229126930 0.0202031359076500 -0.0586000010371208
vn 1.7321203344141665 2.6029111724362455 2.9458713446888014
v 0.0157890487462282 0.0237266924232244 -0.0586000010371208
vn 1.1928520269795597 2.8900678163186644 2.9458718830977588
v 0.0108733754605055 0.0263442527502775 -0.0586000010371208
vn 0.6080350091331218 3.0668682408624877 2.9458712974423831
v 0.0055425073951483 0.0279558692127466 -0.0586000010371208
vn -0.0000000000000022 3.1265616364116040 2.9458715966411573
v -0.0000000000000000 0.0285000000149012 -0.0586000010371208
vn -0.6080350091331241 3.0668682408624885 2.9458712974423840
v -0.0055425073951483 0.0279558692127466 -0.0586000010371208
vn -1.1928520269795597 2.8900678163186648 2.9458718830977579
v -0.0108733754605055 0.0263442527502775 -0.0586000010371208
vn -1.7321203344141662 2.6029111724362450 2.9458713446888019
v -0.0157890487462282 0.0237266924232244 -0.0586000010371208
vn -2.2052486708424790 2.2163632360369001 2.9458716258460766
v -0.0201018229126930 0.0202031359076500 -0.0586000010371208
vn -2.5941702364799895 1.7451843156603837 2.9458714353233542
v -0.0236470159143209 0.0159081313759089 -0.0586000010371208
vn -2.8840343939549968 1.2073662910182077 2.9458716799197440
v -0.0262892562896013 0.0110056800767779 -0.0586000010371208
vn -3.0637727167060778 0.6234455194076238 2.9458715018409647
v -0.0279276520013809 0.0056829811073840 -0.0586000010371208
vn -3.1265221039686990 0.0157183914711461 2.9458714592577824
v -0.0284996405243874 0.0001432796852896 -0.0586000010371208
vn -3.0698862653562893 -0.5926092340019873 2.9458713050543262
v -0.0279833804816008 -0.0054018930532038 -0.0586000010371208
vn -2.8960280243020331 -1.1783078884824789 2.9458717334790903
v -0.0263985842466354 -0.0107407961040735 -0.0586000010371208
vn -2.6115863200770919 -1.7190127093445897 2.9458717381673316
v -0.0238057691603899 -0.0156695656478405 -0.0586000010371208
vn 0.6495952447233402 -3.0561075698215108 -2.9321534622426899
v 0.0050938362255692 -0.0239646155387163 -0.0970999971032143
vn 1.2708009396642908 -2.8542654800682490 -2.9321524862945099
v 0.0099650481715798 -0.0223818644881248 -0.0970999971032143
vn 1.8364660918136892 -2.5276788121650515 -2.9321538750709926
v 0.0144007382914424 -0.0198209155350924 -0.0970999971032143
vn 2.3218686801197244 -2.0906200599883444 -2.9321524317000138
v 0.0182070489972830 -0.0163937006145716 -0.0970999971032143
vn 2.7057950428733246 -1.5621909971371299 -2.9321535258748073
v 0.0212176218628883 -0.0122499996796250 -0.0970999971032143
vn 2.9714644495837774 -0.9654875346571966 -2.9321531644179557
v 0.0233008842915297 -0.0075709163211286 -0.0970999971032143
vn 3.1072669609398580 -0.3265870338554810 -2.9321530694009788
v 0.0243657864630222 -0.0025609473232180 -0.0970999971032143
vn 3.1072669609398575 0.3265870338554809 -2.9321530694009788
v 0.0243657864630222 0.0025609473232180 -0.0970999971032143
vn 2.9714644495837792 0.9654875346571973 -2.9321531644179553
v 0.0233008842915297 0.0075709163211286 -0.0970999971032143
vn 2.7057950428733220 1.5621909971371284 -2.9321535258748077
v 0.0212176218628883 0.0122499996796250 -0.0970999971032143
vn 2.3218686801197261 2.0906200599883458 -2.9321524317000138
v 0.0182070489972830 0.0163937006145716 -0.0970999971032143
vn 1.8364660918136884 2.5276788121650506 -2.9321538750709935
v 0.0144007382914424 0.0198209155350924 -0.0970999971032143
vn 1.2708009396642914 2.8542654800682508 -2.9321524862945099
v 0.0099650481715798 0.0223818644881248 -0.0970999971032143
vn 0.6495952447233397 3.0561075698215086 -2.9321534622426899
v 0.0050938362255692 0.0239646155387163 -0.0970999971032143
vn -0.0000000000000002 3.1243826765307583 -2.9321531202532087
v -0.0000000000000000 0.0244999993592501 -0.0970999971032143
vn -0.0000000000000002 3.1243826765307556 0.0000000000000000
v -0.0000000000000000 0.0244999993592501 -0.0965999960899353
vn -0.6495952447233402 3.0561075698215090 -2.9321534622426899
v -0.0050938362255692 0.0239646155387163 -0.0970999971032143
vn -1.2708009396642908 2.8542654800682490 -2.9321524862945099
v -0.0099650481715798 0.0223818644881248 -0.0970999971032143
vn -1.8364660918136892 2.5276788121650515 -2.9321538750709930
v -0.0144007382914424 0.0198209155350924 -0.0970999971032143
vn -2.3218686801197244 2.0906200599883444 -2.9321524317000138
v -0.0182070489972830 0.0163937006145716 -0.0970999971032143
vn -2.7057950428733246 1.5621909971371299 -2.9321535258748077
v -0.0212176218628883 0.0122499996796250 -0.0970999971032143
vn -2.9714644495837774 0.9654875346571966 -2.9321531644179557
v -0.0233008842915297 0.0075709163211286 -0.0970999971032143
vn -3.1072669609398580 0.3265870338554810 -2.9321530694009788
v -0.0243657864630222 0.0025609473232180 -0.0970999971032143
vn -3.1072669609398575 -0.3265870338554809 -2.9321530694009788
v -0.0243657864630222 -0.0025609473232180 -0.0970999971032143
vn -2.9714644495837792 -0.9654875346571973 -2.9321531644179557
v -0.0233008842915297 -0.0075709163211286 -0.0970999971032143
vn -2.7057950428733220 -1.5621909971371284 -2.9321535258748073
v -0.0212176218628883 -0.0122499996796250 -0.0970999971032143
vn -2.3218686801197261 -2.0906200599883458 -2.9321524317000138
v -0.0182070489972830 -0.0163937006145716 -0.0970999971032143
vn -1.8364660918136884 -2.5276788121650506 -2.9321538750709930
v -0.0144007382914424 -0.0198209155350924 -0.0970999971032143
vn -1.2708009396642914 -2.8542654800682508 -2.9321524862945099
v -0.0099650481715798 -0.0223818644881248 -0.0970999971032143
vn -0.6495952447233400 -3.0561075698215086 -2.9321534622426899
v -0.0050938362255692 -0.0239646155387163 -0.0970999971032143
vn -0.0000000000000003 -3.1243826765307583 -2.9321531202532092
v -0.0000000000000000 -0.0244999993592501 -0.0970999971032143
vn 1.7499557128283367 -2.5667138687218132 -3.4407918883236852
v -0.0070415008813143 0.0103279845789075 -0.0970999971032143
vn 0.9156581210314174 -2.9684904099640868 -3.4407918691356558
v -0.0036844396963716 0.0119446599856019 -0.0970999971032143
vn 0.0000000000000000 0.0000000000000000 -3.4407920975261472
v -0.0000000000000000 0.0125000001862645 -0.0970999971032143
vn -0.9156581210314161 -2.9684904099640863 -3.4407918691356558
v 0.0036844396963716 0.0119446599856019 -0.0970999971032143
vn 2.8917627884704102 -1.1349331331956369 -3.4407917777347601
v -0.0116359218955040 0.0045667625963688 -0.0970999971032143
vn 2.4287623700689829 -1.9368732629568695 -3.4407921590099839
v -0.0097728939726949 0.0077936225570738 -0.0970999971032143
vn 1.3478614751960756 2.7988631473108745 -3.4407916181774509
v -0.0054235467687249 -0.0112621104344726 -0.0970999971032143
vn 2.1129589729557741 2.2772283602302932 -3.4407922009393959
v -0.0085021592676640 -0.0091631487011909 -0.0970999971032143
vn 2.6903111339170449 1.5532518156903845 -3.4407918061859775
v -0.0108253173530102 -0.0062500000931323 -0.0970999971032143
vn 3.0286170872756735 0.6912622367685383 -3.4407919841802710
v -0.0121865989640355 -0.0027815117500722 -0.0970999971032143
vn -0.4630006068029024 3.0718064994361365 -3.4407921281706422
v 0.0018630282720551 -0.0123603856191039 -0.0970999971032143
vn 0.4630006068029023 3.0718064994361360 -3.4407921281706422
v -0.0018630282720551 -0.0123603856191039 -0.0970999971032143
vn -2.1129589729557741 2.2772283602302932 -3.4407922009393959
v 0.0085021592676640 -0.0091631487011909 -0.0970999971032143
vn -1.3478614751960754 2.7988631473108745 -3.4407916181774514
v 0.0054235467687249 -0.0112621104344726 -0.0970999971032143
vn 3.0978172238854844 -0.2321493352048606 -3.4407920356617256
v -0.0124650476500392 0.0009341261466034 -0.0970999971032143
vn -3.0978172238854844 -0.2321493352048606 -3.4407920356617252
v 0.0124650476500392 0.0009341261466034 -0.0970999971032143
vn -3.0286170872756739 0.6912622367685382 -3.4407919841802714
v 0.0121865989640355 -0.0027815117500722 -0.0970999971032143
vn -2.6903111339170453 1.5532518156903845 -3.4407918061859775
v 0.0108253173530102 -0.0062500000931323 -0.0970999971032143
vn -2.4287623700689824 -1.9368732629568690 -3.4407921590099839
v 0.0097728939726949 0.0077936225570738 -0.0970999971032143
vn -2.8917627884704107 -1.1349331331956369 -3.4407917777347596
v 0.0116359218955040 0.0045667625963688 -0.0970999971032143
vn -1.7499557128283372 -2.5667138687218141 -3.4407918883236852
v 0.0070415008813143 0.0103279845789075 -0.0970999971032143
vn 0.0000000000000011 -3.1065036256943559 -2.8423932096534390
v -0.0000000000000000 0.0125000001862645 -0.0886000022292137
vn 0.0000000000000011 -3.1065036256943559 -0.0000000000000000
v -0.0000000000000000 0.0125000001862645 -0.0970999971032143
vn -0.9156581210314163 -2.9684904099640868 -2.8423934380439300
v 0.0036844396963716 0.0119446599856019 -0.0886000022292137
vn -1.7499557128283367 -2.5667138687218132 -2.8423934188559015
v 0.0070415008813143 0.0103279845789075 -0.0886000022292137
vn -2.4287623700689829 -1.9368732629568695 -2.8423931481696032
v 0.0097728939726949 0.0077936225570738 -0.0886000022292137
vn -2.8917627884704102 -1.1349331331956369 -2.8423935294448270
v 0.0116359218955040 0.0045667625963688 -0.0886000022292137
vn -3.0978172238854844 -0.2321493352048606 -2.8423932715178610
v 0.0124650476500392 0.0009341261466034 -0.0886000022292137
vn -3.0286170872756735 0.6912622367685382 -2.8423933229993157
v 0.0121865989640355 -0.0027815117500722 -0.0886000022292137
vn -2.6903111339170449 1.5532518156903845 -2.8423935009936088
v 0.0108253173530102 -0.0062500000931323 -0.0886000022292137
vn -2.1129589729557741 2.2772283602302932 -2.8423931062401904
v 0.0085021592676640 -0.0091631487011909 -0.0886000022292137
vn -1.3478614751960756 2.7988631473108745 -2.8423936890021348
v 0.0054235467687249 -0.0112621104344726 -0.0886000022292137
vn -0.4630006068029023 3.0718064994361360 -2.8423931790089441
v 0.0018630282720551 -0.0123603856191039 -0.0886000022292137
vn 0.4630006068029024 3.0718064994361365 -2.8423931790089441
v -0.0018630282720551 -0.0123603856191039 -0.0886000022292137
vn 1.3478614751960754 2.7988631473108745 -2.8423936890021348
v -0.0054235467687249 -0.0112621104344726 -0.0886000022292137
vn 2.1129589729557736 2.2772283602302932 -2.8423931062401908
v -0.0085021592676640 -0.0091631487011909 -0.0886000022292137
vn 2.6903111339170453 1.5532518156903845 -2.8423935009936088
v -0.0108253173530102 -0.0062500000931323 -0.0886000022292137
vn 3.0286170872756739 0.6912622367685383 -2.8423933229993157
v -0.0121865989640355 -0.0027815117500722 -0.0886000022292137
vn 3.0978172238854844 -0.2321493352048606 -2.8423932715178610
v -0.0124650476500392 0.0009341261466034 -0.0886000022292137
vn 2.8917627884704102 -1.1349331331956369 -2.8423935294448270
v -0.0116359218955040 0.0045667625963688 -0.0886000022292137
vn 2.4287623700689824 -1.9368732629568690 -2.8423931481696032
v -0.0097728939726949 0.0077936225570738 -0.0886000022292137
vn 1.7499557128283372 -2.5667138687218141 -2.8423934188559015
v -0.0070415008813143 0.0103279845789075 -0.0886000022292137
vn 0.9156581210314172 -2.9684904099640859 -2.8423934380439309
v -0.0036844396963716 0.0119446599856019 -0.0886000022292137
vn 0.0000000000000000 0.0000000000000000 -6.2831853071795862
v -0.0000000000000000 0.0000000000000000 -0.0886000022292137
vn -0.0000018840957670 -3.0345453312761888 -2.6179935127108882
v 0.0340000018477440 0.0015000000130385 -0.0905999988317490
vn -1.5172750188575101 -2.6279920879521557 -2.6179937273554739
v 0.0347499996423721 0.0012990380637348 -0.0905999988317490
vn -2.6279932119895135 -1.5172766147388841 -2.6179980844687210
v 0.0352990366518497 0.0007500000065193 -0.0905999988317490
vn -3.0345428352931152 -0.0000000000000053 -2.6179873733544783
v 0.0355000011622906 0.0000000000000000 -0.0905999988317490
vn -2.6279932119895149 1.5172766147388788 -2.6179980844687174
v 0.0352990366518497 -0.0007500000065193 -0.0905999988317490
vn -1.5172750188575101 2.6279920879521557 -2.6179937273554739
v 0.0347499996423721 -0.0012990380637348 -0.0905999988317490
vn -0.0000018840957669 3.0345453312761892 -2.6179935127108882
v 0.0340000018477440 -0.0015000000130385 -0.0905999988317490
vn 1.5172731347617430 2.6279925927944632 -2.6179924855906878
v 0.0332500003278255 -0.0012990380637348 -0.0905999988317490
vn 2.6279932119895149 1.5172766147388796 -2.6179980844687183
v 0.0327009633183479 -0.0007500000065193 -0.0905999988317490
vn 3.0345428352931156 -0.0000000000000030 -2.6179873733544778
v 0.0324999988079071 0.0000000000000000 -0.0905999988317490
vn 2.6279932119895149 -1.5172766147388832 -2.6179980844687201
v 0.0327009633183479 0.0007500000065193 -0.0905999988317490
vn 1.5172731347617432 -2.6279925927944641 -2.6179924855906878
v 0.0332500003278255 0.0012990380637348 -0.0905999988317490
vn 0.0000000000000000 0.0000000000000000 -6.2831853071795871
v 0.0340000018477440 0.0000000000000000 -0.0905999988317490
vn -0.0000018840957669 3.0345453312761892 2.6179935127108882
v 0.0340000018477440 -0.0015000000130385 -0.0719999969005585
vn -1.5172750188575101 2.6279920879521557 2.6179937273554739
v 0.0347499996423721 -0.0012990380637348 -0.0719999969005585
vn -2.6279932119895149 1.5172766147388774 2.6179980844687165
v 0.0352990366518497 -0.0007500000065193 -0.0719999969005585
vn -3.0345428352931156 -0.0000000000000078 2.6179873733544783
v 0.0355000011622906 0.0000000000000000 -0.0719999969005585
vn -2.6279932119895131 -1.5172766147388854 2.6179980844687218
v 0.0352990366518497 0.0007500000065193 -0.0719999969005585
vn -1.5172750188575101 -2.6279920879521557 2.6179937273554739
v 0.0347499996423721 0.0012990380637348 -0.0719999969005585
vn -0.0000018840957669 -3.0345453312761892 2.6179935127108882
v 0.0340000018477440 0.0015000000130385 -0.0719999969005585
vn 1.5172731347617432 -2.6279925927944641 2.6179924855906878
v 0.0332500003278255 0.0012990380637348 -0.0719999969005585
vn 2.6279932119895131 -1.5172766147388861 2.6179980844687227
v 0.0327009633183479 0.0007500000065193 -0.0719999969005585
vn 3.0345428352931156 -0.0000000000000097 2.6179873733544778
v 0.0324999988079071 0.0000000000000000 -0.0719999969005585
vn 2.6279932119895157 1.5172766147388765 2.6179980844687161
v 0.0327009633183479 -0.0007500000065193 -0.0719999969005585
vn 1.5172731347617432 2.6279925927944641 2.6179924855906878
v 0.0332500003278255 -0.0012990380637348 -0.0719999969005585
vn 0.0000000000000000 0.0000000000000000 6.2831853071795853
v 0.0340000018477440 0.0000000000000000 -0.0719999969005585
vn 2.6279949310028909 -1.5172724513207250 -2.6179966258471641
v 0.0157009623944759 0.0301948636770248 -0.0905999988317490
vn 1.5172717616992364 -2.6279923572788038 -2.6179902952442138
v 0.0162499994039536 0.0307439025491476 -0.0905999988317490
vn -0.0000009420414185 -3.0345467612527184 -2.6179970300464079
v 0.0170000009238720 0.0309448633342981 -0.0905999988317490
vn -1.5172727037406546 -2.6279921048611579 -2.6179909161220531
v 0.0177500005811453 0.0307439025491476 -0.0905999988317490
vn -2.6279949310028909 -1.5172724513207250 -2.6179966258471641
v 0.0182990375906229 0.0301948636770248 -0.0905999988317490
vn -3.0345446247410508 -0.0000000000000002 -2.6179917748419630
v 0.0185000002384186 0.0294448640197515 -0.0905999988317490
vn -2.6279949310028909 1.5172724513207252 -2.6179966258471641
v 0.0182990375906229 0.0286948643624783 -0.0905999988317490
vn -1.5172762195094689 2.6279911628141468 -2.6179932332853557
v 0.0177500005811453 0.0281458254903555 -0.0905999988317490
vn -0.0000009420483953 3.0345448771629058 -2.6179923957247864
v 0.0170000009238720 0.0279448628425598 -0.0905999988317490
vn 1.5172752774610736 2.6279914152360022 -2.6179926124025328
v 0.0162499994039536 0.0281458254903555 -0.0905999988317490
vn 2.6279949310028909 1.5172724513207250 -2.6179966258471641
v 0.0157009623944759 0.0286948643624783 -0.0905999988317490
vn 3.0345446247410508 0.0000000000000002 -2.6179917748419630
v 0.0154999997466803 0.0294448640197515 -0.0905999988317490
vn 0.0000000000000000 0.0000000000000000 -6.2831853071795862
v 0.0170000009238720 0.0294448640197515 -0.0905999988317490
vn 2.6279949310028909 1.5172724513207250 -2.6179966258471641
v -0.0182990375906229 0.0286948643624783 -0.0905999988317490
vn 3.0345446247410508 0.0000000000000002 -2.6179917748419630
v -0.0185000002384186 0.0294448640197515 -0.0905999988317490
vn 2.6279949310028909 -1.5172724513207252 -2.6179966258471641
v -0.0182990375906229 0.0301948636770248 -0.0905999988317490
vn 1.5172727037406548 -2.6279921048611579 -2.6179909161220531
v -0.0177500005811453 0.0307439025491476 -0.0905999988317490
vn 0.0000009420414185 -3.0345467612527188 -2.6179970300464079
v -0.0170000009238720 0.0309448633342981 -0.0905999988317490
vn -1.5172717616992362 -2.6279923572788038 -2.6179902952442138
v -0.0162499994039536 0.0307439025491476 -0.0905999988317490
vn -2.6279949310028909 -1.5172724513207250 -2.6179966258471641
v -0.0157009623944759 0.0301948636770248 -0.0905999988317490
vn -3.0345446247410508 -0.0000000000000002 -2.6179917748419630
v -0.0154999997466803 0.0294448640197515 -0.0905999988317490
vn -2.6279949310028909 1.5172724513207252 -2.6179966258471641
v -0.0157009623944759 0.0286948643624783 -0.0905999988317490
vn -1.5172752774610738 2.6279914152360018 -2.6179926124025328
v -0.0162499994039536 0.0281458254903555 -0.0905999988317490
vn 0.0000009420483951 3.0345448771629058 -2.6179923957247864
v -0.0170000009238720 0.0279448628425598 -0.0905999988317490
vn 1.5172762195094689 2.6279911628141472 -2.6179932332853557
v -0.0177500005811453 0.0281458254903555 -0.0905999988317490
vn 0.0000000000000000 0.0000000000000000 -6.2831853071795862
v -0.0170000009238720 0.0294448640197515 -0.0905999988317490
vn 0.0000018840957670 3.0345453312761888 -2.6179935127108882
v -0.0340000018477440 -0.0015000000130385 -0.0905999988317490
vn 1.5172750188575101 2.6279920879521557 -2.6179937273554739
v -0.0347499996423721 -0.0012990380637348 -0.0905999988317490
vn 2.6279932119895140 1.5172766147388828 -2.6179980844687201
v -0.0352990366518497 -0.0007500000065193 -0.0905999988317490
vn 3.0345428352931152 0.0000000000000028 -2.6179873733544783
v -0.0355000011622906 -0.0000000000000000 -0.0905999988317490
vn 2.6279932119895149 -1.5172766147388799 -2.6179980844687183
v -0.0352990366518497 0.0007500000065193 -0.0905999988317490
vn 1.5172750188575101 -2.6279920879521557 -2.6179937273554739
v -0.0347499996423721 0.0012990380637348 -0.0905999988317490
vn 0.0000018840957669 -3.0345453312761892 -2.6179935127108882
v -0.0340000018477440 0.0015000000130385 -0.0905999988317490
vn -1.5172731347617430 -2.6279925927944632 -2.6179924855906878
v -0.0332500003278255 0.0012990380637348 -0.0905999988317490
vn -2.6279932119895140 -1.5172766147388810 -2.6179980844687192
v -0.0327009633183479 0.0007500000065193 -0.0905999988317490
vn -3.0345428352931156 0.0000000000000003 -2.6179873733544778
v -0.0324999988079071 -0.0000000000000000 -0.0905999988317490
vn -2.6279932119895153 1.5172766147388819 -2.6179980844687196
v -0.0327009633183479 -0.0007500000065193 -0.0905999988317490
vn -1.5172731347617432 2.6279925927944641 -2.6179924855906878
v -0.0332500003278255 -0.0012990380637348 -0.0905999988317490
vn 0.0000000000000000 0.0000000000000000 -6.2831853071795845
v -0.0340000018477440 -0.0000000000000000 -0.0905999988317490
vn -2.6279949310028909 1.5172724513207250 -2.6179966258471641
v -0.0157009623944759 -0.0301948636770248 -0.0905999988317490
vn -1.5172717616992364 2.6279923572788038 -2.6179902952442138
v -0.0162499994039536 -0.0307439025491476 -0.0905999988317490
vn 0.0000009420414185 3.0345467612527184 -2.6179970300464079
v -0.0170000009238720 -0.0309448633342981 -0.0905999988317490
vn 1.5172727037406546 2.6279921048611579 -2.6179909161220531
v -0.0177500005811453 -0.0307439025491476 -0.0905999988317490
vn 2.6279949310028909 1.5172724513207250 -2.6179966258471641
v -0.0182990375906229 -0.0301948636770248 -0.0905999988317490
vn 3.0345446247410508 0.0000000000000002 -2.6179917748419630
v -0.0185000002384186 -0.0294448640197515 -0.0905999988317490
vn 2.6279949310028909 -1.5172724513207252 -2.6179966258471641
v -0.0182990375906229 -0.0286948643624783 -0.0905999988317490
vn 1.5172762195094689 -2.6279911628141468 -2.6179932332853557
v -0.0177500005811453 -0.0281458254903555 -0.0905999988317490
vn 0.0000009420483953 -3.0345448771629058 -2.6179923957247864
v -0.0170000009238720 -0.0279448628425598 -0.0905999988317490
vn -1.5172752774610736 -2.6279914152360022 -2.6179926124025328
v -0.0162499994039536 -0.0281458254903555 -0.0905999988317490
vn -2.6279949310028909 -1.5172724513207250 -2.6179966258471641
v -0.0157009623944759 -0.0286948643624783 -0.0905999988317490
vn -3.0345446247410508 -0.0000000000000002 -2.6179917748419630
v -0.0154999997466803 -0.0294448640197515 -0.0905999988317490
vn 0.0000000000000000 0.0000000000000000 -6.2831853071795862
v -0.0170000009238720 -0.0294448640197515 -0.0905999988317490
vn -2.6279949310028909 -1.5172724513207250 -2.6179966258471641
v 0.0182990375906229 -0.0286948643624783 -0.0905999988317490
vn -3.0345446247410508 -0.0000000000000002 -2.6179917748419630
v 0.0185000002384186 -0.0294448640197515 -0.0905999988317490
vn -2.6279949310028909 1.5172724513207252 -2.6179966258471641
v 0.0182990375906229 -0.0301948636770248 -0.0905999988317490
vn -1.5172727037406548 2.6279921048611579 -2.6179909161220531
v 0.0177500005811453 -0.0307439025491476 -0.0905999988317490
vn -0.0000009420414185 3.0345467612527188 -2.6179970300464079
v 0.0170000009238720 -0.0309448633342981 -0.0905999988317490
vn 1.5172717616992362 2.6279923572788038 -2.6179902952442138
v 0.0162499994039536 -0.0307439025491476 -0.0905999988317490
vn 2.6279949310028909 1.5172724513207250 -2.6179966258471641
v 0.0157009623944759 -0.0301948636770248 -0.0905999988317490
vn 3.0345446247410508 0.0000000000000002 -2.6179917748419630
v 0.0154999997466803 -0.0294448640197515 -0.0905999988317490
vn 2.6279949310028909 -1.5172724513207252 -2.6179966258471641
v 0.0157009623944759 -0.0286948643624783 -0.0905999988317490
vn 1.5172752774610738 -2.6279914152360018 -2.6179926124025328
v 0.0162499994039536 -0.0281458254903555 -0.0905999988317490
vn -0.0000009420483951 -3.0345448771629058 -2.6179923957247864
v 0.0170000009238720 -0.0279448628425598 -0.0905999988317490
vn -1.5172762195094689 -2.6279911628141472 -2.6179932332853557
v 0.0177500005811453 -0.0281458254903555 -0.0905999988317490
vn 0.0000000000000000 0.0000000000000000 -6.2831853071795862
v 0.0170000009238720 -0.0294448640197515 -0.0905999988317490
vn -2.6279949310028905 1.5172724513207252 2.6179966258471641
v 0.0182990375906229 0.0286948643624783 -0.0719999969005585
vn -3.0345446247410499 -0.0000000000000001 2.6179917748419630
v 0.0185000002384186 0.0294448640197515 -0.0719999969005585
vn -2.6279949310028901 -1.5172724513207250 2.6179966258471641
v 0.0182990375906229 0.0301948636770248 -0.0719999969005585
vn -1.5172727037406546 -2.6279921048611579 2.6179909161220531
v 0.0177500005811453 0.0307439025491476 -0.0719999969005585
vn -0.0000009420414183 -3.0345467612527184 2.6179970300464079
v 0.0170000009238720 0.0309448633342981 -0.0719999969005585
vn 1.5172717616992362 -2.6279923572788038 2.6179902952442138
v 0.0162499994039536 0.0307439025491476 -0.0719999969005585
vn 2.6279949310028905 -1.5172724513207250 2.6179966258471641
v 0.0157009623944759 0.0301948636770248 -0.0719999969005585
vn 3.0345446247410499 0.0000000000000001 2.6179917748419630
v 0.0154999997466803 0.0294448640197515 -0.0719999969005585
vn 2.6279949310028901 1.5172724513207250 2.6179966258471641
v 0.0157009623944759 0.0286948643624783 -0.0719999969005585
vn 1.5172752774610736 2.6279914152360018 2.6179926124025328
v 0.0162499994039536 0.0281458254903555 -0.0719999969005585
vn -0.0000009420483953 3.0345448771629053 2.6179923957247864
v 0.0170000009238720 0.0279448628425598 -0.0719999969005585
vn -1.5172762195094687 2.6279911628141464 2.6179932332853557
v 0.0177500005811453 0.0281458254903555 -0.0719999969005585
vn 0.0000000000000000 0.0000000000000000 6.2831853071795862
v 0.0170000009238720 0.0294448640197515 -0.0719999969005585
vn -2.6279949310028901 -1.5172724513207250 2.6179966258471641
v -0.0157009623944759 0.0301948636770248 -0.0719999969005585
vn -1.5172717616992362 -2.6279923572788038 2.6179902952442138
v -0.0162499994039536 0.0307439025491476 -0.0719999969005585
vn 0.0000009420414184 -3.0345467612527184 2.6179970300464079
v -0.0170000009238720 0.0309448633342981 -0.0719999969005585
vn 1.5172727037406544 -2.6279921048611579 2.6179909161220531
v -0.0177500005811453 0.0307439025491476 -0.0719999969005585
vn 2.6279949310028905 -1.5172724513207250 2.6179966258471641
v -0.0182990375906229 0.0301948636770248 -0.0719999969005585
vn 3.0345446247410499 0.0000000000000001 2.6179917748419630
v -0.0185000002384186 0.0294448640197515 -0.0719999969005585
vn 2.6279949310028901 1.5172724513207250 2.6179966258471641
v -0.0182990375906229 0.0286948643624783 -0.0719999969005585
vn 1.5172762195094687 2.6279911628141468 2.6179932332853557
v -0.0177500005811453 0.0281458254903555 -0.0719999969005585
vn 0.0000009420483951 3.0345448771629049 2.6179923957247864
v -0.0170000009238720 0.0279448628425598 -0.0719999969005585
vn -1.5172752774610734 2.6279914152360018 2.6179926124025328
v -0.0162499994039536 0.0281458254903555 -0.0719999969005585
vn -2.6279949310028905 1.5172724513207250 2.6179966258471641
v -0.0157009623944759 0.0286948643624783 -0.0719999969005585
vn -3.0345446247410499 -0.0000000000000001 2.6179917748419630
v -0.0154999997466803 0.0294448640197515 -0.0719999969005585
vn 0.0000000000000000 0.0000000000000000 6.2831853071795862
v -0.0170000009238720 0.0294448640197515 -0.0719999969005585
vn 0.0000018840957669 -3.0345453312761892 2.6179935127108882
v -0.0340000018477440 0.0015000000130385 -0.0719999969005585
vn 1.5172750188575101 -2.6279920879521557 2.6179937273554739
v -0.0347499996423721 0.0012990380637348 -0.0719999969005585
vn 2.6279932119895140 -1.5172766147388819 2.6179980844687196
v -0.0352990366518497 0.0007500000065193 -0.0719999969005585
vn 3.0345428352931156 -0.0000000000000014 2.6179873733544778
v -0.0355000011622906 0.0000000000000000 -0.0719999969005585
vn 2.6279932119895149 1.5172766147388808 2.6179980844687187
v -0.0352990366518497 -0.0007500000065193 -0.0719999969005585
vn 1.5172750188575101 2.6279920879521557 2.6179937273554739
v -0.0347499996423721 -0.0012990380637348 -0.0719999969005585
vn 0.0000018840957669 3.0345453312761892 2.6179935127108882
v -0.0340000018477440 -0.0015000000130385 -0.0719999969005585
vn -1.5172731347617432 2.6279925927944641 2.6179924855906878
v -0.0332500003278255 -0.0012990380637348 -0.0719999969005585
vn -2.6279932119895140 1.5172766147388814 2.6179980844687196
v -0.0327009633183479 -0.0007500000065193 -0.0719999969005585
vn -3.0345428352931147 0.0000000000000004 2.6179873733544778
v -0.0324999988079071 -0.0000000000000000 -0.0719999969005585
vn -2.6279932119895140 -1.5172766147388810 2.6179980844687192
v -0.0327009633183479 0.0007500000065193 -0.0719999969005585
vn -1.5172731347617432 -2.6279925927944641 2.6179924855906878
v -0.0332500003278255 0.0012990380637348 -0.0719999969005585
vn 0.0000000000000000 0.0000000000000000 6.2831853071795853
v -0.0340000018477440 0.0000000000000000 -0.0719999969005585
vn 2.6279949310028905 -1.5172724513207252 2.6179966258471641
v -0.0182990375906229 -0.0286948643624783 -0.0719999969005585
vn 3.0345446247410499 0.0000000000000001 2.6179917748419630
v -0.0185000002384186 -0.0294448640197515 -0.0719999969005585
vn 2.6279949310028901 1.5172724513207250 2.6179966258471641
v -0.0182990375906229 -0.0301948636770248 -0.0719999969005585
vn 1.5172727037406546 2.6279921048611579 2.6179909161220531
v -0.0177500005811453 -0.0307439025491476 -0.0719999969005585
vn 0.0000009420414183 3.0345467612527184 2.6179970300464079
v -0.0170000009238720 -0.0309448633342981 -0.0719999969005585
vn -1.5172717616992362 2.6279923572788038 2.6179902952442138
v -0.0162499994039536 -0.0307439025491476 -0.0719999969005585
vn -2.6279949310028905 1.5172724513207250 2.6179966258471641
v -0.0157009623944759 -0.0301948636770248 -0.0719999969005585
vn -3.0345446247410499 -0.0000000000000001 2.6179917748419630
v -0.0154999997466803 -0.0294448640197515 -0.0719999969005585
vn -2.6279949310028901 -1.5172724513207250 2.6179966258471641
v -0.0157009623944759 -0.0286948643624783 -0.0719999969005585
vn -1.5172752774610736 -2.6279914152360018 2.6179926124025328
v -0.0162499994039536 -0.0281458254903555 -0.0719999969005585
vn 0.0000009420483953 -3.0345448771629053 2.6179923957247864
v -0.0170000009238720 -0.0279448628425598 -0.0719999969005585
vn 1.5172762195094687 -2.6279911628141464 2.6179932332853557
v -0.0177500005811453 -0.0281458254903555 -0.0719999969005585
vn 0.0000000000000000 0.0000000000000000 6.2831853071795862
v -0.0170000009238720 -0.0294448640197515 -0.0719999969005585
vn 2.6279949310028901 1.5172724513207250 2.6179966258471641
v 0.0157009623944759 -0.0301948636770248 -0.0719999969005585
vn 1.5172717616992362 2.6279923572788038 2.6179902952442138
v 0.0162499994039536 -0.0307439025491476 -0.0719999969005585
vn -0.0000009420414184 3.0345467612527184 2.6179970300464079
v 0.0170000009238720 -0.0309448633342981 -0.0719999969005585
vn -1.5172727037406544 2.6279921048611579 2.6179909161220531
v 0.0177500005811453 -0.0307439025491476 -0.0719999969005585
vn -2.6279949310028905 1.5172724513207250 2.6179966258471641
v 0.0182990375906229 -0.0301948636770248 -0.0719999969005585
vn -3.0345446247410499 -0.0000000000000001 2.6179917748419630
v 0.0185000002384186 -0.0294448640197515 -0.0719999969005585
vn -2.6279949310028901 -1.5172724513207250 2.6179966258471641
v 0.0182990375906229 -0.0286948643624783 -0.0719999969005585
vn -1.5172762195094687 -2.6279911628141468 2.6179932332853557
v 0.0177500005811453 -0.0281458254903555 -0.0719999969005585
vn -0.0000009420483951 -3.0345448771629049 2.6179923957247864
v 0.0170000009238720 -0.0279448628425598 -0.0719999969005585
vn 1.5172752774610734 -2.6279914152360018 2.6179926124025328
v 0.0162499994039536 -0.0281458254903555 -0.0719999969005585
vn 2.6279949310028905 -1.5172724513207250 2.6179966258471641
v 0.0157009623944759 -0.0286948643624783 -0.0719999969005585
vn 3.0345446247410499 0.0000000000000001 2.6179917748419630
v 0.0154999997466803 -0.0294448640197515 -0.0719999969005585
vn 0.0000000000000000 0.0000000000000000 6.2831853071795862
v 0.0170000009238720 -0.0294448640197515 -0.0719999969005585
# 2075 vertices, 0 vertices normals

f 1//1 2//2 3//3
f 3//3 2//2 4//4
f 3//3 4//4 5//5
f 6//6 7//7 8//8
f 7//7 9//9 8//8
f 8//8 9//9 10//10
f 8//8 10//10 11//11
f 11//11 10//10 12//12
f 6//6 8//8 13//13
f 13//13 8//8 14//14
f 13//13 14//14 15//15
f 1//1 16//16 2//2
f 2//2 16//16 17//17
f 2//2 17//17 18//18
f 18//18 17//17 13//13
f 18//18 13//13 19//19
f 19//19 13//13 15//15
f 20//20 21//21 22//22
f 12//12 23//23 11//11
f 11//11 23//23 24//24
f 11//11 24//24 25//25
f 26//26 27//27 28//28
f 25//25 24//24 29//29
f 29//29 24//24 30//30
f 29//29 30//30 28//28
f 28//28 30//30 31//31
f 28//28 31//31 26//26
f 22//22 32//32 20//20
f 20//20 32//32 28//28
f 20//20 28//28 33//33
f 33//33 28//28 27//27
f 34//34 35//35 36//36
f 36//36 35//35 37//37
f 36//36 37//37 38//38
f 38//38 37//37 39//39
f 39//39 37//37 40//40
f 39//39 40//40 41//41
f 41//41 42//42 39//39
f 39//39 42//42 43//43
f 39//39 43//43 44//44
f 44//44 43//43 45//45
f 44//44 45//45 46//46
f 45//45 47//47 46//46
f 46//46 47//47 48//48
f 46//46 48//48 49//49
f 49//49 48//48 50//50
f 49//49 50//50 51//51
f 51//51 50//50 52//52
f 51//51 52//52 53//53
f 53//53 52//52 54//54
f 53//53 54//54 55//55
f 55//55 54//54 56//56
f 56//56 57//57 55//55
f 55//55 57//57 58//58
f 55//55 58//58 59//59
f 60//60 61//61 62//62
f 62//62 61//61 63//63
f 62//62 63//63 64//64
f 65//65 66//66 67//67
f 66//66 68//68 67//67
f 67//67 68//68 69//69
f 67//67 69//69 70//70
f 70//70 69//69 71//71
f 65//65 67//67 72//72
f 72//72 67//67 73//73
f 72//72 73//73 74//74
f 60//60 75//75 61//61
f 61//61 75//75 76//76
f 61//61 76//76 77//77
f 77//77 76//76 72//72
f 77//77 72//72 78//78
f 78//78 72//72 74//74
f 79//79 80//80 81//81
f 71//71 82//82 70//70
f 70//70 82//82 83//83
f 70//70 83//83 84//84
f 85//85 86//86 87//87
f 84//84 83//83 88//88
f 88//88 83//83 89//89
f 88//88 89//89 87//87
f 87//87 89//89 90//90
f 87//87 90//90 85//85
f 81//81 91//91 79//79
f 79//79 91//91 87//87
f 79//79 87//87 92//92
f 92//92 87//87 86//86
f 93//93 94//94 95//95
f 96//96 97//97 98//98
f 98//98 99//99 96//96
f 96//96 99//99 100//100
f 96//96 100//100 101//101
f 101//101 100//100 94//94
f 94//94 100//100 102//102
f 94//94 102//102 95//95
f 93//93 95//95 103//103
f 103//103 95//95 104//104
f 103//103 104//104 105//105
f 105//105 106//106 103//103
f 103//103 106//106 107//107
f 103//103 107//107 108//108
f 107//107 109//109 108//108
f 108//108 109//109 110//110
f 108//108 110//110 111//111
f 111//111 110//110 112//112
f 111//111 112//112 113//113
f 113//113 112//112 114//114
f 114//114 115//115 113//113
f 113//113 115//115 116//116
f 113//113 116//116 117//117
f 118//118 119//119 120//120
f 120//120 119//119 121//121
f 120//120 121//121 122//122
f 122//122 121//121 123//123
f 124//124 125//125 126//126
f 126//126 125//125 127//127
f 128//128 129//129 130//130
f 3//3 5//5 131//131
f 131//131 5//5 132//132
f 131//131 132//132 133//133
f 134//134 135//135 136//136
f 62//62 64//64 137//137
f 137//137 64//64 138//138
f 137//137 138//138 139//139
f 136//136 62//62 134//134
f 134//134 62//62 137//137
f 134//134 137//137 140//140
f 140//140 137//137 141//141
f 140//140 141//141 131//131
f 131//131 141//141 128//128
f 131//131 128//128 3//3
f 3//3 128//128 130//130
f 34//34 36//36 142//142
f 142//142 36//36 143//143
f 142//142 143//143 144//144
f 144//144 143//143 145//145
f 146//146 97//97 147//147
f 147//147 97//97 96//96
f 148//148 149//149 150//150
f 151//151 152//152 153//153
f 140//140 154//154 120//120
f 120//120 122//122 140//140
f 140//140 122//122 155//155
f 140//140 155//155 134//134
f 134//134 155//155 135//135
f 156//156 157//157 158//158
f 159//159 160//160 161//161
f 161//161 160//160 162//162
f 161//161 162//162 151//151
f 156//156 158//158 154//154
f 163//163 152//152 164//164
f 164//164 152//152 151//151
f 164//164 151//151 165//165
f 165//165 151//151 162//162
f 163//163 166//166 152//152
f 152//152 166//166 167//167
f 152//152 167//167 156//156
f 156//156 167//167 168//168
f 156//156 168//168 157//157
f 159//159 118//118 160//160
f 160//160 118//118 120//120
f 160//160 120//120 169//169
f 169//169 120//120 154//154
f 169//169 154//154 170//170
f 170//170 154//154 158//158
f 171//171 172//172 152//152
f 173//173 174//174 175//175
f 175//175 174//174 176//176
f 152//152 172//172 153//153
f 153//153 172//172 177//177
f 153//153 177//177 174//174
f 174//174 177//177 178//178
f 174//174 178//178 176//176
f 179//179 180//180 181//181
f 181//181 180//180 175//175
f 181//181 175//175 182//182
f 182//182 175//175 176//176
f 183//183 184//184 185//185
f 185//185 184//184 186//186
f 185//185 186//186 187//187
f 179//179 183//183 180//180
f 180//180 183//183 185//185
f 180//180 185//185 188//188
f 188//188 185//185 189//189
f 190//190 191//191 192//192
f 193//193 185//185 194//194
f 194//194 185//185 192//192
f 194//194 192//192 195//195
f 195//195 192//192 191//191
f 193//193 196//196 185//185
f 185//185 196//196 197//197
f 185//185 197//197 189//189
f 197//197 198//198 189//189
f 189//189 198//198 199//199
f 189//189 199//199 200//200
f 201//201 202//202 203//203
f 202//202 204//204 203//203
f 203//203 204//204 205//205
f 203//203 205//205 192//192
f 192//192 205//205 206//206
f 192//192 206//206 207//207
f 208//208 209//209 210//210
f 210//210 209//209 211//211
f 210//210 211//211 212//212
f 213//213 214//214 215//215
f 207//207 213//213 192//192
f 192//192 213//213 215//215
f 192//192 215//215 190//190
f 190//190 215//215 216//216
f 190//190 216//216 217//217
f 217//217 216//216 218//218
f 217//217 218//218 219//219
f 219//219 218//218 200//200
f 219//219 200//200 220//220
f 220//220 200//200 199//199
f 212//212 211//211 221//221
f 221//221 211//211 222//222
f 221//221 222//222 214//214
f 214//214 222//222 223//223
f 214//214 223//223 215//215
f 208//208 201//201 209//209
f 209//209 201//201 203//203
f 209//209 203//203 224//224
f 224//224 203//203 225//225
f 149//149 226//226 227//227
f 227//227 228//228 203//203
f 203//203 228//228 229//229
f 203//203 229//229 225//225
f 230//230 231//231 232//232
f 232//232 231//231 233//233
f 232//232 233//233 148//148
f 148//148 233//233 234//234
f 148//148 234//234 149//149
f 149//149 234//234 235//235
f 149//149 235//235 226//226
f 229//229 236//236 225//225
f 225//225 236//236 237//237
f 225//225 237//237 238//238
f 238//238 237//237 239//239
f 238//238 239//239 230//230
f 230//230 239//239 240//240
f 230//230 240//240 231//231
f 154//154 142//142 144//144
f 241//241 149//149 242//242
f 242//242 149//149 156//156
f 242//242 156//156 243//243
f 150//150 244//244 245//245
f 245//245 244//244 246//246
f 245//245 246//246 247//247
f 247//247 246//246 248//248
f 247//247 248//248 144//144
f 144//144 248//248 249//249
f 144//144 249//249 154//154
f 154//154 249//249 250//250
f 154//154 250//250 156//156
f 156//156 250//250 251//251
f 156//156 251//251 243//243
f 241//241 252//252 149//149
f 149//149 252//252 253//253
f 149//149 253//253 150//150
f 150//150 253//253 254//254
f 150//150 254//254 244//244
f 142//142 154//154 34//34
f 34//34 154//154 140//140
f 34//34 140//140 35//35
f 35//35 140//140 131//131
f 35//35 131//131 133//133
f 227//227 203//203 149//149
f 149//149 203//203 192//192
f 149//149 192//192 156//156
f 156//156 192//192 185//185
f 156//156 185//185 152//152
f 152//152 185//185 187//187
f 152//152 187//187 171//171
f 255//255 151//151 153//153
f 255//255 153//153 256//256
f 256//256 153//153 174//174
f 256//256 174//174 257//257
f 257//257 174//174 173//173
f 257//257 173//173 258//258
f 258//258 173//173 175//175
f 258//258 175//175 259//259
f 259//259 175//175 180//180
f 259//259 180//180 260//260
f 260//260 180//180 188//188
f 260//260 188//188 261//261
f 261//261 188//188 189//189
f 261//261 189//189 262//262
f 262//262 189//189 200//200
f 262//262 200//200 263//263
f 263//263 200//200 218//218
f 263//263 218//218 264//264
f 264//264 218//218 216//216
f 264//264 216//216 265//265
f 265//265 216//216 266//266
f 266//266 216//216 215//215
f 266//266 215//215 267//267
f 215//215 223//223 267//267
f 267//267 223//223 222//222
f 267//267 222//222 268//268
f 268//268 222//222 211//211
f 268//268 211//211 269//269
f 269//269 211//211 209//209
f 269//269 209//209 270//270
f 270//270 209//209 224//224
f 270//270 224//224 271//271
f 271//271 224//224 225//225
f 271//271 225//225 272//272
f 272//272 225//225 238//238
f 272//272 238//238 273//273
f 273//273 238//238 230//230
f 273//273 230//230 274//274
f 274//274 230//230 232//232
f 274//274 232//232 275//275
f 275//275 232//232 148//148
f 275//275 148//148 276//276
f 276//276 148//148 150//150
f 276//276 150//150 277//277
f 277//277 278//278 276//276
f 279//279 280//280 278//278
f 255//255 256//256 281//281
f 282//282 281//281 283//283
f 283//283 281//281 284//284
f 282//282 285//285 281//281
f 281//281 285//285 286//286
f 281//281 286//286 255//255
f 287//287 121//121 119//119
f 288//288 289//289 284//284
f 284//284 289//289 290//290
f 284//284 290//290 283//283
f 286//286 291//291 255//255
f 255//255 291//291 292//292
f 255//255 292//292 293//293
f 293//293 292//292 294//294
f 293//293 294//294 295//295
f 295//295 294//294 296//296
f 295//295 296//296 119//119
f 119//119 296//296 297//297
f 119//119 297//297 287//287
f 123//123 121//121 298//298
f 298//298 121//121 287//287
f 298//298 287//287 36//36
f 36//36 287//287 143//143
f 278//278 280//280 284//284
f 284//284 280//280 299//299
f 284//284 299//299 300//300
f 300//300 301//301 284//284
f 284//284 301//301 287//287
f 284//284 287//287 288//288
f 288//288 287//287 297//297
f 277//277 302//302 278//278
f 278//278 302//302 303//303
f 278//278 303//303 279//279
f 304//304 305//305 306//306
f 306//306 305//305 307//307
f 306//306 307//307 277//277
f 277//277 307//307 308//308
f 277//277 308//308 302//302
f 301//301 309//309 287//287
f 287//287 309//309 310//310
f 287//287 310//310 143//143
f 143//143 310//310 305//305
f 143//143 305//305 145//145
f 145//145 305//305 304//304
f 311//311 312//312 313//313
f 313//313 312//312 314//314
f 315//315 272//272 316//316
f 316//316 272//272 273//273
f 316//316 273//273 317//317
f 317//317 273//273 274//274
f 318//318 319//319 278//278
f 278//278 319//319 320//320
f 278//278 320//320 276//276
f 276//276 320//320 321//321
f 276//276 321//321 275//275
f 275//275 321//321 322//322
f 275//275 322//322 274//274
f 274//274 322//322 323//323
f 274//274 323//323 317//317
f 315//315 311//311 272//272
f 272//272 311//311 313//313
f 272//272 313//313 271//271
f 271//271 313//313 270//270
f 269//269 270//270 324//324
f 325//325 326//326 313//313
f 313//313 326//326 327//327
f 327//327 328//328 313//313
f 313//313 328//328 329//329
f 313//313 329//329 270//270
f 270//270 329//329 330//330
f 270//270 330//330 324//324
f 331//331 332//332 325//325
f 325//325 332//332 333//333
f 325//325 333//333 326//326
f 334//334 335//335 266//266
f 336//336 262//262 337//337
f 337//337 262//262 263//263
f 337//337 263//263 338//338
f 339//339 340//340 341//341
f 342//342 334//334 325//325
f 325//325 334//334 266//266
f 325//325 266//266 331//331
f 331//331 266//266 267//267
f 331//331 267//267 343//343
f 343//343 267//267 268//268
f 343//343 268//268 344//344
f 344//344 268//268 269//269
f 344//344 269//269 345//345
f 345//345 269//269 324//324
f 338//338 263//263 346//346
f 346//346 263//263 264//264
f 346//346 264//264 335//335
f 335//335 264//264 265//265
f 335//335 265//265 266//266
f 340//340 347//347 341//341
f 341//341 347//347 348//348
f 341//341 348//348 325//325
f 325//325 348//348 349//349
f 325//325 349//349 342//342
f 336//336 339//339 262//262
f 262//262 339//339 341//341
f 262//262 341//341 261//261
f 261//261 341//341 260//260
f 258//258 259//259 257//257
f 257//257 259//259 350//350
f 260//260 351//351 259//259
f 259//259 351//351 352//352
f 259//259 352//352 350//350
f 353//353 354//354 341//341
f 341//341 354//354 355//355
f 341//341 355//355 260//260
f 260//260 355//355 356//356
f 260//260 356//356 351//351
f 350//350 357//357 257//257
f 257//257 357//357 358//358
f 257//257 358//358 256//256
f 256//256 358//358 359//359
f 256//256 359//359 281//281
f 281//281 359//359 360//360
f 281//281 360//360 361//361
f 314//314 318//318 313//313
f 313//313 318//318 278//278
f 313//313 278//278 325//325
f 325//325 278//278 284//284
f 325//325 284//284 341//341
f 341//341 284//284 281//281
f 341//341 281//281 353//353
f 353//353 281//281 361//361
f 362//362 363//363 364//364
f 365//365 366//366 367//367
f 368//368 369//369 370//370
f 370//370 369//369 371//371
f 368//368 370//370 372//372
f 372//372 370//370 373//373
f 372//372 373//373 374//374
f 364//364 363//363 375//375
f 375//375 363//363 141//141
f 375//375 141//141 376//376
f 377//377 378//378 366//366
f 369//369 379//379 371//371
f 371//371 379//379 380//380
f 371//371 380//380 381//381
f 381//381 380//380 382//382
f 381//381 382//382 367//367
f 367//367 382//382 383//383
f 367//367 383//383 365//365
f 374//374 373//373 384//384
f 384//384 373//373 385//385
f 384//384 385//385 386//386
f 386//386 385//385 387//387
f 387//387 385//385 376//376
f 387//387 376//376 146//146
f 146//146 376//376 141//141
f 146//146 141//141 97//97
f 388//388 389//389 390//390
f 391//391 392//392 393//393
f 393//393 392//392 394//394
f 393//393 394//394 395//395
f 395//395 394//394 396//396
f 395//395 396//396 397//397
f 97//97 141//141 98//98
f 98//98 141//141 137//137
f 98//98 137//137 139//139
f 396//396 398//398 397//397
f 397//397 398//398 399//399
f 397//397 399//399 363//363
f 363//363 399//399 400//400
f 363//363 400//400 141//141
f 141//141 400//400 126//126
f 389//389 388//388 401//401
f 401//401 388//388 402//402
f 401//401 402//402 403//403
f 403//403 402//402 404//404
f 403//403 404//404 405//405
f 366//366 406//406 377//377
f 377//377 406//406 407//407
f 377//377 407//407 408//408
f 126//126 127//127 141//141
f 141//141 127//127 409//409
f 141//141 409//409 128//128
f 128//128 409//409 129//129
f 391//391 388//388 392//392
f 392//392 388//388 390//390
f 392//392 390//390 410//410
f 410//410 390//390 411//411
f 410//410 411//411 412//412
f 412//412 411//411 413//413
f 407//407 414//414 408//408
f 408//408 414//414 415//415
f 408//408 415//415 413//413
f 413//413 415//415 416//416
f 413//413 416//416 412//412
f 378//378 417//417 366//366
f 366//366 417//417 418//418
f 366//366 418//418 367//367
f 367//367 418//418 419//419
f 367//367 419//419 420//420
f 420//420 419//419 403//403
f 420//420 403//403 421//421
f 421//421 403//403 405//405
f 421//421 405//405 422//422
f 422//422 405//405 423//423
f 422//422 423//423 364//364
f 364//364 423//423 424//424
f 364//364 424//424 362//362
f 425//425 398//398 396//396
f 425//425 396//396 426//426
f 426//426 396//396 394//394
f 426//426 394//394 427//427
f 427//427 394//394 392//392
f 427//427 392//392 428//428
f 428//428 392//392 410//410
f 428//428 410//410 429//429
f 429//429 410//410 412//412
f 429//429 412//412 430//430
f 430//430 412//412 416//416
f 430//430 416//416 431//431
f 431//431 416//416 415//415
f 431//431 415//415 432//432
f 432//432 415//415 414//414
f 432//432 414//414 433//433
f 433//433 414//414 407//407
f 433//433 407//407 434//434
f 434//434 407//407 406//406
f 434//434 406//406 435//435
f 435//435 406//406 366//366
f 435//435 366//366 436//436
f 436//436 366//366 365//365
f 436//436 365//365 437//437
f 437//437 365//365 383//383
f 437//437 383//383 438//438
f 438//438 383//383 382//382
f 438//438 382//382 439//439
f 439//439 382//382 380//380
f 439//439 380//380 440//440
f 440//440 380//380 379//379
f 440//440 379//379 441//441
f 441//441 379//379 369//369
f 441//441 369//369 442//442
f 442//442 369//369 368//368
f 442//442 368//368 443//443
f 443//443 368//368 372//372
f 443//443 372//372 444//444
f 444//444 372//372 374//374
f 444//444 374//374 445//445
f 445//445 374//374 384//384
f 445//445 384//384 446//446
f 426//426 427//427 447//447
f 447//447 427//427 448//448
f 449//449 450//450 451//451
f 451//451 450//450 452//452
f 451//451 452//452 453//453
f 453//453 452//452 454//454
f 453//453 454//454 455//455
f 456//456 457//457 449//449
f 449//449 457//457 458//458
f 449//449 458//458 450//450
f 426//426 447//447 425//425
f 425//425 447//447 459//459
f 425//425 459//459 460//460
f 461//461 125//125 124//124
f 462//462 463//463 464//464
f 464//464 463//463 454//454
f 438//438 439//439 465//465
f 465//465 439//439 466//466
f 461//461 124//124 467//467
f 468//468 469//469 467//467
f 467//467 469//469 470//470
f 467//467 470//470 461//461
f 461//461 470//470 147//147
f 461//461 147//147 96//96
f 471//471 472//472 442//442
f 455//455 454//454 473//473
f 473//473 454//454 463//463
f 473//473 463//463 474//474
f 474//474 463//463 475//475
f 474//474 475//475 476//476
f 477//477 478//478 479//479
f 479//479 478//478 480//480
f 479//479 480//480 464//464
f 464//464 480//480 481//481
f 464//464 481//481 462//462
f 460//460 459//459 482//482
f 482//482 459//459 457//457
f 482//482 457//457 124//124
f 124//124 457//457 456//456
f 124//124 456//456 467//467
f 442//442 443//443 471//471
f 471//471 443//443 444//444
f 471//471 444//444 483//483
f 483//483 444//444 445//445
f 483//483 445//445 468//468
f 468//468 445//445 446//446
f 468//468 446//446 469//469
f 439//439 440//440 466//466
f 466//466 440//440 441//441
f 466//466 441//441 484//484
f 484//484 441//441 442//442
f 484//484 442//442 476//476
f 476//476 442//442 472//472
f 476//476 472//472 474//474
f 485//485 436//436 465//465
f 465//465 436//436 437//437
f 465//465 437//437 438//438
f 432//432 433//433 486//486
f 486//486 433//433 434//434
f 486//486 434//434 485//485
f 485//485 434//434 435//435
f 485//485 435//435 436//436
f 486//486 478//478 432//432
f 432//432 478//478 477//477
f 432//432 477//477 431//431
f 431//431 477//477 487//487
f 427//427 428//428 448//448
f 448//448 428//428 429//429
f 448//448 429//429 487//487
f 487//487 429//429 430//430
f 487//487 430//430 431//431
f 488//488 21//21 20//20
f 489//489 490//490 491//491
f 491//491 490//490 492//492
f 491//491 492//492 493//493
f 493//493 492//492 494//494
f 493//493 494//494 495//495
f 495//495 494//494 496//496
f 495//495 496//496 20//20
f 55//55 59//59 497//497
f 497//497 59//59 498//498
f 497//497 498//498 499//499
f 499//499 498//498 500//500
f 499//499 500//500 501//501
f 501//501 500//500 502//502
f 501//501 502//502 21//21
f 503//503 504//504 505//505
f 505//505 504//504 506//506
f 505//505 506//506 507//507
f 507//507 506//506 508//508
f 507//507 508//508 509//509
f 508//508 510//510 509//509
f 509//509 510//510 511//511
f 509//509 511//511 512//512
f 512//512 511//511 513//513
f 512//512 513//513 496//496
f 496//496 513//513 514//514
f 496//496 514//514 20//20
f 20//20 514//514 515//515
f 20//20 515//515 488//488
f 488//488 516//516 21//21
f 21//21 516//516 517//517
f 21//21 517//517 501//501
f 501//501 517//517 503//503
f 501//501 503//503 518//518
f 518//518 503//503 505//505
f 519//519 80//80 79//79
f 520//520 521//521 522//522
f 113//113 117//117 523//523
f 523//523 117//117 524//524
f 523//523 524//524 525//525
f 525//525 524//524 526//526
f 525//525 526//526 527//527
f 527//527 526//526 528//528
f 527//527 528//528 80//80
f 529//529 527//527 530//530
f 530//530 527//527 80//80
f 530//530 80//80 531//531
f 531//531 80//80 519//519
f 522//522 521//521 532//532
f 532//532 521//521 533//533
f 532//532 533//533 529//529
f 529//529 533//533 534//534
f 529//529 534//534 527//527
f 535//535 536//536 537//537
f 537//537 536//536 538//538
f 537//537 538//538 539//539
f 539//539 538//538 540//540
f 539//539 540//540 541//541
f 541//541 540//540 542//542
f 541//541 542//542 79//79
f 522//522 543//543 520//520
f 520//520 543//543 544//544
f 520//520 544//544 545//545
f 545//545 544//544 546//546
f 545//545 546//546 547//547
f 547//547 546//546 548//548
f 547//547 548//548 542//542
f 542//542 548//548 549//549
f 542//542 549//549 79//79
f 79//79 549//549 550//550
f 79//79 550//550 519//519
f 101//101 94//94 551//551
f 551//551 552//552 101//101
f 101//101 552//552 553//553
f 101//101 553//553 96//96
f 94//94 93//93 551//551
f 551//551 93//93 103//103
f 551//551 103//103 554//554
f 554//554 103//103 555//555
f 554//554 555//555 556//556
f 556//556 555//555 557//557
f 556//556 557//557 558//558
f 558//558 557//557 559//559
f 558//558 559//559 560//560
f 560//560 559//559 561//561
f 560//560 561//561 562//562
f 562//562 561//561 563//563
f 562//562 563//563 564//564
f 564//564 563//563 565//565
f 564//564 565//565 566//566
f 566//566 565//565 567//567
f 566//566 567//567 568//568
f 568//568 567//567 569//569
f 568//568 569//569 570//570
f 570//570 569//569 571//571
f 570//570 571//571 572//572
f 572//572 571//571 573//573
f 574//574 575//575 576//576
f 576//576 575//575 577//577
f 574//574 578//578 575//575
f 575//575 578//578 579//579
f 575//575 579//579 580//580
f 580//580 579//579 581//581
f 580//580 581//581 582//582
f 582//582 581//581 583//583
f 582//582 583//583 584//584
f 584//584 583//583 585//585
f 584//584 585//585 125//125
f 573//573 571//571 580//580
f 580//580 571//571 586//586
f 580//580 586//586 575//575
f 577//577 575//575 490//490
f 490//490 575//575 587//587
f 490//490 587//587 492//492
f 587//587 588//588 492//492
f 492//492 588//588 589//589
f 492//492 589//589 494//494
f 589//589 590//590 494//494
f 494//494 590//590 591//591
f 494//494 591//591 496//496
f 591//591 592//592 496//496
f 496//496 592//592 593//593
f 496//496 593//593 512//512
f 593//593 594//594 512//512
f 512//512 594//594 595//595
f 512//512 595//595 509//509
f 595//595 596//596 509//509
f 509//509 596//596 597//597
f 509//509 597//597 507//507
f 597//597 598//598 507//507
f 507//507 598//598 599//599
f 507//507 599//599 505//505
f 599//599 600//600 505//505
f 505//505 600//600 601//601
f 505//505 601//601 518//518
f 601//601 602//602 518//518
f 518//518 602//602 603//603
f 518//518 603//603 501//501
f 603//603 604//604 501//501
f 501//501 604//604 605//605
f 501//501 605//605 499//499
f 499//499 605//605 606//606
f 499//499 606//606 497//497
f 606//606 607//607 497//497
f 497//497 607//607 608//608
f 497//497 608//608 55//55
f 39//39 609//609 38//38
f 38//38 609//609 610//610
f 38//38 610//610 36//36
f 44//44 46//46 611//611
f 611//611 46//46 49//49
f 611//611 49//49 51//51
f 608//608 612//612 55//55
f 55//55 612//612 611//611
f 55//55 611//611 53//53
f 53//53 611//611 51//51
f 39//39 44//44 609//609
f 609//609 44//44 611//611
f 609//609 611//611 613//613
f 613//613 611//611 614//614
f 613//613 614//614 615//615
f 615//615 614//614 616//616
f 615//615 616//616 617//617
f 617//617 616//616 618//618
f 619//619 620//620 621//621
f 621//621 620//620 622//622
f 621//621 622//622 623//623
f 623//623 622//622 624//624
f 623//623 624//624 123//123
f 618//618 616//616 625//625
f 625//625 616//616 626//626
f 625//625 626//626 627//627
f 627//627 626//626 628//628
f 627//627 628//628 629//629
f 629//629 628//628 630//630
f 629//629 630//630 631//631
f 631//631 630//630 632//632
f 631//631 632//632 633//633
f 633//633 632//632 634//634
f 633//633 634//634 635//635
f 635//635 634//634 636//636
f 635//635 636//636 637//637
f 637//637 636//636 638//638
f 637//637 638//638 639//639
f 639//639 638//638 640//640
f 639//639 640//640 619//619
f 641//641 642//642 640//640
f 640//640 642//642 643//643
f 640//640 643//643 619//619
f 619//619 643//643 644//644
f 619//619 644//644 620//620
f 641//641 640//640 536//536
f 536//536 640//640 645//645
f 536//536 645//645 538//538
f 645//645 646//646 538//538
f 538//538 646//646 647//647
f 538//538 647//647 540//540
f 647//647 648//648 540//540
f 540//540 648//648 649//649
f 540//540 649//649 542//542
f 649//649 650//650 542//542
f 542//542 650//650 651//651
f 542//542 651//651 547//547
f 651//651 652//652 547//547
f 547//547 652//652 653//653
f 547//547 653//653 545//545
f 653//653 654//654 545//545
f 545//545 654//654 655//655
f 545//545 655//655 520//520
f 655//655 656//656 520//520
f 520//520 656//656 657//657
f 520//520 657//657 521//521
f 657//657 658//658 521//521
f 521//521 658//658 659//659
f 521//521 659//659 533//533
f 659//659 660//660 533//533
f 533//533 660//660 661//661
f 533//533 661//661 534//534
f 661//661 662//662 534//534
f 534//534 662//662 663//663
f 534//534 663//663 527//527
f 663//663 664//664 527//527
f 527//527 664//664 665//665
f 527//527 665//665 525//525
f 103//103 108//108 555//555
f 555//555 108//108 111//111
f 555//555 111//111 666//666
f 666//666 111//111 113//113
f 666//666 113//113 667//667
f 667//667 113//113 523//523
f 667//667 523//523 668//668
f 668//668 523//523 525//525
f 668//668 525//525 669//669
f 669//669 525//525 665//665
f 580//580 582//582 461//461
f 461//461 582//582 584//584
f 461//461 584//584 125//125
f 461//461 96//96 553//553
f 570//570 572//572 670//670
f 553//553 552//552 461//461
f 461//461 552//552 551//551
f 461//461 551//551 580//580
f 580//580 551//551 670//670
f 580//580 670//670 573//573
f 573//573 670//670 572//572
f 564//564 566//566 671//671
f 671//671 556//556 558//558
f 558//558 560//560 671//671
f 671//671 560//560 562//562
f 671//671 562//562 564//564
f 551//551 554//554 670//670
f 670//670 554//554 556//556
f 670//670 556//556 570//570
f 570//570 556//556 671//671
f 570//570 671//671 568//568
f 568//568 671//671 566//566
f 619//619 621//621 672//672
f 672//672 621//621 623//623
f 672//672 623//623 123//123
f 672//672 36//36 610//610
f 673//673 613//613 615//615
f 610//610 609//609 672//672
f 672//672 609//609 613//613
f 672//672 613//613 619//619
f 619//619 613//613 673//673
f 619//619 673//673 639//639
f 639//639 673//673 637//637
f 627//627 674//674 625//625
f 625//625 674//674 618//618
f 615//615 617//617 673//673
f 673//673 617//617 618//618
f 673//673 618//618 637//637
f 637//637 618//618 674//674
f 637//637 674//674 635//635
f 635//635 674//674 633//633
f 627//627 629//629 674//674
f 674//674 629//629 631//631
f 674//674 631//631 633//633
f 489//489 675//675 490//490
f 490//490 675//675 676//676
f 490//490 676//676 577//577
f 577//577 676//676 677//677
f 577//577 677//677 576//576
f 576//576 677//677 574//574
f 677//677 678//678 574//574
f 574//574 678//678 679//679
f 574//574 679//679 578//578
f 578//578 679//679 680//680
f 578//578 680//680 579//579
f 409//409 127//127 681//681
f 681//681 127//127 125//125
f 681//681 125//125 682//682
f 682//682 125//125 585//585
f 682//682 585//585 683//683
f 683//683 585//585 583//583
f 683//683 583//583 684//684
f 684//684 583//583 581//581
f 684//684 581//581 685//685
f 685//685 581//581 579//579
f 685//685 579//579 686//686
f 686//686 579//579 680//680
f 687//687 644//644 688//688
f 688//688 644//644 643//643
f 688//688 643//643 689//689
f 689//689 643//643 642//642
f 689//689 642//642 690//690
f 690//690 642//642 641//641
f 690//690 641//641 691//691
f 691//691 641//641 536//536
f 691//691 536//536 692//692
f 692//692 536//536 535//535
f 155//155 122//122 693//693
f 693//693 122//122 123//123
f 693//693 123//123 694//694
f 694//694 123//123 624//624
f 694//694 624//624 695//695
f 695//695 624//624 622//622
f 695//695 622//622 696//696
f 696//696 622//622 620//620
f 696//696 620//620 697//697
f 697//697 620//620 644//644
f 697//697 644//644 698//698
f 698//698 644//644 687//687
f 446//446 384//384 469//469
f 469//469 384//384 386//386
f 469//469 386//386 470//470
f 470//470 386//386 387//387
f 470//470 387//387 147//147
f 147//147 387//387 146//146
f 119//119 118//118 295//295
f 295//295 118//118 159//159
f 295//295 159//159 293//293
f 293//293 159//159 161//161
f 293//293 161//161 255//255
f 255//255 161//161 151//151
f 277//277 150//150 306//306
f 306//306 150//150 245//245
f 306//306 245//245 304//304
f 304//304 245//245 247//247
f 304//304 247//247 145//145
f 145//145 247//247 144//144
f 124//124 126//126 482//482
f 482//482 126//126 400//400
f 482//482 400//400 460//460
f 460//460 400//400 399//399
f 460//460 399//399 425//425
f 425//425 399//399 398//398
f 699//699 700//700 701//701
f 701//701 700//700 702//702
f 701//701 702//702 703//703
f 703//703 702//702 704//704
f 703//703 704//704 705//705
f 704//704 706//706 705//705
f 705//705 706//706 707//707
f 705//705 707//707 708//708
f 708//708 707//707 709//709
f 708//708 709//709 710//710
f 709//709 711//711 710//710
f 710//710 711//711 712//712
f 710//710 712//712 713//713
f 713//713 712//712 714//714
f 714//714 715//715 713//713
f 713//713 715//715 716//716
f 713//713 716//716 717//717
f 716//716 718//718 717//717
f 717//717 718//718 719//719
f 717//717 719//719 720//720
f 720//720 719//719 721//721
f 720//720 721//721 722//722
f 721//721 723//723 722//722
f 722//722 723//723 724//724
f 722//722 724//724 725//725
f 725//725 724//724 726//726
f 726//726 727//727 725//725
f 725//725 727//727 728//728
f 725//725 728//728 729//729
f 729//729 728//728 730//730
f 729//729 730//730 731//731
f 730//730 732//732 731//731
f 731//731 732//732 733//733
f 731//731 733//733 734//734
f 733//733 735//735 734//734
f 734//734 735//735 736//736
f 734//734 736//736 737//737
f 736//736 738//738 737//737
f 737//737 738//738 739//739
f 737//737 739//739 740//740
f 739//739 741//741 740//740
f 740//740 741//741 742//742
f 740//740 742//742 743//743
f 742//742 744//744 743//743
f 743//743 744//744 745//745
f 743//743 745//745 746//746
f 745//745 747//747 746//746
f 746//746 747//747 748//748
f 746//746 748//748 749//749
f 748//748 750//750 749//749
f 749//749 750//750 751//751
f 749//749 751//751 752//752
f 751//751 753//753 752//752
f 752//752 753//753 754//754
f 752//752 754//754 755//755
f 755//755 754//754 756//756
f 756//756 757//757 755//755
f 755//755 757//757 758//758
f 755//755 758//758 759//759
f 759//759 758//758 760//760
f 759//759 760//760 761//761
f 761//761 760//760 762//762
f 762//762 763//763 761//761
f 761//761 763//763 764//764
f 761//761 764//764 765//765
f 765//765 764//764 766//766
f 765//765 766//766 767//767
f 766//766 768//768 767//767
f 767//767 768//768 769//769
f 767//767 769//769 770//770
f 770//770 769//769 771//771
f 771//771 772//772 770//770
f 770//770 772//772 773//773
f 770//770 773//773 774//774
f 774//774 773//773 775//775
f 774//774 775//775 776//776
f 776//776 775//775 777//777
f 776//776 777//777 778//778
f 778//778 777//777 779//779
f 778//778 779//779 780//780
f 779//779 781//781 780//780
f 780//780 781//781 782//782
f 780//780 782//782 783//783
f 782//782 784//784 783//783
f 783//783 784//784 785//785
f 783//783 785//785 786//786
f 785//785 787//787 786//786
f 786//786 787//787 788//788
f 786//786 788//788 789//789
f 789//789 788//788 790//790
f 790//790 791//791 789//789
f 789//789 791//791 792//792
f 789//789 792//792 793//793
f 793//793 792//792 794//794
f 793//793 794//794 795//795
f 794//794 796//796 795//795
f 795//795 796//796 797//797
f 795//795 797//797 798//798
f 798//798 797//797 799//799
f 798//798 799//799 800//800
f 799//799 801//801 800//800
f 800//800 801//801 802//802
f 800//800 802//802 699//699
f 699//699 802//802 803//803
f 699//699 803//803 700//700
f 710//710 804//804 708//708
f 746//746 749//749 805//805
f 806//806 807//807 808//808
f 808//808 807//807 809//809
f 808//808 809//809 810//810
f 811//811 812//812 813//813
f 805//805 749//749 814//814
f 814//814 749//749 752//752
f 814//814 752//752 815//815
f 815//815 752//752 816//816
f 816//816 752//752 755//755
f 816//816 755//755 759//759
f 805//805 817//817 746//746
f 746//746 817//817 818//818
f 746//746 818//818 743//743
f 743//743 818//818 806//806
f 743//743 806//806 740//740
f 740//740 806//806 808//808
f 740//740 808//808 737//737
f 737//737 808//808 819//819
f 729//729 731//731 820//820
f 820//820 731//731 821//821
f 822//822 823//823 824//824
f 824//824 823//823 825//825
f 824//824 825//825 808//808
f 808//808 825//825 826//826
f 808//808 826//826 819//819
f 819//819 827//827 737//737
f 737//737 827//827 828//828
f 737//737 828//828 734//734
f 734//734 828//828 829//829
f 734//734 829//829 731//731
f 731//731 829//829 830//830
f 731//731 830//830 821//821
f 821//821 831//831 820//820
f 820//820 831//831 832//832
f 820//820 832//832 822//822
f 820//820 717//717 720//720
f 720//720 722//722 820//820
f 820//820 722//722 725//725
f 820//820 725//725 729//729
f 717//717 833//833 713//713
f 713//713 833//833 834//834
f 713//713 834//834 710//710
f 822//822 824//824 820//820
f 820//820 824//824 835//835
f 820//820 835//835 836//836
f 836//836 837//837 820//820
f 820//820 837//837 838//838
f 820//820 838//838 717//717
f 717//717 838//838 839//839
f 717//717 839//839 833//833
f 834//834 840//840 710//710
f 710//710 840//840 841//841
f 710//710 841//841 804//804
f 841//841 842//842 804//804
f 804//804 842//842 843//843
f 804//804 843//843 824//824
f 824//824 843//843 844//844
f 824//824 844//844 835//835
f 845//845 846//846 703//703
f 703//703 846//846 847//847
f 848//848 849//849 804//804
f 804//804 849//849 850//850
f 804//804 850//850 708//708
f 708//708 850//850 845//845
f 708//708 845//845 705//705
f 705//705 845//845 703//703
f 851//851 852//852 853//853
f 853//853 852//852 854//854
f 853//853 854//854 848//848
f 847//847 855//855 703//703
f 703//703 855//855 798//798
f 703//703 798//798 701//701
f 701//701 798//798 800//800
f 701//701 800//800 699//699
f 856//856 857//857 853//853
f 853//853 857//857 858//858
f 853//853 858//858 859//859
f 855//855 860//860 798//798
f 798//798 860//860 861//861
f 798//798 861//861 795//795
f 795//795 861//861 851//851
f 795//795 851//851 793//793
f 793//793 851//851 853//853
f 793//793 853//853 789//789
f 789//789 853//853 859//859
f 859//859 862//862 789//789
f 789//789 862//862 863//863
f 789//789 863//863 786//786
f 786//786 863//863 864//864
f 786//786 864//864 783//783
f 864//864 865//865 783//783
f 783//783 865//865 866//866
f 783//783 866//866 780//780
f 780//780 866//866 867//867
f 780//780 867//867 778//778
f 778//778 867//867 868//868
f 778//778 868//868 776//776
f 776//776 868//868 869//869
f 776//776 869//869 856//856
f 856//856 869//869 870//870
f 856//856 870//870 857//857
f 871//871 872//872 761//761
f 761//761 872//872 811//811
f 761//761 811//811 759//759
f 759//759 811//811 813//813
f 759//759 813//813 816//816
f 871//871 761//761 873//873
f 873//873 761//761 765//765
f 873//873 765//765 874//874
f 874//874 765//765 767//767
f 874//874 767//767 875//875
f 872//872 876//876 811//811
f 811//811 876//876 877//877
f 811//811 877//877 856//856
f 877//877 878//878 856//856
f 856//856 878//878 879//879
f 856//856 879//879 776//776
f 776//776 879//879 880//880
f 776//776 880//880 881//881
f 875//875 767//767 882//882
f 882//882 767//767 770//770
f 882//882 770//770 881//881
f 881//881 770//770 774//774
f 881//881 774//774 776//776
f 848//848 804//804 853//853
f 853//853 804//804 824//824
f 853//853 824//824 856//856
f 856//856 824//824 808//808
f 856//856 808//808 811//811
f 811//811 808//808 810//810
f 811//811 810//810 812//812
f 781//781 883//883 884//884
f 781//781 884//884 782//782
f 883//883 781//781 885//885
f 885//885 781//781 779//779
f 885//885 779//779 886//886
f 886//886 779//779 887//887
f 887//887 779//779 777//777
f 887//887 777//777 888//888
f 775//775 889//889 777//777
f 777//777 889//889 890//890
f 777//777 890//890 888//888
f 891//891 892//892 773//773
f 773//773 892//892 893//893
f 773//773 893//893 775//775
f 775//775 893//893 894//894
f 775//775 894//894 889//889
f 773//773 772//772 891//891
f 891//891 772//772 771//771
f 891//891 771//771 895//895
f 895//895 771//771 769//769
f 895//895 769//769 896//896
f 896//896 769//769 768//768
f 896//896 768//768 897//897
f 897//897 768//768 766//766
f 897//897 766//766 898//898
f 898//898 766//766 764//764
f 898//898 764//764 899//899
f 899//899 764//764 763//763
f 899//899 763//763 900//900
f 900//900 763//763 762//762
f 900//900 762//762 901//901
f 901//901 762//762 760//760
f 901//901 760//760 902//902
f 902//902 760//760 758//758
f 902//902 758//758 903//903
f 903//903 758//758 757//757
f 903//903 757//757 904//904
f 904//904 757//757 756//756
f 904//904 756//756 905//905
f 905//905 756//756 754//754
f 905//905 754//754 906//906
f 906//906 754//754 753//753
f 906//906 753//753 907//907
f 907//907 753//753 751//751
f 907//907 751//751 908//908
f 908//908 751//751 750//750
f 908//908 750//750 909//909
f 909//909 750//750 748//748
f 909//909 748//748 910//910
f 910//910 748//748 747//747
f 910//910 747//747 911//911
f 911//911 747//747 745//745
f 911//911 745//745 912//912
f 912//912 745//745 744//744
f 912//912 744//744 913//913
f 913//913 744//744 742//742
f 913//913 742//742 914//914
f 914//914 742//742 741//741
f 914//914 741//741 915//915
f 915//915 741//741 739//739
f 915//915 739//739 916//916
f 916//916 739//739 738//738
f 916//916 738//738 917//917
f 917//917 738//738 736//736
f 917//917 736//736 918//918
f 918//918 736//736 735//735
f 918//918 735//735 919//919
f 919//919 735//735 733//733
f 919//919 733//733 920//920
f 920//920 733//733 732//732
f 920//920 732//732 921//921
f 921//921 732//732 730//730
f 921//921 730//730 922//922
f 922//922 730//730 923//923
f 923//923 730//730 728//728
f 923//923 728//728 924//924
f 924//924 728//728 925//925
f 925//925 728//728 727//727
f 925//925 727//727 926//926
f 926//926 727//727 927//927
f 927//927 727//727 726//726
f 927//927 726//726 928//928
f 724//724 929//929 726//726
f 726//726 929//929 930//930
f 726//726 930//930 928//928
f 931//931 932//932 723//723
f 723//723 932//932 933//933
f 723//723 933//933 724//724
f 724//724 933//933 934//934
f 724//724 934//934 929//929
f 723//723 721//721 931//931
f 931//931 721//721 719//719
f 931//931 719//719 935//935
f 935//935 719//719 718//718
f 935//935 718//718 936//936
f 936//936 718//718 716//716
f 936//936 716//716 937//937
f 937//937 716//716 715//715
f 937//937 715//715 938//938
f 938//938 715//715 714//714
f 938//938 714//714 939//939
f 939//939 714//714 712//712
f 939//939 712//712 940//940
f 940//940 712//712 711//711
f 940//940 711//711 941//941
f 941//941 711//711 709//709
f 941//941 709//709 942//942
f 942//942 709//709 707//707
f 942//942 707//707 943//943
f 943//943 707//707 706//706
f 943//943 706//706 944//944
f 944//944 706//706 704//704
f 944//944 704//704 945//945
f 945//945 704//704 702//702
f 945//945 702//702 946//946
f 946//946 702//702 700//700
f 946//946 700//700 947//947
f 947//947 700//700 948//948
f 947//947 948//948 949//949
f 949//949 948//948 802//802
f 949//949 802//802 950//950
f 950//950 802//802 801//801
f 950//950 801//801 951//951
f 951//951 801//801 799//799
f 951//951 799//799 952//952
f 952//952 799//799 797//797
f 952//952 797//797 953//953
f 953//953 797//797 796//796
f 953//953 796//796 954//954
f 954//954 796//796 794//794
f 954//954 794//794 955//955
f 955//955 794//794 792//792
f 955//955 792//792 956//956
f 956//956 792//792 791//791
f 956//956 791//791 957//957
f 957//957 791//791 790//790
f 957//957 790//790 958//958
f 958//958 790//790 788//788
f 958//958 788//788 959//959
f 959//959 788//788 787//787
f 959//959 787//787 960//960
f 960//960 787//787 785//785
f 960//960 785//785 961//961
f 961//961 785//785 784//784
f 961//961 784//784 962//962
f 962//962 784//784 782//782
f 962//962 782//782 963//963
f 963//963 782//782 884//884
f 933//933 569//569 934//934
f 934//934 569//569 567//567
f 934//934 567//567 929//929
f 929//929 567//567 930//930
f 930//930 567//567 565//565
f 930//930 565//565 928//928
f 928//928 565//565 563//563
f 928//928 563//563 927//927
f 927//927 563//563 926//926
f 926//926 563//563 561//561
f 926//926 561//561 925//925
f 925//925 561//561 924//924
f 924//924 561//561 559//559
f 924//924 559//559 923//923
f 923//923 559//559 557//557
f 923//923 557//557 922//922
f 922//922 557//557 555//555
f 922//922 555//555 921//921
f 921//921 555//555 666//666
f 921//921 666//666 920//920
f 920//920 666//666 667//667
f 920//920 667//667 919//919
f 919//919 667//667 668//668
f 919//919 668//668 918//918
f 918//918 668//668 669//669
f 918//918 669//669 917//917
f 917//917 669//669 665//665
f 917//917 665//665 916//916
f 916//916 665//665 664//664
f 916//916 664//664 915//915
f 915//915 664//664 663//663
f 915//915 663//663 914//914
f 914//914 663//663 662//662
f 914//914 662//662 913//913
f 913//913 662//662 661//661
f 913//913 661//661 912//912
f 912//912 661//661 660//660
f 912//912 660//660 911//911
f 911//911 660//660 659//659
f 911//911 659//659 910//910
f 910//910 659//659 658//658
f 910//910 658//658 909//909
f 909//909 658//658 657//657
f 909//909 657//657 908//908
f 908//908 657//657 656//656
f 908//908 656//656 907//907
f 907//907 656//656 655//655
f 907//907 655//655 906//906
f 906//906 655//655 654//654
f 906//906 654//654 905//905
f 905//905 654//654 653//653
f 905//905 653//653 904//904
f 904//904 653//653 652//652
f 904//904 652//652 903//903
f 903//903 652//652 651//651
f 903//903 651//651 902//902
f 902//902 651//651 650//650
f 902//902 650//650 901//901
f 901//901 650//650 649//649
f 901//901 649//649 900//900
f 900//900 649//649 648//648
f 900//900 648//648 899//899
f 899//899 648//648 647//647
f 899//899 647//647 898//898
f 898//898 647//647 646//646
f 898//898 646//646 897//897
f 897//897 646//646 645//645
f 897//897 645//645 896//896
f 896//896 645//645 640//640
f 896//896 640//640 895//895
f 895//895 640//640 638//638
f 895//895 638//638 891//891
f 891//891 638//638 636//636
f 891//891 636//636 892//892
f 634//634 632//632 890//890
f 890//890 889//889 634//634
f 634//634 889//889 894//894
f 634//634 894//894 636//636
f 636//636 894//894 893//893
f 636//636 893//893 892//892
f 628//628 886//886 630//630
f 630//630 886//886 887//887
f 630//630 887//887 632//632
f 632//632 887//887 888//888
f 632//632 888//888 890//890
f 933//933 932//932 569//569
f 569//569 932//932 931//931
f 569//569 931//931 571//571
f 571//571 931//931 935//935
f 571//571 935//935 586//586
f 586//586 935//935 936//936
f 586//586 936//936 575//575
f 575//575 936//936 937//937
f 575//575 937//937 587//587
f 587//587 937//937 938//938
f 587//587 938//938 588//588
f 588//588 938//938 939//939
f 588//588 939//939 589//589
f 589//589 939//939 940//940
f 589//589 940//940 590//590
f 590//590 940//940 941//941
f 590//590 941//941 591//591
f 591//591 941//941 942//942
f 591//591 942//942 592//592
f 592//592 942//942 943//943
f 592//592 943//943 593//593
f 593//593 943//943 944//944
f 593//593 944//944 594//594
f 594//594 944//944 945//945
f 594//594 945//945 595//595
f 595//595 945//945 946//946
f 595//595 946//946 596//596
f 596//596 946//946 947//947
f 596//596 947//947 597//597
f 597//597 947//947 964//964
f 597//597 964//964 598//598
f 598//598 964//964 950//950
f 598//598 950//950 599//599
f 599//599 950//950 951//951
f 599//599 951//951 600//600
f 600//600 951//951 952//952
f 600//600 952//952 601//601
f 601//601 952//952 953//953
f 601//601 953//953 602//602
f 602//602 953//953 954//954
f 602//602 954//954 603//603
f 603//603 954//954 955//955
f 603//603 955//955 604//604
f 604//604 955//955 956//956
f 604//604 956//956 605//605
f 605//605 956//956 957//957
f 605//605 957//957 606//606
f 606//606 957//957 958//958
f 606//606 958//958 607//607
f 607//607 958//958 959//959
f 607//607 959//959 608//608
f 608//608 959//959 960//960
f 608//608 960//960 612//612
f 612//612 960//960 961//961
f 612//612 961//961 611//611
f 611//611 961//961 962//962
f 611//611 962//962 614//614
f 614//614 962//962 963//963
f 614//614 963//963 616//616
f 616//616 963//963 884//884
f 616//616 884//884 626//626
f 626//626 884//884 883//883
f 626//626 883//883 628//628
f 628//628 883//883 885//885
f 628//628 885//885 886//886
f 543//543 965//965 544//544
f 544//544 965//965 814//814
f 544//544 814//814 546//546
f 546//546 814//814 815//815
f 546//546 815//815 548//548
f 548//548 815//815 816//816
f 548//548 816//816 549//549
f 549//549 816//816 813//813
f 549//549 813//813 550//550
f 550//550 813//813 812//812
f 550//550 812//812 519//519
f 519//519 812//812 810//810
f 519//519 810//810 531//531
f 531//531 810//810 809//809
f 531//531 809//809 530//530
f 530//530 809//809 807//807
f 530//530 807//807 529//529
f 529//529 807//807 806//806
f 529//529 806//806 532//532
f 532//532 806//806 818//818
f 532//532 818//818 522//522
f 522//522 818//818 817//817
f 522//522 817//817 543//543
f 543//543 817//817 965//965
f 966//966 871//871 967//967
f 967//967 871//871 873//873
f 967//967 873//873 968//968
f 968//968 873//873 874//874
f 968//968 874//874 969//969
f 969//969 874//874 875//875
f 969//969 875//875 970//970
f 970//970 875//875 882//882
f 970//970 882//882 971//971
f 971//971 882//882 881//881
f 971//971 881//881 972//972
f 972//972 881//881 880//880
f 972//972 880//880 973//973
f 973//973 880//880 879//879
f 973//973 879//879 974//974
f 974//974 879//879 878//878
f 974//974 878//878 975//975
f 975//975 878//878 877//877
f 975//975 877//877 976//976
f 976//976 877//877 876//876
f 976//976 876//876 977//977
f 977//977 876//876 872//872
f 977//977 872//872 966//966
f 966//966 872//872 871//871
f 978//978 869//869 979//979
f 979//979 869//869 868//868
f 979//979 868//868 980//980
f 980//980 868//868 867//867
f 980//980 867//867 981//981
f 981//981 867//867 866//866
f 981//981 866//866 982//982
f 982//982 866//866 865//865
f 982//982 865//865 983//983
f 983//983 865//865 864//864
f 983//983 864//864 984//984
f 984//984 864//864 863//863
f 984//984 863//863 985//985
f 985//985 863//863 862//862
f 985//985 862//862 986//986
f 986//986 862//862 859//859
f 986//986 859//859 987//987
f 987//987 859//859 858//858
f 987//987 858//858 988//988
f 988//988 858//858 857//857
f 988//988 857//857 989//989
f 989//989 857//857 870//870
f 989//989 870//870 978//978
f 978//978 870//870 869//869
f 488//488 848//848 516//516
f 516//516 848//848 854//854
f 516//516 854//854 517//517
f 517//517 854//854 852//852
f 517//517 852//852 503//503
f 503//503 852//852 851//851
f 503//503 851//851 504//504
f 504//504 851//851 861//861
f 504//504 861//861 506//506
f 506//506 861//861 860//860
f 506//506 860//860 508//508
f 508//508 860//860 990//990
f 508//508 990//990 510//510
f 510//510 990//990 847//847
f 510//510 847//847 511//511
f 511//511 847//847 846//846
f 511//511 846//846 513//513
f 513//513 846//846 845//845
f 513//513 845//845 514//514
f 514//514 845//845 850//850
f 514//514 850//850 515//515
f 515//515 850//850 849//849
f 515//515 849//849 488//488
f 488//488 849//849 848//848
f 991//991 836//836 992//992
f 992//992 836//836 835//835
f 992//992 835//835 993//993
f 993//993 835//835 844//844
f 993//993 844//844 994//994
f 994//994 844//844 843//843
f 994//994 843//843 995//995
f 995//995 843//843 842//842
f 995//995 842//842 996//996
f 996//996 842//842 841//841
f 996//996 841//841 997//997
f 997//997 841//841 840//840
f 997//997 840//840 998//998
f 998//998 840//840 834//834
f 998//998 834//834 999//999
f 999//999 834//834 833//833
f 999//999 833//833 1000//1000
f 1000//1000 833//833 839//839
f 1000//1000 839//839 1001//1001
f 1001//1001 839//839 838//838
f 1001//1001 838//838 1002//1002
f 1002//1002 838//838 837//837
f 1002//1002 837//837 991//991
f 991//991 837//837 836//836
f 1003//1003 828//828 1004//1004
f 1004//1004 828//828 827//827
f 1004//1004 827//827 1005//1005
f 1005//1005 827//827 819//819
f 1005//1005 819//819 1006//1006
f 1006//1006 819//819 826//826
f 1006//1006 826//826 1007//1007
f 1007//1007 826//826 825//825
f 1007//1007 825//825 1008//1008
f 1008//1008 825//825 823//823
f 1008//1008 823//823 1009//1009
f 1009//1009 823//823 822//822
f 1009//1009 822//822 1010//1010
f 1010//1010 822//822 832//832
f 1010//1010 832//832 1011//1011
f 1011//1011 832//832 831//831
f 1011//1011 831//831 1012//1012
f 1012//1012 831//831 821//821
f 1012//1012 821//821 1013//1013
f 1013//1013 821//821 830//830
f 1013//1013 830//830 1014//1014
f 1014//1014 830//830 829//829
f 1014//1014 829//829 1003//1003
f 1003//1003 829//829 828//828
f 1006//1006 1015//1015 1005//1005
f 1005//1005 1015//1015 1016//1016
f 1005//1005 1016//1016 1004//1004
f 1004//1004 1016//1016 1017//1017
f 1004//1004 1017//1017 1003//1003
f 1003//1003 1017//1017 1018//1018
f 1003//1003 1018//1018 1014//1014
f 1014//1014 1018//1018 1019//1019
f 1014//1014 1019//1019 1013//1013
f 1013//1013 1019//1019 1020//1020
f 1013//1013 1020//1020 1012//1012
f 1012//1012 1020//1020 1021//1021
f 1012//1012 1021//1021 1011//1011
f 1011//1011 1021//1021 1022//1022
f 1011//1011 1022//1022 1010//1010
f 1010//1010 1022//1022 1023//1023
f 1010//1010 1023//1023 1009//1009
f 1009//1009 1023//1023 1024//1024
f 1009//1009 1024//1024 1008//1008
f 1008//1008 1024//1024 1025//1025
f 1008//1008 1025//1025 1007//1007
f 1007//1007 1025//1025 1026//1026
f 1007//1007 1026//1026 1006//1006
f 1006//1006 1026//1026 1015//1015
f 106//106 105//105 1022//1022
f 99//99 98//98 139//139
f 1022//1022 105//105 1023//1023
f 1023//1023 105//105 104//104
f 1023//1023 104//104 95//95
f 139//139 138//138 99//99
f 99//99 138//138 1024//1024
f 99//99 1024//1024 100//100
f 100//100 1024//1024 1023//1023
f 100//100 1023//1023 102//102
f 102//102 1023//1023 95//95
f 112//112 110//110 1021//1021
f 1021//1021 110//110 109//109
f 1021//1021 109//109 1022//1022
f 1022//1022 109//109 107//107
f 1022//1022 107//107 106//106
f 117//117 116//116 1020//1020
f 1020//1020 116//116 115//115
f 1020//1020 115//115 1021//1021
f 1021//1021 115//115 114//114
f 1021//1021 114//114 112//112
f 117//117 1020//1020 524//524
f 524//524 1020//1020 1019//1019
f 524//524 1019//1019 526//526
f 526//526 1019//1019 1018//1018
f 526//526 1018//1018 528//528
f 528//528 1018//1018 1017//1017
f 528//528 1017//1017 80//80
f 80//80 1017//1017 1016//1016
f 80//80 1016//1016 81//81
f 81//81 1016//1016 91//91
f 91//91 1016//1016 1015//1015
f 91//91 1015//1015 87//87
f 67//67 70//70 1026//1026
f 1026//1026 70//70 84//84
f 1026//1026 84//84 1015//1015
f 1015//1015 84//84 88//88
f 1015//1015 88//88 87//87
f 77//77 78//78 1025//1025
f 1025//1025 78//78 74//74
f 1025//1025 74//74 1026//1026
f 1026//1026 74//74 73//73
f 1026//1026 73//73 67//67
f 138//138 64//64 1024//1024
f 1024//1024 64//64 63//63
f 1024//1024 63//63 1025//1025
f 1025//1025 63//63 61//61
f 1025//1025 61//61 77//77
f 33//33 27//27 1027//1027
f 6//6 13//13 1028//1028
f 1//1 1029//1029 16//16
f 16//16 1029//1029 1028//1028
f 16//16 1028//1028 17//17
f 17//17 1028//1028 13//13
f 12//12 10//10 1030//1030
f 1030//1030 10//10 9//9
f 1030//1030 9//9 1028//1028
f 1028//1028 9//9 7//7
f 1028//1028 7//7 6//6
f 31//31 30//30 1031//1031
f 1031//1031 30//30 24//24
f 1031//1031 24//24 1030//1030
f 1030//1030 24//24 23//23
f 1030//1030 23//23 12//12
f 1027//1027 27//27 1031//1031
f 1031//1031 27//27 26//26
f 1031//1031 26//26 31//31
f 1032//1032 489//489 1033//1033
f 1033//1033 489//489 491//491
f 1033//1033 491//491 1034//1034
f 1034//1034 491//491 493//493
f 1034//1034 493//493 1035//1035
f 1035//1035 493//493 495//495
f 1035//1035 495//495 1027//1027
f 1027//1027 495//495 20//20
f 1027//1027 20//20 33//33
f 678//678 677//677 1036//1036
f 1036//1036 677//677 676//676
f 1036//1036 676//676 1032//1032
f 1032//1032 676//676 675//675
f 1032//1032 675//675 489//489
f 678//678 1036//1036 679//679
f 679//679 1036//1036 1037//1037
f 679//679 1037//1037 680//680
f 1038//1038 685//685 1037//1037
f 1037//1037 685//685 686//686
f 1037//1037 686//686 680//680
f 682//682 683//683 1038//1038
f 1038//1038 683//683 684//684
f 1038//1038 684//684 685//685
f 129//129 1029//1029 130//130
f 130//130 1029//1029 1//1
f 130//130 1//1 3//3
f 1038//1038 1029//1029 682//682
f 682//682 1029//1029 129//129
f 682//682 129//129 681//681
f 681//681 129//129 409//409
f 994//994 1031//1031 993//993
f 993//993 1031//1031 1030//1030
f 993//993 1030//1030 992//992
f 992//992 1030//1030 1028//1028
f 992//992 1028//1028 991//991
f 991//991 1028//1028 1029//1029
f 991//991 1029//1029 1002//1002
f 1002//1002 1029//1029 1038//1038
f 1002//1002 1038//1038 1001//1001
f 1001//1001 1038//1038 1037//1037
f 1001//1001 1037//1037 1000//1000
f 1000//1000 1037//1037 1036//1036
f 1000//1000 1036//1036 999//999
f 999//999 1036//1036 1032//1032
f 999//999 1032//1032 998//998
f 998//998 1032//1032 1033//1033
f 998//998 1033//1033 997//997
f 997//997 1033//1033 1034//1034
f 997//997 1034//1034 996//996
f 996//996 1034//1034 1035//1035
f 996//996 1035//1035 995//995
f 995//995 1035//1035 1027//1027
f 995//995 1027//1027 994//994
f 994//994 1027//1027 1031//1031
f 47//47 45//45 1039//1039
f 37//37 35//35 133//133
f 1039//1039 45//45 1040//1040
f 1040//1040 45//45 43//43
f 1040//1040 43//43 42//42
f 133//133 132//132 37//37
f 37//37 132//132 1041//1041
f 37//37 1041//1041 40//40
f 40//40 1041//1041 1040//1040
f 40//40 1040//1040 41//41
f 41//41 1040//1040 42//42
f 54//54 52//52 1042//1042
f 1042//1042 52//52 50//50
f 1042//1042 50//50 1039//1039
f 1039//1039 50//50 48//48
f 1039//1039 48//48 47//47
f 59//59 58//58 1043//1043
f 1043//1043 58//58 57//57
f 1043//1043 57//57 1042//1042
f 1042//1042 57//57 56//56
f 1042//1042 56//56 54//54
f 59//59 1043//1043 498//498
f 498//498 1043//1043 1044//1044
f 498//498 1044//1044 500//500
f 500//500 1044//1044 1045//1045
f 500//500 1045//1045 502//502
f 502//502 1045//1045 1046//1046
f 502//502 1046//1046 21//21
f 21//21 1046//1046 1047//1047
f 21//21 1047//1047 22//22
f 22//22 1047//1047 32//32
f 32//32 1047//1047 1048//1048
f 32//32 1048//1048 28//28
f 8//8 11//11 1049//1049
f 1049//1049 11//11 25//25
f 1049//1049 25//25 1048//1048
f 1048//1048 25//25 29//29
f 1048//1048 29//29 28//28
f 18//18 19//19 1050//1050
f 1050//1050 19//19 15//15
f 1050//1050 15//15 1049//1049
f 1049//1049 15//15 14//14
f 1049//1049 14//14 8//8
f 132//132 5//5 1041//1041
f 1041//1041 5//5 4//4
f 1041//1041 4//4 1050//1050
f 1050//1050 4//4 2//2
f 1050//1050 2//2 18//18
f 981//981 1042//1042 980//980
f 980//980 1042//1042 1039//1039
f 980//980 1039//1039 979//979
f 979//979 1039//1039 1040//1040
f 979//979 1040//1040 978//978
f 978//978 1040//1040 1041//1041
f 978//978 1041//1041 989//989
f 989//989 1041//1041 1050//1050
f 989//989 1050//1050 988//988
f 988//988 1050//1050 1049//1049
f 988//988 1049//1049 987//987
f 987//987 1049//1049 1048//1048
f 987//987 1048//1048 986//986
f 986//986 1048//1048 1047//1047
f 986//986 1047//1047 985//985
f 985//985 1047//1047 1046//1046
f 985//985 1046//1046 984//984
f 984//984 1046//1046 1045//1045
f 984//984 1045//1045 983//983
f 983//983 1045//1045 1044//1044
f 983//983 1044//1044 982//982
f 982//982 1044//1044 1043//1043
f 982//982 1043//1043 981//981
f 981//981 1043//1043 1042//1042
f 92//92 86//86 1051//1051
f 65//65 72//72 1052//1052
f 60//60 1053//1053 75//75
f 75//75 1053//1053 1052//1052
f 75//75 1052//1052 76//76
f 76//76 1052//1052 72//72
f 71//71 69//69 1054//1054
f 1054//1054 69//69 68//68
f 1054//1054 68//68 1052//1052
f 1052//1052 68//68 66//66
f 1052//1052 66//66 65//65
f 90//90 89//89 1055//1055
f 1055//1055 89//89 83//83
f 1055//1055 83//83 1054//1054
f 1054//1054 83//83 82//82
f 1054//1054 82//82 71//71
f 1051//1051 86//86 1055//1055
f 1055//1055 86//86 85//85
f 1055//1055 85//85 90//90
f 1056//1056 535//535 1057//1057
f 1057//1057 535//535 537//537
f 1057//1057 537//537 1058//1058
f 1058//1058 537//537 539//539
f 1058//1058 539//539 1059//1059
f 1059//1059 539//539 541//541
f 1059//1059 541//541 1051//1051
f 1051//1051 541//541 79//79
f 1051//1051 79//79 92//92
f 689//689 690//690 1060//1060
f 1060//1060 690//690 691//691
f 1060//1060 691//691 1056//1056
f 1056//1056 691//691 692//692
f 1056//1056 692//692 535//535
f 689//689 1060//1060 688//688
f 688//688 1060//1060 1061//1061
f 688//688 1061//1061 687//687
f 1062//1062 697//697 1061//1061
f 1061//1061 697//697 698//698
f 1061//1061 698//698 687//687
f 694//694 695//695 1062//1062
f 1062//1062 695//695 696//696
f 1062//1062 696//696 697//697
f 135//135 1053//1053 136//136
f 136//136 1053//1053 60//60
f 136//136 60//60 62//62
f 1062//1062 1053//1053 694//694
f 694//694 1053//1053 135//135
f 694//694 135//135 693//693
f 693//693 135//135 155//155
f 969//969 1060//1060 968//968
f 968//968 1060//1060 1056//1056
f 968//968 1056//1056 967//967
f 967//967 1056//1056 1057//1057
f 967//967 1057//1057 966//966
f 966//966 1057//1057 1058//1058
f 966//966 1058//1058 977//977
f 977//977 1058//1058 1059//1059
f 977//977 1059//1059 976//976
f 976//976 1059//1059 1051//1051
f 976//976 1051//1051 975//975
f 975//975 1051//1051 1055//1055
f 975//975 1055//1055 974//974
f 974//974 1055//1055 1054//1054
f 974//974 1054//1054 973//973
f 973//973 1054//1054 1052//1052
f 973//973 1052//1052 972//972
f 972//972 1052//1052 1053//1053
f 972//972 1053//1053 971//971
f 971//971 1053//1053 1062//1062
f 971//971 1062//1062 970//970
f 970//970 1062//1062 1061//1061
f 970//970 1061//1061 969//969
f 969//969 1061//1061 1060//1060
f 241//241 280//280 252//252
f 252//252 280//280 279//279
f 252//252 279//279 253//253
f 253//253 279//279 303//303
f 253//253 303//303 254//254
f 254//254 303//303 302//302
f 254//254 302//302 244//244
f 244//244 302//302 308//308
f 244//244 308//308 246//246
f 246//246 308//308 307//307
f 246//246 307//307 248//248
f 248//248 307//307 305//305
f 248//248 305//305 249//249
f 249//249 305//305 310//310
f 249//249 310//310 250//250
f 250//250 310//310 309//309
f 250//250 309//309 251//251
f 251//251 309//309 301//301
f 251//251 301//301 243//243
f 243//243 301//301 300//300
f 243//243 300//300 242//242
f 242//242 300//300 299//299
f 242//242 299//299 241//241
f 241//241 299//299 280//280
f 236//236 311//311 237//237
f 237//237 311//311 315//315
f 237//237 315//315 239//239
f 239//239 315//315 316//316
f 239//239 316//316 240//240
f 240//240 316//316 317//317
f 240//240 317//317 231//231
f 231//231 317//317 323//323
f 231//231 323//323 233//233
f 233//233 323//323 322//322
f 233//233 322//322 234//234
f 234//234 322//322 321//321
f 234//234 321//321 235//235
f 235//235 321//321 320//320
f 235//235 320//320 226//226
f 226//226 320//320 319//319
f 226//226 319//319 227//227
f 227//227 319//319 318//318
f 227//227 318//318 228//228
f 228//228 318//318 314//314
f 228//228 314//314 229//229
f 229//229 314//314 312//312
f 229//229 312//312 236//236
f 236//236 312//312 311//311
f 212//212 344//344 210//210
f 210//210 344//344 345//345
f 210//210 345//345 208//208
f 208//208 345//345 324//324
f 208//208 324//324 201//201
f 201//201 324//324 330//330
f 201//201 330//330 202//202
f 202//202 330//330 329//329
f 202//202 329//329 204//204
f 204//204 329//329 328//328
f 204//204 328//328 205//205
f 205//205 328//328 327//327
f 205//205 327//327 206//206
f 206//206 327//327 326//326
f 206//206 326//326 207//207
f 207//207 326//326 333//333
f 207//207 333//333 213//213
f 213//213 333//333 332//332
f 213//213 332//332 214//214
f 214//214 332//332 331//331
f 214//214 331//331 221//221
f 221//221 331//331 343//343
f 221//221 343//343 212//212
f 212//212 343//343 344//344
f 219//219 338//338 217//217
f 217//217 338//338 346//346
f 217//217 346//346 190//190
f 190//190 346//346 335//335
f 190//190 335//335 191//191
f 191//191 335//335 334//334
f 191//191 334//334 195//195
f 195//195 334//334 342//342
f 195//195 342//342 194//194
f 194//194 342//342 349//349
f 194//194 349//349 193//193
f 193//193 349//349 348//348
f 193//193 348//348 196//196
f 196//196 348//348 347//347
f 196//196 347//347 197//197
f 197//197 347//347 340//340
f 197//197 340//340 198//198
f 198//198 340//340 339//339
f 198//198 339//339 199//199
f 199//199 339//339 336//336
f 199//199 336//336 220//220
f 220//220 336//336 337//337
f 220//220 337//337 219//219
f 219//219 337//337 338//338
f 183//183 356//356 184//184
f 184//184 356//356 355//355
f 184//184 355//355 186//186
f 186//186 355//355 354//354
f 186//186 354//354 187//187
f 187//187 354//354 353//353
f 187//187 353//353 171//171
f 171//171 353//353 361//361
f 171//171 361//361 172//172
f 172//172 361//361 360//360
f 172//172 360//360 177//177
f 177//177 360//360 359//359
f 177//177 359//359 178//178
f 178//178 359//359 358//358
f 178//178 358//358 176//176
f 176//176 358//358 357//357
f 176//176 357//357 182//182
f 182//182 357//357 350//350
f 182//182 350//350 181//181
f 181//181 350//350 352//352
f 181//181 352//352 179//179
f 179//179 352//352 351//351
f 179//179 351//351 183//183
f 183//183 351//351 356//356
f 167//167 282//282 168//168
f 168//168 282//282 283//283
f 168//168 283//283 157//157
f 157//157 283//283 290//290
f 157//157 290//290 158//158
f 158//158 290//290 289//289
f 158//158 289//289 170//170
f 170//170 289//289 288//288
f 170//170 288//288 169//169
f 169//169 288//288 297//297
f 169//169 297//297 160//160
f 160//160 297//297 296//296
f 160//160 296//296 162//162
f 162//162 296//296 294//294
f 162//162 294//294 165//165
f 165//165 294//294 292//292
f 165//165 292//292 164//164
f 164//164 292//292 291//291
f 164//164 291//291 163//163
f 163//163 291//291 286//286
f 163//163 286//286 166//166
f 166//166 286//286 285//285
f 166//166 285//285 167//167
f 167//167 285//285 282//282
f 401//401 1063//1063 389//389
f 389//389 1063//1063 462//462
f 389//389 462//462 390//390
f 390//390 462//462 481//481
f 390//390 481//481 411//411
f 411//411 481//481 480//480
f 411//411 480//480 413//413
f 413//413 480//480 478//478
f 413//413 478//478 408//408
f 408//408 478//478 486//486
f 408//408 486//486 1064//1064
f 1064//1064 486//486 485//485
f 1064//1064 485//485 378//378
f 378//378 485//485 465//465
f 378//378 465//465 417//417
f 417//417 465//465 466//466
f 417//417 466//466 418//418
f 418//418 466//466 484//484
f 418//418 484//484 419//419
f 419//419 484//484 476//476
f 419//419 476//476 403//403
f 403//403 476//476 475//475
f 403//403 475//475 401//401
f 401//401 475//475 1063//1063
f 363//363 457//457 397//397
f 397//397 457//457 459//459
f 397//397 459//459 395//395
f 395//395 459//459 447//447
f 395//395 447//447 393//393
f 393//393 447//447 448//448
f 393//393 448//448 391//391
f 391//391 448//448 487//487
f 391//391 487//487 388//388
f 388//388 487//487 477//477
f 388//388 477//477 402//402
f 402//402 477//477 479//479
f 402//402 479//479 404//404
f 404//404 479//479 464//464
f 404//404 464//464 405//405
f 405//405 464//464 454//454
f 405//405 454//454 423//423
f 423//423 454//454 452//452
f 423//423 452//452 424//424
f 424//424 452//452 450//450
f 424//424 450//450 362//362
f 362//362 450//450 458//458
f 362//362 458//458 363//363
f 363//363 458//458 457//457
f 376//376 467//467 375//375
f 375//375 467//467 456//456
f 375//375 456//456 364//364
f 364//364 456//456 449//449
f 364//364 449//449 422//422
f 422//422 449//449 451//451
f 422//422 451//451 421//421
f 421//421 451//451 453//453
f 421//421 453//453 420//420
f 420//420 453//453 455//455
f 420//420 455//455 367//367
f 367//367 455//455 473//473
f 367//367 473//473 381//381
f 381//381 473//473 474//474
f 381//381 474//474 371//371
f 371//371 474//474 472//472
f 371//371 472//472 370//370
f 370//370 472//472 471//471
f 370//370 471//471 373//373
f 373//373 471//471 483//483
f 373//373 483//483 385//385
f 385//385 483//483 468//468
f 385//385 468//468 376//376
f 376//376 468//468 467//467
f 1065//1065 1066//1066 1067//1067
f 1067//1067 1066//1066 1068//1068
f 1067//1067 1068//1068 1069//1069
f 1069//1069 1068//1068 1070//1070
f 1069//1069 1070//1070 1071//1071
f 1071//1071 1070//1070 1072//1072
f 1071//1071 1072//1072 1073//1073
f 1073//1073 1072//1072 1074//1074
f 1073//1073 1074//1074 1075//1075
f 1075//1075 1074//1074 1076//1076
f 1075//1075 1076//1076 1077//1077
f 1077//1077 1076//1076 1078//1078
f 1077//1077 1078//1078 1079//1079
f 1079//1079 1078//1078 1080//1080
f 1079//1079 1080//1080 1081//1081
f 1081//1081 1080//1080 1082//1082
f 1081//1081 1082//1082 1083//1083
f 1083//1083 1082//1082 1084//1084
f 1083//1083 1084//1084 1085//1085
f 1085//1085 1084//1084 1086//1086
f 1085//1085 1086//1086 1087//1087
f 1087//1087 1086//1086 1088//1088
f 1087//1087 1088//1088 1089//1089
f 1089//1089 1088//1088 1090//1090
f 1089//1089 1090//1090 1091//1091
f 1091//1091 1090//1090 1092//1092
f 1091//1091 1092//1092 1093//1093
f 1093//1093 1092//1092 1094//1094
f 1093//1093 1094//1094 1095//1095
f 1095//1095 1094//1094 1096//1096
f 1095//1095 1096//1096 1097//1097
f 1097//1097 1096//1096 1098//1098
f 1097//1097 1098//1098 1099//1099
f 1099//1099 1098//1098 1100//1100
f 1099//1099 1100//1100 1101//1101
f 1101//1101 1100//1100 1102//1102
f 1101//1101 1102//1102 1103//1103
f 1103//1103 1102//1102 1104//1104
f 1103//1103 1104//1104 1105//1105
f 1105//1105 1104//1104 1106//1106
f 1105//1105 1106//1106 1107//1107
f 1107//1107 1106//1106 1108//1108
f 1107//1107 1108//1108 1109//1109
f 1109//1109 1108//1108 1110//1110
f 1109//1109 1110//1110 1111//1111
f 1111//1111 1110//1110 1112//1112
f 1111//1111 1112//1112 1113//1113
f 1113//1113 1112//1112 1114//1114
f 1113//1113 1114//1114 1115//1115
f 1115//1115 1114//1114 1116//1116
f 1115//1115 1116//1116 1117//1117
f 1117//1117 1116//1116 1118//1118
f 1119//1119 1120//1120 1121//1121
f 1121//1121 1120//1120 1122//1122
f 1123//1123 1124//1124 1125//1125
f 1123//1123 1125//1125 1126//1126
f 1126//1126 1125//1125 1127//1127
f 1126//1126 1127//1127 1128//1128
f 1128//1128 1127//1127 1129//1129
f 1128//1128 1129//1129 1130//1130
f 1130//1130 1129//1129 1131//1131
f 1130//1130 1131//1131 1132//1132
f 1132//1132 1131//1131 1133//1133
f 1132//1132 1133//1133 1134//1134
f 1134//1134 1133//1133 1135//1135
f 1134//1134 1135//1135 1136//1136
f 1136//1136 1135//1135 1137//1137
f 1136//1136 1137//1137 1138//1138
f 1138//1138 1137//1137 1139//1139
f 1138//1138 1139//1139 1140//1140
f 1140//1140 1139//1139 1141//1141
f 1140//1140 1141//1141 1142//1142
f 1142//1142 1141//1141 1143//1143
f 1142//1142 1143//1143 1144//1144
f 1144//1144 1143//1143 1145//1145
f 1144//1144 1145//1145 1146//1146
f 1146//1146 1145//1145 1147//1147
f 1146//1146 1147//1147 1148//1148
f 1148//1148 1147//1147 1149//1149
f 1148//1148 1149//1149 1150//1150
f 1150//1150 1149//1149 1151//1151
f 1150//1150 1151//1151 1152//1152
f 1152//1152 1151//1151 1153//1153
f 1152//1152 1153//1153 1154//1154
f 1154//1154 1153//1153 1155//1155
f 1154//1154 1155//1155 1156//1156
f 1156//1156 1155//1155 1157//1157
f 1156//1156 1157//1157 1158//1158
f 1158//1158 1157//1157 1159//1159
f 1158//1158 1159//1159 1160//1160
f 1160//1160 1159//1159 1161//1161
f 1160//1160 1161//1161 1162//1162
f 1162//1162 1161//1161 1163//1163
f 1162//1162 1163//1163 1164//1164
f 1164//1164 1163//1163 1165//1165
f 1164//1164 1165//1165 1166//1166
f 1166//1166 1165//1165 1167//1167
f 1166//1166 1167//1167 1168//1168
f 1168//1168 1167//1167 1169//1169
f 1168//1168 1169//1169 1170//1170
f 1170//1170 1169//1169 1171//1171
f 1170//1170 1171//1171 1172//1172
f 1172//1172 1171//1171 1173//1173
f 1172//1172 1173//1173 1174//1174
f 1174//1174 1173//1173 1175//1175
f 1174//1174 1175//1175 1176//1176
f 1176//1176 1175//1175 1177//1177
f 1176//1176 1177//1177 1178//1178
f 1178//1178 1177//1177 1179//1179
f 1178//1178 1179//1179 1180//1180
f 1180//1180 1179//1179 1181//1181
f 1180//1180 1181//1181 1182//1182
f 1182//1182 1181//1181 1183//1183
f 1182//1182 1183//1183 1184//1184
f 1184//1184 1183//1183 1185//1185
f 1184//1184 1185//1185 1186//1186
f 1187//1187 1188//1188 1189//1189
f 1189//1189 1188//1188 1190//1190
f 1148//1148 1150//1150 866//866
f 1162//1162 1164//1164 871//871
f 1085//1085 1087//1087 878//878
f 878//878 1087//1087 879//879
f 1085//1085 878//878 1083//1083
f 1083//1083 878//878 877//877
f 1083//1083 877//877 1081//1081
f 1081//1081 877//877 876//876
f 1081//1081 876//876 1079//1079
f 1079//1079 876//876 872//872
f 1079//1079 872//872 1168//1168
f 871//871 1164//1164 872//872
f 872//872 1164//1164 1166//1166
f 872//872 1166//1166 1168//1168
f 1140//1140 851//851 1138//1138
f 1138//1138 851//851 861//861
f 1138//1138 861//861 1136//1136
f 1136//1136 861//861 860//860
f 1136//1136 860//860 1134//1134
f 1077//1077 813//813 1075//1075
f 1075//1075 813//813 812//812
f 1075//1075 812//812 1073//1073
f 1073//1073 812//812 1191//1191
f 1073//1073 1191//1191 1071//1071
f 1077//1077 1079//1079 813//813
f 813//813 1079//1079 1168//1168
f 813//813 1168//1168 816//816
f 816//816 1168//1168 1170//1170
f 816//816 1170//1170 815//815
f 815//815 1170//1170 1172//1172
f 815//815 1172//1172 814//814
f 814//814 1172//1172 1174//1174
f 814//814 1174//1174 1192//1192
f 1192//1192 1174//1174 1176//1176
f 1192//1192 1176//1176 817//817
f 1101//1101 1103//1103 1142//1142
f 866//866 1150//1150 867//867
f 867//867 1150//1150 1152//1152
f 867//867 1152//1152 868//868
f 868//868 1152//1152 1154//1154
f 868//868 1154//1154 1156//1156
f 817//817 1176//1176 818//818
f 818//818 1176//1176 1178//1178
f 818//818 1178//1178 806//806
f 806//806 1178//1178 1180//1180
f 806//806 1180//1180 1182//1182
f 866//866 865//865 1148//1148
f 1148//1148 865//865 864//864
f 1148//1148 864//864 1146//1146
f 1146//1146 864//864 863//863
f 1146//1146 863//863 1144//1144
f 1144//1144 863//863 862//862
f 1140//1140 1142//1142 851//851
f 851//851 1142//1142 1103//1103
f 851//851 1103//1103 852//852
f 852//852 1103//1103 1105//1105
f 852//852 1105//1105 854//854
f 854//854 1105//1105 1107//1107
f 854//854 1107//1107 1193//1193
f 1193//1193 1107//1107 1109//1109
f 1193//1193 1109//1109 849//849
f 849//849 1109//1109 1111//1111
f 849//849 1111//1111 850//850
f 850//850 1111//1111 1113//1113
f 850//850 1113//1113 1115//1115
f 871//871 873//873 1162//1162
f 1162//1162 873//873 874//874
f 1162//1162 874//874 1160//1160
f 1160//1160 874//874 875//875
f 1160//1160 875//875 1158//1158
f 1158//1158 875//875 882//882
f 1158//1158 882//882 1156//1156
f 1156//1156 882//882 881//881
f 1156//1156 881//881 868//868
f 1067//1067 1069//1069 807//807
f 807//807 1069//1069 1071//1071
f 807//807 1071//1071 809//809
f 809//809 1071//1071 1191//1191
f 860//860 1194//1194 1134//1134
f 1134//1134 1194//1194 847//847
f 1134//1134 847//847 1132//1132
f 1132//1132 847//847 846//846
f 1132//1132 846//846 1130//1130
f 1130//1130 846//846 845//845
f 1130//1130 845//845 1128//1128
f 845//845 850//850 1128//1128
f 1128//1128 850//850 1115//1115
f 1128//1128 1115//1115 1126//1126
f 1126//1126 1115//1115 1117//1117
f 1126//1126 1117//1117 1195//1195
f 807//807 806//806 1067//1067
f 1067//1067 806//806 1182//1182
f 1067//1067 1182//1182 1065//1065
f 1065//1065 1182//1182 1184//1184
f 879//879 1087//1087 880//880
f 880//880 1087//1087 1089//1089
f 880//880 1089//1089 1091//1091
f 881//881 880//880 868//868
f 868//868 880//880 1091//1091
f 868//868 1091//1091 869//869
f 869//869 1091//1091 1093//1093
f 869//869 1093//1093 870//870
f 870//870 1093//1093 1095//1095
f 870//870 1095//1095 857//857
f 857//857 1095//1095 1097//1097
f 857//857 1097//1097 858//858
f 858//858 1097//1097 1099//1099
f 858//858 1099//1099 859//859
f 859//859 1099//1099 1101//1101
f 859//859 1101//1101 862//862
f 862//862 1101//1101 1142//1142
f 862//862 1142//1142 1144//1144
f 1196//1196 1065//1065 1190//1190
f 1190//1190 1065//1065 1184//1184
f 1190//1190 1184//1184 1189//1189
f 1189//1189 1184//1184 1186//1186
f 1197//1197 1198//1198 1119//1119
f 1119//1119 1198//1198 1199//1199
f 1195//1195 1120//1120 1126//1126
f 1126//1126 1120//1120 1119//1119
f 1126//1126 1119//1119 1123//1123
f 1123//1123 1119//1119 1199//1199
f 1123//1123 1199//1199 1200//1200
f 1201//1201 1202//1202 1203//1203
f 1203//1203 1202//1202 1189//1189
f 1203//1203 1189//1189 1204//1204
f 1204//1204 1189//1189 1186//1186
f 1112//1112 1205//1205 1206//1206
f 1104//1104 1207//1207 1208//1208
f 1209//1209 1104//1104 1210//1210
f 1210//1210 1104//1104 1208//1208
f 1210//1210 1208//1208 1211//1211
f 1211//1211 1208//1208 1212//1212
f 1116//1116 1127//1127 1118//1118
f 1118//1118 1127//1127 1125//1125
f 1129//1129 1213//1213 1131//1131
f 1131//1131 1213//1213 1214//1214
f 1131//1131 1214//1214 1133//1133
f 1147//1147 1145//1145 1215//1215
f 1205//1205 1112//1112 1216//1216
f 1216//1216 1112//1112 1110//1110
f 1216//1216 1110//1110 1217//1217
f 1217//1217 1110//1110 1108//1108
f 1217//1217 1108//1108 1209//1209
f 1209//1209 1108//1108 1106//1106
f 1209//1209 1106//1106 1104//1104
f 1129//1129 1127//1127 1213//1213
f 1213//1213 1127//1127 1116//1116
f 1213//1213 1116//1116 1206//1206
f 1206//1206 1116//1116 1114//1114
f 1206//1206 1114//1114 1112//1112
f 1218//1218 1118//1118 1122//1122
f 1122//1122 1118//1118 1125//1125
f 1122//1122 1125//1125 1121//1121
f 1121//1121 1125//1125 1124//1124
f 1215//1215 1145//1145 1219//1219
f 1220//1220 1221//1221 1171//1171
f 1222//1222 1223//1223 1224//1224
f 1224//1224 1223//1223 1121//1121
f 1224//1224 1121//1121 1225//1225
f 1225//1225 1121//1121 1124//1124
f 1145//1145 1143//1143 1219//1219
f 1219//1219 1143//1143 1141//1141
f 1219//1219 1141//1141 1208//1208
f 1214//1214 1226//1226 1133//1133
f 1133//1133 1226//1226 1227//1227
f 1133//1133 1227//1227 1135//1135
f 1135//1135 1227//1227 1212//1212
f 1135//1135 1212//1212 1137//1137
f 1137//1137 1212//1212 1208//1208
f 1137//1137 1208//1208 1139//1139
f 1139//1139 1208//1208 1141//1141
f 1215//1215 1228//1228 1147//1147
f 1147//1147 1228//1228 1229//1229
f 1147//1147 1229//1229 1149//1149
f 1149//1149 1229//1229 1230//1230
f 1149//1149 1230//1230 1151//1151
f 1151//1151 1230//1230 1231//1231
f 1151//1151 1231//1231 1153//1153
f 1153//1153 1231//1231 1232//1232
f 1153//1153 1232//1232 1155//1155
f 1155//1155 1232//1232 1233//1233
f 1155//1155 1233//1233 1157//1157
f 1157//1157 1233//1233 1234//1234
f 1157//1157 1234//1234 1159//1159
f 1159//1159 1234//1234 1235//1235
f 1159//1159 1235//1235 1161//1161
f 1171//1171 1221//1221 1173//1173
f 1173//1173 1221//1221 1236//1236
f 1173//1173 1236//1236 1175//1175
f 1236//1236 1237//1237 1175//1175
f 1175//1175 1237//1237 1238//1238
f 1175//1175 1238//1238 1177//1177
f 1177//1177 1238//1238 1239//1239
f 1177//1177 1239//1239 1179//1179
f 1179//1179 1239//1239 1240//1240
f 1179//1179 1240//1240 1181//1181
f 1235//1235 1241//1241 1161//1161
f 1161//1161 1241//1241 1242//1242
f 1161//1161 1242//1242 1163//1163
f 1163//1163 1242//1242 1243//1243
f 1163//1163 1243//1243 1165//1165
f 1165//1165 1243//1243 1244//1244
f 1165//1165 1244//1244 1167//1167
f 1167//1167 1244//1244 1220//1220
f 1167//1167 1220//1220 1169//1169
f 1169//1169 1220//1220 1171//1171
f 1104//1104 1102//1102 1207//1207
f 1207//1207 1102//1102 1100//1100
f 1207//1207 1100//1100 1245//1245
f 1245//1245 1100//1100 1098//1098
f 1245//1245 1098//1098 1246//1246
f 1246//1246 1098//1098 1096//1096
f 1246//1246 1096//1096 1247//1247
f 1247//1247 1096//1096 1094//1094
f 1247//1247 1094//1094 1092//1092
f 1232//1232 1247//1247 1233//1233
f 1233//1233 1247//1247 1092//1092
f 1233//1233 1092//1092 1248//1248
f 1248//1248 1092//1092 1090//1090
f 1248//1248 1090//1090 1249//1249
f 1249//1249 1090//1090 1088//1088
f 1249//1249 1088//1088 1250//1250
f 1250//1250 1088//1088 1086//1086
f 1250//1250 1086//1086 1251//1251
f 1251//1251 1086//1086 1084//1084
f 1251//1251 1084//1084 1252//1252
f 1252//1252 1084//1084 1082//1082
f 1252//1252 1082//1082 1080//1080
f 1240//1240 1253//1253 1181//1181
f 1181//1181 1253//1253 1068//1068
f 1181//1181 1068//1068 1183//1183
f 1183//1183 1068//1068 1066//1066
f 1183//1183 1066//1066 1254//1254
f 1244//1244 1252//1252 1220//1220
f 1220//1220 1252//1252 1080//1080
f 1220//1220 1080//1080 1255//1255
f 1255//1255 1080//1080 1078//1078
f 1255//1255 1078//1078 1256//1256
f 1256//1256 1078//1078 1076//1076
f 1256//1256 1076//1076 1257//1257
f 1257//1257 1076//1076 1074//1074
f 1257//1257 1074//1074 1258//1258
f 1258//1258 1074//1074 1072//1072
f 1258//1258 1072//1072 1253//1253
f 1253//1253 1072//1072 1070//1070
f 1253//1253 1070//1070 1068//1068
f 1254//1254 1188//1188 1183//1183
f 1183//1183 1188//1188 1187//1187
f 1183//1183 1187//1187 1185//1185
f 1185//1185 1187//1187 1259//1259
f 1260//1260 1261//1261 1187//1187
f 1187//1187 1261//1261 1262//1262
f 1187//1187 1262//1262 1259//1259
f 1186//1186 1185//1185 1259//1259
f 1186//1186 1259//1259 1204//1204
f 1204//1204 1259//1259 1262//1262
f 1204//1204 1262//1262 1203//1203
f 1203//1203 1262//1262 1261//1261
f 1203//1203 1261//1261 1201//1201
f 1201//1201 1261//1261 1260//1260
f 1201//1201 1260//1260 1202//1202
f 1202//1202 1260//1260 1187//1187
f 1202//1202 1187//1187 1189//1189
f 1119//1119 1121//1121 1223//1223
f 1119//1119 1223//1223 1197//1197
f 1197//1197 1223//1223 1222//1222
f 1197//1197 1222//1222 1198//1198
f 1198//1198 1222//1222 1224//1224
f 1198//1198 1224//1224 1199//1199
f 1199//1199 1224//1224 1225//1225
f 1199//1199 1225//1225 1200//1200
f 1200//1200 1225//1225 1124//1124
f 1200//1200 1124//1124 1123//1123
f 1117//1117 1118//1118 1218//1218
f 1117//1117 1218//1218 1195//1195
f 1195//1195 1218//1218 1122//1122
f 1195//1195 1122//1122 1120//1120
f 1190//1190 1188//1188 1254//1254
f 1190//1190 1254//1254 1196//1196
f 1196//1196 1254//1254 1066//1066
f 1196//1196 1066//1066 1065//1065
f 1220//1220 816//816 1221//1221
f 1221//1221 816//816 815//815
f 1221//1221 815//815 1236//1236
f 1236//1236 815//815 814//814
f 1236//1236 814//814 1237//1237
f 1237//1237 814//814 1192//1192
f 1237//1237 1192//1192 1238//1238
f 1238//1238 1192//1192 817//817
f 1238//1238 817//817 1239//1239
f 1239//1239 817//817 818//818
f 1239//1239 818//818 1240//1240
f 1240//1240 818//818 806//806
f 1240//1240 806//806 1253//1253
f 1253//1253 806//806 807//807
f 1253//1253 807//807 1258//1258
f 1258//1258 807//807 809//809
f 1258//1258 809//809 1257//1257
f 1257//1257 809//809 1191//1191
f 1257//1257 1191//1191 1256//1256
f 1256//1256 1191//1191 812//812
f 1256//1256 812//812 1255//1255
f 1255//1255 812//812 813//813
f 1255//1255 813//813 1220//1220
f 1220//1220 813//813 816//816
f 1235//1235 875//875 1241//1241
f 1241//1241 875//875 874//874
f 1241//1241 874//874 1242//1242
f 1242//1242 874//874 873//873
f 1242//1242 873//873 1243//1243
f 1243//1243 873//873 871//871
f 1243//1243 871//871 1244//1244
f 1244//1244 871//871 872//872
f 1244//1244 872//872 1252//1252
f 1252//1252 872//872 876//876
f 1252//1252 876//876 1251//1251
f 1251//1251 876//876 877//877
f 1251//1251 877//877 1250//1250
f 1250//1250 877//877 878//878
f 1250//1250 878//878 1249//1249
f 1249//1249 878//878 879//879
f 1249//1249 879//879 1248//1248
f 1248//1248 879//879 880//880
f 1248//1248 880//880 1233//1233
f 1233//1233 880//880 881//881
f 1233//1233 881//881 1234//1234
f 1234//1234 881//881 882//882
f 1234//1234 882//882 1235//1235
f 1235//1235 882//882 875//875
f 1230//1230 866//866 1231//1231
f 1231//1231 866//866 867//867
f 1231//1231 867//867 1232//1232
f 1232//1232 867//867 868//868
f 1232//1232 868//868 1247//1247
f 1247//1247 868//868 869//869
f 1247//1247 869//869 1246//1246
f 1246//1246 869//869 870//870
f 1246//1246 870//870 1245//1245
f 1245//1245 870//870 857//857
f 1245//1245 857//857 1207//1207
f 1207//1207 857//857 858//858
f 1207//1207 858//858 1208//1208
f 1208//1208 858//858 859//859
f 1208//1208 859//859 1219//1219
f 1219//1219 859//859 862//862
f 1219//1219 862//862 1215//1215
f 1215//1215 862//862 863//863
f 1215//1215 863//863 1228//1228
f 1228//1228 863//863 864//864
f 1228//1228 864//864 1229//1229
f 1229//1229 864//864 865//865
f 1229//1229 865//865 1230//1230
f 1230//1230 865//865 866//866
f 1210//1210 851//851 1209//1209
f 1209//1209 851//851 852//852
f 1209//1209 852//852 1217//1217
f 1217//1217 852//852 854//854
f 1217//1217 854//854 1216//1216
f 1216//1216 854//854 1193//1193
f 1216//1216 1193//1193 1205//1205
f 1205//1205 1193//1193 849//849
f 1205//1205 849//849 1206//1206
f 1206//1206 849//849 850//850
f 1206//1206 850//850 1213//1213
f 1213//1213 850//850 845//845
f 1213//1213 845//845 1214//1214
f 1214//1214 845//845 846//846
f 1214//1214 846//846 1226//1226
f 1226//1226 846//846 847//847
f 1226//1226 847//847 1227//1227
f 1227//1227 847//847 1194//1194
f 1227//1227 1194//1194 1212//1212
f 1212//1212 1194//1194 860//860
f 1212//1212 860//860 1211//1211
f 1211//1211 860//860 861//861
f 1211//1211 861//861 1210//1210
f 1210//1210 861//861 851//851
f 1263//1263 1264//1264 1265//1265
f 1265//1265 1264//1264 1266//1266
f 1265//1265 1266//1266 1267//1267
f 1267//1267 1266//1266 1268//1268
f 1267//1267 1268//1268 1269//1269
f 1269//1269 1268//1268 1270//1270
f 1269//1269 1270//1270 1271//1271
f 1270//1270 1272//1272 1271//1271
f 1271//1271 1272//1272 1273//1273
f 1271//1271 1273//1273 1274//1274
f 1274//1274 1273//1273 1275//1275
f 1274//1274 1275//1275 1276//1276
f 1276//1276 1275//1275 1277//1277
f 1276//1276 1277//1277 1278//1278
f 1278//1278 1277//1277 1279//1279
f 1278//1278 1279//1279 1280//1280
f 1280//1280 1279//1279 1281//1281
f 1280//1280 1281//1281 1282//1282
f 1282//1282 1281//1281 1283//1283
f 1282//1282 1283//1283 1284//1284
f 1284//1284 1283//1283 1285//1285
f 1284//1284 1285//1285 1286//1286
f 1286//1286 1285//1285 1287//1287
f 1286//1286 1287//1287 1288//1288
f 1288//1288 1287//1287 1289//1289
f 1288//1288 1289//1289 1290//1290
f 1290//1290 1289//1289 1291//1291
f 1290//1290 1291//1291 1292//1292
f 1292//1292 1291//1291 1293//1293
f 1292//1292 1293//1293 1294//1294
f 1294//1294 1293//1293 1295//1295
f 1294//1294 1295//1295 1296//1296
f 1296//1296 1295//1295 1297//1297
f 1296//1296 1297//1297 1298//1298
f 1298//1298 1297//1297 1299//1299
f 1298//1298 1299//1299 1300//1300
f 1300//1300 1299//1299 1301//1301
f 1300//1300 1301//1301 1302//1302
f 1302//1302 1301//1301 1303//1303
f 1302//1302 1303//1303 1304//1304
f 1304//1304 1303//1303 1305//1305
f 1304//1304 1305//1305 1306//1306
f 1306//1306 1305//1305 1307//1307
f 1306//1306 1307//1307 1308//1308
f 1308//1308 1307//1307 1309//1309
f 1308//1308 1309//1309 1310//1310
f 1310//1310 1309//1309 1311//1311
f 1310//1310 1311//1311 1312//1312
f 1312//1312 1311//1311 1313//1313
f 1312//1312 1313//1313 1314//1314
f 1314//1314 1313//1313 1315//1315
f 1314//1314 1315//1315 1316//1316
f 1316//1316 1315//1315 1317//1317
f 1316//1316 1317//1317 1318//1318
f 1318//1318 1317//1317 1319//1319
f 1318//1318 1319//1319 1320//1320
f 1320//1320 1319//1319 1321//1321
f 1320//1320 1321//1321 1322//1322
f 1322//1322 1321//1321 1323//1323
f 1322//1322 1323//1323 1324//1324
f 1324//1324 1323//1323 1325//1325
f 1324//1324 1325//1325 1326//1326
f 1326//1326 1325//1325 1327//1327
f 1326//1326 1327//1327 1328//1328
f 1328//1328 1327//1327 1329//1329
f 1328//1328 1329//1329 1330//1330
f 1330//1330 1329//1329 1331//1331
f 1330//1330 1331//1331 1332//1332
f 1332//1332 1331//1331 1333//1333
f 1332//1332 1333//1333 1334//1334
f 1334//1334 1333//1333 1335//1335
f 1334//1334 1335//1335 1336//1336
f 1336//1336 1335//1335 1337//1337
f 1336//1336 1337//1337 1338//1338
f 1338//1338 1337//1337 1339//1339
f 1338//1338 1339//1339 1263//1263
f 1263//1263 1339//1339 1340//1340
f 1263//1263 1340//1340 1264//1264
f 1311//1311 1309//1309 1341//1341
f 1342//1342 1343//1343 1344//1344
f 1345//1345 1346//1346 1329//1329
f 1329//1329 1346//1346 1347//1347
f 1329//1329 1347//1347 1331//1331
f 1348//1348 1349//1349 1350//1350
f 1350//1350 1349//1349 1331//1331
f 1350//1350 1331//1331 1351//1351
f 1351//1351 1331//1331 1347//1347
f 1352//1352 1353//1353 1354//1354
f 1354//1354 1353//1353 1349//1349
f 1354//1354 1349//1349 1355//1355
f 1355//1355 1349//1349 1348//1348
f 1352//1352 1356//1356 1353//1353
f 1353//1353 1356//1356 1357//1357
f 1353//1353 1357//1357 1323//1323
f 1357//1357 1358//1358 1323//1323
f 1323//1323 1358//1358 1359//1359
f 1323//1323 1359//1359 1325//1325
f 1325//1325 1359//1359 1345//1345
f 1325//1325 1345//1345 1327//1327
f 1327//1327 1345//1345 1329//1329
f 1337//1337 1335//1335 1349//1349
f 1349//1349 1335//1335 1333//1333
f 1349//1349 1333//1333 1331//1331
f 1360//1360 1361//1361 1362//1362
f 1363//1363 1364//1364 1349//1349
f 1360//1360 1362//1362 1365//1365
f 1364//1364 1366//1366 1349//1349
f 1349//1349 1366//1366 1367//1367
f 1349//1349 1367//1367 1337//1337
f 1337//1337 1367//1367 1368//1368
f 1337//1337 1368//1368 1339//1339
f 1339//1339 1368//1368 1369//1369
f 1339//1339 1369//1369 1370//1370
f 1371//1371 1372//1372 1270//1270
f 1270//1270 1372//1372 1373//1373
f 1270//1270 1373//1373 1272//1272
f 1266//1266 1264//1264 1340//1340
f 1370//1370 1371//1371 1339//1339
f 1339//1339 1371//1371 1270//1270
f 1339//1339 1270//1270 1340//1340
f 1340//1340 1270//1270 1268//1268
f 1340//1340 1268//1268 1266//1266
f 1362//1362 1277//1277 1275//1275
f 1373//1373 1365//1365 1272//1272
f 1272//1272 1365//1365 1362//1362
f 1272//1272 1362//1362 1273//1273
f 1273//1273 1362//1362 1275//1275
f 1283//1283 1281//1281 1374//1374
f 1374//1374 1281//1281 1375//1375
f 1374//1374 1375//1375 1376//1376
f 1377//1377 1378//1378 1379//1379
f 1380//1380 1362//1362 1381//1381
f 1381//1381 1362//1362 1379//1379
f 1381//1381 1379//1379 1382//1382
f 1382//1382 1379//1379 1378//1378
f 1380//1380 1383//1383 1362//1362
f 1362//1362 1383//1383 1384//1384
f 1362//1362 1384//1384 1277//1277
f 1384//1384 1385//1385 1277//1277
f 1277//1277 1385//1385 1386//1386
f 1277//1277 1386//1386 1279//1279
f 1279//1279 1386//1386 1387//1387
f 1279//1279 1387//1387 1281//1281
f 1281//1281 1387//1387 1388//1388
f 1281//1281 1388//1388 1375//1375
f 1289//1289 1287//1287 1374//1374
f 1374//1374 1287//1287 1285//1285
f 1374//1374 1285//1285 1283//1283
f 1389//1389 1390//1390 1379//1379
f 1379//1379 1390//1390 1374//1374
f 1379//1379 1374//1374 1377//1377
f 1377//1377 1374//1374 1376//1376
f 1344//1344 1343//1343 1379//1379
f 1379//1379 1343//1343 1391//1391
f 1379//1379 1391//1391 1389//1389
f 1390//1390 1392//1392 1374//1374
f 1374//1374 1392//1392 1393//1393
f 1374//1374 1393//1393 1289//1289
f 1289//1289 1393//1393 1394//1394
f 1289//1289 1394//1394 1291//1291
f 1293//1293 1395//1395 1344//1344
f 1344//1344 1395//1395 1396//1396
f 1344//1344 1396//1396 1342//1342
f 1394//1394 1397//1397 1291//1291
f 1291//1291 1397//1397 1398//1398
f 1291//1291 1398//1398 1293//1293
f 1293//1293 1398//1398 1399//1399
f 1293//1293 1399//1399 1395//1395
f 1299//1299 1297//1297 1344//1344
f 1344//1344 1297//1297 1295//1295
f 1344//1344 1295//1295 1293//1293
f 1400//1400 1401//1401 1344//1344
f 1401//1401 1402//1402 1344//1344
f 1344//1344 1402//1402 1403//1403
f 1344//1344 1403//1403 1299//1299
f 1299//1299 1403//1403 1404//1404
f 1299//1299 1404//1404 1301//1301
f 1301//1301 1404//1404 1405//1405
f 1301//1301 1405//1405 1303//1303
f 1303//1303 1405//1405 1406//1406
f 1303//1303 1406//1406 1305//1305
f 1406//1406 1407//1407 1305//1305
f 1305//1305 1407//1407 1408//1408
f 1305//1305 1408//1408 1307//1307
f 1307//1307 1408//1408 1409//1409
f 1307//1307 1409//1409 1309//1309
f 1309//1309 1409//1409 1410//1410
f 1309//1309 1410//1410 1341//1341
f 1341//1341 1410//1410 1411//1411
f 1341//1341 1411//1411 1412//1412
f 1413//1413 1414//1414 1341//1341
f 1414//1414 1315//1315 1341//1341
f 1341//1341 1315//1315 1313//1313
f 1341//1341 1313//1313 1311//1311
f 1414//1414 1415//1415 1315//1315
f 1315//1315 1415//1415 1416//1416
f 1315//1315 1416//1416 1317//1317
f 1317//1317 1416//1416 1417//1417
f 1317//1317 1417//1417 1319//1319
f 1319//1319 1417//1417 1418//1418
f 1319//1319 1418//1418 1321//1321
f 1321//1321 1418//1418 1419//1419
f 1321//1321 1419//1419 1323//1323
f 1419//1419 1420//1420 1323//1323
f 1323//1323 1420//1420 1421//1421
f 1323//1323 1421//1421 1353//1353
f 1353//1353 1421//1421 1422//1422
f 1422//1422 1423//1423 1353//1353
f 1353//1353 1423//1423 1424//1424
f 1353//1353 1424//1424 1341//1341
f 1341//1341 1424//1424 1425//1425
f 1341//1341 1425//1425 1413//1413
f 1412//1412 1400//1400 1341//1341
f 1341//1341 1400//1400 1344//1344
f 1341//1341 1344//1344 1353//1353
f 1353//1353 1344//1344 1379//1379
f 1353//1353 1379//1379 1349//1349
f 1349//1349 1379//1379 1362//1362
f 1349//1349 1362//1362 1363//1363
f 1363//1363 1362//1362 1361//1361
f 1324//1324 1326//1326 1426//1426
f 1324//1324 1426//1426 1322//1322
f 1316//1316 1318//1318 1426//1426
f 1426//1426 1318//1318 1320//1320
f 1426//1426 1320//1320 1322//1322
f 1310//1310 1312//1312 1426//1426
f 1426//1426 1312//1312 1314//1314
f 1426//1426 1314//1314 1316//1316
f 1304//1304 1306//1306 1426//1426
f 1426//1426 1306//1306 1308//1308
f 1426//1426 1308//1308 1310//1310
f 1298//1298 1300//1300 1426//1426
f 1426//1426 1300//1300 1302//1302
f 1426//1426 1302//1302 1304//1304
f 1292//1292 1294//1294 1426//1426
f 1426//1426 1294//1294 1296//1296
f 1426//1426 1296//1296 1298//1298
f 1286//1286 1288//1288 1426//1426
f 1426//1426 1288//1288 1290//1290
f 1426//1426 1290//1290 1292//1292
f 1280//1280 1282//1282 1426//1426
f 1426//1426 1282//1282 1284//1284
f 1426//1426 1284//1284 1286//1286
f 1274//1274 1276//1276 1426//1426
f 1426//1426 1276//1276 1278//1278
f 1426//1426 1278//1278 1280//1280
f 1267//1267 1269//1269 1426//1426
f 1426//1426 1269//1269 1271//1271
f 1426//1426 1271//1271 1274//1274
f 1338//1338 1263//1263 1426//1426
f 1426//1426 1263//1263 1265//1265
f 1426//1426 1265//1265 1267//1267
f 1332//1332 1334//1334 1426//1426
f 1426//1426 1334//1334 1336//1336
f 1426//1426 1336//1336 1338//1338
f 1326//1326 1328//1328 1426//1426
f 1426//1426 1328//1328 1330//1330
f 1426//1426 1330//1330 1332//1332
f 1427//1427 1410//1410 1428//1428
f 1428//1428 1410//1410 1409//1409
f 1428//1428 1409//1409 1429//1429
f 1429//1429 1409//1409 1408//1408
f 1429//1429 1408//1408 1430//1430
f 1430//1430 1408//1408 1407//1407
f 1430//1430 1407//1407 1431//1431
f 1431//1431 1407//1407 1406//1406
f 1431//1431 1406//1406 1432//1432
f 1432//1432 1406//1406 1405//1405
f 1432//1432 1405//1405 1433//1433
f 1433//1433 1405//1405 1404//1404
f 1433//1433 1404//1404 1434//1434
f 1434//1434 1404//1404 1403//1403
f 1434//1434 1403//1403 1435//1435
f 1435//1435 1403//1403 1402//1402
f 1435//1435 1402//1402 1436//1436
f 1436//1436 1402//1402 1401//1401
f 1436//1436 1401//1401 1437//1437
f 1437//1437 1401//1401 1400//1400
f 1437//1437 1400//1400 1438//1438
f 1438//1438 1400//1400 1412//1412
f 1438//1438 1412//1412 1439//1439
f 1439//1439 1412//1412 1411//1411
f 1439//1439 1411//1411 1427//1427
f 1427//1427 1411//1411 1410//1410
f 1427//1427 1428//1428 1440//1440
f 1437//1437 1438//1438 1440//1440
f 1440//1440 1438//1438 1439//1439
f 1440//1440 1439//1439 1427//1427
f 1434//1434 1435//1435 1440//1440
f 1440//1440 1435//1435 1436//1436
f 1440//1440 1436//1436 1437//1437
f 1431//1431 1432//1432 1440//1440
f 1440//1440 1432//1432 1433//1433
f 1440//1440 1433//1433 1434//1434
f 1428//1428 1429//1429 1440//1440
f 1440//1440 1429//1429 1430//1430
f 1440//1440 1430//1430 1431//1431
f 1441//1441 1420//1420 1442//1442
f 1442//1442 1420//1420 1419//1419
f 1442//1442 1419//1419 1443//1443
f 1443//1443 1419//1419 1418//1418
f 1443//1443 1418//1418 1444//1444
f 1444//1444 1418//1418 1417//1417
f 1444//1444 1417//1417 1445//1445
f 1445//1445 1417//1417 1416//1416
f 1445//1445 1416//1416 1446//1446
f 1446//1446 1416//1416 1415//1415
f 1446//1446 1415//1415 1447//1447
f 1447//1447 1415//1415 1414//1414
f 1447//1447 1414//1414 1448//1448
f 1448//1448 1414//1414 1413//1413
f 1448//1448 1413//1413 1449//1449
f 1449//1449 1413//1413 1425//1425
f 1449//1449 1425//1425 1450//1450
f 1450//1450 1425//1425 1424//1424
f 1450//1450 1424//1424 1451//1451
f 1451//1451 1424//1424 1423//1423
f 1451//1451 1423//1423 1452//1452
f 1452//1452 1423//1423 1422//1422
f 1452//1452 1422//1422 1453//1453
f 1453//1453 1422//1422 1421//1421
f 1453//1453 1421//1421 1441//1441
f 1441//1441 1421//1421 1420//1420
f 1441//1441 1442//1442 1454//1454
f 1451//1451 1452//1452 1454//1454
f 1454//1454 1452//1452 1453//1453
f 1454//1454 1453//1453 1441//1441
f 1448//1448 1449//1449 1454//1454
f 1454//1454 1449//1449 1450//1450
f 1454//1454 1450//1450 1451//1451
f 1445//1445 1446//1446 1454//1454
f 1454//1454 1446//1446 1447//1447
f 1454//1454 1447//1447 1448//1448
f 1442//1442 1443//1443 1454//1454
f 1454//1454 1443//1443 1444//1444
f 1454//1454 1444//1444 1445//1445
f 1455//1455 1348//1348 1456//1456
f 1456//1456 1348//1348 1350//1350
f 1456//1456 1350//1350 1457//1457
f 1457//1457 1350//1350 1351//1351
f 1457//1457 1351//1351 1458//1458
f 1458//1458 1351//1351 1347//1347
f 1458//1458 1347//1347 1459//1459
f 1459//1459 1347//1347 1346//1346
f 1459//1459 1346//1346 1460//1460
f 1460//1460 1346//1346 1345//1345
f 1460//1460 1345//1345 1461//1461
f 1461//1461 1345//1345 1359//1359
f 1461//1461 1359//1359 1462//1462
f 1462//1462 1359//1359 1358//1358
f 1462//1462 1358//1358 1463//1463
f 1463//1463 1358//1358 1357//1357
f 1463//1463 1357//1357 1464//1464
f 1464//1464 1357//1357 1356//1356
f 1464//1464 1356//1356 1465//1465
f 1465//1465 1356//1356 1352//1352
f 1465//1465 1352//1352 1466//1466
f 1466//1466 1352//1352 1354//1354
f 1466//1466 1354//1354 1467//1467
f 1467//1467 1354//1354 1355//1355
f 1467//1467 1355//1355 1455//1455
f 1455//1455 1355//1355 1348//1348
f 1455//1455 1456//1456 1468//1468
f 1465//1465 1466//1466 1468//1468
f 1468//1468 1466//1466 1467//1467
f 1468//1468 1467//1467 1455//1455
f 1462//1462 1463//1463 1468//1468
f 1468//1468 1463//1463 1464//1464
f 1468//1468 1464//1464 1465//1465
f 1459//1459 1460//1460 1468//1468
f 1468//1468 1460//1460 1461//1461
f 1468//1468 1461//1461 1462//1462
f 1456//1456 1457//1457 1468//1468
f 1468//1468 1457//1457 1458//1458
f 1468//1468 1458//1458 1459//1459
f 1469//1469 1365//1365 1470//1470
f 1470//1470 1365//1365 1373//1373
f 1470//1470 1373//1373 1471//1471
f 1471//1471 1373//1373 1372//1372
f 1471//1471 1372//1372 1472//1472
f 1472//1472 1372//1372 1371//1371
f 1472//1472 1371//1371 1473//1473
f 1473//1473 1371//1371 1370//1370
f 1473//1473 1370//1370 1474//1474
f 1474//1474 1370//1370 1369//1369
f 1474//1474 1369//1369 1475//1475
f 1475//1475 1369//1369 1368//1368
f 1475//1475 1368//1368 1476//1476
f 1476//1476 1368//1368 1367//1367
f 1476//1476 1367//1367 1477//1477
f 1477//1477 1367//1367 1366//1366
f 1477//1477 1366//1366 1478//1478
f 1478//1478 1366//1366 1364//1364
f 1478//1478 1364//1364 1479//1479
f 1479//1479 1364//1364 1363//1363
f 1479//1479 1363//1363 1480//1480
f 1480//1480 1363//1363 1361//1361
f 1480//1480 1361//1361 1481//1481
f 1481//1481 1361//1361 1360//1360
f 1481//1481 1360//1360 1469//1469
f 1469//1469 1360//1360 1365//1365
f 1469//1469 1470//1470 1482//1482
f 1479//1479 1480//1480 1482//1482
f 1482//1482 1480//1480 1481//1481
f 1482//1482 1481//1481 1469//1469
f 1476//1476 1477//1477 1482//1482
f 1482//1482 1477//1477 1478//1478
f 1482//1482 1478//1478 1479//1479
f 1473//1473 1474//1474 1482//1482
f 1482//1482 1474//1474 1475//1475
f 1482//1482 1475//1475 1476//1476
f 1470//1470 1471//1471 1482//1482
f 1482//1482 1471//1471 1472//1472
f 1482//1482 1472//1472 1473//1473
f 1483//1483 1376//1376 1484//1484
f 1484//1484 1376//1376 1375//1375
f 1484//1484 1375//1375 1485//1485
f 1485//1485 1375//1375 1388//1388
f 1485//1485 1388//1388 1486//1486
f 1486//1486 1388//1388 1387//1387
f 1486//1486 1387//1387 1487//1487
f 1487//1487 1387//1387 1386//1386
f 1487//1487 1386//1386 1488//1488
f 1488//1488 1386//1386 1385//1385
f 1488//1488 1385//1385 1489//1489
f 1489//1489 1385//1385 1384//1384
f 1489//1489 1384//1384 1490//1490
f 1490//1490 1384//1384 1383//1383
f 1490//1490 1383//1383 1491//1491
f 1491//1491 1383//1383 1380//1380
f 1491//1491 1380//1380 1492//1492
f 1492//1492 1380//1380 1381//1381
f 1492//1492 1381//1381 1493//1493
f 1493//1493 1381//1381 1382//1382
f 1493//1493 1382//1382 1494//1494
f 1494//1494 1382//1382 1378//1378
f 1494//1494 1378//1378 1495//1495
f 1495//1495 1378//1378 1377//1377
f 1495//1495 1377//1377 1483//1483
f 1483//1483 1377//1377 1376//1376
f 1483//1483 1484//1484 1496//1496
f 1493//1493 1494//1494 1496//1496
f 1496//1496 1494//1494 1495//1495
f 1496//1496 1495//1495 1483//1483
f 1490//1490 1491//1491 1496//1496
f 1496//1496 1491//1491 1492//1492
f 1496//1496 1492//1492 1493//1493
f 1487//1487 1488//1488 1496//1496
f 1496//1496 1488//1488 1489//1489
f 1496//1496 1489//1489 1490//1490
f 1484//1484 1485//1485 1496//1496
f 1496//1496 1485//1485 1486//1486
f 1496//1496 1486//1486 1487//1487
f 1497//1497 1396//1396 1498//1498
f 1498//1498 1396//1396 1395//1395
f 1498//1498 1395//1395 1499//1499
f 1499//1499 1395//1395 1399//1399
f 1499//1499 1399//1399 1500//1500
f 1500//1500 1399//1399 1398//1398
f 1500//1500 1398//1398 1501//1501
f 1501//1501 1398//1398 1397//1397
f 1501//1501 1397//1397 1502//1502
f 1502//1502 1397//1397 1394//1394
f 1502//1502 1394//1394 1503//1503
f 1503//1503 1394//1394 1393//1393
f 1503//1503 1393//1393 1504//1504
f 1504//1504 1393//1393 1392//1392
f 1504//1504 1392//1392 1505//1505
f 1505//1505 1392//1392 1390//1390
f 1505//1505 1390//1390 1506//1506
f 1506//1506 1390//1390 1389//1389
f 1506//1506 1389//1389 1507//1507
f 1507//1507 1389//1389 1391//1391
f 1507//1507 1391//1391 1508//1508
f 1508//1508 1391//1391 1343//1343
f 1508//1508 1343//1343 1509//1509
f 1509//1509 1343//1343 1342//1342
f 1509//1509 1342//1342 1497//1497
f 1497//1497 1342//1342 1396//1396
f 1497//1497 1498//1498 1510//1510
f 1507//1507 1508//1508 1510//1510
f 1510//1510 1508//1508 1509//1509
f 1510//1510 1509//1509 1497//1497
f 1504//1504 1505//1505 1510//1510
f 1510//1510 1505//1505 1506//1506
f 1510//1510 1506//1506 1507//1507
f 1501//1501 1502//1502 1510//1510
f 1510//1510 1502//1502 1503//1503
f 1510//1510 1503//1503 1504//1504
f 1498//1498 1499//1499 1510//1510
f 1510//1510 1499//1499 1500//1500
f 1510//1510 1500//1500 1501//1501
f 1511//1511 1512//1512 1513//1513
f 1513//1513 1512//1512 1514//1514
f 1513//1513 1514//1514 1515//1515
f 1515//1515 1514//1514 1516//1516
f 1515//1515 1516//1516 1517//1517
f 1517//1517 1516//1516 1518//1518
f 1517//1517 1518//1518 1519//1519
f 1519//1519 1518//1518 1520//1520
f 1519//1519 1520//1520 1521//1521
f 1521//1521 1520//1520 1522//1522
f 1521//1521 1522//1522 1523//1523
f 1523//1523 1522//1522 1524//1524
f 1523//1523 1524//1524 1525//1525
f 1525//1525 1524//1524 1526//1526
f 1525//1525 1526//1526 1527//1527
f 1527//1527 1526//1526 1528//1528
f 1527//1527 1528//1528 1529//1529
f 1529//1529 1528//1528 1530//1530
f 1529//1529 1530//1530 1531//1531
f 1531//1531 1530//1530 1532//1532
f 1531//1531 1532//1532 1533//1533
f 1533//1533 1532//1532 1534//1534
f 1533//1533 1534//1534 1535//1535
f 1535//1535 1534//1534 1536//1536
f 1535//1535 1536//1536 1537//1537
f 1537//1537 1536//1536 1538//1538
f 1537//1537 1538//1538 1539//1539
f 1539//1539 1538//1538 1540//1540
f 1539//1539 1540//1540 1541//1541
f 1541//1541 1540//1540 1542//1542
f 1541//1541 1542//1542 1543//1543
f 1543//1543 1542//1542 1544//1544
f 1543//1543 1544//1544 1545//1545
f 1545//1545 1544//1544 1546//1546
f 1545//1545 1546//1546 1547//1547
f 1547//1547 1546//1546 1548//1548
f 1547//1547 1548//1548 1549//1549
f 1549//1549 1548//1548 1550//1550
f 1549//1549 1550//1550 1551//1551
f 1551//1551 1550//1550 1552//1552
f 1551//1551 1552//1552 1553//1553
f 1553//1553 1552//1552 1554//1554
f 1553//1553 1554//1554 1555//1555
f 1555//1555 1554//1554 1556//1556
f 1555//1555 1556//1556 1557//1557
f 1557//1557 1556//1556 1558//1558
f 1557//1557 1558//1558 1559//1559
f 1559//1559 1558//1558 1560//1560
f 1559//1559 1560//1560 1561//1561
f 1561//1561 1560//1560 1562//1562
f 1561//1561 1562//1562 1563//1563
f 1563//1563 1562//1562 1564//1564
f 1563//1563 1564//1564 1565//1565
f 1565//1565 1564//1564 1566//1566
f 1565//1565 1566//1566 1567//1567
f 1567//1567 1566//1566 1568//1568
f 1567//1567 1568//1568 1569//1569
f 1569//1569 1568//1568 1570//1570
f 1569//1569 1570//1570 1571//1571
f 1571//1571 1570//1570 1572//1572
f 1571//1571 1572//1572 1573//1573
f 1573//1573 1572//1572 1574//1574
f 1573//1573 1574//1574 1575//1575
f 1575//1575 1574//1574 1576//1576
f 1575//1575 1576//1576 1577//1577
f 1577//1577 1576//1576 1578//1578
f 1577//1577 1578//1578 1579//1579
f 1579//1579 1578//1578 1580//1580
f 1579//1579 1580//1580 1581//1581
f 1581//1581 1580//1580 1582//1582
f 1581//1581 1582//1582 1583//1583
f 1583//1583 1582//1582 1584//1584
f 1583//1583 1584//1584 1585//1585
f 1585//1585 1584//1584 1586//1586
f 1585//1585 1586//1586 1511//1511
f 1511//1511 1586//1586 1512//1512
f 1536//1536 1534//1534 1587//1587
f 1518//1518 1588//1588 1520//1520
f 1584//1584 1582//1582 1589//1589
f 1574//1574 1572//1572 1590//1590
f 1556//1556 1591//1591 1558//1558
f 1592//1592 1593//1593 1548//1548
f 1594//1594 1556//1556 1595//1595
f 1595//1595 1556//1556 1554//1554
f 1595//1595 1554//1554 1596//1596
f 1596//1596 1554//1554 1597//1597
f 1597//1597 1554//1554 1552//1552
f 1597//1597 1552//1552 1593//1593
f 1593//1593 1552//1552 1550//1550
f 1593//1593 1550//1550 1548//1548
f 1598//1598 1599//1599 1600//1600
f 1599//1599 1601//1601 1600//1600
f 1600//1600 1601//1601 1602//1602
f 1600//1600 1602//1602 1603//1603
f 1603//1603 1602//1602 1604//1604
f 1603//1603 1604//1604 1605//1605
f 1558//1558 1591//1591 1560//1560
f 1560//1560 1591//1591 1606//1606
f 1560//1560 1606//1606 1562//1562
f 1566//1566 1607//1607 1568//1568
f 1568//1568 1607//1607 1608//1608
f 1568//1568 1608//1608 1570//1570
f 1570//1570 1608//1608 1609//1609
f 1570//1570 1609//1609 1572//1572
f 1572//1572 1609//1609 1610//1610
f 1572//1572 1610//1610 1590//1590
f 1590//1590 1610//1610 1611//1611
f 1611//1611 1612//1612 1590//1590
f 1590//1590 1612//1612 1613//1613
f 1590//1590 1613//1613 1606//1606
f 1613//1613 1614//1614 1606//1606
f 1606//1606 1614//1614 1615//1615
f 1606//1606 1615//1615 1562//1562
f 1562//1562 1615//1615 1616//1616
f 1562//1562 1616//1616 1564//1564
f 1564//1564 1616//1616 1617//1617
f 1564//1564 1617//1617 1566//1566
f 1566//1566 1617//1617 1618//1618
f 1566//1566 1618//1618 1607//1607
f 1619//1619 1620//1620 1576//1576
f 1576//1576 1620//1620 1578//1578
f 1621//1621 1622//1622 1623//1623
f 1623//1623 1622//1622 1624//1624
f 1623//1623 1624//1624 1620//1620
f 1624//1624 1625//1625 1620//1620
f 1620//1620 1625//1625 1626//1626
f 1620//1620 1626//1626 1578//1578
f 1626//1626 1627//1627 1578//1578
f 1578//1578 1627//1627 1628//1628
f 1578//1578 1628//1628 1580//1580
f 1628//1628 1629//1629 1580//1580
f 1580//1580 1629//1629 1630//1630
f 1580//1580 1630//1630 1582//1582
f 1582//1582 1630//1630 1631//1631
f 1582//1582 1631//1631 1589//1589
f 1589//1589 1631//1631 1632//1632
f 1589//1589 1632//1632 1623//1623
f 1623//1623 1632//1632 1633//1633
f 1623//1623 1633//1633 1621//1621
f 1514//1514 1512//1512 1589//1589
f 1589//1589 1512//1512 1586//1586
f 1589//1589 1586//1586 1584//1584
f 1634//1634 1635//1635 1623//1623
f 1636//1636 1637//1637 1638//1638
f 1638//1638 1637//1637 1639//1639
f 1638//1638 1639//1639 1634//1634
f 1516//1516 1640//1640 1518//1518
f 1518//1518 1640//1640 1641//1641
f 1635//1635 1642//1642 1623//1623
f 1623//1623 1642//1642 1643//1643
f 1623//1623 1643//1643 1589//1589
f 1589//1589 1643//1643 1644//1644
f 1589//1589 1644//1644 1514//1514
f 1514//1514 1644//1644 1645//1645
f 1514//1514 1645//1645 1516//1516
f 1516//1516 1645//1645 1646//1646
f 1516//1516 1646//1646 1640//1640
f 1520//1520 1588//1588 1522//1522
f 1522//1522 1588//1588 1647//1647
f 1522//1522 1647//1647 1524//1524
f 1647//1647 1587//1587 1648//1648
f 1648//1648 1587//1587 1649//1649
f 1528//1528 1650//1650 1530//1530
f 1530//1530 1650//1650 1651//1651
f 1530//1530 1651//1651 1532//1532
f 1532//1532 1651//1651 1652//1652
f 1532//1532 1652//1652 1534//1534
f 1534//1534 1652//1652 1653//1653
f 1534//1534 1653//1653 1587//1587
f 1587//1587 1653//1653 1654//1654
f 1587//1587 1654//1654 1649//1649
f 1648//1648 1655//1655 1647//1647
f 1647//1647 1655//1655 1656//1656
f 1647//1647 1656//1656 1524//1524
f 1524//1524 1656//1656 1657//1657
f 1524//1524 1657//1657 1526//1526
f 1526//1526 1657//1657 1658//1658
f 1526//1526 1658//1658 1528//1528
f 1528//1528 1658//1658 1659//1659
f 1528//1528 1659//1659 1650//1650
f 1660//1660 1661//1661 1538//1538
f 1538//1538 1661//1661 1540//1540
f 1662//1662 1663//1663 1603//1603
f 1603//1603 1663//1663 1664//1664
f 1603//1603 1664//1664 1665//1665
f 1542//1542 1666//1666 1544//1544
f 1544//1544 1666//1666 1667//1667
f 1544//1544 1667//1667 1546//1546
f 1546//1546 1667//1667 1662//1662
f 1546//1546 1662//1662 1548//1548
f 1548//1548 1662//1662 1603//1603
f 1548//1548 1603//1603 1592//1592
f 1592//1592 1603//1603 1605//1605
f 1540//1540 1668//1668 1542//1542
f 1542//1542 1668//1668 1669//1669
f 1542//1542 1669//1669 1666//1666
f 1670//1670 1671//1671 1661//1661
f 1661//1661 1671//1671 1672//1672
f 1661//1661 1672//1672 1540//1540
f 1540//1540 1672//1672 1673//1673
f 1540//1540 1673//1673 1668//1668
f 1674//1674 1675//1675 1661//1661
f 1661//1661 1675//1675 1676//1676
f 1661//1661 1676//1676 1677//1677
f 1677//1677 1678//1678 1661//1661
f 1661//1661 1678//1678 1603//1603
f 1661//1661 1603//1603 1670//1670
f 1670//1670 1603//1603 1665//1665
f 1679//1679 1587//1587 1680//1680
f 1680//1680 1587//1587 1681//1681
f 1681//1681 1587//1587 1682//1682
f 1682//1682 1587//1587 1647//1647
f 1682//1682 1647//1647 1683//1683
f 1634//1634 1623//1623 1638//1638
f 1638//1638 1623//1623 1684//1684
f 1638//1638 1684//1684 1685//1685
f 1685//1685 1686//1686 1638//1638
f 1638//1638 1686//1686 1687//1687
f 1638//1638 1687//1687 1688//1688
f 1688//1688 1687//1687 1689//1689
f 1690//1690 1691//1691 1620//1620
f 1690//1690 1620//1620 1692//1692
f 1691//1691 1693//1693 1620//1620
f 1620//1620 1693//1693 1694//1694
f 1620//1620 1694//1694 1623//1623
f 1623//1623 1694//1694 1695//1695
f 1623//1623 1695//1695 1684//1684
f 1696//1696 1590//1590 1697//1697
f 1697//1697 1590//1590 1698//1698
f 1698//1698 1590//1590 1699//1699
f 1699//1699 1590//1590 1606//1606
f 1699//1699 1606//1606 1700//1700
f 1701//1701 1702//1702 1703//1703
f 1703//1703 1702//1702 1600//1600
f 1703//1703 1600//1600 1704//1704
f 1678//1678 1705//1705 1603//1603
f 1603//1603 1705//1705 1706//1706
f 1603//1603 1706//1706 1600//1600
f 1600//1600 1706//1706 1707//1707
f 1600//1600 1707//1707 1704//1704
f 1538//1538 1536//1536 1660//1660
f 1660//1660 1536//1536 1587//1587
f 1660//1660 1587//1587 1661//1661
f 1661//1661 1587//1587 1679//1679
f 1661//1661 1679//1679 1674//1674
f 1674//1674 1679//1679 1680//1680
f 1641//1641 1636//1636 1518//1518
f 1518//1518 1636//1636 1638//1638
f 1518//1518 1638//1638 1588//1588
f 1588//1588 1638//1638 1688//1688
f 1588//1588 1688//1688 1647//1647
f 1647//1647 1688//1688 1689//1689
f 1647//1647 1689//1689 1683//1683
f 1594//1594 1598//1598 1556//1556
f 1556//1556 1598//1598 1600//1600
f 1556//1556 1600//1600 1591//1591
f 1591//1591 1600//1600 1702//1702
f 1591//1591 1702//1702 1606//1606
f 1606//1606 1702//1702 1701//1701
f 1606//1606 1701//1701 1700//1700
f 1697//1697 1692//1692 1696//1696
f 1696//1696 1692//1692 1620//1620
f 1696//1696 1620//1620 1590//1590
f 1590//1590 1620//1620 1619//1619
f 1590//1590 1619//1619 1574//1574
f 1574//1574 1619//1619 1576//1576
f 1708//1708 1709//1709 1710//1710
f 1513//1513 1515//1515 1711//1711
f 1543//1543 1545//1545 1712//1712
f 1713//1713 1714//1714 1715//1715
f 1712//1712 1545//1545 1714//1714
f 1714//1714 1545//1545 1547//1547
f 1714//1714 1547//1547 1715//1715
f 1539//1539 1716//1716 1537//1537
f 1537//1537 1716//1716 1535//1535
f 1529//1529 1717//1717 1527//1527
f 1527//1527 1717//1717 1718//1718
f 1527//1527 1718//1718 1525//1525
f 1719//1719 1720//1720 1721//1721
f 1720//1720 1722//1722 1721//1721
f 1721//1721 1722//1722 1723//1723
f 1721//1721 1723//1723 1716//1716
f 1723//1723 1724//1724 1716//1716
f 1716//1716 1724//1724 1725//1725
f 1716//1716 1725//1725 1535//1535
f 1535//1535 1725//1725 1726//1726
f 1535//1535 1726//1726 1533//1533
f 1533//1533 1726//1726 1727//1727
f 1533//1533 1727//1727 1531//1531
f 1531//1531 1727//1727 1728//1728
f 1531//1531 1728//1728 1529//1529
f 1529//1529 1728//1728 1729//1729
f 1529//1529 1729//1729 1717//1717
f 1517//1517 1730//1730 1515//1515
f 1515//1515 1730//1730 1731//1731
f 1515//1515 1731//1731 1711//1711
f 1711//1711 1731//1731 1732//1732
f 1711//1711 1732//1732 1733//1733
f 1733//1733 1732//1732 1734//1734
f 1733//1733 1734//1734 1735//1735
f 1736//1736 1519//1519 1737//1737
f 1737//1737 1519//1519 1521//1521
f 1737//1737 1521//1521 1738//1738
f 1738//1738 1521//1521 1523//1523
f 1738//1738 1523//1523 1525//1525
f 1735//1735 1739//1739 1733//1733
f 1733//1733 1739//1739 1740//1740
f 1733//1733 1740//1740 1737//1737
f 1737//1737 1740//1740 1741//1741
f 1737//1737 1741//1741 1736//1736
f 1736//1736 1742//1742 1519//1519
f 1519//1519 1742//1742 1743//1743
f 1519//1519 1743//1743 1517//1517
f 1517//1517 1743//1743 1744//1744
f 1517//1517 1744//1744 1730//1730
f 1583//1583 1585//1585 1711//1711
f 1711//1711 1585//1585 1511//1511
f 1711//1711 1511//1511 1513//1513
f 1581//1581 1745//1745 1579//1579
f 1579//1579 1745//1745 1746//1746
f 1747//1747 1748//1748 1749//1749
f 1750//1750 1733//1733 1751//1751
f 1751//1751 1733//1733 1749//1749
f 1751//1751 1749//1749 1752//1752
f 1752//1752 1749//1749 1748//1748
f 1750//1750 1753//1753 1733//1733
f 1733//1733 1753//1753 1754//1754
f 1733//1733 1754//1754 1711//1711
f 1711//1711 1754//1754 1755//1755
f 1711//1711 1755//1755 1583//1583
f 1583//1583 1755//1755 1756//1756
f 1583//1583 1756//1756 1581//1581
f 1581//1581 1756//1756 1757//1757
f 1581//1581 1757//1757 1745//1745
f 1758//1758 1577//1577 1579//1579
f 1577//1577 1758//1758 1575//1575
f 1575//1575 1758//1758 1759//1759
f 1575//1575 1759//1759 1573//1573
f 1567//1567 1760//1760 1565//1565
f 1565//1565 1760//1760 1761//1761
f 1565//1565 1761//1761 1563//1563
f 1762//1762 1763//1763 1764//1764
f 1763//1763 1765//1765 1764//1764
f 1764//1764 1765//1765 1766//1766
f 1764//1764 1766//1766 1759//1759
f 1766//1766 1767//1767 1759//1759
f 1759//1759 1767//1767 1768//1768
f 1759//1759 1768//1768 1573//1573
f 1573//1573 1768//1768 1769//1769
f 1573//1573 1769//1769 1571//1571
f 1571//1571 1769//1769 1770//1770
f 1571//1571 1770//1770 1569//1569
f 1569//1569 1770//1770 1771//1771
f 1569//1569 1771//1771 1567//1567
f 1567//1567 1771//1771 1772//1772
f 1567//1567 1772//1772 1760//1760
f 1761//1761 1762//1762 1563//1563
f 1563//1563 1762//1762 1764//1764
f 1563//1563 1764//1764 1561//1561
f 1561//1561 1764//1764 1559//1559
f 1555//1555 1773//1773 1774//1774
f 1721//1721 1775//1775 1776//1776
f 1541//1541 1777//1777 1539//1539
f 1539//1539 1777//1777 1778//1778
f 1539//1539 1778//1778 1716//1716
f 1716//1716 1778//1778 1779//1779
f 1779//1779 1780//1780 1716//1716
f 1716//1716 1780//1780 1781//1781
f 1716//1716 1781//1781 1721//1721
f 1721//1721 1781//1781 1782//1782
f 1721//1721 1782//1782 1775//1775
f 1712//1712 1783//1783 1543//1543
f 1543//1543 1783//1783 1784//1784
f 1543//1543 1784//1784 1541//1541
f 1541//1541 1784//1784 1785//1785
f 1541//1541 1785//1785 1777//1777
f 1777//1777 1785//1785 1786//1786
f 1777//1777 1786//1786 1778//1778
f 1710//1710 1787//1787 1788//1788
f 1786//1786 1789//1789 1778//1778
f 1778//1778 1789//1789 1790//1790
f 1778//1778 1790//1790 1791//1791
f 1791//1791 1790//1790 1792//1792
f 1774//1774 1793//1793 1555//1555
f 1555//1555 1793//1793 1794//1794
f 1555//1555 1794//1794 1553//1553
f 1553//1553 1794//1794 1795//1795
f 1553//1553 1795//1795 1551//1551
f 1551//1551 1795//1795 1708//1708
f 1551//1551 1708//1708 1715//1715
f 1715//1715 1708//1708 1710//1710
f 1715//1715 1710//1710 1713//1713
f 1713//1713 1710//1710 1788//1788
f 1713//1713 1788//1788 1796//1796
f 1796//1796 1788//1788 1797//1797
f 1796//1796 1797//1797 1798//1798
f 1798//1798 1797//1797 1792//1792
f 1798//1798 1792//1792 1799//1799
f 1799//1799 1792//1792 1790//1790
f 1787//1787 1710//1710 1800//1800
f 1800//1800 1710//1710 1709//1709
f 1800//1800 1709//1709 1801//1801
f 1801//1801 1709//1709 1802//1802
f 1801//1801 1802//1802 1803//1803
f 1802//1802 1804//1804 1803//1803
f 1803//1803 1804//1804 1805//1805
f 1803//1803 1805//1805 1806//1806
f 1806//1806 1805//1805 1807//1807
f 1806//1806 1807//1807 1808//1808
f 1808//1808 1807//1807 1809//1809
f 1808//1808 1809//1809 1773//1773
f 1773//1773 1809//1809 1810//1810
f 1773//1773 1810//1810 1774//1774
f 1555//1555 1557//1557 1773//1773
f 1773//1773 1557//1557 1559//1559
f 1773//1773 1559//1559 1808//1808
f 1808//1808 1559//1559 1764//1764
f 1808//1808 1764//1764 1811//1811
f 1811//1811 1764//1764 1812//1812
f 1812//1812 1764//1764 1813//1813
f 1813//1813 1764//1764 1759//1759
f 1813//1813 1759//1759 1814//1814
f 1746//1746 1747//1747 1579//1579
f 1579//1579 1747//1747 1749//1749
f 1579//1579 1749//1749 1758//1758
f 1758//1758 1749//1749 1815//1815
f 1758//1758 1815//1815 1759//1759
f 1759//1759 1815//1815 1816//1816
f 1759//1759 1816//1816 1814//1814
f 1718//1718 1719//1719 1525//1525
f 1525//1525 1719//1719 1721//1721
f 1525//1525 1721//1721 1738//1738
f 1738//1738 1721//1721 1776//1776
f 1738//1738 1776//1776 1737//1737
f 1737//1737 1776//1776 1817//1817
f 1737//1737 1817//1817 1733//1733
f 1733//1733 1817//1817 1818//1818
f 1733//1733 1818//1818 1749//1749
f 1749//1749 1818//1818 1819//1819
f 1749//1749 1819//1819 1815//1815
f 1820//1820 1819//1819 1821//1821
f 1821//1821 1819//1819 1818//1818
f 1821//1821 1818//1818 1817//1817
f 1821//1821 1817//1817 1776//1776
f 1821//1821 1776//1776 1822//1822
f 1822//1822 1776//1776 1775//1775
f 1822//1822 1775//1775 1823//1823
f 1823//1823 1775//1775 1782//1782
f 1823//1823 1782//1782 1824//1824
f 1824//1824 1782//1782 1781//1781
f 1824//1824 1781//1781 1825//1825
f 1825//1825 1781//1781 1780//1780
f 1825//1825 1780//1780 1826//1826
f 1826//1826 1780//1780 1779//1779
f 1826//1826 1779//1779 1827//1827
f 1827//1827 1779//1779 1778//1778
f 1827//1827 1778//1778 1828//1828
f 1828//1828 1778//1778 1791//1791
f 1828//1828 1791//1791 1829//1829
f 1829//1829 1791//1791 1792//1792
f 1829//1829 1792//1792 1830//1830
f 1830//1830 1792//1792 1797//1797
f 1830//1830 1797//1797 1831//1831
f 1831//1831 1797//1797 1788//1788
f 1831//1831 1788//1788 1832//1832
f 1832//1832 1788//1788 1787//1787
f 1832//1832 1787//1787 1833//1833
f 1833//1833 1787//1787 1800//1800
f 1833//1833 1800//1800 1834//1834
f 1834//1834 1800//1800 1801//1801
f 1834//1834 1801//1801 1835//1835
f 1835//1835 1801//1801 1803//1803
f 1835//1835 1803//1803 1836//1836
f 1836//1836 1803//1803 1806//1806
f 1836//1836 1806//1806 1837//1837
f 1837//1837 1806//1806 1808//1808
f 1837//1837 1808//1808 1838//1838
f 1838//1838 1808//1808 1811//1811
f 1838//1838 1811//1811 1839//1839
f 1839//1839 1811//1811 1812//1812
f 1839//1839 1812//1812 1840//1840
f 1840//1840 1812//1812 1813//1813
f 1840//1840 1813//1813 1841//1841
f 1841//1841 1813//1813 1814//1814
f 1841//1841 1814//1814 1842//1842
f 1842//1842 1814//1814 1816//1816
f 1842//1842 1816//1816 1843//1843
f 1843//1843 1816//1816 1815//1815
f 1843//1843 1815//1815 1844//1844
f 1844//1844 1815//1815 1819//1819
f 1844//1844 1819//1819 1820//1820
f 1841//1841 1842//1842 1824//1824
f 1820//1820 1821//1821 1844//1844
f 1844//1844 1821//1821 1822//1822
f 1842//1842 1843//1843 1824//1824
f 1824//1824 1843//1843 1844//1844
f 1824//1824 1844//1844 1823//1823
f 1823//1823 1844//1844 1822//1822
f 1841//1841 1824//1824 1840//1840
f 1840//1840 1824//1824 1825//1825
f 1840//1840 1825//1825 1826//1826
f 1826//1826 1827//1827 1840//1840
f 1840//1840 1827//1827 1828//1828
f 1840//1840 1828//1828 1829//1829
f 1829//1829 1830//1830 1840//1840
f 1840//1840 1830//1830 1831//1831
f 1840//1840 1831//1831 1832//1832
f 1832//1832 1833//1833 1840//1840
f 1840//1840 1833//1833 1834//1834
f 1840//1840 1834//1834 1835//1835
f 1835//1835 1836//1836 1840//1840
f 1840//1840 1836//1836 1837//1837
f 1840//1840 1837//1837 1839//1839
f 1839//1839 1837//1837 1838//1838
f 1695//1695 1845//1845 1684//1684
f 1684//1684 1845//1845 1846//1846
f 1684//1684 1846//1846 1685//1685
f 1685//1685 1846//1846 1847//1847
f 1685//1685 1847//1847 1686//1686
f 1686//1686 1847//1847 1848//1848
f 1686//1686 1848//1848 1687//1687
f 1687//1687 1848//1848 1849//1849
f 1687//1687 1849//1849 1689//1689
f 1689//1689 1849//1849 1850//1850
f 1689//1689 1850//1850 1683//1683
f 1683//1683 1850//1850 1851//1851
f 1683//1683 1851//1851 1682//1682
f 1682//1682 1851//1851 1852//1852
f 1682//1682 1852//1852 1681//1681
f 1681//1681 1852//1852 1853//1853
f 1681//1681 1853//1853 1680//1680
f 1680//1680 1853//1853 1854//1854
f 1680//1680 1854//1854 1674//1674
f 1674//1674 1854//1854 1855//1855
f 1674//1674 1855//1855 1675//1675
f 1675//1675 1855//1855 1856//1856
f 1675//1675 1856//1856 1676//1676
f 1676//1676 1856//1856 1857//1857
f 1676//1676 1857//1857 1677//1677
f 1677//1677 1857//1857 1858//1858
f 1677//1677 1858//1858 1678//1678
f 1678//1678 1858//1858 1859//1859
f 1678//1678 1859//1859 1860//1860
f 1860//1860 1859//1859 1861//1861
f 1860//1860 1861//1861 1706//1706
f 1706//1706 1861//1861 1862//1862
f 1706//1706 1862//1862 1707//1707
f 1707//1707 1862//1862 1863//1863
f 1707//1707 1863//1863 1704//1704
f 1704//1704 1863//1863 1864//1864
f 1704//1704 1864//1864 1703//1703
f 1703//1703 1864//1864 1865//1865
f 1703//1703 1865//1865 1701//1701
f 1701//1701 1865//1865 1866//1866
f 1701//1701 1866//1866 1700//1700
f 1700//1700 1866//1866 1867//1867
f 1700//1700 1867//1867 1699//1699
f 1699//1699 1867//1867 1868//1868
f 1699//1699 1868//1868 1698//1698
f 1698//1698 1868//1868 1869//1869
f 1698//1698 1869//1869 1697//1697
f 1697//1697 1869//1869 1870//1870
f 1697//1697 1870//1870 1692//1692
f 1692//1692 1870//1870 1871//1871
f 1692//1692 1871//1871 1690//1690
f 1690//1690 1871//1871 1872//1872
f 1690//1690 1872//1872 1691//1691
f 1691//1691 1872//1872 1873//1873
f 1691//1691 1873//1873 1693//1693
f 1693//1693 1873//1873 1874//1874
f 1693//1693 1874//1874 1694//1694
f 1694//1694 1874//1874 1875//1875
f 1694//1694 1875//1875 1695//1695
f 1695//1695 1875//1875 1845//1845
f 1876//1876 1862//1862 1877//1877
f 1877//1877 1862//1862 1861//1861
f 1877//1877 1861//1861 1878//1878
f 1878//1878 1861//1861 1859//1859
f 1878//1878 1859//1859 1879//1879
f 1880//1880 1865//1865 1881//1881
f 1881//1881 1865//1865 1864//1864
f 1881//1881 1864//1864 1876//1876
f 1876//1876 1864//1864 1863//1863
f 1876//1876 1863//1863 1862//1862
f 1882//1882 1872//1872 1883//1883
f 1883//1883 1872//1872 1871//1871
f 1883//1883 1871//1871 1884//1884
f 1884//1884 1871//1871 1870//1870
f 1884//1884 1870//1870 1885//1885
f 1886//1886 1875//1875 1887//1887
f 1887//1887 1875//1875 1874//1874
f 1887//1887 1874//1874 1882//1882
f 1882//1882 1874//1874 1873//1873
f 1882//1882 1873//1873 1872//1872
f 1888//1888 1847//1847 1889//1889
f 1889//1889 1847//1847 1846//1846
f 1889//1889 1846//1846 1886//1886
f 1886//1886 1846//1846 1845//1845
f 1886//1886 1845//1845 1875//1875
f 1870//1870 1869//1869 1885//1885
f 1885//1885 1869//1869 1868//1868
f 1885//1885 1868//1868 1890//1890
f 1890//1890 1868//1868 1867//1867
f 1890//1890 1867//1867 1880//1880
f 1880//1880 1867//1867 1866//1866
f 1880//1880 1866//1866 1865//1865
f 1891//1891 1851//1851 1892//1892
f 1892//1892 1851//1851 1850//1850
f 1892//1892 1850//1850 1893//1893
f 1893//1893 1850//1850 1849//1849
f 1893//1893 1849//1849 1888//1888
f 1888//1888 1849//1849 1848//1848
f 1888//1888 1848//1848 1847//1847
f 1894//1894 1854//1854 1895//1895
f 1895//1895 1854//1854 1853//1853
f 1895//1895 1853//1853 1891//1891
f 1891//1891 1853//1853 1852//1852
f 1891//1891 1852//1852 1851//1851
f 1859//1859 1858//1858 1879//1879
f 1879//1879 1858//1858 1857//1857
f 1879//1879 1857//1857 1896//1896
f 1896//1896 1857//1857 1856//1856
f 1896//1896 1856//1856 1894//1894
f 1894//1894 1856//1856 1855//1855
f 1894//1894 1855//1855 1854//1854
f 1897//1897 1898//1898 1899//1899
f 1899//1899 1898//1898 1879//1879
f 1899//1899 1879//1879 1900//1900
f 1900//1900 1879//1879 1896//1896
f 1900//1900 1896//1896 1901//1901
f 1901//1901 1896//1896 1894//1894
f 1901//1901 1894//1894 1902//1902
f 1902//1902 1894//1894 1895//1895
f 1902//1902 1895//1895 1903//1903
f 1903//1903 1895//1895 1891//1891
f 1903//1903 1891//1891 1904//1904
f 1904//1904 1891//1891 1892//1892
f 1904//1904 1892//1892 1905//1905
f 1905//1905 1892//1892 1893//1893
f 1905//1905 1893//1893 1906//1906
f 1906//1906 1893//1893 1888//1888
f 1906//1906 1888//1888 1907//1907
f 1907//1907 1888//1888 1889//1889
f 1907//1907 1889//1889 1908//1908
f 1908//1908 1889//1889 1886//1886
f 1908//1908 1886//1886 1909//1909
f 1909//1909 1886//1886 1887//1887
f 1909//1909 1887//1887 1910//1910
f 1910//1910 1887//1887 1882//1882
f 1910//1910 1882//1882 1911//1911
f 1911//1911 1882//1882 1883//1883
f 1911//1911 1883//1883 1912//1912
f 1912//1912 1883//1883 1884//1884
f 1912//1912 1884//1884 1913//1913
f 1913//1913 1884//1884 1885//1885
f 1913//1913 1885//1885 1914//1914
f 1914//1914 1885//1885 1890//1890
f 1914//1914 1890//1890 1915//1915
f 1915//1915 1890//1890 1880//1880
f 1915//1915 1880//1880 1916//1916
f 1916//1916 1880//1880 1881//1881
f 1916//1916 1881//1881 1917//1917
f 1917//1917 1881//1881 1876//1876
f 1917//1917 1876//1876 1918//1918
f 1918//1918 1876//1876 1877//1877
f 1918//1918 1877//1877 1897//1897
f 1897//1897 1877//1877 1898//1898
f 1917//1917 1918//1918 1919//1919
f 1919//1919 1918//1918 1897//1897
f 1919//1919 1897//1897 1899//1899
f 1914//1914 1915//1915 1919//1919
f 1919//1919 1915//1915 1916//1916
f 1919//1919 1916//1916 1917//1917
f 1911//1911 1912//1912 1919//1919
f 1919//1919 1912//1912 1913//1913
f 1919//1919 1913//1913 1914//1914
f 1908//1908 1909//1909 1919//1919
f 1919//1919 1909//1909 1910//1910
f 1919//1919 1910//1910 1911//1911
f 1905//1905 1906//1906 1919//1919
f 1919//1919 1906//1906 1907//1907
f 1919//1919 1907//1907 1908//1908
f 1902//1902 1903//1903 1919//1919
f 1919//1919 1903//1903 1904//1904
f 1919//1919 1904//1904 1905//1905
f 1899//1899 1900//1900 1919//1919
f 1919//1919 1900//1900 1901//1901
f 1919//1919 1901//1901 1902//1902
f 1920//1920 1653//1653 1921//1921
f 1921//1921 1653//1653 1652//1652
f 1921//1921 1652//1652 1922//1922
f 1922//1922 1652//1652 1651//1651
f 1922//1922 1651//1651 1923//1923
f 1923//1923 1651//1651 1650//1650
f 1923//1923 1650//1650 1924//1924
f 1924//1924 1650//1650 1659//1659
f 1924//1924 1659//1659 1925//1925
f 1925//1925 1659//1659 1658//1658
f 1925//1925 1658//1658 1926//1926
f 1926//1926 1658//1658 1657//1657
f 1926//1926 1657//1657 1927//1927
f 1927//1927 1657//1657 1656//1656
f 1927//1927 1656//1656 1928//1928
f 1928//1928 1656//1656 1655//1655
f 1928//1928 1655//1655 1929//1929
f 1929//1929 1655//1655 1648//1648
f 1929//1929 1648//1648 1930//1930
f 1930//1930 1648//1648 1649//1649
f 1930//1930 1649//1649 1931//1931
f 1931//1931 1649//1649 1654//1654
f 1931//1931 1654//1654 1920//1920
f 1920//1920 1654//1654 1653//1653
f 1930//1930 1931//1931 1932//1932
f 1932//1932 1931//1931 1920//1920
f 1932//1932 1920//1920 1921//1921
f 1927//1927 1928//1928 1932//1932
f 1932//1932 1928//1928 1929//1929
f 1932//1932 1929//1929 1930//1930
f 1924//1924 1925//1925 1932//1932
f 1932//1932 1925//1925 1926//1926
f 1932//1932 1926//1926 1927//1927
f 1921//1921 1922//1922 1932//1932
f 1932//1932 1922//1922 1923//1923
f 1932//1932 1923//1923 1924//1924
f 1933//1933 1719//1719 1934//1934
f 1934//1934 1719//1719 1718//1718
f 1934//1934 1718//1718 1935//1935
f 1935//1935 1718//1718 1717//1717
f 1935//1935 1717//1717 1936//1936
f 1936//1936 1717//1717 1729//1729
f 1936//1936 1729//1729 1937//1937
f 1937//1937 1729//1729 1728//1728
f 1937//1937 1728//1728 1938//1938
f 1938//1938 1728//1728 1727//1727
f 1938//1938 1727//1727 1939//1939
f 1939//1939 1727//1727 1726//1726
f 1939//1939 1726//1726 1940//1940
f 1940//1940 1726//1726 1725//1725
f 1940//1940 1725//1725 1941//1941
f 1941//1941 1725//1725 1724//1724
f 1941//1941 1724//1724 1942//1942
f 1942//1942 1724//1724 1723//1723
f 1942//1942 1723//1723 1943//1943
f 1943//1943 1723//1723 1722//1722
f 1943//1943 1722//1722 1944//1944
f 1944//1944 1722//1722 1720//1720
f 1944//1944 1720//1720 1933//1933
f 1933//1933 1720//1720 1719//1719
f 1937//1937 1938//1938 1945//1945
f 1945//1945 1938//1938 1939//1939
f 1945//1945 1939//1939 1940//1940
f 1934//1934 1935//1935 1945//1945
f 1945//1945 1935//1935 1936//1936
f 1945//1945 1936//1936 1937//1937
f 1943//1943 1944//1944 1945//1945
f 1945//1945 1944//1944 1933//1933
f 1945//1945 1933//1933 1934//1934
f 1940//1940 1941//1941 1945//1945
f 1945//1945 1941//1941 1942//1942
f 1945//1945 1942//1942 1943//1943
f 1946//1946 1662//1662 1947//1947
f 1947//1947 1662//1662 1667//1667
f 1947//1947 1667//1667 1948//1948
f 1948//1948 1667//1667 1666//1666
f 1948//1948 1666//1666 1949//1949
f 1949//1949 1666//1666 1669//1669
f 1949//1949 1669//1669 1950//1950
f 1950//1950 1669//1669 1668//1668
f 1950//1950 1668//1668 1951//1951
f 1951//1951 1668//1668 1673//1673
f 1951//1951 1673//1673 1952//1952
f 1952//1952 1673//1673 1672//1672
f 1952//1952 1672//1672 1953//1953
f 1953//1953 1672//1672 1671//1671
f 1953//1953 1671//1671 1954//1954
f 1954//1954 1671//1671 1670//1670
f 1954//1954 1670//1670 1955//1955
f 1955//1955 1670//1670 1665//1665
f 1955//1955 1665//1665 1956//1956
f 1956//1956 1665//1665 1664//1664
f 1956//1956 1664//1664 1957//1957
f 1957//1957 1664//1664 1663//1663
f 1957//1957 1663//1663 1946//1946
f 1946//1946 1663//1663 1662//1662
f 1956//1956 1957//1957 1958//1958
f 1958//1958 1957//1957 1946//1946
f 1958//1958 1946//1946 1947//1947
f 1953//1953 1954//1954 1958//1958
f 1958//1958 1954//1954 1955//1955
f 1958//1958 1955//1955 1956//1956
f 1950//1950 1951//1951 1958//1958
f 1958//1958 1951//1951 1952//1952
f 1958//1958 1952//1952 1953//1953
f 1947//1947 1948//1948 1958//1958
f 1958//1958 1948//1948 1949//1949
f 1958//1958 1949//1949 1950//1950
f 1959//1959 1599//1599 1960//1960
f 1960//1960 1599//1599 1598//1598
f 1960//1960 1598//1598 1961//1961
f 1961//1961 1598//1598 1594//1594
f 1961//1961 1594//1594 1962//1962
f 1962//1962 1594//1594 1595//1595
f 1962//1962 1595//1595 1963//1963
f 1963//1963 1595//1595 1596//1596
f 1963//1963 1596//1596 1964//1964
f 1964//1964 1596//1596 1597//1597
f 1964//1964 1597//1597 1965//1965
f 1965//1965 1597//1597 1593//1593
f 1965//1965 1593//1593 1966//1966
f 1966//1966 1593//1593 1592//1592
f 1966//1966 1592//1592 1967//1967
f 1967//1967 1592//1592 1605//1605
f 1967//1967 1605//1605 1968//1968
f 1968//1968 1605//1605 1604//1604
f 1968//1968 1604//1604 1969//1969
f 1969//1969 1604//1604 1602//1602
f 1969//1969 1602//1602 1970//1970
f 1970//1970 1602//1602 1601//1601
f 1970//1970 1601//1601 1959//1959
f 1959//1959 1601//1601 1599//1599
f 1969//1969 1970//1970 1971//1971
f 1971//1971 1970//1970 1959//1959
f 1971//1971 1959//1959 1960//1960
f 1966//1966 1967//1967 1971//1971
f 1971//1971 1967//1967 1968//1968
f 1971//1971 1968//1968 1969//1969
f 1963//1963 1964//1964 1971//1971
f 1971//1971 1964//1964 1965//1965
f 1971//1971 1965//1965 1966//1966
f 1960//1960 1961//1961 1971//1971
f 1971//1971 1961//1961 1962//1962
f 1971//1971 1962//1962 1963//1963
f 1972//1972 1610//1610 1973//1973
f 1973//1973 1610//1610 1609//1609
f 1973//1973 1609//1609 1974//1974
f 1974//1974 1609//1609 1608//1608
f 1974//1974 1608//1608 1975//1975
f 1975//1975 1608//1608 1607//1607
f 1975//1975 1607//1607 1976//1976
f 1976//1976 1607//1607 1618//1618
f 1976//1976 1618//1618 1977//1977
f 1977//1977 1618//1618 1617//1617
f 1977//1977 1617//1617 1978//1978
f 1978//1978 1617//1617 1616//1616
f 1978//1978 1616//1616 1979//1979
f 1979//1979 1616//1616 1615//1615
f 1979//1979 1615//1615 1980//1980
f 1980//1980 1615//1615 1614//1614
f 1980//1980 1614//1614 1981//1981
f 1981//1981 1614//1614 1613//1613
f 1981//1981 1613//1613 1982//1982
f 1982//1982 1613//1613 1612//1612
f 1982//1982 1612//1612 1983//1983
f 1983//1983 1612//1612 1611//1611
f 1983//1983 1611//1611 1972//1972
f 1972//1972 1611//1611 1610//1610
f 1982//1982 1983//1983 1984//1984
f 1984//1984 1983//1983 1972//1972
f 1984//1984 1972//1972 1973//1973
f 1979//1979 1980//1980 1984//1984
f 1984//1984 1980//1980 1981//1981
f 1984//1984 1981//1981 1982//1982
f 1976//1976 1977//1977 1984//1984
f 1984//1984 1977//1977 1978//1978
f 1984//1984 1978//1978 1979//1979
f 1973//1973 1974//1974 1984//1984
f 1984//1984 1974//1974 1975//1975
f 1984//1984 1975//1975 1976//1976
f 1985//1985 1632//1632 1986//1986
f 1986//1986 1632//1632 1631//1631
f 1986//1986 1631//1631 1987//1987
f 1987//1987 1631//1631 1630//1630
f 1987//1987 1630//1630 1988//1988
f 1988//1988 1630//1630 1629//1629
f 1988//1988 1629//1629 1989//1989
f 1989//1989 1629//1629 1628//1628
f 1989//1989 1628//1628 1990//1990
f 1990//1990 1628//1628 1627//1627
f 1990//1990 1627//1627 1991//1991
f 1991//1991 1627//1627 1626//1626
f 1991//1991 1626//1626 1992//1992
f 1992//1992 1626//1626 1625//1625
f 1992//1992 1625//1625 1993//1993
f 1993//1993 1625//1625 1624//1624
f 1993//1993 1624//1624 1994//1994
f 1994//1994 1624//1624 1622//1622
f 1994//1994 1622//1622 1995//1995
f 1995//1995 1622//1622 1621//1621
f 1995//1995 1621//1621 1996//1996
f 1996//1996 1621//1621 1633//1633
f 1996//1996 1633//1633 1985//1985
f 1985//1985 1633//1633 1632//1632
f 1995//1995 1996//1996 1997//1997
f 1997//1997 1996//1996 1985//1985
f 1997//1997 1985//1985 1986//1986
f 1992//1992 1993//1993 1997//1997
f 1997//1997 1993//1993 1994//1994
f 1997//1997 1994//1994 1995//1995
f 1989//1989 1990//1990 1997//1997
f 1997//1997 1990//1990 1991//1991
f 1997//1997 1991//1991 1992//1992
f 1986//1986 1987//1987 1997//1997
f 1997//1997 1987//1987 1988//1988
f 1997//1997 1988//1988 1989//1989
f 1998//1998 1637//1637 1999//1999
f 1999//1999 1637//1637 1636//1636
f 1999//1999 1636//1636 2000//2000
f 2000//2000 1636//1636 1641//1641
f 2000//2000 1641//1641 2001//2001
f 2001//2001 1641//1641 1640//1640
f 2001//2001 1640//1640 2002//2002
f 2002//2002 1640//1640 1646//1646
f 2002//2002 1646//1646 2003//2003
f 2003//2003 1646//1646 1645//1645
f 2003//2003 1645//1645 2004//2004
f 2004//2004 1645//1645 1644//1644
f 2004//2004 1644//1644 2005//2005
f 2005//2005 1644//1644 1643//1643
f 2005//2005 1643//1643 2006//2006
f 2006//2006 1643//1643 1642//1642
f 2006//2006 1642//1642 2007//2007
f 2007//2007 1642//1642 1635//1635
f 2007//2007 1635//1635 2008//2008
f 2008//2008 1635//1635 1634//1634
f 2008//2008 1634//1634 2009//2009
f 2009//2009 1634//1634 1639//1639
f 2009//2009 1639//1639 1998//1998
f 1998//1998 1639//1639 1637//1637
f 2008//2008 2009//2009 2010//2010
f 2010//2010 2009//2009 1998//1998
f 2010//2010 1998//1998 1999//1999
f 2005//2005 2006//2006 2010//2010
f 2010//2010 2006//2006 2007//2007
f 2010//2010 2007//2007 2008//2008
f 2002//2002 2003//2003 2010//2010
f 2010//2010 2003//2003 2004//2004
f 2010//2010 2004//2004 2005//2005
f 1999//1999 2000//2000 2010//2010
f 2010//2010 2000//2000 2001//2001
f 2010//2010 2001//2001 2002//2002
f 2011//2011 1789//1789 2012//2012
f 2012//2012 1789//1789 1786//1786
f 2012//2012 1786//1786 2013//2013
f 2013//2013 1786//1786 1785//1785
f 2013//2013 1785//1785 2014//2014
f 2014//2014 1785//1785 1784//1784
f 2014//2014 1784//1784 2015//2015
f 2015//2015 1784//1784 1783//1783
f 2015//2015 1783//1783 2016//2016
f 2016//2016 1783//1783 1712//1712
f 2016//2016 1712//1712 2017//2017
f 2017//2017 1712//1712 1714//1714
f 2017//2017 1714//1714 2018//2018
f 2018//2018 1714//1714 1713//1713
f 2018//2018 1713//1713 2019//2019
f 2019//2019 1713//1713 1796//1796
f 2019//2019 1796//1796 2020//2020
f 2020//2020 1796//1796 1798//1798
f 2020//2020 1798//1798 2021//2021
f 2021//2021 1798//1798 1799//1799
f 2021//2021 1799//1799 2022//2022
f 2022//2022 1799//1799 1790//1790
f 2022//2022 1790//1790 2011//2011
f 2011//2011 1790//1790 1789//1789
f 2015//2015 2016//2016 2023//2023
f 2023//2023 2016//2016 2017//2017
f 2023//2023 2017//2017 2018//2018
f 2012//2012 2013//2013 2023//2023
f 2023//2023 2013//2013 2014//2014
f 2023//2023 2014//2014 2015//2015
f 2021//2021 2022//2022 2023//2023
f 2023//2023 2022//2022 2011//2011
f 2023//2023 2011//2011 2012//2012
f 2018//2018 2019//2019 2023//2023
f 2023//2023 2019//2019 2020//2020
f 2023//2023 2020//2020 2021//2021
f 2024//2024 1708//1708 2025//2025
f 2025//2025 1708//1708 1795//1795
f 2025//2025 1795//1795 2026//2026
f 2026//2026 1795//1795 1794//1794
f 2026//2026 1794//1794 2027//2027
f 2027//2027 1794//1794 1793//1793
f 2027//2027 1793//1793 2028//2028
f 2028//2028 1793//1793 1774//1774
f 2028//2028 1774//1774 2029//2029
f 2029//2029 1774//1774 1810//1810
f 2029//2029 1810//1810 2030//2030
f 2030//2030 1810//1810 1809//1809
f 2030//2030 1809//1809 2031//2031
f 2031//2031 1809//1809 1807//1807
f 2031//2031 1807//1807 2032//2032
f 2032//2032 1807//1807 1805//1805
f 2032//2032 1805//1805 2033//2033
f 2033//2033 1805//1805 1804//1804
f 2033//2033 1804//1804 2034//2034
f 2034//2034 1804//1804 1802//1802
f 2034//2034 1802//1802 2035//2035
f 2035//2035 1802//1802 1709//1709
f 2035//2035 1709//1709 2024//2024
f 2024//2024 1709//1709 1708//1708
f 2028//2028 2029//2029 2036//2036
f 2036//2036 2029//2029 2030//2030
f 2036//2036 2030//2030 2031//2031
f 2025//2025 2026//2026 2036//2036
f 2036//2036 2026//2026 2027//2027
f 2036//2036 2027//2027 2028//2028
f 2034//2034 2035//2035 2036//2036
f 2036//2036 2035//2035 2024//2024
f 2036//2036 2024//2024 2025//2025
f 2031//2031 2032//2032 2036//2036
f 2036//2036 2032//2032 2033//2033
f 2036//2036 2033//2033 2034//2034
f 2037//2037 1762//1762 2038//2038
f 2038//2038 1762//1762 1761//1761
f 2038//2038 1761//1761 2039//2039
f 2039//2039 1761//1761 1760//1760
f 2039//2039 1760//1760 2040//2040
f 2040//2040 1760//1760 1772//1772
f 2040//2040 1772//1772 2041//2041
f 2041//2041 1772//1772 1771//1771
f 2041//2041 1771//1771 2042//2042
f 2042//2042 1771//1771 1770//1770
f 2042//2042 1770//1770 2043//2043
f 2043//2043 1770//1770 1769//1769
f 2043//2043 1769//1769 2044//2044
f 2044//2044 1769//1769 1768//1768
f 2044//2044 1768//1768 2045//2045
f 2045//2045 1768//1768 1767//1767
f 2045//2045 1767//1767 2046//2046
f 2046//2046 1767//1767 1766//1766
f 2046//2046 1766//1766 2047//2047
f 2047//2047 1766//1766 1765//1765
f 2047//2047 1765//1765 2048//2048
f 2048//2048 1765//1765 1763//1763
f 2048//2048 1763//1763 2037//2037
f 2037//2037 1763//1763 1762//1762
f 2041//2041 2042//2042 2049//2049
f 2049//2049 2042//2042 2043//2043
f 2049//2049 2043//2043 2044//2044
f 2038//2038 2039//2039 2049//2049
f 2049//2049 2039//2039 2040//2040
f 2049//2049 2040//2040 2041//2041
f 2047//2047 2048//2048 2049//2049
f 2049//2049 2048//2048 2037//2037
f 2049//2049 2037//2037 2038//2038
f 2044//2044 2045//2045 2049//2049
f 2049//2049 2045//2045 2046//2046
f 2049//2049 2046//2046 2047//2047
f 2050//2050 1748//1748 2051//2051
f 2051//2051 1748//1748 1747//1747
f 2051//2051 1747//1747 2052//2052
f 2052//2052 1747//1747 1746//1746
f 2052//2052 1746//1746 2053//2053
f 2053//2053 1746//1746 1745//1745
f 2053//2053 1745//1745 2054//2054
f 2054//2054 1745//1745 1757//1757
f 2054//2054 1757//1757 2055//2055
f 2055//2055 1757//1757 1756//1756
f 2055//2055 1756//1756 2056//2056
f 2056//2056 1756//1756 1755//1755
f 2056//2056 1755//1755 2057//2057
f 2057//2057 1755//1755 1754//1754
f 2057//2057 1754//1754 2058//2058
f 2058//2058 1754//1754 1753//1753
f 2058//2058 1753//1753 2059//2059
f 2059//2059 1753//1753 1750//1750
f 2059//2059 1750//1750 2060//2060
f 2060//2060 1750//1750 1751//1751
f 2060//2060 1751//1751 2061//2061
f 2061//2061 1751//1751 1752//1752
f 2061//2061 1752//1752 2050//2050
f 2050//2050 1752//1752 1748//1748
f 2054//2054 2055//2055 2062//2062
f 2062//2062 2055//2055 2056//2056
f 2062//2062 2056//2056 2057//2057
f 2051//2051 2052//2052 2062//2062
f 2062//2062 2052//2052 2053//2053
f 2062//2062 2053//2053 2054//2054
f 2060//2060 2061//2061 2062//2062
f 2062//2062 2061//2061 2050//2050
f 2062//2062 2050//2050 2051//2051
f 2057//2057 2058//2058 2062//2062
f 2062//2062 2058//2058 2059//2059
f 2062//2062 2059//2059 2060//2060
f 2063//2063 1732//1732 2064//2064
f 2064//2064 1732//1732 1731//1731
f 2064//2064 1731//1731 2065//2065
f 2065//2065 1731//1731 1730//1730
f 2065//2065 1730//1730 2066//2066
f 2066//2066 1730//1730 1744//1744
f 2066//2066 1744//1744 2067//2067
f 2067//2067 1744//1744 1743//1743
f 2067//2067 1743//1743 2068//2068
f 2068//2068 1743//1743 1742//1742
f 2068//2068 1742//1742 2069//2069
f 2069//2069 1742//1742 1736//1736
f 2069//2069 1736//1736 2070//2070
f 2070//2070 1736//1736 1741//1741
f 2070//2070 1741//1741 2071//2071
f 2071//2071 1741//1741 1740//1740
f 2071//2071 1740//1740 2072//2072
f 2072//2072 1740//1740 1739//1739
f 2072//2072 1739//1739 2073//2073
f 2073//2073 1739//1739 1735//1735
f 2073//2073 1735//1735 2074//2074
f 2074//2074 1735//1735 1734//1734
f 2074//2074 1734//1734 2063//2063
f 2063//2063 1734//1734 1732//1732
f 2067//2067 2068//2068 2075//2075
f 2075//2075 2068//2068 2069//2069
f 2075//2075 2069//2069 2070//2070
f 2064//2064 2065//2065 2075//2075
f 2075//2075 2065//2065 2066//2066
f 2075//2075 2066//2066 2067//2067
f 2073//2073 2074//2074 2075//2075
f 2075//2075 2074//2074 2063//2063
f 2075//2075 2063//2063 2064//2064
f 2070//2070 2071//2071 2075//2075
f 2075//2075 2071//2071 2072//2072
f 2075//2075 2072//2072 2073//2073
# 4278 faces, 0 coords texture

# End of File
