####
#
# OBJ File Generated by Meshlab
#
####
# Object left_shoulder_yaw.OBJ
#
# Vertices: 5229
# Faces: 10364
#
####
vn -1.1335591316252172 2.2710472059841305 -5.3004033020402330
v 0.0291930716484785 -0.0286500006914139 -0.0714787170290947
vn -1.8368036404414689 2.2918538834529132 -5.1125328847108555
v 0.0289073903113604 -0.0286500006914139 -0.0714004039764404
vn -0.5201398727840617 2.8304129424947204 -3.0593102775573504
v 0.0291930716484785 -0.0158999990671873 -0.0714787170290947
vn -1.4408183571476205 2.8316334239499188 -2.7485841532683510
v 0.0287484470754862 -0.0158999990671873 -0.0713285356760025
vn -0.4520485109791535 2.2853749267433026 -5.4027960571935543
v 0.0292448326945305 -0.0286500006914139 -0.0714865997433662
vn 0.4491140806430891 2.8305141920771404 -3.0705536529095419
v 0.0296623446047306 -0.0158999990671873 -0.0714841485023499
vn 0.2800311882302026 2.2883090710058784 -5.4163870527860105
v 0.0295930579304695 -0.0286500006914139 -0.0714926645159721
vn 1.3768667791555504 2.8315964425447713 -2.7811647877553352
v 0.0301103275269270 -0.0158999990671873 -0.0713443085551262
vn 1.7084979369727891 2.2836700057894026 -5.1645304867456021
v 0.0299332942813635 -0.0286500006914139 -0.0714182481169701
vn 0.9741565762187417 2.2756675415543581 -5.3275149114372349
v 0.0296623446047306 -0.0286500006914139 -0.0714841485023499
vn 2.1693630740367866 2.8300541653501301 -2.2189144372238432
v 0.0304931700229645 -0.0158999990671873 -0.0710728690028191
vn 3.0288303273268276 2.2930947557132093 -4.5083913082825999
v 0.0302472002804279 -0.0286500006914139 -0.0712673813104630
vn 2.3676406971585493 2.2600361364342474 -4.8872500738015372
v 0.0301103275269270 -0.0286500006914139 -0.0713443085551262
vn 4.8686951921418435 2.2757065830865999 -2.3721893182912615
v 0.0307733975350857 -0.0286500006914139 -0.0706964135169983
vn 4.5219377177858027 2.2914580121582353 -2.9979102800285320
v 0.0307306572794914 -0.0286500006914139 -0.0707724839448929
vn 2.7479969480937854 2.8302920607114466 -1.4416522733127175
v 0.0307733975350857 -0.0158999990671873 -0.0706964135169983
vn 4.0728019442301262 2.2829120634420859 -3.5757996354452750
v 0.0305178519338369 -0.0286500006914139 -0.0710481852293015
vn 3.5980154648542575 2.2725925381547083 -4.0517786661112627
v 0.0304931700229645 -0.0286500006914139 -0.0710728690028191
vn 5.1711893055465792 2.2851331972552869 -1.6841308725391968
v 0.0308741461485624 -0.0286500006914139 -0.0704551413655281
vn 3.0593259477011459 2.8315400405522597 -0.5207167218124059
v 0.0309235788881779 -0.0158999990671873 -0.0702517926692963
vn 5.3382407626563584 2.2620254730034315 -0.9866809780662693
v 0.0309235788881779 -0.0286500006914139 -0.0702517926692963
vn 5.4252590295161109 2.2943203024459269 -0.2322589761935476
v 0.0309405811131001 -0.0286500006914139 -0.0701132565736771
vn 3.0702004345228517 2.8296177580589674 0.4508945706155900
v 0.0309290140867233 -0.0158999990671873 -0.0697825178503990
vn 5.3942663052128381 2.2740946066804235 0.4988389249897607
v 0.0309290140867233 -0.0286500006914139 -0.0697825178503990
vn 5.2951014307179953 2.2804227860316582 1.1467297492730075
v 0.0309263840317726 -0.0286500006914139 -0.0697652623057365
vn 2.7816138931084007 2.8300298467764424 1.3756090917676107
v 0.0307891685515642 -0.0158999990671873 -0.0693345367908478
vn 5.1013977345642267 2.2946381610152855 1.8522161438059019
v 0.0308323148638010 -0.0286500006914139 -0.0694299340248108
vn 2.2194102280859247 2.8314239362769706 2.1690494878639290
v 0.0305177345871925 -0.0158999990671873 -0.0689516961574554
vn 4.4201223464911310 2.2865339583723459 3.1664279730452449
v 0.0306634493172169 -0.0286500006914139 -0.0691253319382668
vn 4.7957865932666541 2.2757373023862759 2.5163288100625665
v 0.0307891685515642 -0.0286500006914139 -0.0693345367908478
vn 1.4407804624399523 2.8308614678143584 2.7485212671586785
v 0.0301412791013718 -0.0158999990671873 -0.0686714649200439
vn 3.4016983498537385 2.2955331358534177 4.2313387942472360
v 0.0304288882762194 -0.0286500006914139 -0.0688678771257401
vn 3.9555748522959098 2.2639411469790343 3.7153792005055020
v 0.0305177345871925 -0.0286500006914139 -0.0689516961574554
vn 0.5212414919312285 2.8314094251027715 3.0592227215778727
v 0.0296966545283794 -0.0158999990671873 -0.0685212835669518
vn 1.5448287979611914 2.2954967317957036 5.2047037130891898
v 0.0298161264508963 -0.0286500006914139 -0.0685466751456261
vn 2.5303033835443309 2.3297222960330695 4.8270966406227904
v 0.0301412791013718 -0.0286500006914139 -0.0686714649200439
vn -1.3787858127822399 2.2946562303809772 5.2491960619116460
v 0.0291243828833103 -0.0286500006914139 -0.0685346350073814
vn -0.6504756793921564 2.2658079200329708 5.3859585968333086
v 0.0292273834347725 -0.0286500006914139 -0.0685158520936966
vn -0.4513233663766711 2.8297344827192834 3.0701474308413594
v 0.0292273834347725 -0.0158999990671873 -0.0685158520936966
vn 0.0690454583418801 2.2879070080635109 5.4355839684849689
v 0.0294709578156471 -0.0286500006914139 -0.0685002282261848
vn 0.8147311770814216 2.2757673236861953 5.3542275112229500
v 0.0296966545283794 -0.0286500006914139 -0.0685212835669518
vn -2.1686772174401159 2.8315468999573992 2.2197907007603734
v 0.0283965561538935 -0.0158999990671873 -0.0689271315932274
vn -3.2778848338918301 2.2957816513733116 4.3276367787334102
v 0.0285008177161217 -0.0286500006914139 -0.0688343346118927
vn -1.3755946351996613 2.8292827264990565 2.7815390148060342
v 0.0287794005125761 -0.0158999990671873 -0.0686556920409203
vn -2.6513885683892702 2.2841261249878024 4.7221138213944167
v 0.0287794005125761 -0.0286500006914139 -0.0686556920409203
vn -2.0741325447874854 2.2893025022370179 5.0046887335833743
v 0.0287950858473778 -0.0286500006914139 -0.0686480402946472
vn -5.0380195779481287 2.2914569272496084 2.0133912334016362
v 0.0280780829489231 -0.0286500006914139 -0.0693820118904114
vn -4.7234044771261967 2.2676178399414946 2.6651334638124426
v 0.0281163286417723 -0.0286500006914139 -0.0693035870790482
vn -2.7490717866057524 2.8296966503850718 1.4394685108547636
v 0.0281163286417723 -0.0158999990671873 -0.0693035870790482
vn -4.3362836239071925 2.2892532345601944 3.2762589206550752
v 0.0282574445009232 -0.0286500006914139 -0.0690834671258926
vn -3.8303447529732653 2.2757474426342119 3.8288129459594025
v 0.0283965561538935 -0.0286500006914139 -0.0689271315932274
vn -3.0705568345746213 2.8316181529034061 -0.4498365970814427
v 0.0279607139527798 -0.0158999990671873 -0.0702174827456474
vn -5.4281553532403226 2.2959985522842392 -0.0770305687750378
v 0.0279461108148098 -0.0286500006914139 -0.0700611546635628
vn -3.0588686860425556 2.8294188379930918 0.5221457041788257
v 0.0279661472886801 -0.0158999990671873 -0.0697482079267502
vn -5.3749401839040196 2.2838519731855222 0.6621277528402711
v 0.0279661472886801 -0.0286500006914139 -0.0697482079267502
vn -5.2586549168166314 2.2914279873662582 1.3101446478392460
v 0.0279724076390266 -0.0286500006914139 -0.0697138682007790
vn -4.6137026800200633 2.2882682817436635 -2.8511619826487209
v 0.0281329751014709 -0.0286500006914139 -0.0707272887229919
vn -4.9435383100999157 2.2693536023341960 -2.2265166622900461
v 0.0281005576252937 -0.0286500006914139 -0.0706654638051987
vn -2.7804215234249274 2.8296358846761498 -1.3779246759171144
v 0.0281005576252937 -0.0158999990671873 -0.0706654638051987
vn -5.2076405372115673 2.2905582275574203 -1.5507499466176160
v 0.0280006136745214 -0.0286500006914139 -0.0704051405191422
vn -5.3539010518988848 2.2757557492611253 -0.8167872033509512
v 0.0279607139527798 -0.0286500006914139 -0.0702174827456474
vn -2.5135980971549206 2.2776666838930315 -4.7950635681876177
v 0.0287484470754862 -0.0286500006914139 -0.0713285356760025
vn -3.1535715516799510 2.2961763431046056 -4.4186089955832131
v 0.0285989232361317 -0.0286500006914139 -0.0712387040257454
vn -2.2204389873729671 2.8295370355235443 -2.1677298643665237
v 0.0283719934523106 -0.0158999990671873 -0.0710483044385910
vn -3.7179561998583917 2.2835203929329051 -3.9376358615943996
v 0.0283719934523106 -0.0286500006914139 -0.0710483044385910
vn -4.1825044855502327 2.2936196093614734 -3.4493014787883935
v 0.0283360611647367 -0.0286500006914139 -0.0710102245211601
vn 2.0926019792214148 -0.8113346656709115 -0.1583810774993704
v 0.0321870148181915 -0.0298999994993210 -0.0702076330780983
vn 1.3766444208298929 -0.8113092160633466 1.5839221800774292
v 0.0312489103525877 -0.0298999994993210 -0.0679244473576546
vn 1.7055076924244985 -0.8139259093724057 1.2278414124162884
v 0.0316789373755455 -0.0298999994993210 -0.0683964341878891
vn 1.9451423414770210 -0.8141136354178551 0.7959695450713292
v 0.0319885239005089 -0.0298999994993210 -0.0689548701047897
vn 2.0723168007603503 -0.8109211429087559 0.3283516508609549
v 0.0321609824895859 -0.0298999994993210 -0.0695696547627449
vn 2.0028658029136954 -0.8135704559827706 -0.6350065433350611
v 0.0320652164518833 -0.0298999994993210 -0.0708344206213951
vn 1.7998792396732051 -0.8137853520496163 -1.0844611628256673
v 0.0318021513521671 -0.0298999994993210 -0.0714162215590477
vn 1.5009527948580985 -0.8110106555315399 -1.4662294129330575
v 0.0314120091497898 -0.0298999994993210 -0.0719216763973236
vn 1.1225853827434722 -0.8113524791973150 -1.7731183118655733
v 0.0309158153831959 -0.0298999994993210 -0.0723235309123993
vn -0.2797927762544494 -0.8110989744141957 -2.0796116583200561
v 0.0290781389921904 -0.0298999994993210 -0.0727254375815392
vn 0.2052874744119192 -0.8133623059225468 -2.0908158189773038
v 0.0297165531665087 -0.0298999994993210 -0.0727365463972092
vn 0.6861579163524658 -0.8131478380253550 -1.9854299605970400
v 0.0303403213620186 -0.0298999994993210 -0.0726001262664795
vn -0.7074182315010584 -0.8372985729205558 -2.0097151961373267
v 0.0284594949334860 -0.0298999994993210 -0.0725674033164978
vn -1.0035226351470121 -0.8637892531337221 -1.9143664126486086
v 0.0281681008636951 -0.0298999994993210 -0.0724356472492218
vn -1.2500517449979620 -0.8391519828576843 -1.7278139793132614
v 0.0278939716517925 -0.0298999994993210 -0.0722709521651268
vn -1.5537751649799911 -0.8128570955899210 -1.4131858667446868
v 0.0274120587855577 -0.0298999994993210 -0.0718520805239677
vn -1.8352371049812526 -0.8111621352852418 -1.0174651605146070
v 0.0270397346466780 -0.0298999994993210 -0.0713333636522293
vn -2.1020465499098266 -0.8159141327672266 -0.0835086925449295
v 0.0266971495002508 -0.0298999994993210 -0.0701121166348457
vn -2.0231347189859319 -0.8145734316300681 -0.5711886326146739
v 0.0267970710992813 -0.0298999994993210 -0.0707427561283112
vn -1.9121244253145027 -0.8112252042865191 0.8645129107143705
v 0.0269390996545553 -0.0298999994993210 -0.0688670203089714
vn -2.0608635807912874 -0.8122683365278176 0.4017790545765373
v 0.0267453603446484 -0.0298999994993210 -0.0694754272699356
vn -1.6661037358527686 -0.8144258336506183 1.2816989568662327
v 0.0272679273039103 -0.0298999994993210 -0.0683196857571602
vn -1.3213605448635284 -0.8152093475262328 1.6359341444342967
v 0.0277141127735376 -0.0298999994993210 -0.0678629428148270
vn -0.9086008985751981 -0.8115836373790233 1.8920512964968825
v 0.0282536055892706 -0.0298999994993210 -0.0675214082002640
vn -0.4484065427953796 -0.8112763375843612 2.0500620280787145
v 0.0288573168218136 -0.0298999994993210 -0.0673134997487068
vn 0.9740859505390934 -0.8108177093690039 1.8582332144047724
v 0.0307216271758080 -0.0298999994993210 -0.0675643533468246
vn 0.5234020893043878 -0.8143585170129866 2.0357645205277906
v 0.0301255118101835 -0.0298999994993210 -0.0673355609178543
vn 0.0333264523261350 -0.8142149142588576 2.1015649990573175
v 0.0294927041977644 -0.0298999994993210 -0.0672504156827927
vn -2.7184376617660706 -4.1887894648909088 -0.1109195292674184
v 0.0308870393782854 -0.0298999994993210 -0.0699411556124687
vn -1.2631596628551411 -4.1887906250312961 -2.4096948294269409
v 0.0301149897277355 -0.0298999994993210 -0.0687216147780418
vn 1.2631605789725115 -4.1887917153827647 2.4096933823128994
v 0.0287747364491224 -0.0298999994993210 -0.0712783858180046
vn 1.4552788324553214 -4.1887916673994443 -2.2987737100256309
v 0.0286728143692017 -0.0298999994993210 -0.0687804594635963
vn -1.4552779989109292 -4.1887905244369685 2.2987753001595230
v 0.0302169118076563 -0.0298999994993210 -0.0712195411324501
vn 2.7184394114278332 -4.1887872315769616 0.1109196722872687
v 0.0280026886612177 -0.0298999994993210 -0.0700588449835777
vn 0.0000000000000000 6.2831853071795853 0.0000000000000000
v 0.0294448640197515 -0.0158999990671873 -0.0700000002980232
vn 1.2631605789725115 -2.0943935917968202 2.4096933823128994
v 0.0287747364491224 -0.0284000001847744 -0.0712783858180046
vn 2.7184394114278332 -2.0943980756026250 0.1109196722872687
v 0.0280026886612177 -0.0284000001847744 -0.0700588449835777
vn 1.4552788324553216 -2.0943936397801415 -2.2987737100256305
v 0.0286728143692017 -0.0284000001847744 -0.0687804594635963
vn -1.2631596628551411 -2.0943946821482906 -2.4096948294269414
v 0.0301149897277355 -0.0284000001847744 -0.0687216147780418
vn -2.7184376617660702 -2.0943958422886788 -0.1109195292674184
v 0.0308870393782854 -0.0284000001847744 -0.0699411556124687
vn -1.4552779989109292 -2.0943947827426173 2.2987753001595226
v 0.0302169118076563 -0.0284000001847744 -0.0712195411324501
vn 4.2115755677592839 -2.3027521226180880 -3.4471629446939915
v 0.0306296776980162 0.0262499991804361 -0.0709199011325836
vn 2.6747424461293043 -2.7755814640903642 -1.5442555045213515
v 0.0307439025491476 0.0054999999701977 -0.0707499980926514
vn 1.9352646023008000 -2.7737964486650810 -2.4067419812977944
v 0.0303852502256632 0.0054999999701977 -0.0711686238646507
vn 2.2087159169194481 -2.3052129463502591 -4.9628132478402431
v 0.0299792271107435 0.0262499991804361 -0.0714015886187553
vn 2.9673693812678907 -2.2947071411030642 -4.5476310865224638
v 0.0303375553339720 0.0262499991804361 -0.0712054446339607
vn 3.6114787536614945 -2.2778196876453518 -4.0548543544159301
v 0.0303852502256632 0.0262499991804361 -0.0711686238646507
vn 1.4364688546665672 -2.2904479623392096 -5.2303010027255201
v 0.0298995934426785 0.0262499991804361 -0.0714294165372849
vn 0.9373469191189755 -2.7738457494340221 -2.9426334378466077
v 0.0298995934426785 0.0054999999701977 -0.0714294165372849
vn 0.5655239314089315 -2.2920488078827641 -5.4223687946487589
v 0.0295812655240297 0.0262499991804361 -0.0714937821030617
vn -0.1902561735514801 -2.7755401728593538 -3.0826503019564990
v 0.0293525215238333 0.0054999999701977 -0.0714971572160721
vn -0.2713003927762800 -2.2624666340225201 -5.4373583278855966
v 0.0293525215238333 0.0262499991804361 -0.0714971572160721
vn -1.1638342041883745 -2.3047168676829619 -5.3147766305816218
v 0.0291731897741556 0.0262499991804361 -0.0714751929044724
vn -1.2915187960341930 -2.7741494154203497 -2.8053378967258249
v 0.0288179237395525 0.0054999999701977 -0.0713626965880394
vn -1.9801239501107095 -2.2803951751495939 -5.0533789908193985
v 0.0288179237395525 0.0262499991804361 -0.0713626965880394
vn -2.6905085860245954 -2.2915023421550993 -4.7139399234107771
v 0.0287852622568607 0.0262499991804361 -0.0713471919298172
vn -2.2165539981601725 -2.7743762011222808 -2.1505760462142143
v 0.0283679962158203 0.0054999999701977 -0.0710441991686821
vn -3.4056779477104082 -2.3032431976668120 -4.2353423558618255
v 0.0284462533891201 0.0262499991804361 -0.0711192786693573
vn -2.8443078374636586 -2.7754607085779899 -1.2036586105829428
v 0.0280635058879852 0.0054999999701977 -0.0705846771597862
vn -4.5756317941482756 -2.2943384443003785 -2.9604622281502548
v 0.0281813070178032 0.0262499991804361 -0.0708083510398865
vn -4.0152089611119264 -2.2839497727007561 -3.6470382753637067
v 0.0283679962158203 0.0262499991804361 -0.0710441991686821
vn -3.0869841215772333 -2.7749240150770795 -0.0950096895824417
v 0.0279455743730068 0.0054999999701977 -0.0700461938977242
vn -5.2661730856575613 -2.3093422044361613 -1.3613543975333680
v 0.0280100740492344 0.0262499991804361 -0.0704374685883522
vn -4.9685693972392722 -2.2658075828178492 -2.2176378305396738
v 0.0280635058879852 0.0262499991804361 -0.0705846771597862
vn -2.9130341037141836 -2.7753156104949701 1.0261631770913973
v 0.0280301328748465 0.0054999999701977 -0.0695014670491219
vn -5.3250444501478853 -2.3057861812987861 1.0980376530626141
v 0.0279916506260633 0.0262499991804361 -0.0696282908320427
vn -5.4576830520659207 -2.3467704366787094 -0.1241049976825904
v 0.0279452521353960 0.0262499991804361 -0.0700341463088989
vn -2.3451947479125628 -2.7753026502767746 2.0096808120478244
v 0.0283057559281588 0.0054999999701977 -0.0690240710973740
vn -4.7109993642001600 -2.2965110175912198 2.7361147453073178
v 0.0281458254903555 0.0262499991804361 -0.0692500025033951
vn -5.0703711479502971 -2.2839623695427216 1.9273437897979457
v 0.0280301328748465 0.0262499991804361 -0.0695014670491219
vn -1.4612174701116996 -2.7749427726470550 2.7209143189501366
v 0.0287352241575718 0.0054999999701977 -0.0686784833669662
vn -3.6134539932866607 -2.3057920361828099 4.0626127389592330
v 0.0283963456749916 0.0262499991804361 -0.0689273327589035
vn -4.2239707515574008 -2.2690232630538096 3.4250036060448457
v 0.0283057559281588 0.0262499991804361 -0.0690240710973740
vn -0.3797653501921786 -2.7754455739714503 3.0650665849126351
v 0.0292605310678482 0.0054999999701977 -0.0685113668441772
vn -1.4542036572578612 -2.3093295917157999 5.2412821798735312
v 0.0291063282638788 0.0262499991804361 -0.0685387030243874
vn -2.6213416369080771 -2.3467646473097750 4.7885560018964988
v 0.0287246275693178 0.0262499991804361 -0.0686842277646065
vn 1.9651239156549685 -2.3032315486820365 5.0670481773042564
v 0.0299148801714182 0.0262499991804361 -0.0685755386948586
vn 1.1418290877565354 -2.2720792938309300 5.3139370932933438
v 0.0298107340931892 0.0262499991804361 -0.0685453042387962
vn 0.7544580758581330 -2.7739214848058849 2.9947528171169018
v 0.0298107340931892 0.0054999999701977 -0.0685453042387962
vn 0.3039177295317465 -2.2986473626666237 5.4375667672564516
v 0.0295131355524063 0.0262499991804361 -0.0685015544295311
vn -0.5787799538682310 -2.2839604488196503 5.3933937491949520
v 0.0292605310678482 0.0262499991804361 -0.0685113668441772
vn 2.5745333754841475 -2.7755389884517969 1.7060790087511368
v 0.0306952670216560 0.0054999999701977 -0.0691714510321617
vn 4.0211525917577751 -2.3081786812345761 3.6603624050806185
v 0.0305865816771984 0.0262499991804361 -0.0690271258354187
vn 1.7834708471104961 -2.7736782517150953 2.5212758869120111
v 0.0303115248680115 0.0054999999701977 -0.0687757059931755
vn 3.3774388627897847 -2.2910961438523940 4.2438812270428432
v 0.0303115248680115 0.0262499991804361 -0.0687757059931755
vn 2.7408539448973523 -2.2987748764145337 4.6844291882802542
v 0.0302817653864622 0.0262499991804361 -0.0687551721930504
vn 5.4030725914262341 -2.2989961321361907 0.5645312710122594
v 0.0309258587658405 0.0262499991804361 -0.0697619765996933
vn 5.2527070086163388 -2.2750018118309789 1.3861286592725941
v 0.0309101361781359 0.0262499991804361 -0.0696791037917137
vn 3.0170722805731969 -2.7738792449914733 0.6595448345482871
v 0.0309101361781359 0.0054999999701977 -0.0696791037917137
vn 4.9831620093166276 -2.3007282924858776 2.1926457776757720
v 0.0308067202568054 0.0262499991804361 -0.0693712383508682
vn 4.5460617961984369 -2.2839372371505822 2.9592362421999470
v 0.0306952670216560 0.0262499991804361 -0.0691714510321617
vn 4.6950045156700329 -2.2870345876663727 -2.7106279752165383
v 0.0307439025491476 0.0262499991804361 -0.0707499980926514
vn 5.0841013570776639 -2.3084688260299924 -1.9279072460842610
v 0.0308339279145002 0.0262499991804361 -0.0705661252140999
vn 3.0519341373096402 -2.7737732683559293 -0.4726080787994374
v 0.0309271123260260 0.0054999999701977 -0.0702300891280174
vn 5.3135086291083233 -2.2907621291685873 -1.0886549139864994
v 0.0309271123260260 0.0262499991804361 -0.0702300891280174
vn 5.4214575445247926 -2.3020042351929169 -0.3002994550091213
v 0.0309351570904255 0.0262499991804361 -0.0701703727245331
vn -1.9858929475674096 0.7939404491326187 -0.6053752079084335
v 0.0268144160509109 0.0274999998509884 -0.0708020254969597
vn -1.7537806873816331 0.7969371572216921 -1.1175688087799274
v 0.0271283444017172 0.0274999998509884 -0.0714819729328156
vn -1.3819010188853820 0.7972692027805823 -1.5544959724676477
v 0.0276140775531530 0.0274999998509884 -0.0720520019531250
vn -0.9127246176902936 0.7934026556218428 -1.8641097212233841
v 0.0282355938106775 0.0274999998509884 -0.0724698528647423
vn -0.3761450996534798 0.7939765387640747 -2.0417938143801568
v 0.0289467945694923 0.0274999998509884 -0.0727045163512230
vn 1.2352849650864108 0.7935656552329389 -1.6681542749914013
v 0.0310814641416073 0.0274999998509884 -0.0722099840641022
vn 0.7436328365855956 0.7966253545912997 -1.9416748492818408
v 0.0304245278239250 0.0274999998509884 -0.0725695863366127
vn 0.1859410227494784 0.7962982273275663 -2.0705450529631770
v 0.0296949353069067 0.0274999998509884 -0.0727386027574539
vn 1.6266282410335711 0.8237302092781693 -1.3503623071881319
v 0.0316170230507851 0.0274999998509884 -0.0716864839196205
vn 1.8625329801952726 0.8543514632871141 -1.0753336997635474
v 0.0318264327943325 0.0274999998509884 -0.0713749974966049
vn 1.9843838362106707 0.8261305411692783 -0.7367491007956198
v 0.0319914817810059 0.0274999998509884 -0.0710379034280777
vn 2.0651489748326584 0.7958409017537872 -0.2336626406306287
v 0.0321770682930946 0.0274999998509884 -0.0703123435378075
vn 2.0495667431263462 0.7936899613090314 0.3293336683429928
v 0.0321600213646889 0.0274999998509884 -0.0695636197924614
vn 1.5831734708842162 0.7997402511892930 1.3532667149289004
v 0.0315380133688450 0.0274999998509884 -0.0682163983583450
vn 1.8912396391847150 0.7981189646100078 0.8679784126191459
v 0.0319416001439095 0.0274999998509884 -0.0688472613692284
vn 0.6505728591131186 0.7937987213178359 1.9713956534544916
v 0.0303065590560436 0.0274999998509884 -0.0673884898424149
vn 1.1576841235411028 0.7948774503660984 1.7247373578231959
v 0.0309791825711727 0.0274999998509884 -0.0677178129553795
vn 0.0992118799983288 0.7978624600593160 2.0782583196494895
v 0.0295700281858444 0.0274999998509884 -0.0672528520226479
vn -0.4740376050751336 0.7980490131243647 2.0260948223815283
v 0.0288242157548666 0.0274999998509884 -0.0673209503293037
vn -0.9964648470711696 0.7931270195877369 1.8204051876727374
v 0.0281244330108166 0.0274999998509884 -0.0675877481698990
vn -1.4511107114070938 0.7938799817266818 1.4846773769123969
v 0.0275225788354874 0.0274999998509884 -0.0680334493517876
vn -2.0747462268165453 0.7931245327034147 -0.0472400134396817
v 0.0266955755650997 0.0274999998509884 -0.0700626000761986
vn -2.0166014167189035 0.7977352288550302 0.5114792310548042
v 0.0267806388437748 0.0274999998509884 -0.0693185254931450
vn -1.7993984533482084 0.7974637854204727 1.0437057232406497
v 0.0270632933825254 0.0274999998509884 -0.0686250030994415
vn -0.0000008777526582 4.1887966283872347 -2.7206940012528471
v 0.0294448640197515 0.0274999998509884 -0.0685566216707230
vn 2.3561984204830968 4.1887873156068363 1.3603472540136701
v 0.0281948633491993 0.0274999998509884 -0.0707216858863831
vn 2.3561984204830968 4.1887873156068363 -1.3603472540136698
v 0.0281948633491993 0.0274999998509884 -0.0692783147096634
vn -2.3561984204817881 4.1887886060892701 1.3603452269286027
v 0.0306948646903038 0.0274999998509884 -0.0707216858863831
vn -0.0000000000000001 4.1887959831455008 2.7206945080273397
v 0.0294448640197515 0.0274999998509884 -0.0714433789253235
vn -2.3561992982344466 4.1887853798826686 -1.3603487743242444
v 0.0306948628276587 0.0274999998509884 -0.0692783147096634
vn 0.0000000000000000 -6.2831853071795845 0.0000000000000000
v 0.0294448640197515 0.0054999999701977 -0.0700000002980232
vn -2.3561984204817885 2.0943967010903162 1.3603452269286029
v 0.0306948646903038 0.0260000005364418 -0.0707216858863831
vn -2.3561992982344466 2.0943999272969185 -1.3603487743242444
v 0.0306948628276587 0.0260000005364418 -0.0692783147096634
vn -0.0000008777526583 2.0943886787923516 -2.7206940012528471
v 0.0294448640197515 0.0260000005364418 -0.0685566216707230
vn 2.3561984204830964 2.0943979915727500 -1.3603472540136701
v 0.0281948633491993 0.0260000005364418 -0.0692783147096634
vn 2.3561984204830964 2.0943979915727500 1.3603472540136698
v 0.0281948633491993 0.0260000005364418 -0.0707216858863831
vn 0.0000000000000001 2.0943893240340863 2.7206945080273401
v 0.0294448640197515 0.0260000005364418 -0.0714433789253235
vn 1.1337379292530292 2.2710132215739698 5.3003395054303892
v -0.0291930716484785 -0.0286500006914139 -0.0345212854444981
vn 1.8368046479011788 2.2918552879131071 5.1125311712447905
v -0.0289073903113604 -0.0286500006914139 -0.0345995984971523
vn 0.5201525997389509 2.8304212870205303 3.0593101254343020
v -0.0291930716484785 -0.0158999990671873 -0.0345212854444981
vn 1.4408103985743483 2.8316396563763808 2.7485900670768695
v -0.0287484470754862 -0.0158999990671873 -0.0346714667975903
vn 0.4522121035526195 2.2854134545523705 5.4028095779679131
v -0.0292448326945305 -0.0286500006914139 -0.0345133990049362
vn -0.4491130800508471 2.8304993237133860 3.0705500282574558
v -0.0296623446047306 -0.0158999990671873 -0.0345158502459526
vn -0.2799131831262158 2.2882789927819163 5.4163712615964634
v -0.0295930579304695 -0.0286500006914139 -0.0345073379576206
vn -1.3768698630913176 2.8316110005944051 2.7811671493707517
v -0.0301103275269270 -0.0158999990671873 -0.0346556939184666
vn -1.7085409213759633 2.2836824304516607 5.1645183210636638
v -0.0299332942813635 -0.0286500006914139 -0.0345817506313324
vn -0.9740206332020765 2.2756962640768812 5.3275560362474126
v -0.0296623446047306 -0.0286500006914139 -0.0345158502459526
vn -2.1693549107344348 2.8300479358222583 2.2189202348851120
v -0.0304931700229645 -0.0158999990671873 -0.0349271297454834
vn -3.0287868590298368 2.2931044725322534 4.5084283079883232
v -0.0302472002804279 -0.0286500006914139 -0.0347326174378395
vn -2.3676308881445145 2.2600218937350309 4.8872352280343190
v -0.0301103275269270 -0.0286500006914139 -0.0346556939184666
vn -4.8687023668456293 2.2757101066180709 2.3721772203085925
v -0.0307733975350857 -0.0286500006914139 -0.0353035852313042
vn -4.5219377177858027 2.2914580121582353 2.9979102800285320
v -0.0307306572794914 -0.0286500006914139 -0.0352275148034096
vn -2.7479982418126294 2.8302894557008385 1.4416484548073045
v -0.0307733975350857 -0.0158999990671873 -0.0353035852313042
vn -4.0728019442301262 2.2829120634420859 3.5757996354452750
v -0.0305178519338369 -0.0286500006914139 -0.0349518135190010
vn -3.5980154648542575 2.2725925381547083 4.0517786661112627
v -0.0304931700229645 -0.0286500006914139 -0.0349271297454834
vn -5.1711914133216226 2.2851318257110718 1.6841153487304954
v -0.0308741461485624 -0.0286500006914139 -0.0355448611080647
vn -3.0593272061828247 2.8315426065812463 0.5207131230742124
v -0.0309235788881779 -0.0158999990671873 -0.0357482098042965
vn -5.3382401728239310 2.2620261518254918 0.9866806806753574
v -0.0309235788881779 -0.0286500006914139 -0.0357482098042965
vn -5.4252589483417841 2.2943207649793078 0.2322577856983760
v -0.0309405811131001 -0.0286500006914139 -0.0358867458999157
vn -3.0702015127916842 2.8296198887088160 -0.4508909645107470
v -0.0309290140867233 -0.0158999990671873 -0.0362174808979034
vn -5.3942683661874762 2.2741111877465059 -0.4989271132862129
v -0.0309290140867233 -0.0286500006914139 -0.0362174808979034
vn -5.2950722318445944 2.2804059024021077 -1.1467958924159369
v -0.0309263840317726 -0.0286500006914139 -0.0362347327172756
vn -2.7816150276555707 2.8300273446623505 -1.3756054590815030
v -0.0307891685515642 -0.0158999990671873 -0.0366654656827450
vn -5.1014043744454067 2.2946405485450136 -1.8522044757187714
v -0.0308323148638010 -0.0286500006914139 -0.0365700684487820
vn -2.2194018822576314 2.8314169320030080 -2.1690557101180654
v -0.0305177345871925 -0.0158999990671873 -0.0370483063161373
vn -4.4201237915644320 2.2865318477996879 -3.1664292896837880
v -0.0306634493172169 -0.0286500006914139 -0.0368746705353260
vn -4.7957888524216523 2.2757348771895392 -2.5163294479918075
v -0.0307891685515642 -0.0286500006914139 -0.0366654656827450
vn -1.4407730249149224 2.8308676321924700 -2.7485269016651759
v -0.0301412791013718 -0.0158999990671873 -0.0373285338282585
vn -3.4016109042343956 2.2955109701498015 -4.2313842738053236
v -0.0304288882762194 -0.0286500006914139 -0.0371321178972721
vn -3.9555051101278496 2.2639641098986343 -3.7154741937705444
v -0.0305177345871925 -0.0286500006914139 -0.0370483063161373
vn -0.5212538480610662 2.8314180300775664 -3.0592226517837489
v -0.0296966545283794 -0.0158999990671873 -0.0374787151813507
vn -1.5447774512163670 2.2955123066560814 -5.2047350996981692
v -0.0298161264508963 -0.0286500006914139 -0.0374533273279667
vn -2.5303466892878790 2.3297240239029096 -4.8270714376234984
v -0.0301412791013718 -0.0286500006914139 -0.0373285338282585
vn 1.3788744841415379 2.2946424200870994 -5.2491582075715737
v -0.0291243828833103 -0.0286500006914139 -0.0374653637409210
vn 0.6505687386583939 2.2658275970314161 -5.3859571948538267
v -0.0292273834347725 -0.0286500006914139 -0.0374841503798962
vn 0.4513224124168975 2.8297191952022369 -3.0701437526909121
v -0.0292273834347725 -0.0158999990671873 -0.0374841503798962
vn -0.0690922002600155 2.2879123138419910 -5.4355906747718352
v -0.0294709578156471 -0.0286500006914139 -0.0374997742474079
vn -0.8146951178707856 2.2757382295175583 -5.3542227178308845
v -0.0296966545283794 -0.0286500006914139 -0.0374787151813507
vn 2.1686689817005931 2.8315405344211690 -2.2197965493456673
v -0.0283965561538935 -0.0158999990671873 -0.0370728708803654
vn 3.2778673244151397 2.2957829119381978 -4.3276574911503189
v -0.0285008177161217 -0.0286500006914139 -0.0371656678617001
vn 1.3755976372354726 2.8292968883260530 -2.7815413854542204
v -0.0287794005125761 -0.0158999990671873 -0.0373443067073822
vn 2.6513668120576011 2.2841175673334959 -4.7221260641951579
v -0.0287794005125761 -0.0286500006914139 -0.0373443067073822
vn 2.0741353948180241 2.2893011903181235 -5.0046881054048233
v -0.0287950858473778 -0.0286500006914139 -0.0373519584536552
vn 5.0380240400411189 2.2914583512149722 -2.0133832863252663
v -0.0280780829489231 -0.0286500006914139 -0.0366179905831814
vn 4.7234044771261967 2.2676178399414946 -2.6651334638124426
v -0.0281163286417723 -0.0286500006914139 -0.0366964153945446
vn 2.7490730635015486 2.8296941108907587 -1.4394647305171273
v -0.0281163286417723 -0.0158999990671873 -0.0366964153945446
vn 4.3362840115305437 2.2892518656533007 -3.2762605301640169
v -0.0282574445009232 -0.0286500006914139 -0.0369165353477001
vn 3.8303463167845653 2.2757449713200275 -3.8288146866776396
v -0.0283965561538935 -0.0286500006914139 -0.0370728708803654
vn 3.0705579522989415 2.8316205080411745 0.4498328568627707
v -0.0279607139527798 -0.0158999990671873 -0.0357825197279453
vn 5.4281556454100048 2.2959988828703728 0.0770284682937532
v -0.0279461108148098 -0.0286500006914139 -0.0359388478100300
vn 3.0588699611362440 2.8294214722360529 -0.5221420693047066
v -0.0279661472886801 -0.0158999990671873 -0.0362517908215523
vn 5.3749394504649555 2.2838518032798500 -0.6621293590229352
v -0.0279661472886801 -0.0286500006914139 -0.0362517908215523
vn 5.2586556374447815 2.2914265930618409 -1.3101363122919236
v -0.0279724076390266 -0.0286500006914139 -0.0362861305475235
vn 4.6136676462630604 2.2882532254322094 2.8511990601022221
v -0.0281329751014709 -0.0286500006914139 -0.0352727137506008
vn 4.9435191049610605 2.2693656124979587 2.2265806163830977
v -0.0281005576252937 -0.0286500006914139 -0.0353345349431038
vn 2.7804226182067038 2.8296335938945711 1.3779211794977855
v -0.0281005576252937 -0.0158999990671873 -0.0353345349431038
vn 5.2076452309567491 2.2905595691129186 1.5507403574495846
v -0.0280006136745214 -0.0286500006914139 -0.0355948582291603
vn 5.3539014038728725 2.2757536312705775 0.8167763363084938
v -0.0279607139527798 -0.0286500006914139 -0.0357825197279453
vn 2.5135961655842629 2.2776683541998306 4.7950627853657668
v -0.0287484470754862 -0.0286500006914139 -0.0346714667975903
vn 3.1535464848396058 2.2961749896259969 4.4186195448910670
v -0.0285989232361317 -0.0286500006914139 -0.0347612984478474
vn 2.2204309000168476 2.8295305341870662 2.1677358954826249
v -0.0283719934523106 -0.0158999990671873 -0.0349516943097115
vn 3.7179397220850938 2.2835267267499484 3.9376539737247782
v -0.0283719934523106 -0.0286500006914139 -0.0349516943097115
vn 4.1825162276545766 2.2936226782333504 3.4492899737816738
v -0.0283360611647367 -0.0286500006914139 -0.0349897742271423
vn -2.0926018242301416 -0.8113345462956407 0.1583816089330270
v -0.0321870148181915 -0.0298999994993210 -0.0357923656702042
vn -1.3766442988597416 -0.8113099557419445 -1.5839233985521775
v -0.0312489103525877 -0.0298999994993210 -0.0380755513906479
vn -1.7055098496060337 -0.8139266547624745 -1.2278394745908079
v -0.0316789373755455 -0.0298999994993210 -0.0376035645604134
vn -1.9451476648347388 -0.8141184267154407 -0.7959715666510385
v -0.0319885239005089 -0.0298999994993210 -0.0370451249182224
vn -2.0723148635073003 -0.8109199369685238 -0.3283539420831758
v -0.0321609824895859 -0.0298999994993210 -0.0364303477108479
vn -2.0028655209385726 -0.8135701114337301 0.6350061960626088
v -0.0320652164518833 -0.0298999994993210 -0.0351655781269073
vn -1.7998792396732051 -0.8137853520496162 1.0844611628256673
v -0.0318021513521671 -0.0298999994993210 -0.0345837771892548
vn -1.5009527948580985 -0.8110106555315399 1.4662294129330575
v -0.0314120091497898 -0.0298999994993210 -0.0340783223509789
vn -1.1225852654270494 -0.8113522997143721 1.7731181715301851
v -0.0309158153831959 -0.0298999994993210 -0.0336764678359032
vn 0.2797969491194872 -0.8110944448736468 2.0796056408305077
v -0.0290781389921904 -0.0298999994993210 -0.0332745611667633
vn -0.2052860073046780 -0.8133607674929761 2.0908142650831496
v -0.0297165531665087 -0.0298999994993210 -0.0332634523510933
vn -0.6861579163524658 -0.8131478380253550 1.9854299605970400
v -0.0303403213620186 -0.0298999994993210 -0.0333998724818230
vn 0.7074165782255140 -0.8373053208148671 2.0097244193239976
v -0.0284594949334860 -0.0298999994993210 -0.0334325991570950
vn 1.0035086915584712 -0.8637814908774066 1.9143640600529666
v -0.0281681008636951 -0.0298999994993210 -0.0335643514990807
vn 1.2500498905228368 -0.8391505029481610 1.7278133680553456
v -0.0278939716517925 -0.0298999994993210 -0.0337290465831757
vn 1.5537760477835536 -0.8128555929914126 1.4131820774002692
v -0.0274120587855577 -0.0298999994993210 -0.0341479182243347
vn 1.8352410826302441 -0.8111652430618705 1.0174658840496680
v -0.0270397346466780 -0.0298999994993210 -0.0346666388213634
vn 2.1020469299449647 -0.8159143867895287 0.0835077452157492
v -0.0266971495002508 -0.0298999994993210 -0.0358878858387470
vn 2.0231325561466482 -0.8145718869296317 0.5711892241784693
v -0.0267970710992813 -0.0298999994993210 -0.0352572426199913
vn 1.9121219418815176 -0.8112238480435878 -0.8645142522766642
v -0.0269390996545553 -0.0298999994993210 -0.0371329821646214
vn 2.0608629057551875 -0.8122677643086611 -0.4017792265778599
v -0.0267453603446484 -0.0298999994993210 -0.0365245752036572
vn 1.6661049645324559 -0.8144289805744553 -1.2817033814328862
v -0.0272679273039103 -0.0298999994993210 -0.0376803129911423
vn 1.3213559583185310 -0.8152089670035791 -1.6359368475230924
v -0.0277141127735376 -0.0298999994993210 -0.0381370559334755
vn 0.9086116548250671 -0.8115933414052019 -1.8920592540825942
v -0.0282536055892706 -0.0298999994993210 -0.0384785868227482
vn 0.4484103615480907 -0.8112694647879877 -2.0500522416832387
v -0.0288573168218136 -0.0298999994993210 -0.0386865027248859
vn -0.9740823405249546 -0.8108171745205268 -1.8582340309204959
v -0.0307216271758080 -0.0298999994993210 -0.0384356454014778
vn -0.5234037595306344 -0.8143675862104780 -2.0357752025381970
v -0.0301255118101835 -0.0298999994993210 -0.0386644341051579
vn -0.0333389109418494 -0.8142170144890370 -2.1015671051111746
v -0.0294927041977644 -0.0298999994993210 -0.0387495830655098
vn 2.7184367878774673 -4.1887906631710008 0.1109178621745279
v -0.0308870393782854 -0.0298999994993210 -0.0360588431358337
vn 1.2631596628551411 -4.1887906250312970 2.4096948294269409
v -0.0301149897277355 -0.0298999994993210 -0.0372783839702606
vn -1.2631594190464772 -4.1887903348535813 -2.4096952145505224
v -0.0287747364491224 -0.0298999994993210 -0.0347216166555882
vn -1.4552788324553214 -4.1887916673994443 2.2987737100256309
v -0.0286728143692017 -0.0298999994993210 -0.0372195392847061
vn 1.4552771250223260 -4.1887893261568765 -2.2987769672524134
v -0.0302169118076563 -0.0298999994993210 -0.0347804613411427
vn -2.7184382515017984 -4.1887886121061468 -0.1109215045248918
v -0.0280026886612177 -0.0298999994993210 -0.0359411537647247
vn 0.0000000000000000 6.2831853071795889 0.0000000000000000
v -0.0294448640197515 -0.0158999990671873 -0.0359999984502792
vn -1.2631594190464770 -2.0943949723260058 -2.4096952145505224
v -0.0287747364491224 -0.0284000001847744 -0.0347216166555882
vn -2.7184382515017989 -2.0943966950734398 -0.1109215045248918
v -0.0280026886612177 -0.0284000001847744 -0.0359411537647247
vn -1.4552788324553216 -2.0943936397801415 2.2987737100256305
v -0.0286728143692017 -0.0284000001847744 -0.0372195392847061
vn 1.2631596628551411 -2.0943946821482906 2.4096948294269414
v -0.0301149897277355 -0.0284000001847744 -0.0372783839702606
vn 2.7184367878774669 -2.0943946440085872 0.1109178621745280
v -0.0308870393782854 -0.0284000001847744 -0.0360588431358337
vn 1.4552771250223260 -2.0943959810227093 -2.2987769672524130
v -0.0302169118076563 -0.0284000001847744 -0.0347804613411427
vn -5.0911251440556544 -2.3027506119608141 -1.9237177553726805
v -0.0308339279145002 0.0262499991804361 -0.0705661252140999
vn -2.6747424461293043 -2.7755814640903642 -1.5442555045213515
v -0.0307439025491476 0.0054999999701977 -0.0707499980926514
vn -3.0519341412680854 -2.7737990291657013 -0.4726084301043706
v -0.0309271123260260 0.0054999999701977 -0.0702300891280174
vn -5.4022817942447290 -2.3052517104102828 0.5688145554463172
v -0.0309258587658405 0.0262499991804361 -0.0697619765996933
vn -5.4220590780804674 -2.2947422236861232 -0.2961986682170568
v -0.0309351570904255 0.0262499991804361 -0.0701703727245331
vn -5.3172851370932621 -2.2777842419873275 -1.1003842915676814
v -0.0309271123260260 0.0262499991804361 -0.0702300891280174
vn -5.2477430280861093 -2.2904005891568033 1.3712701434487107
v -0.0309101361781359 0.0262499991804361 -0.0696791037917137
vn -3.0170722976876263 -2.7738534832106758 0.6595445019242840
v -0.0309101361781359 0.0054999999701977 -0.0696791037917137
vn -4.9786852487901179 -2.2920686756211244 2.2214050731744912
v -0.0308067202568054 0.0262499991804361 -0.0693712383508682
vn -2.5745333754841475 -2.7755389884517969 1.7060790087511368
v -0.0306952670216560 0.0054999999701977 -0.0691714510321617
vn -4.5732278825572958 -2.2624614576462880 2.9536220455146207
v -0.0306952670216560 0.0262499991804361 -0.0691714510321617
vn -4.0208397706918522 -2.3047267639733624 3.6652736317411008
v -0.0305865816771984 0.0262499991804361 -0.0690271258354187
vn -1.7837429572823897 -2.7741482857631490 2.5211506181192354
v -0.0303115248680115 0.0054999999701977 -0.0687757059931755
vn -3.3862700867679671 -2.2804001592405472 4.2415481665835735
v -0.0303115248680115 0.0262499991804361 -0.0687757059931755
vn -2.7371058369808017 -2.2914990328237304 4.6870338114947687
v -0.0302817653864622 0.0262499991804361 -0.0687551721930504
vn -0.7541860873051808 -2.7743766376525927 2.9948778774183520
v -0.0298107340931892 0.0054999999701977 -0.0685453042387962
vn -1.9651214482816270 -2.3032333779352769 5.0670473676001997
v -0.0299148801714182 0.0262499991804361 -0.0685755386948586
vn 0.3797653501921786 -2.7754455739714503 3.0650665849126351
v -0.0292605310678482 0.0054999999701977 -0.0685113668441772
vn -0.2760376571584807 -2.2943175507164431 5.4428372934269937
v -0.0295131355524063 0.0262499991804361 -0.0685015544295311
vn -1.1508447118497833 -2.2839693410465403 5.3007972536189474
v -0.0298107340931892 0.0262499991804361 -0.0685453042387962
vn 1.4612174701116996 -2.7749427726470550 2.7209143189501366
v -0.0287352241575718 0.0054999999701977 -0.0686784833669662
vn 1.4542021548001622 -2.3093307447880931 5.2412815301510740
v -0.0291063282638788 0.0262499991804361 -0.0685387030243874
vn 0.5637759009723996 -2.2658315408273184 5.4117437397870223
v -0.0292605310678482 0.0262499991804361 -0.0685113668441772
vn 2.3451947479125628 -2.7753026502767746 2.0096808120478244
v -0.0283057559281588 0.0054999999701977 -0.0690240710973740
vn 3.6134543963012531 -2.3057938073544326 4.0626102570935529
v -0.0283963456749916 0.0262499991804361 -0.0689273327589035
vn 2.6213398339904992 -2.3467675715245360 4.7885541784917889
v -0.0287246275693178 0.0262499991804361 -0.0686842277646065
vn 2.9130341037141836 -2.7753156104949701 1.0261631770913973
v -0.0280301328748465 0.0054999999701977 -0.0695014670491219
vn 4.7250619262358766 -2.2965129739391559 2.7117540680412739
v -0.0281458254903555 0.0262499991804361 -0.0692500025033951
vn 4.2043414281132083 -2.2839599130343409 3.4273667410557707
v -0.0283057559281588 0.0262499991804361 -0.0690240710973740
vn 3.0869841215772333 -2.7749240150770795 -0.0950096895824417
v -0.0279455743730068 0.0054999999701977 -0.0700461938977242
vn 5.3250438883314972 -2.3057866921503538 1.0980381116450399
v -0.0279916506260633 0.0262499991804361 -0.0696282908320427
vn 5.0781380614853653 -2.2690282993853779 1.9455217278020387
v -0.0280301328748465 0.0262499991804361 -0.0695014670491219
vn 2.8443078374636586 -2.7754607085779899 -1.2036586105829428
v -0.0280635058879852 0.0054999999701977 -0.0705846771597862
vn 5.2661730374627833 -2.3093422467315543 -1.3613544333448453
v -0.0280100740492344 0.0262499991804361 -0.0704374685883522
vn 5.4576825736988415 -2.3467709898262679 -0.1241055221225891
v -0.0279452521353960 0.0262499991804361 -0.0700341463088989
vn 3.4056770204365887 -2.3032400120652210 -4.2353467820870279
v -0.0284462533891201 0.0262499991804361 -0.0711192786693573
vn 4.0310932489678262 -2.2720620268898299 -3.6458007987263126
v -0.0283679962158203 0.0262499991804361 -0.0710441991686821
vn 2.2163096897026855 -2.7739210309868749 -2.1507490723269589
v -0.0283679962158203 0.0054999999701977 -0.0710441991686821
vn 4.5571326273767880 -2.2986659970064105 -2.9819676458312148
v -0.0281813070178032 0.0262499991804361 -0.0708083510398865
vn 4.9601821166602083 -2.2839307894485499 -2.1954757545226880
v -0.0280635058879852 0.0262499991804361 -0.0705846771597862
vn 0.1902561735514801 -2.7755401728593538 -3.0826503019564990
v -0.0293525215238333 0.0054999999701977 -0.0714971572160721
vn 1.1594263212833764 -2.3081673987877762 -5.3125928060020682
v -0.0291731897741556 0.0262499991804361 -0.0714751929044724
vn 1.2917633458719842 -2.7736793635039074 -2.8051648695371822
v -0.0288179237395525 0.0054999999701977 -0.0713626965880394
vn 1.9865594502051125 -2.2910902168883855 -5.0468991700089578
v -0.0288179237395525 0.0262499991804361 -0.0713626965880394
vn 2.6863804326986727 -2.2987773635920754 -4.7158840132975071
v -0.0287852622568607 0.0262499991804361 -0.0713471919298172
vn -2.2128167382900532 -2.2989618534636378 -4.9613562512210976
v -0.0299792271107435 0.0262499991804361 -0.0714015886187553
vn -1.4260814157843817 -2.2750473341717727 -5.2420342331508847
v -0.0298995934426785 0.0262499991804361 -0.0714294165372849
vn -0.9373466226319423 -2.7738714999486005 -2.9426335892740920
v -0.0298995934426785 0.0054999999701977 -0.0714294165372849
vn -0.5926774327400044 -2.3007084860240989 -5.4118651543396972
v -0.0295812655240297 0.0262499991804361 -0.0714937821030617
vn 0.2897502541885698 -2.2839479651517749 -5.4166339006277386
v -0.0293525215238333 0.0262499991804361 -0.0714971572160721
vn -4.6950018913721072 -2.2870363585932076 -2.7106292281525826
v -0.0307439025491476 0.0262499991804361 -0.0707499980926514
vn -4.2116894801185216 -2.3084728285033385 -3.4389848221594663
v -0.0306296776980162 0.0262499991804361 -0.0709199011325836
vn -1.9352642962134414 -2.7737706991212052 -2.4067421534457862
v -0.0303852502256632 0.0054999999701977 -0.0711686238646507
vn -3.5994327970265396 -2.2907954316360355 -4.0574471098429754
v -0.0303852502256632 0.0262499991804361 -0.0711686238646507
vn -2.9706193560590104 -2.3019675210190096 -4.5450591400408911
v -0.0303375553339720 0.0262499991804361 -0.0712054446339607
vn 0.4686722058763084 0.7939343862259876 2.0225143351254995
v -0.0288242157548666 0.0274999998509884 -0.0673209503293037
vn -0.0909516839231622 0.7969448514253725 2.0776128719446834
v -0.0295700281858444 0.0274999998509884 -0.0672528520226479
vn -0.6552763970166797 0.7972635844667008 1.9740039559497085
v -0.0303065590560436 0.0274999998509884 -0.0673884898424149
vn -1.1580020252955709 0.7934044421270086 1.7225021232990005
v -0.0309791825711727 0.0274999998509884 -0.0677178129553795
vn -1.5801639690565277 0.7939699935485691 1.3466461867502333
v -0.0315380133688450 0.0274999998509884 -0.0682163983583450
vn -2.0623029842713709 0.7935627559376339 -0.2357087042520255
v -0.0321770682930946 0.0274999998509884 -0.0703123435378075
vn -2.0533611102433471 0.7966294454572710 0.3268355254444185
v -0.0321600213646889 0.0274999998509884 -0.0695636197924614
vn -1.8861133625750881 0.7962936020882421 0.8742337257641787
v -0.0319416001439095 0.0274999998509884 -0.0688472613692284
vn -1.9827610573509460 0.8237295572066508 -0.7335213295791245
v -0.0319914817810059 0.0274999998509884 -0.0710379034280777
vn -1.8625332458858603 0.8543523657711980 -1.0753351624692169
v -0.0318264327943325 0.0274999998509884 -0.0713749974966049
vn -1.6302357242691079 0.8261324514805244 -1.3501550301623424
v -0.0316170230507851 0.0274999998509884 -0.0716864839196205
vn -1.2349369957929996 0.7958448430515312 -1.6716427478811720
v -0.0310814641416073 0.0274999998509884 -0.0722099840641022
vn -0.7395697516109453 0.7936850698098838 -1.9396378448944573
v -0.0304245278239250 0.0274999998509884 -0.0725695863366127
vn 0.3803755657371353 0.7997471814838961 -2.0477104870899128
v -0.0289467945694923 0.0274999998509884 -0.0727045163512230
vn -0.1939240241131828 0.7981230027578321 -2.0718559891065969
v -0.0296949353069067 0.0274999998509884 -0.0727386027574539
vn 1.3819929701733618 0.7938043031195881 -1.5491192818057584
v -0.0276140775531530 0.0274999998509884 -0.0720520019531250
vn 0.9148187674976065 0.7948744435242505 -1.8649507676882049
v -0.0282355938106775 0.0274999998509884 -0.0724698528647423
vn 1.7502100581914026 0.7978541241371488 -1.1250429790618126
v -0.0271283444017172 0.0274999998509884 -0.0714819729328156
vn 1.9916752693958570 0.7980545030232191 -0.6025203756410011
v -0.0268144160509109 0.0274999998509884 -0.0708020254969597
vn 2.0747465177568478 0.7931247926830006 -0.0472402426139329
v -0.0266955755650997 0.0274999998509884 -0.0700626000761986
vn 2.0113242527508133 0.7938806768788378 0.5143619205062019
v -0.0267806388437748 0.0274999998509884 -0.0693185254931450
vn 0.9964653411945714 0.7931283939828049 1.8204067015978833
v -0.0281244330108166 0.0274999998509884 -0.0675877481698990
vn 1.4512544582057978 0.7977362858217110 1.4906900607334470
v -0.0275225788354874 0.0274999998509884 -0.0680334493517876
vn 1.8035764580952725 0.7974645500495243 1.0364709229461355
v -0.0270632933825254 0.0274999998509884 -0.0686250030994415
vn -2.3561984204830968 4.1887873156068363 1.3603472540136698
v -0.0281948633491993 0.0274999998509884 -0.0707216858863831
vn 0.0000008777526583 4.1887966283872338 -2.7206940012528471
v -0.0294448640197515 0.0274999998509884 -0.0685566216707230
vn -2.3561984204830968 4.1887873156068363 -1.3603472540136701
v -0.0281948633491993 0.0274999998509884 -0.0692783147096634
vn 2.3561984204817885 4.1887886060892701 1.3603452269286029
v -0.0306948646903038 0.0274999998509884 -0.0707216858863831
vn 2.3561992982344462 4.1887853798826686 -1.3603487743242442
v -0.0306948628276587 0.0274999998509884 -0.0692783147096634
vn -0.0000000000000001 4.1887959831454999 2.7206945080273397
v -0.0294448640197515 0.0274999998509884 -0.0714433789253235
vn 0.0000000000000000 -6.2831853071795827 0.0000000000000000
v -0.0294448640197515 0.0054999999701977 -0.0700000002980232
vn 2.3561984204817881 2.0943967010903162 1.3603452269286029
v -0.0306948646903038 0.0260000005364418 -0.0707216858863831
vn 0.0000000000000001 2.0943893240340858 2.7206945080273401
v -0.0294448640197515 0.0260000005364418 -0.0714433789253235
vn -2.3561984204830964 2.0943979915727504 1.3603472540136701
v -0.0281948633491993 0.0260000005364418 -0.0707216858863831
vn -2.3561984204830964 2.0943979915727500 -1.3603472540136698
v -0.0281948633491993 0.0260000005364418 -0.0692783147096634
vn 0.0000008777526582 2.0943886787923511 -2.7206940012528475
v -0.0294448640197515 0.0260000005364418 -0.0685566216707230
vn 2.3561992982344466 2.0943999272969185 -1.3603487743242444
v -0.0306948628276587 0.0260000005364418 -0.0692783147096634
vn -4.2115541704959494 -2.3027497614463766 3.4471812567186708
v -0.0306296776980162 0.0262499991804361 -0.0350801013410091
vn -2.6747390563695728 -2.7755748340524322 1.5442575590123191
v -0.0307439025491476 0.0054999999701977 -0.0352500006556511
vn -1.9352601531694464 -2.7738007381811451 2.4067471668843021
v -0.0303852502256632 0.0054999999701977 -0.0348313786089420
vn -2.2086153667860295 -2.3052331178658458 4.9628730396061522
v -0.0299792271107435 0.0262499991804361 -0.0345984101295471
vn -2.9674887960956573 -2.2947313030922869 4.5475704684058424
v -0.0303375553339720 0.0262499991804361 -0.0347945541143417
vn -3.6115659163466280 -2.2777960669976709 4.0547553122650069
v -0.0303852502256632 0.0262499991804361 -0.0348313786089420
vn -1.4364160428772594 -2.2904147187252604 5.2302973782230300
v -0.0298995934426785 0.0262499991804361 -0.0345705859363079
vn -0.9373472726501857 -2.7738463035614167 2.9426333934067852
v -0.0298995934426785 0.0054999999701977 -0.0345705859363079
vn -0.5655073651020817 -2.2920819118125575 5.4223790296587113
v -0.0295812655240297 0.0262499991804361 -0.0345062129199505
vn 0.1902464277940239 -2.7755474661291499 3.0826528777298874
v -0.0293525215238333 0.0054999999701977 -0.0345028452575207
vn 0.2713407568768679 -2.2624534057764327 5.4373279547224955
v -0.0293525215238333 0.0262499991804361 -0.0345028452575207
vn 1.1637832697792332 -2.3047271754775163 5.3147928042917432
v -0.0291731897741556 0.0262499991804361 -0.0345248058438301
vn 1.2915089278877994 -2.7741430440606298 2.8053403858074821
v -0.0288179237395525 0.0054999999701977 -0.0346373021602631
vn 1.9801249855137764 -2.2803918652705719 5.0533818992323853
v -0.0288179237395525 0.0262499991804361 -0.0346373021602631
vn 2.6905295050981404 -2.2915021092429155 4.7139345737745373
v -0.0287852622568607 0.0262499991804361 -0.0346528068184853
vn 2.2165540530618495 -2.7743760429913538 2.1505759636794757
v -0.0283679962158203 0.0054999999701977 -0.0349557995796204
vn 3.4056314651088639 -2.3032289056723840 4.2353661215359306
v -0.0284462533891201 0.0262499991804361 -0.0348807238042355
vn 2.8443082677727949 -2.7754591253410119 1.2036564858020997
v -0.0280635058879852 0.0054999999701977 -0.0354153215885162
vn 4.5756311131144685 -2.2943307932049888 2.9604573856467975
v -0.0281813070178032 0.0262499991804361 -0.0351916514337063
vn 4.0151847834519430 -2.2839691720918278 3.6470756933635062
v -0.0283679962158203 0.0262499991804361 -0.0349557995796204
vn 3.0869843626421263 -2.7749244733587042 0.0950058718321429
v -0.0279455743730068 0.0054999999701977 -0.0359538085758686
vn 5.2661745481347957 -2.3093428051991207 1.3613505935117747
v -0.0280100740492344 0.0262499991804361 -0.0355625301599503
vn 4.9685645021966183 -2.2658094657309649 2.2176574479933295
v -0.0280635058879852 0.0262499991804361 -0.0354153215885162
vn 2.9130338945038456 -2.7753168197259166 -1.0261647289164542
v -0.0280301328748465 0.0054999999701977 -0.0364985316991806
vn 5.3250425450063013 -2.3057895031719982 -1.0980605788328743
v -0.0279916506260633 0.0262499991804361 -0.0363717116415501
vn 5.4576830104153053 -2.3467696486465695 0.1241011496352316
v -0.0279452521353960 0.0262499991804361 -0.0359658561646938
vn 2.3452011171815563 -2.7753080031555353 -2.0096757221747645
v -0.0283057559281588 0.0054999999701977 -0.0369759276509285
vn 4.7109995362660175 -2.2965182354822495 -2.7361200500757996
v -0.0281458254903555 0.0262499991804361 -0.0367499999701977
vn 5.0703654800519100 -2.2839546802724828 -1.9273485688372496
v -0.0280301328748465 0.0262499991804361 -0.0364985316991806
vn 1.4612144214767155 -2.7749312068701411 -2.7209121523702975
v -0.0287352241575718 0.0054999999701977 -0.0373215191066265
vn 3.6134676850321177 -2.3057890083977144 -4.0625973054388096
v -0.0283963456749916 0.0262499991804361 -0.0370726659893990
vn 4.2239536550415169 -2.2690209500323770 -3.4250185937158624
v -0.0283057559281588 0.0262499991804361 -0.0369759276509285
vn 0.3797555913496387 -2.7754522060542719 -3.0650696825281680
v -0.0292605310678482 0.0054999999701977 -0.0374886319041252
vn 1.4541441349701676 -2.3093371239720453 -5.2413085389801157
v -0.0291063282638788 0.0262499991804361 -0.0374612994492054
vn 2.6213585912004769 -2.3467665341586867 -4.7885496145473789
v -0.0287246275693178 0.0262499991804361 -0.0373157747089863
vn -1.9651239156549685 -2.3032315486820365 -5.0670481773042564
v -0.0299148801714182 0.0262499991804361 -0.0374244600534439
vn -1.1418290877565354 -2.2720792938309300 -5.3139370932933438
v -0.0298107340931892 0.0262499991804361 -0.0374546945095062
vn -0.7544493150143157 -2.7739276200597986 -2.9947568477370785
v -0.0298107340931892 0.0054999999701977 -0.0374546945095062
vn -0.3039191825447415 -2.2986495884458114 -5.4375646229294974
v -0.0295131355524063 0.0262499991804361 -0.0374984443187714
vn 0.5787198645702647 -2.2839483137758614 -5.3933931811167355
v -0.0292605310678482 0.0262499991804361 -0.0374886319041252
vn -2.5745368560218562 -2.7755463278086472 -1.7060775762838500
v -0.0306952670216560 0.0054999999701977 -0.0368285477161407
vn -4.0211647063119980 -2.3081755634659187 -3.6603456022467529
v -0.0305865816771984 0.0262499991804361 -0.0369728729128838
vn -1.7834672624127506 -2.7736673447136093 -2.5212745868291040
v -0.0303115248680115 0.0054999999701977 -0.0372242964804173
vn -3.3772941415618387 -2.2911395701579309 -4.2440326837390900
v -0.0303115248680115 0.0262499991804361 -0.0372242964804173
vn -2.7406404505177280 -2.2987297416239487 -4.6845247620149468
v -0.0302817653864622 0.0262499991804361 -0.0372448265552521
vn -5.4030727247758605 -2.2989916953252614 -0.5645095505503255
v -0.0309258587658405 0.0262499991804361 -0.0362380221486092
vn -5.2527162579324491 -2.2750044644007259 -1.3861089134549827
v -0.0309101361781359 0.0262499991804361 -0.0363208986818790
vn -3.0170706866274326 -2.7738766745949071 -0.6595486082809856
v -0.0309101361781359 0.0054999999701977 -0.0363208986818790
vn -4.9831574259103864 -2.3007290263699853 -2.1926682928792256
v -0.0308067202568054 0.0262499991804361 -0.0366287641227245
vn -4.5460504445344432 -2.2839314005469986 -2.9592522934403505
v -0.0306952670216560 0.0262499991804361 -0.0368285477161407
vn -4.6949797764183225 -2.2870371509298066 2.7106694132371709
v -0.0307439025491476 0.0262499991804361 -0.0352500006556511
vn -5.0841040473251846 -2.3084743301837181 1.9279132911996917
v -0.0308339279145002 0.0262499991804361 -0.0354338698089123
vn -3.0519353344557407 -2.7737756409302481 0.4726046733653234
v -0.0309271123260260 0.0054999999701977 -0.0357699133455753
vn -5.3135103415503480 -2.2907585675715381 1.0886408627185287
v -0.0309271123260260 0.0262499991804361 -0.0357699133455753
vn -5.4214574708469367 -2.3020045229662278 0.3002986517059559
v -0.0309351570904255 0.0262499991804361 -0.0358296297490597
vn 1.9858906498634463 0.7939389094212659 0.6053759852232167
v -0.0268144160509109 0.0274999998509884 -0.0351979732513428
vn 1.7537873307483793 0.7969410367944405 1.1175677562611104
v -0.0271283444017172 0.0274999998509884 -0.0345180295407772
vn 1.3818906532586634 0.7972596148897003 1.5544892536439114
v -0.0276140775531530 0.0274999998509884 -0.0339479930698872
vn 0.9127305756989940 0.7934095013109812 1.8641168950912985
v -0.0282355938106775 0.0274999998509884 -0.0335301496088505
vn 0.3761539587463304 0.7939704858989092 2.0417845589586485
v -0.0289467945694923 0.0274999998509884 -0.0332954786717892
vn -1.2352809902226674 0.7935633335022736 1.6681535463038979
v -0.0310814641416073 0.0274999998509884 -0.0337900146842003
vn -0.7436396849973247 0.7966324902484201 1.9416819974925772
v -0.0304245278239250 0.0274999998509884 -0.0334304161369801
vn -0.1859512595726195 0.7962925711861311 2.0705369711241244
v -0.0296949353069067 0.0274999998509884 -0.0332613922655582
vn -1.6266266984772542 0.8237290886751505 1.3503622615377135
v -0.0316170230507851 0.0274999998509884 -0.0343135148286819
vn -1.8625336680105107 0.8543504142666389 1.0753299149859408
v -0.0318264327943325 0.0274999998509884 -0.0346250012516975
vn -1.9843897134775490 0.8261344342435859 0.7367464257450247
v -0.0319914817810059 0.0274999998509884 -0.0349620990455151
vn -2.0651477247954571 0.7958400190790955 0.2336639285369092
v -0.0321770682930946 0.0274999998509884 -0.0356876552104950
vn -2.0495678923756926 0.7936909067147309 -0.3293332500204452
v -0.0321600213646889 0.0274999998509884 -0.0364363752305508
vn -1.5831754932062909 0.7997402019264426 -1.3532639531294066
v -0.0315380133688450 0.0274999998509884 -0.0377836003899574
vn -1.8912435228707307 0.7981216287931243 -0.8679775814796167
v -0.0319416001439095 0.0274999998509884 -0.0371527336537838
vn -0.6505774022204228 0.7938001727192021 -1.9713962788564450
v -0.0303065590560436 0.0274999998509884 -0.0386115089058876
vn -1.1576840090561888 0.7948785408347225 -1.7247389025277036
v -0.0309791825711727 0.0274999998509884 -0.0382821857929230
vn -0.0992118136751813 0.7978556944478152 -2.0782499618574382
v -0.0295700281858444 0.0274999998509884 -0.0387471504509449
vn 0.4740418658908970 0.7980523542536426 -2.0260980633696470
v -0.0288242157548666 0.0274999998509884 -0.0386790484189987
vn 0.9964663693569830 0.7931295796153810 -1.8204076207706041
v -0.0281244330108166 0.0274999998509884 -0.0384122505784035
vn 1.4511112935456463 0.7938825943871644 -1.4846812944288263
v -0.0275225788354874 0.0274999998509884 -0.0379665493965149
vn 2.0747464699698992 0.7931247066227529 0.0472387700533855
v -0.0266955755650997 0.0274999998509884 -0.0359374023973942
vn 2.0166031251854521 0.7977363890862722 -0.5114785695371278
v -0.0267806388437748 0.0274999998509884 -0.0366814732551575
vn 1.7993953013744419 0.7974613230220984 -1.0437048669535489
v -0.0270632933825254 0.0274999998509884 -0.0373749993741512
vn 0.0000008777515256 4.1887921580487539 2.7206975122612147
v -0.0294448640197515 0.0274999998509884 -0.0374433770775795
vn -2.3561953798759290 4.1887895507752440 -1.3603490095162187
v -0.0281948633491993 0.0274999998509884 -0.0352783128619194
vn -2.3561953798759290 4.1887895507752440 1.3603490095162185
v -0.0281948633491993 0.0274999998509884 -0.0367216877639294
vn 2.3561953798746211 4.1887908412543480 -1.3603469824363832
v -0.0306948646903038 0.0274999998509884 -0.0352783128619194
vn 0.0000000000000002 4.1887915128086854 -2.7206980190324370
v -0.0294448640197515 0.0274999998509884 -0.0345566235482693
vn 2.3561962576261468 4.1887876150560714 1.3603505298248313
v -0.0306948628276587 0.0274999998509884 -0.0367216877639294
vn 0.0000000000000000 -6.2831853071795862 0.0000000000000000
v -0.0294448640197515 0.0054999999701977 -0.0359999984502792
vn 2.3561953798746211 2.0943944659252391 -1.3603469824363836
v -0.0306948646903038 0.0260000005364418 -0.0352783128619194
vn 2.3561962576261468 2.0943976921235152 1.3603505298248313
v -0.0306948628276587 0.0260000005364418 -0.0367216877639294
vn 0.0000008777515258 2.0943931491308323 2.7206975122612143
v -0.0294448640197515 0.0260000005364418 -0.0374433770775795
vn -2.3561953798759290 2.0943957564043427 1.3603490095162187
v -0.0281948633491993 0.0260000005364418 -0.0367216877639294
vn -2.3561953798759290 2.0943957564043423 -1.3603490095162185
v -0.0281948633491993 0.0260000005364418 -0.0352783128619194
vn -0.0000000000000001 2.0943937943709012 -2.7206980190324375
v -0.0294448640197515 0.0260000005364418 -0.0345566235482693
vn 5.0911262654278389 -2.3027561906287803 1.9237277270739730
v 0.0308339279145002 0.0262499991804361 -0.0354338698089123
vn 2.6747390563695728 -2.7755748340524322 1.5442575590123191
v 0.0307439025491476 0.0054999999701977 -0.0352500006556511
vn 3.0519353384141086 -2.7738014015237349 0.4726050246657316
v 0.0309271123260260 0.0054999999701977 -0.0357699133455753
vn 5.4022820305058445 -2.3052469102591515 -0.5687925968969879
v 0.0309258587658405 0.0262499991804361 -0.0362380221486092
vn 5.4220590307266479 -2.2947424927025910 0.2961978310300182
v 0.0309351570904255 0.0262499991804361 -0.0358296297490597
vn 5.3172853302002814 -2.2777829128684126 1.1003676059686742
v 0.0309271123260260 0.0262499991804361 -0.0357699133455753
vn 5.2477521594172458 -2.2904029804261374 -1.3712505688131196
v 0.0309101361781359 0.0262499991804361 -0.0363208986818790
vn 3.0170707037417022 -2.7738509130305702 -0.6595482756581910
v 0.0309101361781359 0.0054999999701977 -0.0363208986818790
vn 4.9786797110801206 -2.2920720138142281 -2.2214237762189786
v 0.0308067202568054 0.0262499991804361 -0.0366287641227245
vn 2.5745368560218562 -2.7755463278086472 -1.7060775762838500
v 0.0306952670216560 0.0054999999701977 -0.0368285477161407
vn 4.5732117745037488 -2.2624594725655953 -2.9536391867778384
v 0.0306952670216560 0.0262499991804361 -0.0368285477161407
vn 4.0208517136480513 -2.3047215525268272 -3.6652598215455794
v 0.0305865816771984 0.0262499991804361 -0.0369728729128838
vn 1.7837392347874852 -2.7741371394048571 -2.5211493835356533
v 0.0303115248680115 0.0054999999701977 -0.0372242964804173
vn 3.3861269939407821 -2.2804445294638604 -4.2417012319304863
v 0.0303115248680115 0.0262499991804361 -0.0372242964804173
vn 2.7368938179261928 -2.2914571970310647 -4.6871278785608634
v 0.0302817653864622 0.0262499991804361 -0.0372448265552521
vn 0.7541774642268643 -2.7743825411272960 -2.9948818427104538
v 0.0298107340931892 0.0054999999701977 -0.0374546945095062
vn 1.9651214482816270 -2.3032333779352769 -5.0670473676001997
v 0.0299148801714182 0.0262499991804361 -0.0374244600534439
vn -0.3797555913496387 -2.7754522060542719 -3.0650696825281680
v 0.0292605310678482 0.0054999999701977 -0.0374886319041252
vn 0.2760360044080277 -2.2943197919927334 -5.4428353030125685
v 0.0295131355524063 0.0262499991804361 -0.0374984443187714
vn 1.1508459249572194 -2.2839709349490627 -5.3007954756097613
v 0.0298107340931892 0.0262499991804361 -0.0374546945095062
vn -1.4612144214767155 -2.7749312068701411 -2.7209121523702975
v 0.0287352241575718 0.0054999999701977 -0.0373215191066265
vn -1.4541426325096372 -2.3093382770476847 -5.2413078892586276
v 0.0291063282638788 0.0262499991804361 -0.0374612994492054
vn -0.5637144057373122 -2.2658177162892228 -5.4117449063435155
v 0.0292605310678482 0.0262499991804361 -0.0374886319041252
vn -2.3452011171815563 -2.7753080031555353 -2.0096757221747645
v 0.0283057559281588 0.0054999999701977 -0.0369759276509285
vn -3.6134676054730512 -2.3057886587435501 -4.0625977953955426
v 0.0283963456749916 0.0262499991804361 -0.0370726659893990
vn -2.6213597716273997 -2.3467673375820075 -4.7885481962805372
v 0.0287246275693178 0.0262499991804361 -0.0373157747089863
vn -2.9130338945038456 -2.7753168197259166 -1.0261647289164542
v 0.0280301328748465 0.0054999999701977 -0.0364985316991806
vn -4.7250611116207866 -2.2965198700007341 -2.7117616978538450
v 0.0281458254903555 0.0262499991804361 -0.0367499999701977
vn -4.2043265672848467 -2.2839558390504950 -3.4273813592720508
v 0.0283057559281588 0.0262499991804361 -0.0369759276509285
vn -3.0869843626421263 -2.7749244733587042 0.0950058718321429
v 0.0279455743730068 0.0054999999701977 -0.0359538085758686
vn -5.3250421629987867 -2.3057898505259509 -1.0980608906468547
v 0.0279916506260633 0.0262499991804361 -0.0363717116415501
vn -5.0781317913830675 -2.2690219133740515 -1.9455249575488056
v 0.0280301328748465 0.0262499991804361 -0.0364985316991806
vn -2.8443082677727949 -2.7754591253410119 1.2036564858020997
v 0.0280635058879852 0.0054999999701977 -0.0354153215885162
vn -5.2661742830437515 -2.3093430378413893 1.3613507904901498
v 0.0280100740492344 0.0262499991804361 -0.0355625301599503
vn -5.4576825186189994 -2.3467702286440351 0.1241012694985689
v 0.0279452521353960 0.0262499991804361 -0.0359658561646938
vn -3.4056318707792395 -2.3032302993493978 4.2353641850828865
v 0.0284462533891201 0.0262499991804361 -0.0348807238042355
vn -4.0310697849889543 -2.2720808528140939 3.6458380945479414
v 0.0283679962158203 0.0262499991804361 -0.0349557995796204
vn -2.2163097446043625 -2.7739208728559475 2.1507489897922207
v 0.0283679962158203 0.0054999999701977 -0.0349557995796204
vn -4.5571303514987473 -2.2986592200132652 2.9819638195143092
v 0.0281813070178032 0.0262499991804361 -0.0351916514337063
vn -4.9601765322403271 -2.2839344015147565 2.1954933136079404
v 0.0280635058879852 0.0262499991804361 -0.0354153215885162
vn -0.1902464277940239 -2.7755474661291499 3.0826528777298869
v 0.0293525215238333 0.0054999999701977 -0.0345028452575207
vn -1.1593719157835571 -2.3081804225998175 5.3126072602188810
v 0.0291731897741556 0.0262499991804361 -0.0345248058438301
vn -1.2917534777255906 -2.7736729921441876 2.8051673586188395
v 0.0288179237395525 0.0054999999701977 -0.0346373021602631
vn -1.9865623103437375 -2.2910897761533651 5.0468985274250020
v 0.0288179237395525 0.0262499991804361 -0.0346373021602631
vn -2.6863949566283378 -2.2987817099053158 4.7158774966091563
v 0.0287852622568607 0.0262499991804361 -0.0346528068184853
vn 2.2127190063714544 -2.2989790243077222 4.9614163330476444
v 0.0299792271107435 0.0262499991804361 -0.0345984101295471
vn 1.4260306660526987 -2.2750166873125517 5.2420260773007268
v 0.0298995934426785 0.0262499991804361 -0.0345705859363079
vn 0.9373469760751472 -2.7738720613749805 2.9426335448772760
v 0.0298995934426785 0.0054999999701977 -0.0345705859363079
vn 0.5926477811048692 -2.3007364779037425 5.4118815831005307
v 0.0295812655240297 0.0262499991804361 -0.0345062129199505
vn -0.2897798733312643 -2.2839222928717646 5.4166147651489132
v 0.0293525215238333 0.0262499991804361 -0.0345028452575207
vn 4.6949801406867806 -2.2870354290757628 2.7106719835559581
v 0.0307439025491476 0.0262499991804361 -0.0352500006556511
vn 4.2116702351894597 -2.3084688634158264 3.4390027736928852
v 0.0306296776980162 0.0262499991804361 -0.0350801013410091
vn 1.9352598469993629 -2.7737749813381827 2.4067473390811260
v 0.0303852502256632 0.0054999999701977 -0.0348313786089420
vn 3.5995190721720696 -2.2907737864099698 4.0573490008557380
v 0.0303852502256632 0.0262499991804361 -0.0348313786089420
vn 2.9707391240469434 -2.3019924591413257 4.5449992767090741
v 0.0303375553339720 0.0262499991804361 -0.0347945541143417
vn -0.4686759386663463 0.7939373235041369 -2.0225172424366598
v 0.0288242157548666 0.0274999998509884 -0.0386790484189987
vn 0.0909507607401622 0.7969381602132997 -2.0776046317487369
v 0.0295700281858444 0.0274999998509884 -0.0387471504509449
vn 0.6552815922524899 0.7972655161426301 -1.9740049279723224
v 0.0303065590560436 0.0274999998509884 -0.0386115089058876
vn 1.1580021071094651 0.7934046158618067 -1.7225022804031427
v 0.0309791825711727 0.0274999998509884 -0.0382821857929230
vn 1.5801646924399211 0.7939698070641721 -1.3466447127634342
v 0.0315380133688450 0.0274999998509884 -0.0377836003899574
vn 2.0623026459237814 0.7935626024429943 0.2357093097770634
v 0.0321770682930946 0.0274999998509884 -0.0356876552104950
vn 2.0533622303803809 0.7966303656432429 -0.3268350874631601
v 0.0321600213646889 0.0274999998509884 -0.0364363752305508
vn 1.8861186118196169 0.7962972359901723 -0.8742325711723615
v 0.0319416001439095 0.0274999998509884 -0.0371527336537838
vn 1.9827661394347138 0.8237332405989266 0.7335201661661235
v 0.0319914817810059 0.0274999998509884 -0.0349620990455151
vn 1.8625323750964151 0.8543495368026606 1.0753302847925128
v 0.0318264327943325 0.0274999998509884 -0.0346250012516975
vn 1.6302339762674236 0.8261305270266415 1.3501538602540994
v 0.0316170230507851 0.0274999998509884 -0.0343135148286819
vn 1.2349321372355018 0.7958419160831671 1.6716418230306009
v 0.0310814641416073 0.0274999998509884 -0.0337900146842003
vn 0.7395787135018860 0.7936929075853363 1.9396450783181167
v 0.0304245278239250 0.0274999998509884 -0.0334304161369801
vn -0.3803805818853334 0.7997399923679833 2.0477006403327960
v 0.0289467945694923 0.0274999998509884 -0.0332954786717892
vn 0.1939301438177817 0.7981160925193347 2.0718468565997297
v 0.0296949353069067 0.0274999998509884 -0.0332613922655582
vn -1.3819858474957307 0.7937967573430995 1.5491127453352342
v 0.0276140775531530 0.0274999998509884 -0.0339479930698872
vn -0.9148255091504449 0.7948846112244161 1.8649617527523690
v 0.0282355938106775 0.0274999998509884 -0.0335301496088505
vn -1.7502166035497768 0.7978582074522518 1.1250425260582042
v 0.0271283444017172 0.0274999998509884 -0.0345180295407772
vn -1.9916734993012355 0.7980533728658561 0.6025210561844310
v 0.0268144160509109 0.0274999998509884 -0.0351979732513428
vn -2.0747467791048768 0.7931249792234110 0.0472388315763524
v 0.0266955755650997 0.0274999998509884 -0.0359374023973942
vn -2.0113262818739455 0.7938820381814314 -0.5143609622584929
v 0.0267806388437748 0.0274999998509884 -0.0366814732551575
vn -0.9964672017839464 0.7931299572312911 -1.8204076553759656
v 0.0281244330108166 0.0274999998509884 -0.0384122505784035
vn -1.4512535021225341 0.7977374649044880 -1.4906931780619190
v 0.0275225788354874 0.0274999998509884 -0.0379665493965149
vn -1.8035727125690628 0.7974618972856329 -1.0364706742424907
v 0.0270632933825254 0.0274999998509884 -0.0373749993741512
vn 2.3561953798759290 4.1887895507752440 -1.3603490095162185
v 0.0281948633491993 0.0274999998509884 -0.0352783128619194
vn -0.0000008777515259 4.1887921580487539 2.7206975122612147
v 0.0294448640197515 0.0274999998509884 -0.0374433770775795
vn 2.3561953798759290 4.1887895507752440 1.3603490095162187
v 0.0281948633491993 0.0274999998509884 -0.0367216877639294
vn -2.3561953798746211 4.1887908412543480 -1.3603469824363834
v 0.0306948646903038 0.0274999998509884 -0.0352783128619194
vn -2.3561962576261468 4.1887876150560714 1.3603505298248311
v 0.0306948628276587 0.0274999998509884 -0.0367216877639294
vn 0.0000000000000002 4.1887915128086854 -2.7206980190324370
v 0.0294448640197515 0.0274999998509884 -0.0345566235482693
vn 0.0000000000000000 -6.2831853071795853 0.0000000000000000
v 0.0294448640197515 0.0054999999701977 -0.0359999984502792
vn -2.3561953798746211 2.0943944659252396 -1.3603469824363834
v 0.0306948646903038 0.0260000005364418 -0.0352783128619194
vn -0.0000000000000001 2.0943937943709012 -2.7206980190324375
v 0.0294448640197515 0.0260000005364418 -0.0345566235482693
vn 2.3561953798759290 2.0943957564043427 -1.3603490095162187
v 0.0281948633491993 0.0260000005364418 -0.0352783128619194
vn 2.3561953798759290 2.0943957564043427 1.3603490095162185
v 0.0281948633491993 0.0260000005364418 -0.0367216877639294
vn -0.0000008777515257 2.0943931491308323 2.7206975122612147
v 0.0294448640197515 0.0260000005364418 -0.0374433770775795
vn -2.3561962576261468 2.0943976921235148 1.3603505298248313
v 0.0306948628276587 0.0260000005364418 -0.0367216877639294
vn -0.8795543739378443 -2.3027548080172782 -5.3709130941059575
v -0.0002042499691015 0.0262499991804361 -0.0884860306978226
vn -0.0000000000004985 -0.0035806604751752 -3.0885215710125102
v -0.0000000000000005 0.0054999999701977 -0.0885000005364418
vn -1.1166854252712832 -2.7737918372988144 -2.8793508701256441
v -0.0005418625078164 0.0054999999701977 -0.0883987098932266
vn -3.1938349741845435 -2.3052768907719479 -4.3940636866870655
v -0.0009466318879277 0.0262499991804361 -0.0881635695695877
vn -2.4546297371583101 -2.2947104371230949 -4.8436535947942794
v -0.0005976016400382 0.0262499991804361 -0.0883758142590523
vn -1.7058573669669228 -2.2778162570270890 -5.1550539063388072
v -0.0005418625078164 0.0262499991804361 -0.0883987098932266
vn -3.8114935283375155 -2.2903760064712295 -3.8589620952683741
v -0.0010105434339494 0.0262499991804361 -0.0881085097789764
vn -2.0797295376175633 -2.7738589889790966 -2.2830810198483391
v -0.0010105434339494 0.0054999999701977 -0.0881085097789764
vn -4.4131481120657705 -2.2920751735742941 -3.2009527411697141
v -0.0012254548491910 0.0262499991804361 -0.0878650173544884
vn -2.7647750568607270 -2.7755432697161098 -1.3765732845130356
v -0.0013427449157462 0.0054999999701977 -0.0876686051487923
vn -4.8445202484894017 -2.2624530230138191 -2.4837154398863182
v -0.0013427449157462 0.0262499991804361 -0.0876686051487923
vn -5.1846339879567953 -2.3047290351738434 -1.6495439429253331
v -0.0014133914373815 0.0262499991804361 -0.0875023230910301
vn -3.0752504642040290 -2.7741426141378485 -0.2841899018186798
v -0.0014936012448743 0.0054999999701977 -0.0871383994817734
vn -5.3664458970467495 -2.2804148524173229 -0.8117470974604801
v -0.0014936012448743 0.0262499991804361 -0.0871383994817734
vn -5.4276379251014149 -2.2914839411102728 -0.0267919966473668
v -0.0014965031296015 0.0262499991804361 -0.0871023610234261
vn -2.9707315116180708 -2.7743778822197456 0.8443024287654682
v -0.0014427384594455 0.0054999999701977 -0.0865895077586174
vn -5.3707512585015147 -2.3032275867378318 0.8316722995377244
v -0.0014686260838062 0.0262499991804361 -0.0866948142647743
vn -2.4645509468799549 -2.7754562100154860 1.8614139577938702
v -0.0011970258783549 0.0054999999701977 -0.0860960483551025
vn -4.8516483304719760 -2.2943263817166231 2.4823779291047829
v -0.0013318278361112 0.0262499991804361 -0.0863099023699760
vn -5.1660551333990536 -2.2839714796269179 1.6537126107039561
v -0.0014427384594455 0.0262499991804361 -0.0865895077586174
vn -1.6257675393871276 -2.7749256067318600 2.6259055622573095
v -0.0007896482711658 0.0054999999701977 -0.0857246741652489
vn -3.8120514535072516 -2.3093430461297428 3.8799704397182224
v -0.0010962539818138 0.0262499991804361 -0.0859761685132980
vn -4.4048452421724935 -2.2658083107184428 3.1940594598763656
v -0.0011970258783549 0.0262499991804361 -0.0860960483551025
vn -0.5678271102157295 -2.7753152288910465 3.0358441441889581
v -0.0002756242756732 0.0054999999701977 -0.0855255424976349
vn -1.7114973383564354 -2.3058116836577716 5.1606947304460080
v -0.0004046951653436 0.0262499991804361 -0.0855556204915047
vn -2.8363354959779734 -2.3467631228245001 4.6644272646672214
v -0.0007793758995831 0.0262499991804361 -0.0857183709740639
vn 0.5678271102157283 -2.7753152288910465 3.0358441441889457
v 0.0002756242756732 0.0054999999701977 -0.0855255424976349
vn -0.0000000000004987 -0.0000326976110978 3.1281908961839049
v -0.0000000000000005 0.0262499991804361 -0.0855000019073486
vn -0.8659354546616832 -2.2839319061676759 5.3547498538571743
v -0.0002756242756732 0.0262499991804361 -0.0855255424976349
vn 1.6257675393871276 -2.7749256067318600 2.6259055622573095
v 0.0007896482711658 0.0054999999701977 -0.0857246741652489
vn 1.7115020193991342 -2.3058081569058668 5.1606965064090957
v 0.0004046951653436 0.0262499991804361 -0.0855556204915047
vn 0.8540769883364461 -2.2689986235397237 5.3705643608464824
v 0.0002756242756732 0.0262499991804361 -0.0855255424976349
vn 2.4645509468799549 -2.7754562100154860 1.8614139577938702
v 0.0011970258783549 0.0054999999701977 -0.0860960483551025
vn 3.8120517562841387 -2.3093448976841553 3.8799678287226000
v 0.0010962539818138 0.0262499991804361 -0.0859761685132980
vn 2.8363309809450836 -2.3467614476695111 4.6644316631201876
v 0.0007793758995831 0.0262499991804361 -0.0857183709740639
vn 5.3707511357834479 -2.3032277027543069 0.8316724093835542
v 0.0014686260838062 0.0262499991804361 -0.0866948142647743
vn 5.1729267468733005 -2.2720815314912826 1.6680901975623281
v 0.0014427384594455 0.0262499991804361 -0.0865895077586174
vn 2.9707591964111222 -2.7739228119940740 0.8440044039265927
v 0.0014427384594455 0.0054999999701977 -0.0865895077586174
vn 4.8610243074843025 -2.2986552090651351 2.4555992610054980
v 0.0013318278361112 0.0262499991804361 -0.0863099023699760
vn 4.3814535875671075 -2.2839356071114900 3.1978778993919397
v 0.0011970258783549 0.0262499991804361 -0.0860960483551025
vn 2.7647750568607266 -2.7755432697161093 -1.3765732845130356
v 0.0013427449157462 0.0054999999701977 -0.0876686051487923
vn 5.1805368846602819 -2.3081811750224466 -1.6522706447883813
v 0.0014133914373815 0.0262499991804361 -0.0875023230910301
vn 3.0752228991130419 -2.7736726655831845 -0.2838916674536193
v 0.0014936012448743 0.0054999999701977 -0.0871383994817734
vn 5.3640504189246521 -2.2911098980815150 -0.8029329636873630
v 0.0014936012448743 0.0262499991804361 -0.0871383994817734
vn 5.4272547251679732 -2.2987605203428547 -0.0313416254899831
v 0.0014965031296015 0.0262499991804361 -0.0871023610234261
vn 3.1905183523714955 -2.2990160038730965 -4.3968973449834490
v 0.0009466318879277 0.0262499991804361 -0.0881635695695877
vn 3.8268447058405846 -2.2749751932650826 -3.8558310293851745
v 0.0010105434339494 0.0262499991804361 -0.0881085097789764
vn 2.0797298171104490 -2.7738847522340624 -2.2830808387175141
v 0.0010105434339494 0.0054999999701977 -0.0881085097789764
vn 4.3904834843133216 -2.3007321057341281 -3.2192091140856061
v 0.0012254548491910 0.0262499991804361 -0.0878650173544884
vn 4.8358004654377602 -2.2839253649055982 -2.4573859550305279
v 0.0013427449157462 0.0262499991804361 -0.0876686051487923
vn -0.0000000000004998 0.0000000000000000 -3.1342701735516671
v -0.0000000000000005 0.0262499991804361 -0.0885000005364418
vn 0.8724211547572073 -2.3084736609065875 -5.3669233531290423
v 0.0002042499691015 0.0262499991804361 -0.0884860306978226
vn 1.1166857275766839 -2.7737660750180595 -2.8793506910148325
v 0.0005418625078164 0.0054999999701977 -0.0883987098932266
vn 1.7141234171243560 -2.2907886863680287 -5.1459228540983926
v 0.0005418625078164 0.0262499991804361 -0.0883987098932266
vn 2.4507855898912250 -2.3019664214656657 -4.8451839610144711
v 0.0005976016400382 0.0262499991804361 -0.0883758142590523
vn -1.5172189367886526 0.7939406365307717 1.4171441581894717
v -0.0020097990054637 0.0274999998509884 -0.0851229801774025
vn -1.8447343034754033 0.7969393456348481 0.9600385272180729
v -0.0024416842497885 0.0274999998509884 -0.0857348218560219
vn -2.0371770048727544 0.7972634674311136 0.4195098424545324
v -0.0026924812700599 0.0274999998509884 -0.0864404961466789
vn -2.0707329246604158 0.7934056685524347 -0.1416108870212894
v -0.0027435892261565 0.0274999998509884 -0.0871876701712608
vn -1.9563136788116640 0.7939716497691434 -0.6951395771366154
v -0.0025912176351994 0.0274999998509884 -0.0879209190607071
vn -0.8270199928886730 0.7935599479306656 -1.9038575200614567
v -0.0010956029873341 0.0274999998509884 -0.0895223319530487
vn -1.3097360425748987 0.7966367366716867 -1.6148504469993210
v -0.0017354917945340 0.0274999998509884 -0.0891332030296326
vn -1.7001619939039618 0.7962928937481999 -1.1963079048795149
v -0.0022466671653092 0.0274999998509884 -0.0885858684778214
vn -0.3561398671629759 0.8237406830291358 -2.0838942780984402
v -0.0003744582936633 0.0274999998509884 -0.0897243842482567
vn -0.0000015802785065 -2.2870279424634399 -2.2870343131391984
v -0.0000000000000005 0.0262499991804361 -0.0885000005364418
vn -0.0000007474650847 -2.1506519208351409 -2.1506567415970723
v -0.0000000000000005 0.0274999998509884 -0.0897499993443489
vn 0.3541588909276421 0.8261423175801115 -2.0869137206380763
v 0.0003744582936633 0.0274999998509884 -0.0897243842482567
vn 0.8302143156561883 0.7958348373212031 -1.9052954229952215
v 0.0010956029873341 0.0274999998509884 -0.0895223319530487
vn 1.3099991842634848 0.7936949814377603 -1.6103145891664141
v 0.0017354917945340 0.0274999998509884 -0.0891332030296326
vn 1.9635510443795487 0.7997413411738199 -0.6944362720849868
v 0.0025912176351994 0.0274999998509884 -0.0879209190607071
vn 1.6973072663956852 0.7981171980997102 -1.2038738239350240
v 0.0022466671653092 0.0274999998509884 -0.0885858684778214
vn 2.0325671821960585 0.7937994884208486 0.4222802195367550
v 0.0026924812700599 0.0274999998509884 -0.0864404961466789
vn 2.0725108947250650 0.7948797378296273 -0.1402188196015783
v 0.0027435892261565 0.0274999998509884 -0.0871876701712608
vn 1.8494227843324123 0.7978565346310835 0.9532078584866420
v 0.0024416842497885 0.0274999998509884 -0.0857348218560219
vn 1.5176391266195723 0.7980563688148878 1.4235805351162456
v 0.0020097990054637 0.0274999998509884 -0.0851229801774025
vn 1.0782813296172689 0.7931229257662840 1.7731621204317785
v 0.0014288558159024 0.0274999998509884 -0.0846503451466560
vn 0.5602100856915174 0.7938830581573468 1.9990422821319611
v 0.0007419410976581 0.0274999998509884 -0.0843519791960716
vn -1.0782839775951780 0.7931237131169162 1.7731615596309427
v -0.0014288558159024 0.0274999998509884 -0.0846503451466560
vn -0.5653436481497182 0.7977393219027776 2.0021735377858683
v -0.0007419410976581 0.0274999998509884 -0.0843519791960716
vn 0.0041766957518000 0.7974642269334040 2.0801780675369645
v -0.0000000000000005 0.0274999998509884 -0.0842500030994415
vn 0.0140623319410740 -2.2964853646227690 2.3197140884257408
v -0.0000000000000005 0.0262499991804361 -0.0855000019073486
vn -2.3561926684129699 4.1887915439853547 -1.3603505749788494
v 0.0012499999720603 0.0274999998509884 -0.0862783119082451
vn 2.3561926684134216 4.1887915439850225 -1.3603505749785889
v -0.0012499999720603 0.0274999998509884 -0.0862783119082451
vn -0.7853963416180734 4.1887875263887970 -1.3603505749788491
v -0.0000000000000005 0.0274999998509884 -0.0855566263198853
vn 0.0000000000000000 4.1887875263887970 0.0000000000000000
v -0.0000000000000005 0.0274999998509884 -0.0884433761239052
vn 0.0000000000000000 3.0049939756128792 0.0000000000000000
v -0.0000000000000005 0.0274999998509884 -0.0897499993443489
vn 2.3561926684134211 4.1887915439850225 1.3603505749785891
v -0.0012499999720603 0.0274999998509884 -0.0877216905355453
vn -2.3561926684129704 4.1887915439853538 1.3603505749788491
v 0.0012499999720603 0.0274999998509884 -0.0877216905355453
vn 0.0000000000000000 -2.7719971351318629 0.0000000000000000
v -0.0000000000000005 0.0054999999701977 -0.0885000005364418
vn 0.0000000000000000 -6.2831853071795871 0.0000000000000000
v -0.0000000000000005 0.0054999999701977 -0.0869999974966049
vn 0.0000000000004508 2.0943977807907896 2.7207011499574385
v -0.0000000000000005 0.0260000005364418 -0.0884433761239052
vn -2.3561926684129704 2.0943937631942329 1.3603505749788494
v 0.0012499999720603 0.0260000005364418 -0.0877216905355453
vn -0.7853963416180738 0.0000000000000000 1.3603505749788494
v -0.0000000000000005 0.0274999998509884 -0.0884433761239052
vn -2.3561926684129699 2.0943937631942324 -1.3603505749788491
v 0.0012499999720603 0.0260000005364418 -0.0862783119082451
vn -0.7853963416180734 2.0943977807907892 -1.3603505749788494
v -0.0000000000000005 0.0260000005364418 -0.0855566263198853
vn 0.7853963416185247 0.0000000000000000 -1.3603505749785889
v -0.0000000000000005 0.0260000005364418 -0.0855566263198853
vn 2.3561926684134216 2.0943937631945646 -1.3603505749785891
v -0.0012499999720603 0.0260000005364418 -0.0862783119082451
vn 0.7853963416185248 0.0000000000000000 -1.3603505749785891
v -0.0000000000000005 0.0274999998509884 -0.0855566263198853
vn 2.3561926684134211 2.0943937631945642 1.3603505749785889
v -0.0012499999720603 0.0260000005364418 -0.0877216905355453
vn 0.7853963416185246 0.0000000000000000 1.3603505749785889
v -0.0000000000000005 0.0274999998509884 -0.0884433761239052
vn 4.0233206511188104 2.2710055007506744 -3.6320603967061875
v 0.0305995736271143 -0.0286500006914139 -0.0369574166834354
vn 3.5091912762014434 2.2918442886938681 -4.1469682546882449
v 0.0303889084607363 -0.0286500006914139 -0.0371656678617001
vn 2.3893660093109563 2.8304216531655628 -1.9801181764725562
v 0.0305995736271143 -0.0158999990671873 -0.0369574166834354
vn 1.6599401843970547 2.8316344894210572 -2.6220741632936404
v 0.0302472002804279 -0.0158999990671873 -0.0372673831880093
vn 4.4528664564399563 2.2854210872396994 -3.0930495982687249
v 0.0306322835385799 -0.0286500006914139 -0.0369165353477001
vn 2.8837321737461168 2.8304982378819403 -1.1463276151505142
v 0.0308389160782099 -0.0158999990671873 -0.0365537330508232
vn 4.8306325907940968 2.2882551722032152 -2.4658256445895046
v 0.0308116432279348 -0.0286500006914139 -0.0366179905831814
vn 3.0969969130339674 2.8316122049311310 -0.1981748778738849
v 0.0309417992830276 -0.0158999990671873 -0.0360958427190781
vn 5.3268798259917007 2.2836842624907812 -1.1026063107599757
v 0.0309173204004765 -0.0286500006914139 -0.0362861305475235
vn 5.1007913744573044 2.2757112726844535 -1.8203385486439017
v 0.0308389160782099 -0.0286500006914139 -0.0365537330508232
vn 3.0063200894300102 2.8300509852655158 0.7692541512559840
v 0.0308981500566006 -0.0158999990671873 -0.0356285758316517
vn 5.4188054041476654 2.2931005693131219 0.3688002341385720
v 0.0309436172246933 -0.0286500006914139 -0.0359388478100300
vn 5.4162862919487074 2.2600219243955664 -0.3931612782979617
v 0.0309417992830276 -0.0286500006914139 -0.0360958427190781
vn 4.4887318803830167 2.2757171703443211 3.0303156908157449
v 0.0307122450321913 -0.0286500006914139 -0.0351976640522480
vn 4.8572447402183476 2.2914533614368469 2.4171288999797098
v 0.0307567529380322 -0.0286500006914139 -0.0352727137506008
vn 2.6225060376566685 2.8302883575767694 1.6590072554678739
v 0.0307122450321913 -0.0158999990671873 -0.0351976640522480
vn 5.1331448008130796 2.2829140244247599 1.7392332706053923
v 0.0308891143649817 -0.0286500006914139 -0.0355948582291603
vn 5.3079557862617328 2.2725876743658624 1.0900587672508526
v 0.0308981500566006 -0.0286500006914139 -0.0356285758316517
vn 4.0440876907661893 2.2851251518573399 3.6363210473431362
v 0.0305536668747663 -0.0286500006914139 -0.0349897742271423
vn 1.9806146062774270 2.8315402917974866 2.3890976510167570
v 0.0304022785276175 -0.0158999990671873 -0.0348452888429165
vn 3.5236115639104932 2.2620284748440813 4.1297206760994971
v 0.0304022785276175 -0.0286500006914139 -0.0348452888429165
vn 2.9137599451346854 2.2943137607094846 4.5822884277034222
v 0.0302908048033714 -0.0286500006914139 -0.0347612984478474
vn 1.1446143346901505 2.8296189508096790 2.8843191199093767
v 0.0299985948950052 -0.0158999990671873 -0.0346059463918209
vn 2.2649410412487905 2.2741374900661180 4.9211083715859365
v 0.0299985948950052 -0.0286500006914139 -0.0346059463918209
vn 1.6542330316190386 2.2803817951840060 5.1590972585089476
v 0.0299823377281427 -0.0286500006914139 -0.0345995984971523
vn 0.1994944879178305 2.8300279283148004 3.0967523844413058
v 0.0295407082885504 -0.0158999990671873 -0.0345030650496483
vn 0.9466695061342579 2.2946328138541752 5.3440370443799798
v 0.0296448953449726 -0.0286500006914139 -0.0345133990049362
vn -0.7687516893904941 2.8314224909313563 3.0065888495223922
v 0.0290734376758337 -0.0158999990671873 -0.0345467142760754
vn -0.5321504153373945 2.2865372750909128 5.4111548765575588
v 0.0292966701090336 -0.0286500006914139 -0.0345073379576206
vn 0.2187316751078317 2.2757416852188221 5.4114398235006753
v 0.0295407082885504 -0.0286500006914139 -0.0345030650496483
vn -1.6599029075518275 2.8308618521514113 2.6220108015346963
v 0.0286425277590752 -0.0158999990671873 -0.0347326174378395
vn -1.9636539860242284 2.2955138680712555 5.0615842132896143
v 0.0289564318954945 -0.0286500006914139 -0.0345817506313324
vn -1.2399370212823775 2.2639603128514612 5.2832997434945561
v 0.0290734376758337 -0.0286500006914139 -0.0345467142760754
vn -2.3887398269938074 2.8314183684981096 1.9810278989298589
v 0.0282901544123888 -0.0158999990671873 -0.0350425839424133
vn -3.7350430540906476 2.2955101150977741 3.9401814236351735
v 0.0283718761056662 -0.0286500006914139 -0.0349518135190010
vn -2.9151950313410819 2.3297273959391411 4.6048806061338965
v 0.0286425277590752 -0.0286500006914139 -0.0347326174378395
vn -5.2353434797967591 2.2946417622598148 1.4304319967542702
v 0.0280155818909407 -0.0286500006914139 -0.0355448611080647
vn -4.9896606747085865 2.2658291255686747 2.1295739551905801
v 0.0280508119612932 -0.0286500006914139 -0.0354462675750256
vn -2.8844843824906228 2.8297196249747429 1.1442137862607464
v 0.0280508119612932 -0.0158999990671873 -0.0354462675750256
vn -4.6728150100570129 2.2879086640050055 2.7776231246886116
v 0.0281590688973665 -0.0286500006914139 -0.0352275148034096
vn -4.2295507581974245 2.2757437715327917 3.3826531777933253
v 0.0282901544123888 -0.0286500006914139 -0.0350425839424133
vn -3.0067340827684021 2.8315372819367903 -0.7682235279112194
v 0.0279915761202574 -0.0158999990671873 -0.0363714247941971
vn -5.3867939017558566 2.2957755446948669 -0.6748612836684549
v 0.0279633440077305 -0.0286500006914139 -0.0362347327172756
vn -3.0966846305385243 2.8292985724612283 0.1994701946486601
v 0.0279479287564754 -0.0158999990671873 -0.0359041541814804
vn -5.4151703224355465 2.2841293318746856 0.0649567628372535
v 0.0279479287564754 -0.0286500006914139 -0.0359041541814804
vn -5.3712393566815475 2.2892911265391582 0.7061424837230623
v 0.0279491450637579 -0.0286500006914139 -0.0358867458999157
vn -4.2626442037375014 2.2914537297838504 -3.3563678019134349
v 0.0282262787222862 -0.0286500006914139 -0.0368746705353260
vn -4.6697716790474209 2.2676235424643183 -2.7580339889172336
v 0.0281774830073118 -0.0286500006914139 -0.0368023365736008
vn -2.6211531940480364 2.8296995449160125 -1.6610315334242887
v 0.0281774830073118 -0.0158999990671873 -0.0368023365736008
vn -5.0054574039469504 2.2892471832364754 -2.1172146043406492
v 0.0280574131757021 -0.0286500006914139 -0.0365700684487820
vn -5.2310330642880247 2.2757557515552036 -1.4027604357919483
v 0.0279915761202574 -0.0286500006914139 -0.0363714247941971
vn -1.1457083424222458 2.8316286149461045 -2.8841013227168184
v 0.0288911331444979 -0.0158999990671873 -0.0373940505087376
vn -2.6473430847633281 2.2959971968407471 -4.7394504165808966
v 0.0287484470754862 -0.0286500006914139 -0.0373285338282585
vn -1.9816200149202472 2.8294115094207521 -2.3879875947051321
v 0.0284874476492405 -0.0158999990671873 -0.0371547117829323
vn -3.2609645964490350 2.2838709225490290 -4.3237323429489161
v 0.0284874476492405 -0.0286500006914139 -0.0371547117829323
vn -3.7640125558734301 2.2914093686900530 -3.8989752270105864
v 0.0284608379006386 -0.0286500006914139 -0.0371321178972721
vn 0.1623059641445602 2.2882709658720275 -5.4211712623750872
v 0.0294187683612108 -0.0286500006914139 -0.0374997742474079
vn -0.5435805002010373 2.2693477063211032 -5.3944848098417442
v 0.0293490197509527 -0.0286500006914139 -0.0374969355762005
vn -0.1969032238313449 2.8296330393361568 -3.0968766497449618
v 0.0293490197509527 -0.0158999990671873 -0.0374969355762005
vn -1.2608555819326903 2.2905596476354004 -5.2853203268183151
v 0.0290736015886068 -0.0286500006914139 -0.0374533273279667
vn -1.9695964006907685 2.2757490167550531 -5.0450026438913032
v 0.0288911331444979 -0.0286500006914139 -0.0373940505087376
vn 2.8958784089911478 2.2776740185715783 -4.5743579016654285
v 0.0302472002804279 -0.0286500006914139 -0.0372673831880093
vn 2.2498518753639680 2.2961750402533658 -4.9403697131637623
v 0.0300946421921253 -0.0286500006914139 -0.0373519584536552
vn 0.7670907521777133 2.8295323088209354 -3.0068200352722272
v 0.0298162885010242 -0.0158999990671873 -0.0374532863497734
vn 1.5510740534544405 2.2835342559667584 -5.1886817827167411
v 0.0298162885010242 -0.0286500006914139 -0.0374532863497734
vn 0.8958741899830416 2.2936070310546297 -5.3468084362036503
v 0.0297653432935476 -0.0286500006914139 -0.0374653637409210
vn 1.1834685804760281 -0.8113387599068616 1.7330580580000827
v 0.0309957545250654 -0.0298999994993210 -0.0337290465831757
vn -0.6833947388585486 -0.8113087715386658 1.9841694336515181
v 0.0285494066774845 -0.0298999994993210 -0.0333998724818230
vn -0.2105856145206953 -0.8139274928743496 2.0909357070909311
v 0.0291731730103493 -0.0298999994993210 -0.0332634523510933
vn 0.2832436681961253 -0.8141139711496723 2.0825275438010928
v 0.0298115890473127 -0.0298999994993210 -0.0332745611667633
vn 0.7518003677433346 -0.8109195942352321 1.9588516201962232
v 0.0304302331060171 -0.0298999994993210 -0.0334325991570950
vn 1.5513619881188516 -0.8135745561772789 1.4170398262355519
v 0.0314776673913002 -0.0298999994993210 -0.0341479182243347
vn 1.8391006275895907 -0.8137762852515616 1.0165054952737596
v 0.0318499952554703 -0.0298999994993210 -0.0346666388213634
vn 2.0202747929872391 -0.8110146002799348 0.5667437160398737
v 0.0320926569402218 -0.0298999994993210 -0.0352572426199913
vn 2.0968582406246457 -0.8113526214218774 0.0856286215691121
v 0.0321925766766071 -0.0298999994993210 -0.0358878858387470
vn 1.6610956747510786 -0.8110951686297552 -1.2821117079277293
v 0.0316217988729477 -0.0298999994993210 -0.0376803129911423
vn 1.9133446603688173 -0.8133641024703815 -0.8676262376743594
v 0.0319506265223026 -0.0298999994993210 -0.0371329821646214
vn 2.0625132197092793 -0.8131496961957301 -0.3984876907869691
v 0.0321443676948547 -0.0298999994993210 -0.0365245752036572
vn 1.3867577825802471 -0.8373015891332836 -1.6175023664998931
v 0.0311756134033203 -0.0298999994993210 -0.0381370559334755
vn 1.1561438795294874 -0.8637934624670165 -1.8262552935502381
v 0.0309158135205507 -0.0298999994993210 -0.0383235327899456
vn 0.8713105960164377 -0.8391432708584743 -1.9464698688460265
v 0.0306361224502325 -0.0298999994993210 -0.0384785905480385
vn 0.4469582660896669 -0.8128554126624777 -2.0522015675061880
v 0.0300324093550444 -0.0298999994993210 -0.0386865027248859
vn -0.0364710891014915 -0.8111660581179183 -2.0980993476118210
v 0.0293970238417387 -0.0298999994993210 -0.0387495830655098
vn -0.9787049927430070 -0.8159179127293417 -1.8621840141197803
v 0.0281681008636951 -0.0298999994993210 -0.0384356454014778
vn -0.5169038650020653 -0.8145702252053038 -2.0376762043106291
v 0.0287642143666744 -0.0298999994993210 -0.0386644341051579
vn -1.7047517767237095 -0.8112228568326387 -1.2236876614589327
v 0.0272107906639576 -0.0298999994993210 -0.0376035645604134
vn -1.3783800748634814 -0.8122678409228608 -1.5838720238859276
v 0.0276408176869154 -0.0298999994993210 -0.0380755513906479
vn -1.9430410088183845 -0.8144290928630035 -0.8020357919352346
v 0.0269012022763491 -0.0298999994993210 -0.0370451249182224
vn -2.0774449938125032 -0.8152129144274713 -0.3263645800641629
v 0.0267287455499172 -0.0298999994993210 -0.0364303477108479
vn -2.0928684155370294 -0.8115859713133791 0.1591466208216679
v 0.0267027132213116 -0.0298999994993210 -0.0357923656702042
vn -1.9996038877044497 -0.8112713208617182 0.6366951294895116
v 0.0268245115876198 -0.0298999994993210 -0.0351655781269073
vn -1.1222377264146268 -0.8108184543736989 1.7726983430642491
v 0.0279739126563072 -0.0298999994993210 -0.0336764678359032
vn -1.5013286276884037 -0.8143640552598725 1.4711651065081237
v 0.0274777188897133 -0.0298999994993210 -0.0340783223509789
vn -1.8033434653285254 -0.8142170841292874 1.0796522311180330
v 0.0270875748246908 -0.0298999994993210 -0.0345837771892548
vn -1.2631585029259114 -4.1887892445006862 -2.4096966616651900
v 0.0301149897277355 -0.0298999994993210 -0.0347216166555882
vn 1.4552779585700053 -4.1887904691212476 -2.2987753771168835
v 0.0286728143692017 -0.0298999994993210 -0.0347804613411427
vn -1.4552779989109292 -4.1887905244369694 2.2987753001595230
v 0.0302169118076563 -0.0298999994993210 -0.0372195392847061
vn 2.7184385375425171 -4.1887884298551601 0.1109180051960157
v 0.0280026886612177 -0.0298999994993210 -0.0360588431358337
vn -2.7184365018368406 -4.1887908454215177 -0.1109213615056676
v 0.0308870393782854 -0.0298999994993210 -0.0359411537647247
vn 1.2631605789725118 -4.1887917153827665 2.4096933823128990
v 0.0287747364491224 -0.0298999994993210 -0.0372783839702606
vn 0.0000000000000000 6.2831853071795889 0.0000000000000000
v 0.0294448640197515 -0.0158999990671873 -0.0359999984502792
vn -1.4552779989109292 -2.0943947827426177 2.2987753001595226
v 0.0302169118076563 -0.0284000001847744 -0.0372195392847061
vn 1.2631605789725115 -2.0943935917968202 2.4096933823128994
v 0.0287747364491224 -0.0284000001847744 -0.0372783839702606
vn 2.7184385375425171 -2.0943968773244279 0.1109180051960158
v 0.0280026886612177 -0.0284000001847744 -0.0360588431358337
vn 1.4552779585700055 -2.0943948380583390 -2.2987753771168835
v 0.0286728143692017 -0.0284000001847744 -0.0347804613411427
vn -1.2631585029259114 -2.0943960626789000 -2.4096966616651905
v 0.0301149897277355 -0.0284000001847744 -0.0347216166555882
vn -2.7184365018368410 -2.0943944617580690 -0.1109213615056676
v 0.0308870393782854 -0.0284000001847744 -0.0359411537647247
vn -4.0233190945315647 2.2710078702017817 3.6320587919019518
v -0.0305995736271143 -0.0286500006914139 -0.0690425857901573
vn -3.5091897751996668 2.2918470022366955 4.1469662388539685
v -0.0303889084607363 -0.0286500006914139 -0.0688343346118927
vn -2.3893627726024076 2.8304256757050350 1.9801236310892356
v -0.0305995736271143 -0.0158999990671873 -0.0690425857901573
vn -1.6599508478076537 2.8316420410424770 2.6220695517490831
v -0.0302472002804279 -0.0158999990671873 -0.0687326192855835
vn -4.4528649357596581 2.2854228567164978 3.0930485155663914
v -0.0306322835385799 -0.0286500006914139 -0.0690834671258926
vn -2.8837289242049442 2.8304941602656264 1.1463331004895421
v -0.0308389160782099 -0.0158999990671873 -0.0694462656974792
vn -4.8306006265073300 2.2882455397403936 2.4658719949113932
v -0.0308116432279348 -0.0286500006914139 -0.0693820118904114
vn -3.0969970216012088 2.8316129711123343 0.1981760506996496
v -0.0309417992830276 -0.0158999990671873 -0.0699041560292244
vn -5.3268804030899215 2.2836835626764849 1.1026066925126332
v -0.0309173204004765 -0.0286500006914139 -0.0697138682007790
vn -5.1007796184824272 2.2757214089770192 1.8203935207802000
v -0.0308389160782099 -0.0286500006914139 -0.0694462656974792
vn -3.0063201507348869 2.8300500936247204 -0.7692531210098548
v -0.0308981500566006 -0.0158999990671873 -0.0703714266419411
vn -5.4188054471641180 2.2931002256936699 -0.3688012233001010
v -0.0309436172246933 -0.0286500006914139 -0.0700611546635628
vn -5.4162866725378143 2.2600217926835851 0.3931607705843575
v -0.0309417992830276 -0.0286500006914139 -0.0699041560292244
vn -4.4887212572338440 2.2757217496882154 -3.0303362871399155
v -0.0307122450321913 -0.0286500006914139 -0.0708023384213448
vn -4.8572505175502902 2.2914556096840308 -2.4171196898799843
v -0.0307567529380322 -0.0286500006914139 -0.0707272887229919
vn -2.6225059564289639 2.8302878817611035 -1.6590072944313903
v -0.0307122450321913 -0.0158999990671873 -0.0708023384213448
vn -5.1331141616147047 2.2828986891353162 -1.7392901950634505
v -0.0308891143649817 -0.0286500006914139 -0.0704051405191422
vn -5.3079501198234453 2.2726013918812256 -1.0901335244264461
v -0.0308981500566006 -0.0286500006914139 -0.0703714266419411
vn -4.0440900221877945 2.2851123711102899 -3.6363120796145600
v -0.0305536668747663 -0.0286500006914139 -0.0710102245211601
vn -1.9805964183768878 2.8315265671565379 -2.3891083843797016
v -0.0304022785276175 -0.0158999990671873 -0.0711547136306763
vn -3.5236455025023834 2.2620297766555302 -4.1297037068768088
v -0.0304022785276175 -0.0286500006914139 -0.0711547136306763
vn -2.9137211122720856 2.2943255904227393 -4.5823178947205410
v -0.0302908048033714 -0.0286500006914139 -0.0712387040257454
vn -1.1446081618887669 2.8296414599951856 -2.8843273296148078
v -0.0299985948950052 -0.0158999990671873 -0.0713940486311913
vn -2.2658035142031601 2.2739324394097729 -4.9205507362006129
v -0.0299985948950052 -0.0286500006914139 -0.0713940486311913
vn -1.6552740382823692 2.2805835933993963 -5.1589079469606531
v -0.0299823377281427 -0.0286500006914139 -0.0714004039764404
vn -0.1995183135170664 2.8300291612192390 -3.0967509974159713
v -0.0295407082885504 -0.0158999990671873 -0.0714969336986542
vn -0.9466418637656643 2.2946270599692600 -5.3440392572022590
v -0.0296448953449726 -0.0286500006914139 -0.0714865997433662
vn 0.7687501671702308 2.8314072056912813 -3.0065853959045974
v -0.0290734376758337 -0.0158999990671873 -0.0714532881975174
vn 0.5321093145712851 2.2865405977757396 -5.4111672168524567
v -0.0292966701090336 -0.0286500006914139 -0.0714926645159721
vn -0.2187706248381364 2.2757320143623110 -5.4114349331972180
v -0.0295407082885504 -0.0286500006914139 -0.0714969336986542
vn 1.6599132341366907 2.8308688336674264 -2.6220063379397027
v -0.0286425277590752 -0.0158999990671873 -0.0712673813104630
vn 1.9637252412304500 2.2954999370777323 -5.0615469229924877
v -0.0289564318954945 -0.0286500006914139 -0.0714182481169701
vn 1.2400144173711265 2.2639735576165165 -5.2832929874456491
v -0.0290734376758337 -0.0286500006914139 -0.0714532881975174
vn 2.3887366155525140 2.8314223054122172 -1.9810333042719603
v -0.0282901544123888 -0.0158999990671873 -0.0709574148058891
vn 3.7350430540906476 2.2955101150977741 -3.9401814236351735
v -0.0283718761056662 -0.0286500006914139 -0.0710481852293015
vn 2.9151950313410819 2.3297273959391411 -4.6048806061338965
v -0.0286425277590752 -0.0286500006914139 -0.0712673813104630
vn 5.2353442498210434 2.2946408350788143 -1.4304324499766019
v -0.0280155818909407 -0.0286500006914139 -0.0704551413655281
vn 4.9896572942329387 2.2658300205891155 -2.1295936361865859
v -0.0280508119612932 -0.0286500006914139 -0.0705537348985672
vn 2.8844817071956541 2.8297137278452125 -1.1442166540418039
v -0.0280508119612932 -0.0158999990671873 -0.0705537348985672
vn 4.6728057125665261 2.2879039984874163 -2.7776372611808635
v -0.0281590688973665 -0.0286500006914139 -0.0707724839448929
vn 4.2295507581974245 2.2757437715327917 -3.3826531777933253
v -0.0282901544123888 -0.0286500006914139 -0.0709574148058891
vn 3.0067340345815681 2.8315371451464353 0.7682236613254857
v -0.0279915761202574 -0.0158999990671873 -0.0696285739541054
vn 5.3867948310496043 2.2957774562093087 0.6748753413924612
v -0.0279633440077305 -0.0286500006914139 -0.0697652623057365
vn 3.0966852322599516 2.8293003542736965 -0.1994675547173146
v -0.0279479287564754 -0.0158999990671873 -0.0700958445668221
vn 5.4151658298967007 2.2841221100870071 -0.0649183809566437
v -0.0279479287564754 -0.0286500006914139 -0.0700958445668221
vn 5.3712499691989182 2.2892988839651216 -0.7061028941073315
v -0.0279491450637579 -0.0286500006914139 -0.0701132565736771
vn 4.2626172674281868 2.2914377489340030 3.3563779253422945
v -0.0282262787222862 -0.0286500006914139 -0.0691253319382668
vn 4.6697574702401328 2.2676390615774897 2.7580776937318237
v -0.0281774830073118 -0.0286500006914139 -0.0691976621747017
vn 2.6211532401718047 2.8296993645794606 1.6610314272144524
v -0.0281774830073118 -0.0158999990671873 -0.0691976621747017
vn 5.0054534875611658 2.2892422658738441 2.1172121883774775
v -0.0280574131757021 -0.0286500006914139 -0.0694299340248108
vn 5.2310256217441884 2.2757561931998165 1.4027872386636477
v -0.0279915761202574 -0.0286500006914139 -0.0696285739541054
vn 1.1456936529519923 2.8316055099068596 2.8841012050339074
v -0.0288911331444979 -0.0158999990671873 -0.0686059445142746
vn 2.6473913905216935 2.2959870673856408 4.7394156660080604
v -0.0287484470754862 -0.0286500006914139 -0.0686714649200439
vn 1.9816290921853814 2.8294180781298199 2.3879822030676925
v -0.0284874476492405 -0.0158999990671873 -0.0688452869653702
vn 3.2607768512544828 2.2838330417259121 4.3238412193027740
v -0.0284874476492405 -0.0286500006914139 -0.0688452869653702
vn 3.7638989118998776 2.2914610879083233 3.8991282613279941
v -0.0284608379006386 -0.0286500006914139 -0.0688678771257401
vn -0.1622761508588536 2.2882698451239492 5.4211648481458043
v -0.0294187683612108 -0.0286500006914139 -0.0685002282261848
vn 0.5435801689555910 2.2693512102815285 5.3944815324156945
v -0.0293490197509527 -0.0286500006914139 -0.0685030668973923
vn 0.1968921707930396 2.8296559084099235 3.0968830437672281
v -0.0293490197509527 -0.0158999990671873 -0.0685030668973923
vn 1.2607515346085734 2.2905480839421140 5.2853277928893059
v -0.0290736015886068 -0.0286500006914139 -0.0685466751456261
vn 1.9695668162454567 2.2757825890728176 5.0450313453815347
v -0.0288911331444979 -0.0286500006914139 -0.0686059445142746
vn -2.8959161597646532 2.2776665796024016 4.5743243137718599
v -0.0302472002804279 -0.0286500006914139 -0.0687326192855835
vn -2.2498995036873772 2.2961848831234164 4.9403534006785819
v -0.0300946421921253 -0.0286500006914139 -0.0686480402946472
vn -0.7670887519808329 2.8295173783873047 3.0068167303612254
v -0.0298162885010242 -0.0158999990671873 -0.0685467123985291
vn -1.5510728401413170 2.2835328051707773 5.1886840012175695
v -0.0298162885010242 -0.0286500006914139 -0.0685467123985291
vn -0.8958502729332205 2.2936126173394533 5.3468159781447913
v -0.0297653432935476 -0.0286500006914139 -0.0685346350073814
vn -1.1834763527471748 -0.8113425853728211 -1.7330582782715311
v -0.0309957545250654 -0.0298999994993210 -0.0722709521651268
vn 0.6833964477815424 -0.8113101675722703 -1.9841704779709342
v -0.0285494066774845 -0.0298999994993210 -0.0726001262664795
vn 0.2105845262001179 -0.8139290987627668 -2.0909375796962886
v -0.0291731730103493 -0.0298999994993210 -0.0727365463972092
vn -0.2832384973783872 -0.8141164678197004 -2.0825314241459041
v -0.0298115890473127 -0.0298999994993210 -0.0727254375815392
vn -0.7517965640670101 -0.8109145149427159 -1.9588462904496511
v -0.0304302331060171 -0.0298999994993210 -0.0725674033164978
vn -1.5513611802488219 -0.8135765377635904 -1.4170443066721190
v -0.0314776673913002 -0.0298999994993210 -0.0718520805239677
vn -1.8390974666197626 -0.8137739105766844 -1.0165049875440424
v -0.0318499952554703 -0.0298999994993210 -0.0713333636522293
vn -2.0202772276516328 -0.8110163255253449 -0.5667429132564725
v -0.0320926569402218 -0.0298999994993210 -0.0707427561283112
vn -2.0968578129815474 -0.8113523296152234 -0.0856296164233559
v -0.0321925766766071 -0.0298999994993210 -0.0701121166348457
vn -1.6610945465381166 -0.8110923874313383 1.2821078107351136
v -0.0316217988729477 -0.0298999994993210 -0.0683196857571602
vn -1.9133477094382629 -0.8133658782757415 0.8676247627615179
v -0.0319506265223026 -0.0298999994993210 -0.0688670203089714
vn -2.0625138846076037 -0.8131502594119668 0.3984875150491689
v -0.0321443676948547 -0.0298999994993210 -0.0694754272699356
vn -1.3867460429911322 -0.8372954749977555 1.6175030828053254
v -0.0311756134033203 -0.0298999994993210 -0.0678629428148270
vn -1.1561508996127858 -0.8638032695977520 1.8262639215368393
v -0.0309158135205507 -0.0298999994993210 -0.0676764696836472
vn -0.8713124150494984 -0.8391366283543207 1.9464602980121661
v -0.0306361224502325 -0.0298999994993210 -0.0675214082002640
vn -0.4469607033567082 -0.8128632250777094 2.0522106611822535
v -0.0300324093550444 -0.0298999994993210 -0.0673134997487068
vn 0.0364621668007369 -0.8111643646967899 2.0980976541857057
v -0.0293970238417387 -0.0298999994993210 -0.0672504156827927
vn 0.9787125701047134 -0.8159213352121932 1.8621847178103441
v -0.0281681008636951 -0.0298999994993210 -0.0675643533468246
vn 0.5168983973736688 -0.8145624565784066 2.0376679761566270
v -0.0287642143666744 -0.0298999994993210 -0.0673355609178543
vn 1.7047522732889120 -0.8112238711020463 1.2236892538428397
v -0.0272107906639576 -0.0298999994993210 -0.0683964341878891
vn 1.3783801499220560 -0.8122688652687031 1.5838734522096327
v -0.0276408176869154 -0.0298999994993210 -0.0679244473576546
vn 1.9430359240333033 -0.8144247768825533 0.8020345743194264
v -0.0269012022763491 -0.0298999994993210 -0.0689548701047897
vn 2.0774476591796662 -0.8152147121368614 0.3263618694403870
v -0.0267287455499172 -0.0298999994993210 -0.0695696547627449
vn 2.0928686361799214 -0.8115861541162699 -0.1591461506057816
v -0.0267027132213116 -0.0298999994993210 -0.0702076330780983
vn 1.9996042144250041 -0.8112717097510829 -0.6366954839537323
v -0.0268245115876198 -0.0298999994993210 -0.0708344206213951
vn 1.1222377264146268 -0.8108184543736987 -1.7726983430642491
v -0.0279739126563072 -0.0298999994993210 -0.0723235309123993
vn 1.5013286276884037 -0.8143640552598728 -1.4711651065081237
v -0.0274777188897133 -0.0298999994993210 -0.0719216763973236
vn 1.8033434653285254 -0.8142170841292873 -1.0796522311180330
v -0.0270875748246908 -0.0298999994993210 -0.0714162215590477
vn 1.2631596628551411 -4.1887906250312952 2.4096948294269409
v -0.0301149897277355 -0.0298999994993210 -0.0712783858180046
vn -1.4552788324553214 -4.1887916673994461 2.2987737100256309
v -0.0286728143692017 -0.0298999994993210 -0.0712195411324501
vn 1.4552779989109292 -4.1887905244369694 -2.2987753001595230
v -0.0302169118076563 -0.0298999994993210 -0.0687804594635963
vn -2.7184394114278332 -4.1887872315769616 -0.1109196722872687
v -0.0280026886612177 -0.0298999994993210 -0.0699411556124687
vn 2.7184376617660706 -4.1887894648909088 0.1109195292674184
v -0.0308870393782854 -0.0298999994993210 -0.0700588449835777
vn -1.2631605789725118 -4.1887917153827656 -2.4096933823128990
v -0.0287747364491224 -0.0298999994993210 -0.0687216147780418
vn 0.0000000000000000 6.2831853071795827 0.0000000000000000
v -0.0294448640197515 -0.0158999990671873 -0.0700000002980232
vn 1.4552779989109292 -2.0943947827426173 -2.2987753001595226
v -0.0302169118076563 -0.0284000001847744 -0.0687804594635963
vn -1.2631605789725115 -2.0943935917968197 -2.4096933823128994
v -0.0287747364491224 -0.0284000001847744 -0.0687216147780418
vn -2.7184394114278332 -2.0943980756026250 -0.1109196722872687
v -0.0280026886612177 -0.0284000001847744 -0.0699411556124687
vn -1.4552788324553216 -2.0943936397801415 2.2987737100256305
v -0.0286728143692017 -0.0284000001847744 -0.0712195411324501
vn 1.2631596628551411 -2.0943946821482902 2.4096948294269414
v -0.0301149897277355 -0.0284000001847744 -0.0712783858180046
vn 2.7184376617660702 -2.0943958422886788 0.1109195292674184
v -0.0308870393782854 -0.0284000001847744 -0.0700588449835777
vn -5.1571199748308665 2.2709990457531610 -1.6682385734656773
v -0.0014065012801439 -0.0286500006914139 -0.0875212997198105
vn -5.3459781979994032 2.2918476576172981 -0.9655585701931472
v -0.0014815194299445 -0.0286500006914139 -0.0872347354888916
vn -2.9095154399654453 2.8304199135509407 -1.0791918105375118
v -0.0014065012801439 -0.0158999990671873 -0.0875212997198105
vn -3.1007540565592997 2.8316398498279867 -0.1265178614284577
v -0.0014987529721111 -0.0158999990671873 -0.0870611518621445
vn -4.9051134625261206 2.2854270310346663 -2.3097320263871088
v -0.0013874514261261 -0.0286500006914139 -0.0875700712203979
vn -2.4346152164530976 2.8305001272830461 -1.9242217994166495
v -0.0011765715898946 -0.0158999990671873 -0.0879304185509682
vn -4.5507411075066031 2.2882764182734090 -2.9506294055674216
v -0.0012185854138806 -0.0286500006914139 -0.0878746733069420
vn -1.7201190068125203 2.8316083780503423 -2.5829920326373093
v -0.0008314708829857 -0.0158999990671873 -0.0882484614849091
vn -3.6183265296401514 2.2836918568078000 -4.0619166195262562
v -0.0009840254206210 -0.0286500006914139 -0.0881321206688881
vn -4.1267875017132907 2.2756854361799856 -3.5073032101286490
v -0.0011765715898946 -0.0286500006914139 -0.0879304185509682
vn -0.8369829805496373 2.8300679235998327 -2.9881762586690788
v -0.0004049799172208 -0.0158999990671873 -0.0884442925453186
vn -2.3899867017264462 2.2930986762982934 -4.8772308596614131
v -0.0006964161875658 -0.0286500006914139 -0.0883285328745842
vn -3.0485864643473399 2.2600238263897832 -4.4940883490461943
v -0.0008314708829857 -0.0286500006914139 -0.0882484614849091
vn 0.3798143614353306 2.2757678430645298 -5.4025580668168152
v 0.0000611532523180 -0.0286500006914139 -0.0884987562894821
vn -0.3355026282381355 2.2914070540534137 -5.4150227306459726
v -0.0000260949418589 -0.0286500006914139 -0.0884997695684433
vn 0.1254763945998569 2.8302701747288612 -3.1006565701115338
v 0.0000611532523180 -0.0158999990671873 -0.0884987562894821
vn -1.0606363810854287 2.2829766317007234 -5.3150384285927696
v -0.0003712630132213 -0.0286500006914139 -0.0884533300995827
vn -1.7102417760399400 2.2725301443539383 -5.1417163871968530
v -0.0004049799172208 -0.0286500006914139 -0.0884442925453186
vn 1.1271199702237544 2.2851057107251220 -5.3204296340987121
v 0.0003204799140804 -0.0286500006914139 -0.0884653627872467
vn 1.0787270295329463 2.8315384979608966 -2.9098054070921675
v 0.0005213003023528 -0.0158999990671873 -0.0884065032005310
vn 1.8146100758108934 2.2620366954720970 -5.1164160307312576
v 0.0005213003023528 -0.0286500006914139 -0.0884065032005310
vn 2.5115273435369838 2.2943173897242435 -4.8145179779351999
v 0.0006497775902972 -0.0286500006914139 -0.0883519574999809
vn 1.9255964266935572 2.8296233400218003 -2.4334181521037004
v 0.0009304189006798 -0.0158999990671873 -0.0881765708327293
vn 3.1295507639375497 2.2741790253904020 -4.4219256591550806
v 0.0009304189006798 -0.0286500006914139 -0.0881765708327293
vn 3.6409247610431059 2.2803402786365590 -4.0119906837942718
v 0.0009440456633456 -0.0286500006914139 -0.0881656631827354
vn 2.5821159031885328 2.8300364987227118 -1.7211519180158505
v 0.0012484615435824 -0.0158999990671873 -0.0878314673900604
vn 4.1547649173353625 2.2946472889900509 -3.4918358948232235
v 0.0011874198680744 -0.0286500006914139 -0.0879165306687355
vn 2.9881543616519433 2.8314110235208982 -0.8375390735019254
v 0.0014442960964516 -0.0158999990671873 -0.0874049812555313
vn 4.9522604046207643 2.2865370123886266 -2.2447603570371477
v 0.0013667800230905 -0.0286500006914139 -0.0876179933547974
vn 4.5770834459218950 2.2757254656046526 -2.8951222921990696
v 0.0012484615435824 -0.0286500006914139 -0.0878314673900604
vn 3.1006796568567068 2.8308645977279734 0.1265225368575356
v 0.0014987529721111 -0.0158999990671873 -0.0869388431310654
vn 5.3652937617207304 2.2955110091971829 -0.8301900670392295
v 0.0014724567299709 -0.0286500006914139 -0.0872861295938492
vn 5.1954475677521144 2.2639615211710340 -1.5678336750220803
v 0.0014442960964516 -0.0286500006914139 -0.0874049812555313
vn 2.9099892618865502 2.8314199813002485 1.0781994317443100
v 0.0014065012801439 -0.0158999990671873 -0.0864787027239799
vn 5.2798164230440010 2.2955183820344534 1.2645924935977872
v 0.0014442509273067 -0.0286500006914139 -0.0865948572754860
vn 5.4455403943073195 2.3297226947566307 0.2221970036273827
v 0.0014987529721111 -0.0286500006914139 -0.0869388431310654
vn 3.8565271269427530 2.2946531885749391 3.8186701982226743
v 0.0011088027385995 -0.0286500006914139 -0.0859897732734680
vn 4.3391072569758675 2.2658114273341194 3.2563452790852776
v 0.0011765715898946 -0.0286500006914139 -0.0860695838928223
vn 2.4331585272775511 2.8297197156217111 1.9259321813991286
v 0.0011765715898946 -0.0158999990671873 -0.0860695838928223
vn 4.7419010606067173 2.2879190712372157 2.6579732403183112
v 0.0013118890346959 -0.0286500006914139 -0.0862727090716362
vn 5.0442238994941446 2.2757290091237161 1.9715917881127099
v 0.0014065012801439 -0.0286500006914139 -0.0864787027239799
vn 0.8380772259387219 2.8315316699304076 2.9880153270680503
v 0.0004049799172208 -0.0158999990671873 -0.0855557024478912
vn 2.1089990128025078 2.2957665140417594 5.0025046486478750
v 0.0005374738248065 -0.0286500006914139 -0.0855996012687683
vn 1.7210965627589749 2.8293058766575632 2.5820693226309062
v 0.0008314708829857 -0.0158999990671873 -0.0857515409588814
vn 2.7631382986092392 2.2839993308774007 4.6575012708120891
v 0.0008314708829857 -0.0286500006914139 -0.0857515409588814
vn 3.2965994014208597 2.2894499500519805 4.2991089964983136
v 0.0008459407254122 -0.0286500006914139 -0.0857612937688828
vn -0.7754595525291309 2.2914368163787122 5.3697133475834686
v -0.0001481945218984 -0.0286500006914139 -0.0855073407292366
vn -0.0537241657189360 2.2676462244982165 5.4231695681444050
v -0.0000611532523180 -0.0286500006914139 -0.0855012461543083
vn -0.1279286989556417 2.8296905040793741 3.1004984179584110
v -0.0000611532523180 -0.0158999990671873 -0.0855012461543083
vn 0.6691704358479099 2.2892435156860547 5.3934569848770835
v 0.0002000315143960 -0.0286500006914139 -0.0855133980512619
vn 1.4007338116527339 2.2757676449980968 5.2315836606241479
v 0.0004049799172208 -0.0286500006914139 -0.0855557024478912
vn -1.9248455593984184 2.8316278560790789 2.4342670170395890
v -0.0009304189006798 -0.0158999990671873 -0.0858234316110611
vn -2.7808294008858350 2.2960120339522776 4.6623950764442963
v -0.0008023367263377 -0.0286500006914139 -0.0857326164841652
vn -1.0772555776691475 2.8294224669278623 2.9101270289774783
v -0.0005213003023528 -0.0158999990671873 -0.0855934992432594
vn -2.1141187222489259 2.2838300935871758 4.9858517303236631
v -0.0005213003023528 -0.0286500006914139 -0.0855934992432594
vn -1.4947983795458952 2.2914557586766096 5.2091871699749603
v -0.0004884313675575 -0.0286500006914139 -0.0855817496776581
vn -4.7760352241885942 2.2882646584265154 2.5699906890777378
v -0.0012857939582318 -0.0286500006914139 -0.0862275138497353
vn -4.4000010782311820 2.2693551151220075 3.1679578592085713
v -0.0012484615435824 -0.0286500006914139 -0.0861685276031494
vn -2.5835202039569389 2.8296325718997628 1.7189643280167113
v -0.0012484615435824 -0.0158999990671873 -0.0861685276031494
vn -3.9467841698361656 2.2905673868846472 3.7346077295514251
v -0.0010729879140854 -0.0286500006914139 -0.0859518125653267
vn -3.3843150331845204 2.2757343592185100 4.2281990447246933
v -0.0009304189006798 -0.0286500006914139 -0.0858234316110611
vn -5.4094475882585291 2.2776724325784725 -0.2207157020399073
v -0.0014987529721111 -0.0286500006914139 -0.0870611518621445
vn -5.4034103277272951 2.2961725393605317 0.5217331493880858
v -0.0014957183739170 -0.0286500006914139 -0.0868867486715317
vn -2.9875281441014430 2.8295271504722397 0.8390845027118892
v -0.0014442960964516 -0.0158999990671873 -0.0865950211882591
vn -5.2690721510005716 2.2835423930651055 1.2510749735160918
v -0.0014442960964516 -0.0286500006914139 -0.0865950211882591
vn -5.0783967794046223 2.2936036272639533 1.8975796367130022
v -0.0014292827108875 -0.0286500006914139 -0.0865448638796806
vn 0.9091309315617450 -0.8113327434438899 -1.8914380146851504
v 0.0011912588961422 -0.0298999994993210 -0.0894785895943642
vn 2.0600419736315811 -0.8113116421551625 -0.4002478519632111
v 0.0026995041407645 -0.0298999994993210 -0.0875245705246925
vn 1.9160954537292656 -0.8139265801884364 -0.8630942611202650
v 0.0025057634338737 -0.0298999994993210 -0.0881329849362373
vn 1.6619010736164905 -0.8141141488566095 -1.2865589946793776
v 0.0021769364830106 -0.0298999994993210 -0.0886803120374680
vn 1.3205192261311489 -0.8109200966462187 -1.6305016219991093
v 0.0017307501984760 -0.0298999994993210 -0.0891370549798012
vn 0.4515059214158732 -0.8135805261463716 -2.0520472571929291
v 0.0005875464994460 -0.0298999994993210 -0.0896864980459213
vn -0.0392262299032437 -0.8137835846492468 -2.1009694167695954
v -0.0000478407273476 -0.0298999994993210 -0.0897495821118355
vn -0.5193173218813120 -0.8110071241077275 -2.0329730982761891
v -0.0006806488963775 -0.0298999994993210 -0.0896644368767738
vn -0.9742775210153842 -0.8113555227382316 -1.8587482517500054
v -0.0012767630396411 -0.0298999994993210 -0.0894356444478035
vn -1.9408886947676656 -0.8110941290363034 -0.7974927845891636
v -0.0025436608120799 -0.0298999994993210 -0.0880451276898384
vn -1.7080546163657553 -0.8133626020544038 -1.2231944768148417
v -0.0022340733557940 -0.0298999994993210 -0.0886035636067390
vn -1.3763571972443289 -0.8131520676658506 -1.5869486236846133
v -0.0018040465656668 -0.0298999994993210 -0.0890755504369736
vn -2.0941801384212670 -0.8373043051515532 -0.3922173478639522
v -0.0027161189354956 -0.0298999994993210 -0.0874303430318832
vn -2.1596497613481205 -0.8637883367773262 -0.0881207619432781
v -0.0027477135881782 -0.0298999994993210 -0.0871121138334274
vn -2.1213513027090514 -0.8391467447091903 0.2186621510161808
v -0.0027421503327787 -0.0298999994993210 -0.0867923647165298
vn -2.0007397767966260 -0.8128564880395832 0.6390215951140026
v -0.0026203515008092 -0.0298999994993210 -0.0861655771732330
vn -1.7987735401589233 -0.8111656365604385 1.0806308008834720
v -0.0023572889622301 -0.0298999994993210 -0.0855837762355804
vn -1.1233455053843202 -0.8159166057628311 1.7786743233974653
v -0.0014709506649524 -0.0298999994993210 -0.0846764668822289
vn -1.5062251466957284 -0.8145671063557798 1.4664870647929185
v -0.0019671446643770 -0.0298999994993210 -0.0850783213973045
vn -0.2073664024616864 -0.8112216318257279 2.0882011233750868
v -0.0002716899616644 -0.0298999994993210 -0.0842634513974190
vn -0.6824824729541218 -0.8122631804286928 1.9856427961965639
v -0.0008954575168900 -0.0298999994993210 -0.0843998715281487
vn 0.2769428643791599 -0.8144262117519668 2.0837364099795002
v 0.0003667244454846 -0.0298999994993210 -0.0842745602130890
vn 0.7560896666657788 -0.8152174516444637 1.9623056494835471
v 0.0009853686206043 -0.0298999994993210 -0.0844326019287109
vn 1.1842546722318499 -0.8115866759035442 1.7329079607810127
v 0.0015508913202211 -0.0298999994993210 -0.0847290456295013
vn 1.5511955205030996 -0.8112710385526862 1.4133599983679019
v 0.0020328052341938 -0.0298999994993210 -0.0851479172706604
vn 2.0963191875366016 -0.8108171981619956 0.0855340159673294
v 0.0027477135881782 -0.0298999994993210 -0.0868878886103630
vn 2.0247317734271131 -0.8143652435205271 0.5646073344319008
v 0.0026477933861315 -0.0298999994993210 -0.0862572416663170
vn 1.8366808908317851 -0.8142184692553196 1.0219132304311254
v 0.0024051298387349 -0.0298999994993210 -0.0856666415929794
vn -1.4552783220560255 -4.1887909986299210 2.2987746547996988
v 0.0007720488938503 -0.0298999994993210 -0.0882195383310318
vn -2.7184360527028457 -4.1887913186735481 -0.1109232518516288
v 0.0014421757077798 -0.0298999994993210 -0.0869411528110504
vn 2.7184366247857694 -4.1887909541715862 0.1109162531782242
v -0.0014421757077798 -0.0298999994993210 -0.0870588421821594
vn -1.2631577306468205 -4.1887882970557060 -2.4096979066513269
v 0.0006701268139295 -0.0298999994993210 -0.0857216194272041
vn 1.2631600505102725 -4.1887910581217893 2.4096942421689476
v -0.0006701268139295 -0.0298999994993210 -0.0882783830165863
vn 1.4552765742754969 -4.1887886020657978 -2.2987779889907234
v -0.0007720488938503 -0.0298999994993210 -0.0857804641127586
vn 0.0000000000000000 6.2831853071795880 0.0000000000000000
v -0.0000000000000005 -0.0158999990671873 -0.0869999974966049
vn 2.7184366247857694 -2.0943943530079996 0.1109162531782244
v -0.0014421757077798 -0.0284000001847744 -0.0870588421821594
vn 1.4552765742754972 -2.0943967051137888 -2.2987779889907234
v -0.0007720488938503 -0.0284000001847744 -0.0857804641127586
vn -1.2631577306468207 -2.0943970101238816 -2.4096979066513278
v 0.0006701268139295 -0.0284000001847744 -0.0857216194272041
vn -2.7184360527028462 -2.0943939885060390 -0.1109232518516288
v 0.0014421757077798 -0.0284000001847744 -0.0869411528110504
vn -1.4552783220560253 -2.0943943085496661 2.2987746547996983
v 0.0007720488938503 -0.0284000001847744 -0.0882195383310318
vn 1.2631600505102722 -2.0943942490577978 2.4096942421689480
v -0.0006701268139295 -0.0284000001847744 -0.0882783830165863
vn 0.3152478388558306 3.0207755452213805 -3.1199761047722943
v 0.0005230326787569 -0.0195000004023314 -0.1394789218902588
vn 0.0000000000000000 3.3263832307395864 0.0000000000000000
v -0.0000000000000006 -0.0195000004023314 -0.1379999965429306
vn -0.5747900250343430 3.3263923725040372 3.0749302928829607
v 0.0009187475661747 -0.0195000004023314 -0.1379148662090302
vn 2.1074531837570061 3.3263762400035599 -2.3117602784564086
v -0.0033684782683849 -0.0195000004023314 -0.1293049603700638
vn -1.8811684791292174 2.9804938335787412 2.5033800923310263
v -0.0039048246107996 -0.0195000004023314 -0.1278036236763000
vn 1.6467872522358160 3.3264048326649722 -2.6596353746306853
v -0.0026321609038860 -0.0195000004023314 -0.1287489086389542
vn -1.4552394384285963 2.9804789199434856 2.7727194421475709
v -0.0030207005329430 -0.0195000004023314 -0.1272445321083069
vn 1.1300216691338525 3.3263931813228655 -2.9169556343632284
v -0.0018062082817778 -0.0195000004023314 -0.1283376365900040
vn -0.9916124646561866 2.9804871389493659 2.9702535504902876
v -0.0020583418663591 -0.0195000004023314 -0.1268345117568970
vn 0.5747900250345224 3.3263923725039222 -3.0749302928829443
v -0.0009187475661747 -0.0195000004023314 -0.1280851364135742
vn -0.5023173591116271 2.9804888158555891 3.0908542560934116
v -0.0010426733642817 -0.0195000004023314 -0.1265841722488403
vn 0.0000000000000000 3.3263832307395864 0.0000000000000000
v -0.0000000000000005 -0.0195000004023314 -0.1280000060796738
vn -0.0000000000001274 2.9804789279100494 3.1314046264141080
v -0.0000000000000005 -0.0195000004023314 -0.1264999955892563
vn -0.5747900250343541 3.3263923725040305 -3.0749302928829598
v 0.0009187475661747 -0.0195000004023314 -0.1280851364135742
vn 0.5023173591114997 2.9804888158555083 3.0908542560934213
v 0.0010426733642817 -0.0195000004023314 -0.1265841722488403
vn -1.1300216691338525 3.3263931813228655 -2.9169556343632284
v 0.0018062082817778 -0.0195000004023314 -0.1283376365900040
vn 0.9916124646561864 2.9804871389493655 2.9702535504902876
v 0.0020583418663591 -0.0195000004023314 -0.1268345117568970
vn -1.6467872522358160 3.3264048326649718 -2.6596353746306858
v 0.0026321609038860 -0.0195000004023314 -0.1287489086389542
vn 0.0000000000000000 3.0610098034395321 0.0000000000000000
v -0.0000000000000006 -0.0195000004023314 -0.1395000070333481
vn -0.3152478388559808 3.0207755452214764 -3.1199761047722880
v -0.0005230326787569 -0.0195000004023314 -0.1394789218902588
vn 0.5747900250345335 3.3263923725039155 3.0749302928829430
v -0.0009187475661747 -0.0195000004023314 -0.1379148662090302
vn -0.7493926548666242 2.9804889758415789 -3.0404133826092452
v -0.0015555517747998 -0.0195000004023314 -0.1393111199140549
vn 1.1300419968764630 3.3264076379787277 2.9169455122526102
v -0.0018062082817778 -0.0195000004023314 -0.1376623660326004
vn -1.2274083311338206 2.9804789179506144 -2.8808269151593944
v -0.0025477830786258 -0.0195000004023314 -0.1389798671007156
vn 1.6467914249022710 3.3263774882390633 2.6596374523378765
v -0.0026321609038860 -0.0195000004023314 -0.1372510790824890
vn -1.6736309522148369 2.9804923682358266 -2.6466327681471151
v -0.0034740278497338 -0.0195000004023314 -0.1384937316179276
vn 2.1074370286808510 3.3263891277736071 2.3117724782742188
v -0.0033684782683849 -0.0195000004023314 -0.1366950422525406
vn -2.0765063074894430 2.9804784339462564 -2.3438890968319082
v -0.0043102973140776 -0.0195000004023314 -0.1378653198480606
vn 2.4963456900022827 3.3264018683406684 1.8851603285220500
v -0.0039900862611830 -0.0195000004023314 -0.1360131800174713
vn -2.4256016062213179 2.9804945888873258 -1.9804454497191455
v -0.0050349324010313 -0.0195000004023314 -0.1371108889579773
vn 2.8002447384271685 3.3263901050077260 1.3943497911071101
v -0.0044758166186512 -0.0195000004023314 -0.1352286934852600
vn -3.0087749950590719 3.3263916803139351 0.8560686512952130
v 0.0048091281205416 -0.0195000004023314 -0.1343683153390884
vn 2.9279159885806907 2.9804909281776570 -1.1104109138298035
v 0.0060776057653129 -0.0195000004023314 -0.1353049278259277
vn -2.8002447384271685 3.3263901050077265 1.3943497911071099
v 0.0044758166186512 -0.0195000004023314 -0.1352286934852600
vn 2.7118739737648854 2.9804768218343756 -1.5657052141136278
v 0.0056291650980711 -0.0195000004023314 -0.1362500041723251
vn -2.4963456900022827 3.3264018683406684 1.8851603285220500
v 0.0039900862611830 -0.0195000004023314 -0.1360131800174713
vn 2.4256016062213179 2.9804945888873258 -1.9804454497191455
v 0.0050349324010313 -0.0195000004023314 -0.1371108889579773
vn -2.1074370286808510 3.3263891277736066 2.3117724782742188
v 0.0033684782683849 -0.0195000004023314 -0.1366950422525406
vn 2.0765063074894434 2.9804784339462564 -2.3438890968319082
v 0.0043102973140776 -0.0195000004023314 -0.1378653198480606
vn -1.6467914249022710 3.3263774882390638 2.6596374523378765
v 0.0026321609038860 -0.0195000004023314 -0.1372510790824890
vn 1.6736309522148369 2.9804923682358262 -2.6466327681471156
v 0.0034740278497338 -0.0195000004023314 -0.1384937316179276
vn -1.1300419968764628 3.3264076379787282 2.9169455122526098
v 0.0018062082817778 -0.0195000004023314 -0.1376623660326004
vn 1.2274083311338206 2.9804789179506148 -2.8808269151593944
v 0.0025477830786258 -0.0195000004023314 -0.1389798671007156
vn 0.7493926548666242 2.9804889758415785 -3.0404133826092452
v 0.0015555517747998 -0.0195000004023314 -0.1393111199140549
vn 1.4552394384285965 2.9804789199434856 2.7727194421475714
v 0.0030207005329430 -0.0195000004023314 -0.1272445321083069
vn 1.8811684791292176 2.9804938335787412 2.5033800923310268
v 0.0039048246107996 -0.0195000004023314 -0.1278036236763000
vn -2.1074531837570065 3.3263762400035599 -2.3117602784564086
v 0.0033684782683849 -0.0195000004023314 -0.1293049603700638
vn 2.2583769768777451 2.9804765633610923 2.1691995050655626
v 0.0046878159046173 -0.0195000004023314 -0.1284972876310349
vn -2.4963456900022827 3.3264018683406684 -1.8851603285220500
v 0.0039900862611830 -0.0195000004023314 -0.1299868226051331
vn 2.5770996271015072 2.9804913849396648 1.7788373470587393
v 0.0053493953309953 -0.0195000004023314 -0.1293075829744339
vn -2.8002447384271685 3.3263901050077265 -1.3943497911071101
v 0.0044758166186512 -0.0195000004023314 -0.1307713091373444
vn 2.8290674915603420 2.9804856975593550 1.3424147725142066
v 0.0058724279515445 -0.0195000004023314 -0.1302134990692139
vn -3.0087749950590723 3.3263916803139346 -0.8560686512952130
v 0.0048091281205416 -0.0195000004023314 -0.1316316872835159
vn 3.0077710913002962 2.9804821301846380 0.8712121048601709
v 0.0062433676794171 -0.0195000004023314 -0.1311915814876556
vn -3.1148469288492846 3.3263919867806426 -0.2886327052983101
v 0.0049786707386374 -0.0195000004023314 -0.1325386613607407
vn 3.1085743939303683 2.9804870650699034 0.3774474972495163
v 0.0064526074565947 -0.0195000004023314 -0.1322165131568909
vn -3.1148469288492855 3.3263919867806426 0.2886327052983102
v 0.0049786707386374 -0.0195000004023314 -0.1334613412618637
vn 3.1288660805258832 2.9804862956275722 -0.1260865450004225
v 0.0064947283826768 -0.0195000004023314 -0.1332617253065109
vn 3.0681209420256934 2.9804816273668506 -0.6263632782834883
v 0.0063686394132674 -0.0195000004023314 -0.1343001723289490
vn -2.7118739737648854 2.9804768218343756 -1.5657052141136276
v -0.0056291650980711 -0.0195000004023314 -0.1362500041723251
vn -2.9279159885806907 2.9804909281776570 -1.1104109138298037
v -0.0060776057653129 -0.0195000004023314 -0.1353049278259277
vn 3.0087749950590723 3.3263916803139351 0.8560686512952130
v -0.0048091281205416 -0.0195000004023314 -0.1343683153390884
vn -3.0681209420256934 2.9804816273668511 -0.6263632782834883
v -0.0063686394132674 -0.0195000004023314 -0.1343001723289490
vn 3.1148469288492846 3.3263919867806431 0.2886327052983101
v -0.0049786707386374 -0.0195000004023314 -0.1334613412618637
vn -3.1288660805258823 2.9804862956275713 -0.1260865450004225
v -0.0064947283826768 -0.0195000004023314 -0.1332617253065109
vn 3.1148469288492855 3.3263919867806422 -0.2886327052983102
v -0.0049786707386374 -0.0195000004023314 -0.1325386613607407
vn -3.1085743939303683 2.9804870650699029 0.3774474972495163
v -0.0064526074565947 -0.0195000004023314 -0.1322165131568909
vn 3.0087749950590719 3.3263916803139351 -0.8560686512952130
v -0.0048091281205416 -0.0195000004023314 -0.1316316872835159
vn -3.0077710913002962 2.9804821301846385 0.8712121048601710
v -0.0062433676794171 -0.0195000004023314 -0.1311915814876556
vn 2.8002447384271685 3.3263901050077269 -1.3943497911071099
v -0.0044758166186512 -0.0195000004023314 -0.1307713091373444
vn -2.8290674915603420 2.9804856975593550 1.3424147725142066
v -0.0058724279515445 -0.0195000004023314 -0.1302134990692139
vn 2.4963456900022827 3.3264018683406684 -1.8851603285220500
v -0.0039900862611830 -0.0195000004023314 -0.1299868226051331
vn -2.5770996271015072 2.9804913849396648 1.7788373470587393
v -0.0053493953309953 -0.0195000004023314 -0.1293075829744339
vn -2.2583769768777455 2.9804765633610923 2.1691995050655630
v -0.0046878159046173 -0.0195000004023314 -0.1284972876310349
vn -2.8002447384271680 -3.3263901050077260 1.3943497911071101
v 0.0044758166186512 -0.0199999995529652 -0.1352286934852600
vn 2.9279159885806907 -2.9804909281776570 -1.1104109138298035
v 0.0060776057653129 -0.0199999995529652 -0.1353049278259277
vn -3.0087749950590723 -3.3263916803139351 0.8560686512952130
v 0.0048091281205416 -0.0199999995529652 -0.1343683153390884
vn 3.0681209420256934 -2.9804816273668511 -0.6263632782834883
v 0.0063686394132674 -0.0199999995529652 -0.1343001723289490
vn -3.1148469288492846 -3.3263919867806431 0.2886327052983101
v 0.0049786707386374 -0.0199999995529652 -0.1334613412618637
vn 3.1288660805258828 -2.9804862956275713 -0.1260865450004224
v 0.0064947283826768 -0.0199999995529652 -0.1332617253065109
vn -3.1148469288492855 -3.3263919867806422 -0.2886327052983102
v 0.0049786707386374 -0.0199999995529652 -0.1325386613607407
vn 3.1085743939303683 -2.9804870650699029 0.3774474972495164
v 0.0064526074565947 -0.0199999995529652 -0.1322165131568909
vn -3.0087749950590714 -3.3263916803139351 -0.8560686512952130
v 0.0048091281205416 -0.0199999995529652 -0.1316316872835159
vn 3.0077710913002966 -2.9804821301846385 0.8712121048601709
v 0.0062433676794171 -0.0199999995529652 -0.1311915814876556
vn -2.8002447384271685 -3.3263901050077269 -1.3943497911071099
v 0.0044758166186512 -0.0199999995529652 -0.1307713091373444
vn 2.8290674915603415 -2.9804856975593550 1.3424147725142066
v 0.0058724279515445 -0.0199999995529652 -0.1302134990692139
vn -2.4963456900022831 -3.3264018683406684 -1.8851603285220500
v 0.0039900862611830 -0.0199999995529652 -0.1299868226051331
vn 2.5770996271015076 -2.9804913849396648 1.7788373470587393
v 0.0053493953309953 -0.0199999995529652 -0.1293075829744339
vn -2.1074531837570061 -3.3263762400035599 -2.3117602784564086
v 0.0033684782683849 -0.0199999995529652 -0.1293049603700638
vn 2.2583769768777455 -2.9804765633610923 2.1691995050655630
v 0.0046878159046173 -0.0199999995529652 -0.1284972876310349
vn 1.8811684791292174 -2.9804938335787412 2.5033800923310268
v 0.0039048246107996 -0.0199999995529652 -0.1278036236763000
vn -1.6467872522358158 -3.3264048326649722 -2.6596353746306858
v 0.0026321609038860 -0.0199999995529652 -0.1287489086389542
vn 1.4552394384285963 -2.9804789199434856 2.7727194421475709
v 0.0030207005329430 -0.0199999995529652 -0.1272445321083069
vn -1.1300216691338525 -3.3263931813228655 -2.9169556343632288
v 0.0018062082817778 -0.0199999995529652 -0.1283376365900040
vn 0.9916124646561866 -2.9804871389493659 2.9702535504902876
v 0.0020583418663591 -0.0199999995529652 -0.1268345117568970
vn -0.5747900250343542 -3.3263923725040296 -3.0749302928829598
v 0.0009187475661747 -0.0199999995529652 -0.1280851364135742
vn 0.5023173591114997 -2.9804888158555078 3.0908542560934213
v 0.0010426733642817 -0.0199999995529652 -0.1265841722488403
vn 0.0000000000000000 -3.3263832307395864 0.0000000000000000
v -0.0000000000000005 -0.0199999995529652 -0.1280000060796738
vn -0.0000000000001275 -2.9804789279100490 3.1314046264141084
v -0.0000000000000005 -0.0199999995529652 -0.1264999955892563
vn 0.5747900250345224 -3.3263923725039222 -3.0749302928829443
v -0.0009187475661747 -0.0199999995529652 -0.1280851364135742
vn -0.5023173591116271 -2.9804888158555896 3.0908542560934116
v -0.0010426733642817 -0.0199999995529652 -0.1265841722488403
vn 1.1300216691338525 -3.3263931813228655 -2.9169556343632288
v -0.0018062082817778 -0.0199999995529652 -0.1283376365900040
vn -0.9916124646561865 -2.9804871389493655 2.9702535504902872
v -0.0020583418663591 -0.0199999995529652 -0.1268345117568970
vn 1.6467872522358158 -3.3264048326649718 -2.6596353746306858
v -0.0026321609038860 -0.0199999995529652 -0.1287489086389542
vn 3.0087749950590714 -3.3263916803139351 0.8560686512952130
v -0.0048091281205416 -0.0199999995529652 -0.1343683153390884
vn -2.9279159885806907 -2.9804909281776570 -1.1104109138298035
v -0.0060776057653129 -0.0199999995529652 -0.1353049278259277
vn 2.8002447384271685 -3.3263901050077265 1.3943497911071099
v -0.0044758166186512 -0.0199999995529652 -0.1352286934852600
vn -2.7118739737648854 -2.9804768218343756 -1.5657052141136278
v -0.0056291650980711 -0.0199999995529652 -0.1362500041723251
vn 2.4963456900022831 -3.3264018683406684 1.8851603285220500
v -0.0039900862611830 -0.0199999995529652 -0.1360131800174713
vn -2.4256016062213179 -2.9804945888873258 -1.9804454497191455
v -0.0050349324010313 -0.0199999995529652 -0.1371108889579773
vn 2.1074370286808510 -3.3263891277736066 2.3117724782742188
v -0.0033684782683849 -0.0199999995529652 -0.1366950422525406
vn -2.0765063074894434 -2.9804784339462564 -2.3438890968319082
v -0.0043102973140776 -0.0199999995529652 -0.1378653198480606
vn 1.6467914249022710 -3.3263774882390638 2.6596374523378765
v -0.0026321609038860 -0.0199999995529652 -0.1372510790824890
vn -1.6736309522148369 -2.9804923682358262 -2.6466327681471156
v -0.0034740278497338 -0.0199999995529652 -0.1384937316179276
vn 1.1300419968764628 -3.3264076379787282 2.9169455122526098
v -0.0018062082817778 -0.0199999995529652 -0.1376623660326004
vn -1.2274083311338204 -2.9804789179506148 -2.8808269151593944
v -0.0025477830786258 -0.0199999995529652 -0.1389798671007156
vn 0.5747900250345337 -3.3263923725039155 3.0749302928829438
v -0.0009187475661747 -0.0199999995529652 -0.1379148662090302
vn -1.4552394384285965 -2.9804789199434856 2.7727194421475714
v -0.0030207005329430 -0.0199999995529652 -0.1272445321083069
vn -1.8811684791292178 -2.9804938335787412 2.5033800923310268
v -0.0039048246107996 -0.0199999995529652 -0.1278036236763000
vn 2.1074531837570065 -3.3263762400035599 -2.3117602784564091
v -0.0033684782683849 -0.0199999995529652 -0.1293049603700638
vn -2.2583769768777455 -2.9804765633610923 2.1691995050655626
v -0.0046878159046173 -0.0199999995529652 -0.1284972876310349
vn 2.4963456900022827 -3.3264018683406684 -1.8851603285220502
v -0.0039900862611830 -0.0199999995529652 -0.1299868226051331
vn -2.5770996271015072 -2.9804913849396648 1.7788373470587391
v -0.0053493953309953 -0.0199999995529652 -0.1293075829744339
vn 2.8002447384271680 -3.3263901050077265 -1.3943497911071101
v -0.0044758166186512 -0.0199999995529652 -0.1307713091373444
vn -2.8290674915603420 -2.9804856975593550 1.3424147725142066
v -0.0058724279515445 -0.0199999995529652 -0.1302134990692139
vn 3.0087749950590723 -3.3263916803139346 -0.8560686512952130
v -0.0048091281205416 -0.0199999995529652 -0.1316316872835159
vn -3.0077710913002962 -2.9804821301846380 0.8712121048601709
v -0.0062433676794171 -0.0199999995529652 -0.1311915814876556
vn 3.1148469288492846 -3.3263919867806426 -0.2886327052983101
v -0.0049786707386374 -0.0199999995529652 -0.1325386613607407
vn -3.1085743939303683 -2.9804870650699034 0.3774474972495164
v -0.0064526074565947 -0.0199999995529652 -0.1322165131568909
vn 3.1148469288492855 -3.3263919867806426 0.2886327052983102
v -0.0049786707386374 -0.0199999995529652 -0.1334613412618637
vn -3.1288660805258832 -2.9804862956275722 -0.1260865450004225
v -0.0064947283826768 -0.0199999995529652 -0.1332617253065109
vn -3.0681209420256934 -2.9804816273668506 -0.6263632782834884
v -0.0063686394132674 -0.0199999995529652 -0.1343001723289490
vn -0.7493926548666242 -2.9804889758415785 -3.0404133826092452
v -0.0015555517747998 -0.0199999995529652 -0.1393111199140549
vn -0.3152478388559807 -3.0207755452214764 -3.1199761047722880
v -0.0005230326787569 -0.0199999995529652 -0.1394789218902588
vn 0.0000000000001908 -3.3263832307395864 3.1281924762116859
v -0.0000000000000006 -0.0199999995529652 -0.1379999965429306
vn 0.0000000000000000 -3.0610098034395321 0.0000000000000000
v -0.0000000000000006 -0.0199999995529652 -0.1395000070333481
vn 0.3152478388558307 -3.0207755452213805 -3.1199761047722947
v 0.0005230326787569 -0.0199999995529652 -0.1394789218902588
vn -0.5747900250343428 -3.3263923725040376 3.0749302928829607
v 0.0009187475661747 -0.0199999995529652 -0.1379148662090302
vn 0.7493926548666242 -2.9804889758415789 -3.0404133826092452
v 0.0015555517747998 -0.0199999995529652 -0.1393111199140549
vn -1.1300419968764630 -3.3264076379787277 2.9169455122526098
v 0.0018062082817778 -0.0199999995529652 -0.1376623660326004
vn 1.2274083311338206 -2.9804789179506144 -2.8808269151593944
v 0.0025477830786258 -0.0199999995529652 -0.1389798671007156
vn -1.6467914249022713 -3.3263774882390633 2.6596374523378770
v 0.0026321609038860 -0.0199999995529652 -0.1372510790824890
vn 1.6736309522148369 -2.9804923682358266 -2.6466327681471151
v 0.0034740278497338 -0.0199999995529652 -0.1384937316179276
vn -2.1074370286808515 -3.3263891277736071 2.3117724782742188
v 0.0033684782683849 -0.0199999995529652 -0.1366950422525406
vn 2.0765063074894430 -2.9804784339462564 -2.3438890968319082
v 0.0043102973140776 -0.0199999995529652 -0.1378653198480606
vn -2.4963456900022827 -3.3264018683406684 1.8851603285220502
v 0.0039900862611830 -0.0199999995529652 -0.1360131800174713
vn 2.4256016062213184 -2.9804945888873258 -1.9804454497191457
v 0.0050349324010313 -0.0199999995529652 -0.1371108889579773
vn 2.7118739737648854 -2.9804768218343756 -1.5657052141136276
v 0.0056291650980711 -0.0199999995529652 -0.1362500041723251
vn -0.0000000000001504 -0.0000000000000001 -3.1390429694639659
v -0.0000000000000006 -0.0195000004023314 -0.1395000070333481
vn -0.0000000000001497 0.0000000000000001 -3.1390429694639654
v -0.0000000000000006 -0.0199999995529652 -0.1395000070333481
vn 0.0000000000001683 -0.0000000000000000 -3.1281924762116864
v -0.0000000000000005 -0.0195000004023314 -0.1280000060796738
vn 0.0000000000001683 0.0000000000000000 -3.1281924762116864
v -0.0000000000000005 -0.0199999995529652 -0.1280000060796738
vn 0.0000000000001907 0.0000000000000000 3.1281924762116864
v -0.0000000000000006 -0.0195000004023314 -0.1379999965429306
vn 0.2205213445243754 3.5342912677618155 3.0733265641869254
v 0.0002862893161364 -0.0280000008642673 -0.1290102601051331
vn 0.8767749843679471 2.8559896124457209 2.9834494646796390
v 0.0022556546609849 -0.0280000008642673 -0.1253245770931244
vn 1.3798471494686275 3.5342929790546238 2.7549926399008848
v 0.0017913049086928 -0.0280000008642673 -0.1294235140085220
vn 1.6817990003009431 2.8559938114326009 2.6155808230596707
v 0.0043266997672617 -0.0280000008642673 -0.1262709796428680
vn 2.3291088937873194 3.5342978773879468 2.0172270849515264
v 0.0030236106831580 -0.0280000008642673 -0.1303812563419342
vn 2.3505682622082116 2.8559930304409935 2.0358140087597154
v 0.0060472213663161 -0.0280000008642673 -0.1277625262737274
vn 2.9237791993769999 3.5342866504841428 0.9723629704675569
v 0.0037955988664180 -0.0280000008642673 -0.1317376941442490
vn 2.8289082078815233 2.8559952588182353 1.2911201659935418
v 0.0072778328321874 -0.0280000008642673 -0.1296783834695816
vn 3.0780672770307347 2.8559925142689031 0.4418268371238960
v 0.0079188374802470 -0.0280000008642673 -0.1318633258342743
vn 3.0733257252359691 3.5342923126908277 -0.2205285623596087
v 0.0039897416718304 -0.0280000008642673 -0.1332862824201584
vn 3.0778603528102328 2.8559920208688387 -0.4432652462751198
v 0.0079183056950569 -0.0280000008642673 -0.1341403722763062
vn 2.7549915420831690 3.5342899974672237 -1.3798513816643878
v 0.0035764826461673 -0.0280000008642673 -0.1347912997007370
vn 2.8283030044231618 2.8559938503734061 -1.2924446172586137
v 0.0072762789204717 -0.0280000008642673 -0.1363250166177750
vn 2.0172298424805764 3.5342960334278493 -2.3291072530668862
v 0.0026187363546342 -0.0280000008642673 -0.1360236108303070
vn -0.2205213445243754 3.5342912677618155 -3.0733265641869254
v -0.0002862893161364 -0.0280000008642673 -0.1369897425174713
vn -0.8767765512086377 2.8560020418142642 -2.9834519002484114
v -0.0022556546609849 -0.0280000008642673 -0.1406754106283188
vn -1.3798564991732483 3.5343005175710500 -2.7549853732972824
v -0.0017913049086928 -0.0280000008642673 -0.1365764886140823
vn -1.6817904965683668 2.8559878593356522 -2.6155847089677131
v -0.0043266997672617 -0.0280000008642673 -0.1397290229797363
vn -2.3291145742158719 3.5342856163186642 -2.0172262654898994
v -0.0030236106831580 -0.0280000008642673 -0.1356187313795090
vn -2.3505682622082116 2.8559930304409940 -2.0358140087597154
v -0.0060472213663161 -0.0280000008642673 -0.1382374763488770
vn -2.9237757621658114 3.5342925606983622 -0.9723675665253566
v -0.0037955988664180 -0.0280000008642673 -0.1342623084783554
vn -2.0172241948659790 3.5342901744751138 2.3291145196846790
v -0.0026187363546342 -0.0280000008642673 -0.1299763917922974
vn -1.6805701933070032 2.8559986238946178 2.6163718075632936
v -0.0043235532939434 -0.0280000008642673 -0.1262689679861069
vn -0.9723684863316517 3.5342867640337103 2.9237773282866790
v -0.0012623112415895 -0.0280000008642673 -0.1292044073343277
vn -0.8753872135494263 2.8559942624930321 2.9838580349658415
v -0.0022520662751049 -0.0280000008642673 -0.1253235340118408
vn 0.0007197170872342 2.8559938955324751 3.1096158152256441
v 0.0000018699799966 -0.0280000008642673 -0.1250000000000000
vn -2.8289090224970677 2.8559934165981118 -1.2911173892678360
v -0.0072778328321874 -0.0280000008642673 -0.1363216191530228
vn -3.0780680916457186 2.8559943549607039 -0.4418240579975049
v -0.0079188374802470 -0.0280000008642673 -0.1341366618871689
vn -3.0733259573008436 3.5342911250294637 0.2205304134437898
v -0.0039897416718304 -0.0280000008642673 -0.1327137053012848
vn -3.0778603528096724 2.8559920223971629 0.4432652486758052
v -0.0079183056950569 -0.0280000008642673 -0.1318596303462982
vn -2.7549858944685726 3.5342958564199591 1.3798586482821820
v -0.0035764826461673 -0.0280000008642673 -0.1312086880207062
vn -2.8283060111971139 2.8559973896537487 1.2924399410183005
v -0.0072762789204717 -0.0280000008642673 -0.1296749860048294
vn -2.3496122364816499 2.8559861160487650 2.0369149610562394
v -0.0060447715222836 -0.0280000008642673 -0.1277596950531006
vn 2.3496151032973120 2.8559946020477196 -2.0369145502235506
v 0.0060447715222836 -0.0280000008642673 -0.1382402926683426
vn 1.6805760668966170 2.8559936771760057 -2.6163667204902916
v 0.0043235532939434 -0.0280000008642673 -0.1397310346364975
vn 0.9723684863316517 3.5342867640337103 -2.9237773282866790
v 0.0012623112415895 -0.0280000008642673 -0.1367955952882767
vn 0.8753872135494263 2.8559942624930321 -2.9838580349658415
v 0.0022520662751049 -0.0280000008642673 -0.1406764686107635
vn -0.0007297876605014 2.8559874182608795 -3.1096143648863741
v -0.0000018699799966 -0.0280000008642673 -0.1410000026226044
vn -2.3505682622082116 -2.8559930304409935 -2.0358140087597154
v -0.0060472213663161 -0.0329999998211861 -0.1382374763488770
vn -1.6817904965683668 -2.8559878593356527 -2.6155847089677131
v -0.0043266997672617 -0.0329999998211861 -0.1397290229797363
vn -0.8767765512086378 -2.8560020418142646 -2.9834519002484114
v -0.0022556546609849 -0.0329999998211861 -0.1406754106283188
vn -0.0007297876605014 -2.8559874182608795 -3.1096143648863741
v -0.0000018699799966 -0.0329999998211861 -0.1410000026226044
vn 0.8753872135494261 -2.8559942624930330 -2.9838580349658410
v 0.0022520662751049 -0.0329999998211861 -0.1406764686107635
vn 1.6805760668966174 -2.8559936771760057 -2.6163667204902921
v 0.0043235532939434 -0.0329999998211861 -0.1397310346364975
vn 2.3496151032973120 -2.8559946020477196 -2.0369145502235511
v 0.0060447715222836 -0.0329999998211861 -0.1382402926683426
vn 2.8283030044231618 -2.8559938503734061 -1.2924446172586137
v 0.0072762789204717 -0.0329999998211861 -0.1363250166177750
vn 3.0778603528102333 -2.8559920208688387 -0.4432652462751198
v 0.0079183056950569 -0.0329999998211861 -0.1341403722763062
vn 3.0780672770307342 -2.8559925142689035 0.4418268371238960
v 0.0079188374802470 -0.0329999998211861 -0.1318633258342743
vn 2.8289082078815233 -2.8559952588182353 1.2911201659935418
v 0.0072778328321874 -0.0329999998211861 -0.1296783834695816
vn 2.3505682622082116 -2.8559930304409935 2.0358140087597154
v 0.0060472213663161 -0.0329999998211861 -0.1277625262737274
vn 1.6817990003009435 -2.8559938114326009 2.6155808230596715
v 0.0043266997672617 -0.0329999998211861 -0.1262709796428680
vn 0.8767749843679469 -2.8559896124457209 2.9834494646796390
v 0.0022556546609849 -0.0329999998211861 -0.1253245770931244
vn 0.0007197170872342 -2.8559938955324751 3.1096158152256441
v 0.0000018699799966 -0.0329999998211861 -0.1250000000000000
vn -0.8753872135494261 -2.8559942624930326 2.9838580349658410
v -0.0022520662751049 -0.0329999998211861 -0.1253235340118408
vn -1.6805701933070034 -2.8559986238946178 2.6163718075632936
v -0.0043235532939434 -0.0329999998211861 -0.1262689679861069
vn -2.3496122364816499 -2.8559861160487650 2.0369149610562394
v -0.0060447715222836 -0.0329999998211861 -0.1277596950531006
vn -2.8283060111971134 -2.8559973896537487 1.2924399410183003
v -0.0072762789204717 -0.0329999998211861 -0.1296749860048294
vn -3.0778603528096724 -2.8559920223971629 0.4432652486758052
v -0.0079183056950569 -0.0329999998211861 -0.1318596303462982
vn -3.0780680916457182 -2.8559943549607034 -0.4418240579975049
v -0.0079188374802470 -0.0329999998211861 -0.1341366618871689
vn -2.8289090224970677 -2.8559934165981118 -1.2911173892678360
v -0.0072778328321874 -0.0329999998211861 -0.1363216191530228
vn 0.0000000000000000 -6.2831853071795862 0.0000000000000000
v -0.0000000000000000 -0.0329999998211861 -0.1330000013113022
vn -2.3291145742158728 2.7488996908609225 -2.0172262654899011
v -0.0030236106831580 0.0319999977946281 -0.1356187313795090
vn -2.9237757621658140 2.7488927464812245 -0.9723675665253574
v -0.0037955988664180 0.0319999977946281 -0.1342623084783554
vn 0.0000000000000000 6.2831853071795871 0.0000000000000000
v -0.0000000000000000 0.0319999977946281 -0.1330000013113022
vn 0.9723684863316522 2.7488985431458755 -2.9237773282866812
v 0.0012623112415895 0.0319999977946281 -0.1367955952882767
vn -0.2205213445243760 2.7488940394177712 -3.0733265641869245
v -0.0002862893161364 0.0319999977946281 -0.1369897425174713
vn -1.3798564991732460 2.7488847896085362 -2.7549853732972789
v -0.0017913049086928 0.0319999977946281 -0.1365764886140823
vn 3.0733257252359651 2.7488929944887586 -0.2205285623596088
v 0.0039897416718304 0.0319999977946281 -0.1332862824201584
vn 2.7549915420831717 2.7488953097123625 -1.3798513816643894
v 0.0035764826461673 0.0319999977946281 -0.1347912997007370
vn 2.0172298424805746 2.7488892737517379 -2.3291072530668839
v 0.0026187363546342 0.0319999977946281 -0.1360236108303070
vn 1.3798471494686282 2.7488923281249624 2.7549926399008853
v 0.0017913049086928 0.0319999977946281 -0.1294235140085220
vn 2.3291088937873168 2.7488874297916399 2.0172270849515237
v 0.0030236106831580 0.0319999977946281 -0.1303812563419342
vn 2.9237791993770048 2.7488986566954443 0.9723629704675586
v 0.0037955988664180 0.0319999977946281 -0.1317376941442490
vn -2.0172241948659790 2.7488951327044733 2.3291145196846781
v -0.0026187363546342 0.0319999977946281 -0.1299763917922974
vn -0.9723684863316522 2.7488985431458755 2.9237773282866812
v -0.0012623112415895 0.0319999977946281 -0.1292044073343277
vn 0.2205213445243760 2.7488940394177712 3.0733265641869245
v 0.0002862893161364 0.0319999977946281 -0.1290102601051331
vn -3.0733259573008413 2.7488941821501225 0.2205304134437897
v -0.0039897416718304 0.0319999977946281 -0.1327137053012848
vn -2.7549858944685743 2.7488894507596275 1.3798586482821826
v -0.0035764826461673 0.0319999977946281 -0.1312086880207062
vn 0.0000000000000109 -3.3368114342218016 3.1266386240304587
v 0.0000000000000003 0.0175999999046326 -0.0134999984875321
vn 2.9396876196917652 -3.6542110729795496 0.7704139981227484
v 0.0199999995529652 0.0175999999046326 -0.0079999985173345
vn 1.5707963267948966 -1.5707963267948970 1.5707963267948961
v 0.0199999995529652 0.0175999999046326 -0.0049999994225800
vn 0.6065090068642602 -3.3368114378388434 3.0672489149739972
v 0.0076622520573437 0.0175999999046326 -0.0142502905800939
vn 1.1899767427501351 -3.3368112170231807 2.8913361348878146
v 0.0150334192439914 0.0175999999046326 -0.0164726637303829
vn 1.7282376193304096 -3.3368112156072298 2.6055832409809545
v 0.0218334756791592 0.0175999999046326 -0.0200826898217201
vn 2.2008438166704027 -3.3368112620232679 2.2208457273618079
v 0.0278040897101164 0.0175999999046326 -0.0249432250857353
vn 2.5452829947578706 -3.2802444741370680 1.8286007473852455
v 0.0327184423804283 0.0175999999046326 -0.0308696217834949
vn 5.5256258081256568 -0.0544659037695367 2.9794180861327808
v 0.0344227999448776 0.0175999999046326 -0.0336267985403538
vn -2.9396876128393377 -3.6542110843995648 0.7704140102983171
v -0.0199999995529652 0.0175999999046326 -0.0079999985173345
vn -1.7282376193304096 -3.3368112156072298 2.6055832409809545
v -0.0218334756791592 0.0175999999046326 -0.0200826898217201
vn -1.1928894731736512 -3.3321263431558275 2.8904505614787181
v -0.0150334192439914 0.0175999999046326 -0.0164726637303829
vn -5.5023049336723426 -0.1275240916277660 3.0136888252409926
v -0.0344227999448776 0.0175999999046326 -0.0336267985403538
vn -2.5642047268564867 -3.3200740950867433 1.7966878444667798
v -0.0327184423804283 0.0175999999046326 -0.0308696217834949
vn -2.2008438166704027 -3.3368112620232679 2.2208457273618079
v -0.0278040897101164 0.0175999999046326 -0.0249432250857353
vn -1.5707963267948963 -1.5707963267948963 1.5707963267948952
v -0.0199999995529652 0.0175999999046326 -0.0049999994225800
vn -0.6039955817936383 -3.3339627225405559 3.0680030791335993
v -0.0076622520573437 0.0175999999046326 -0.0142502905800939
vn -2.9396876147916453 3.6542110839614814 0.7704140068294068
v -0.0199999995529652 0.0275999996811152 -0.0079999985173345
vn -2.7377825669334834 3.1415927823584999 1.5408280297568717
v -0.0309746284037828 0.0275999996811152 -0.0274999998509884
vn -2.7791499027336561 3.0850254538119191 1.4622027956532941
v -0.0344227999448776 0.0275999996811152 -0.0336267985403538
vn -4.3648177883258903 -0.2174368516659335 -4.4961962204206909
v -0.0265546217560768 0.0175999999046326 -0.0822421312332153
vn -2.2982171738760453 3.2496626834768017 -2.1351845720842020
v -0.0265546217560768 0.0275999996811152 -0.0822421312332153
vn -2.6431944840619805 -3.4194352832061590 -1.6413027476020736
v -0.0230092108249664 0.0175999999046326 -0.0864977687597275
vn -2.6431944840619805 3.4194352832061599 -1.6413027476020734
v -0.0230092108249664 0.0275999996811152 -0.0864977687597275
vn -2.9920054872766642 -3.4194346252903518 -0.8533790743116816
v -0.0207670107483864 0.0175999999046326 -0.0915626436471939
vn -2.9920054872766642 3.4194346252903527 -0.8533790743116815
v -0.0207670107483864 0.0275999996811152 -0.0915626436471939
vn -3.1264594925869589 -3.2805140601040250 -0.2175160106064810
v -0.0199999995529652 0.0175999999046326 -0.0970482677221298
vn -3.1264594925869584 3.2805140601040264 -0.2175160106064810
v -0.0199999995529652 0.0275999996811152 -0.0970482677221298
vn -3.1281543175061621 3.0106931754909847 -0.2050297272107388
v -0.0199999995529652 0.0275999996811152 -0.1330000013113022
vn -3.1281543175061621 -3.0106931754909843 -0.2050297272107388
v -0.0199999995529652 0.0175999999046326 -0.1330000013113022
vn -3.1415926535897931 3.1415926535897931 0.0000000000000000
v -0.0199999995529652 0.0275999996811152 -0.1059250012040138
vn -3.0085847551593421 2.8797933633701409 -0.8061470023092889
v -0.0193185172975063 0.0275999996811152 -0.1381763815879822
vn -3.0085847551593421 -2.8797933633701405 -0.8061470023092889
v -0.0193185172975063 0.0175999999046326 -0.1381763815879822
vn -2.6974231736376351 2.8797928440794753 -1.5573576266814508
v -0.0173205081373453 0.0275999996811152 -0.1430000066757202
vn -2.6974231736376355 -2.8797928440794753 -1.5573576266814508
v -0.0173205081373453 0.0175999999046326 -0.1430000066757202
vn -2.2024339390344525 2.8797912181740983 -2.2024389259635950
v -0.0141421351581812 0.0275999996811152 -0.1471421420574188
vn -2.2024339390344525 -2.8797912181740983 -2.2024389259635950
v -0.0141421351581812 0.0175999999046326 -0.1471421420574188
vn -1.5573587971305205 2.8797978592644764 -2.6974236852057727
v -0.0099999997764826 0.0275999996811152 -0.1503205001354218
vn -1.5573587971305205 -2.8797978592644764 -2.6974236852057727
v -0.0099999997764826 0.0175999999046326 -0.1503205001354218
vn -0.8061487729851848 2.8797891860021516 -3.0085833940017395
v -0.0051763807423413 0.0275999996811152 -0.1523185223340988
vn -0.8061487729851849 -2.8797891860021521 -3.0085833940017395
v -0.0051763807423413 0.0175999999046326 -0.1523185223340988
vn -0.0000000000000547 2.8797965503148983 -3.1147165663533292
v -0.0000000000000007 0.0275999996811152 -0.1529999971389771
vn -0.0000000000000548 -2.8797965503148979 -3.1147165663533292
v -0.0000000000000007 0.0175999999046326 -0.1529999971389771
vn 0.8061487729851302 2.8797891860021165 -3.0085833940017475
v 0.0051763807423413 0.0275999996811152 -0.1523185223340988
vn 0.8061487729851301 -2.8797891860021165 -3.0085833940017466
v 0.0051763807423413 0.0175999999046326 -0.1523185223340988
vn 1.5573587971305205 2.8797978592644764 -2.6974236852057727
v 0.0099999997764826 0.0275999996811152 -0.1503205001354218
vn 1.5573587971305205 -2.8797978592644764 -2.6974236852057727
v 0.0099999997764826 0.0175999999046326 -0.1503205001354218
vn 2.2024339390344525 2.8797912181740983 -2.2024389259635950
v 0.0141421351581812 0.0275999996811152 -0.1471421420574188
vn 2.2024339390344529 -2.8797912181740983 -2.2024389259635950
v 0.0141421351581812 0.0175999999046326 -0.1471421420574188
vn 2.6974231736376355 2.8797928440794753 -1.5573576266814508
v 0.0173205081373453 0.0275999996811152 -0.1430000066757202
vn 2.6974231736376351 -2.8797928440794753 -1.5573576266814508
v 0.0173205081373453 0.0175999999046326 -0.1430000066757202
vn 3.0085847551593421 2.8797933633701405 -0.8061470023092889
v 0.0193185172975063 0.0275999996811152 -0.1381763815879822
vn 3.0085847551593421 -2.8797933633701409 -0.8061470023092890
v 0.0193185172975063 0.0175999999046326 -0.1381763815879822
vn 3.1281543175061621 3.0106931754909847 -0.2050297272107388
v 0.0199999995529652 0.0275999996811152 -0.1330000013113022
vn 3.1281543175061621 -3.0106931754909714 -0.2050297272107388
v 0.0199999995529652 0.0175999999046326 -0.1330000013113022
vn 3.1264594925869593 -3.2805140601040299 -0.2175160106064810
v 0.0199999995529652 0.0175999999046326 -0.0970482677221298
vn 3.1415926535897931 3.1415926535897931 0.0000000000000000
v 0.0199999995529652 0.0275999996811152 -0.1059250012040138
vn 3.1264594925869584 3.2805140601040268 -0.2175160106064810
v 0.0199999995529652 0.0275999996811152 -0.0970482677221298
vn 2.9920054872766642 -3.4194346252903527 -0.8533790743116815
v 0.0207670107483864 0.0175999999046326 -0.0915626436471939
vn 2.9920054872766637 3.4194346252903527 -0.8533790743116816
v 0.0207670107483864 0.0275999996811152 -0.0915626436471939
vn 2.6431944840619805 -3.4194352832061590 -1.6413027476020736
v 0.0230092108249664 0.0175999999046326 -0.0864977687597275
vn 2.6431944840619805 3.4194352832061599 -1.6413027476020736
v 0.0230092108249664 0.0275999996811152 -0.0864977687597275
vn 4.3470699540036444 -0.2486203996429606 -4.5097147821939405
v 0.0265546217560768 0.0175999999046326 -0.0822421312332153
vn 2.2982171738760453 3.2496626834768017 -2.1351845720842020
v 0.0265546217560768 0.0275999996811152 -0.0822421312332153
vn 2.3184629492690743 3.0131355323257454 -2.1103731311525795
v 0.0283071622252464 0.0275999996811152 -0.0805491283535957
vn -2.3184629492690747 3.0131355323257454 -2.1103731311525800
v -0.0283071622252464 0.0275999996811152 -0.0805491283535957
vn -2.8822346819390257 -2.9566775326873187 1.2126690533454325
v -0.0363898389041424 0.0076000005938113 -0.0376367419958115
vn -2.5898415043841272 -2.9463737530532539 1.7517391223206584
v -0.0327184423804283 0.0076000005938113 -0.0308696217834949
vn -2.2008438166704027 -2.9463740451563170 2.2208457273618079
v -0.0278040897101164 0.0076000005938113 -0.0249432250857353
vn -1.7282376193304096 -2.9463740915723582 2.6055832409809545
v -0.0218334756791592 0.0076000005938113 -0.0200826898217201
vn -1.3283885831655733 -3.0398601831752678 2.8424415267456151
v -0.0150334192439914 0.0076000005938113 -0.0164726637303829
vn -1.0386491584569528 -3.0419427188442354 2.9609418451774285
v -0.0147312218323350 0.0076000005938113 -0.0163497440516949
vn -0.6002940596650785 -2.9505037820541240 3.0691087016219374
v -0.0076622520573437 0.0076000005938113 -0.0142502905800939
vn 0.0000000000000109 -2.9463738729577846 3.1266386240304587
v 0.0000000000000003 0.0076000005938113 -0.0134999984875321
vn 0.6065090068642602 -2.9463738693407429 3.0672489149739972
v 0.0076622520573437 0.0076000005938113 -0.0142502905800939
vn 1.1899767427501351 -2.9463740901564051 2.8913361348878146
v 0.0150334192439914 0.0076000005938113 -0.0164726637303829
vn 1.7282376193304096 -2.9463740915723582 2.6055832409809545
v 0.0218334756791592 0.0076000005938113 -0.0200826898217201
vn 2.2008438166704027 -2.9463740451563165 2.2208457273618079
v 0.0278040897101164 0.0076000005938113 -0.0249432250857353
vn 2.5812198042738514 -2.9694214425681356 1.7672235775309297
v 0.0327184423804283 0.0076000005938113 -0.0308696217834949
vn 2.8885215188450393 -2.9674655145059430 1.2008535391594239
v 0.0363898389041424 0.0076000005938113 -0.0376367419958115
vn 1.6053792386006136 -2.8265291646299628 -2.6550809191250382
v 0.0224254671484232 0.0076000005938113 -0.0855168923735619
vn 1.5836113202885809 -3.4475300101630300 -2.6730384993192211
v 0.0224254671484232 0.0175999999046326 -0.0855168923735619
vn 2.2429655989926487 -2.9562953435547112 -2.1786469720491493
v 0.0283071622252464 0.0076000005938113 -0.0805491283535957
vn 2.6211111976953863 2.9463734210027650 -1.7045951841878995
v 0.0331134870648384 0.0275999996811152 -0.0745347887277603
vn 2.6211111976953863 -2.9463734210027659 -1.7045951841878990
v 0.0331134870648384 0.0076000005938113 -0.0745347887277603
vn 2.9019835304928185 2.9463738982285546 -1.1637700366559434
v 0.0366618447005749 0.0275999996811152 -0.0677023530006409
vn 2.9019835304928181 -2.9463738982285554 -1.1637700366559436
v 0.0366618447005749 0.0076000005938113 -0.0677023530006409
vn 3.0719605750880734 2.9509350951707369 -0.5858696154323701
v 0.0388174392282963 0.0275999996811152 -0.0603113807737827
vn 3.0719605750880739 -2.9509350951707338 -0.5858696154323701
v 0.0388174392282963 0.0076000005938113 -0.0603113807737827
vn 3.1347708899979958 -3.0439924267609744 -0.1390343133633734
v 0.0394999980926514 0.0076000005938113 -0.0530029609799385
vn 3.1347708899980011 3.0439924267609744 -0.1390343133633734
v 0.0394999980926514 0.0275999996811152 -0.0530029609799385
vn 3.1326509800960207 -3.0394129130988006 0.1742505408939669
v 0.0394983850419521 0.0076000005938113 -0.0526426546275616
vn 3.1326509800960149 3.0394129130987975 0.1742505408939668
v 0.0394983850419521 0.0275999996811152 -0.0526426546275616
vn 3.0616366370186459 2.9463747022293010 0.6342325929577624
v 0.0386788025498390 0.0275999996811152 -0.0449875034391880
vn 3.0616366370186459 -2.9463747022293032 0.6342325929577624
v 0.0386788025498390 0.0076000005938113 -0.0449875034391880
vn 2.9100248890659435 2.9874159325016283 1.1588029911471218
v 0.0363898389041424 0.0275999996811152 -0.0376367419958115
vn 2.7791499027336561 3.0850254538119186 1.4622027956532941
v 0.0344227999448776 0.0275999996811152 -0.0336267985403538
vn -3.1266564288916783 2.9489722450188038 0.0299530420474689
v -0.0394983850419521 0.0275999996811152 -0.0526426546275616
vn -3.0616366370186459 -2.9463747022293010 0.6342325929577625
v -0.0386788025498390 0.0076000005938113 -0.0449875034391880
vn -3.0616366370186459 2.9463747022293010 0.6342325929577624
v -0.0386788025498390 0.0275999996811152 -0.0449875034391880
vn -2.9100248890659435 2.9874159325016283 1.1588029911471223
v -0.0363898389041424 0.0275999996811152 -0.0376367419958115
vn -1.5678814336413054 -3.4258058807915592 -2.6857737419615182
v -0.0224254671484232 0.0175999999046326 -0.0855168923735619
vn -1.5938701066858039 -2.8441810734679294 -2.6646400396242083
v -0.0224254671484232 0.0076000005938113 -0.0855168923735619
vn -2.2527392161907462 -2.9680295002872512 -2.1702478917790593
v -0.0283071622252464 0.0076000005938113 -0.0805491283535957
vn -2.6211111976953863 -2.9463734210027646 -1.7045951841878995
v -0.0331134870648384 0.0076000005938113 -0.0745347887277603
vn -2.6211111976953863 2.9463734210027646 -1.7045951841878990
v -0.0331134870648384 0.0275999996811152 -0.0745347887277603
vn -2.9019835304928185 -2.9463738982285546 -1.1637700366559434
v -0.0366618447005749 0.0076000005938113 -0.0677023530006409
vn -2.9019835304928181 2.9463738982285541 -1.1637700366559436
v -0.0366618447005749 0.0275999996811152 -0.0677023530006409
vn -3.0719605750880734 -2.9509350951707320 -0.5858696154323701
v -0.0388174392282963 0.0076000005938113 -0.0603113807737827
vn -3.0724670179375453 2.9484149914157380 -0.5803332910591372
v -0.0388174392282963 0.0275999996811152 -0.0603113807737827
vn -3.1347640674199355 -3.0433736788257120 -0.1391034047892591
v -0.0394999980926514 0.0076000005938113 -0.0530029609799385
vn -3.1326509800960149 -3.0394129130987975 0.1742505408939668
v -0.0394983850419521 0.0076000005938113 -0.0526426546275616
vn 2.9396876221949073 3.6542110722560004 0.7704139936751023
v 0.0199999995529652 0.0275999996811152 -0.0079999985173345
vn 2.7377825564314460 3.1415927522963067 1.5408280484171630
v 0.0309746284037828 0.0275999996811152 -0.0274999998509884
vn 1.5707963267948963 1.5707963267948966 1.5707963267948966
v 0.0199999995529652 0.0275999996811152 -0.0049999994225800
vn 0.0000000000000000 3.1415926535897931 3.1415926535897931
v -0.0187974311411381 0.0275999996811152 -0.0049999994225800
vn -1.5707963267948966 1.5707963267948968 1.5707963267948966
v -0.0199999995529652 0.0275999996811152 -0.0049999994225800
vn 0.0000000000000000 3.1415926535897936 3.1415926535897931
v 0.0187974311411381 0.0275999996811152 -0.0049999994225800
vn 0.0000000000000000 3.1415926535897931 3.1415926535897931
v 0.0069249998778105 0.0275999996811152 -0.0049999994225800
vn 0.0000000000000000 3.1415926535897931 3.1415926535897931
v -0.0069249998778105 0.0275999996811152 -0.0049999994225800
vn 1.5172724562852791 -3.6651875705464496 2.6279954495871154
v -0.0007999999797903 0.0175999999046326 -0.0883856415748596
vn 2.6279907532477953 -3.6651934528399712 1.5172758076705024
v -0.0013856407022104 0.0175999999046326 -0.0878000035881996
vn 3.0345461726206673 -3.6651897249991263 0.0000035326558165
v -0.0015999999595806 0.0175999999046326 -0.0870000049471855
vn 1.9785012177206180 -3.5765090586265984 -2.3442980268927824
v -0.0200000684708357 0.0175999999046326 -0.0853988975286484
vn 0.8065863970542221 -3.5765045521504679 -2.9596668835081879
v -0.0207641199231148 0.0175999999046326 -0.0858000963926315
vn 2.7295394044223853 -3.1831308116406145 1.5540149140875172
v -0.0197129622101784 0.0175999999046326 -0.0683752745389938
vn 2.9302167373684362 -3.4727869783106811 1.0075965221486667
v -0.0193986948579550 0.0175999999046326 -0.0689549446105957
vn 1.5172724562852675 -3.6651875705464461 -2.6279954495871158
v -0.0007999999797903 0.0175999999046326 -0.0856143608689308
vn 1.9886970030619746 -3.4906620606150751 2.3700374766102872
v -0.0080348448827863 0.0175999999046326 -0.1425755620002747
vn 1.0581641146817065 -3.4906548764105514 2.9072829656634123
v -0.0042752516455948 0.0175999999046326 -0.1447461545467377
vn 0.0000000000000000 -3.4906619205313021 0.0000000000000000
v -0.0000000000000007 0.0175999999046326 -0.1455000042915344
vn -1.0581641146816252 -3.4906548764106038 2.9072829656634269
v 0.0042752516455948 0.0175999999046326 -0.1447461545467377
vn 2.6279916998168424 -3.6651957811326530 -1.5172722750146868
v -0.0013856407022104 0.0175999999046326 -0.0861999988555908
vn -0.7656274579611989 -2.8934595111250765 -3.0219660555070011
v 0.0061398623511195 0.0175999999046326 -0.0287656821310520
vn -0.0000000000000095 -2.8934598895514592 -3.1174452206347527
v 0.0000000000000002 0.0175999999046326 -0.0279999990016222
vn 0.0000000000000000 -3.6651944750637355 0.0000000000000000
v -0.0000000000000002 0.0175999999046326 -0.0854000002145767
vn 0.7656274579611896 -2.8934595111250703 -3.0219660555070025
v -0.0061398623511195 0.0175999999046326 -0.0287656821310520
vn 1.4694039163893113 -2.9168929574567284 -2.7518108376765467
v -0.0119036287069321 0.0175999999046326 -0.0310158319771290
vn -2.6279916998168424 -3.6651957811326472 -1.5172722750146863
v 0.0013856407022104 0.0175999999046326 -0.0861999988555908
vn -3.0345461726206655 -3.6651897249991281 0.0000035326558164
v 0.0015999999595806 0.0175999999046326 -0.0870000049471855
vn -2.7820430986979363 -3.5764974777496201 -1.2924629909962595
v 0.0194761827588081 0.0175999999046326 -0.0847131237387657
vn 3.0468621689787656 -3.4906582710644454 -0.5372436410143584
v -0.0123100969940424 0.0175999999046326 -0.1308293938636780
vn 3.0468615382620996 -3.4906594450488337 0.5372453738922484
v -0.0123100969940424 0.0175999999046326 -0.1351706087589264
vn 2.6793666620612120 -3.4906559256088290 1.5469318199093731
v -0.0108253173530102 0.0175999999046326 -0.1392499953508377
vn -0.5154880770690897 -3.5764970767796194 -3.0239869811532341
v -0.0216260794550180 0.0175999999046326 -0.0858420282602310
vn -1.5172724562850382 -3.6651875705466082 2.6279954495871776
v 0.0007999999797903 0.0175999999046326 -0.0883856415748596
vn -2.6279907532477971 -3.6651934528399712 1.5172758076705035
v 0.0013856407022104 0.0175999999046326 -0.0878000035881996
vn 3.1074883507386812 -2.9167706757745360 -0.2721335042145224
v -0.0249159988015890 0.0175999999046326 -0.0509523265063763
vn 3.0736906589081912 -2.9135317459513477 0.5316637370205102
v -0.0246557854115963 0.0175999999046326 -0.0571342743933201
vn 2.9491022367156403 -2.8934599873145306 -1.0105744997485970
v -0.0236499905586243 0.0175999999046326 -0.0448958091437817
vn 2.8537455015808684 -2.8934597093643841 1.2548311031712216
v -0.0228852909058332 0.0175999999046326 -0.0630629733204842
vn -1.5172724562850488 -3.6651875705465882 -2.6279954495871740
v 0.0007999999797903 0.0175999999046326 -0.0856143608689308
vn -2.9491022367156403 -2.8934599873145532 -1.0105744997485970
v 0.0236499905586243 0.0175999999046326 -0.0448958091437817
vn -2.6105872898668405 -2.8934593187840205 -1.7039066916637098
v 0.0209353100508451 0.0175999999046326 -0.0393357090651989
vn -2.1121615967557741 -2.8934598761862760 -2.2928667812697912
v 0.0169382430613041 0.0175999999046326 -0.0346126146614552
vn -1.4843566608595462 -2.8934598941969281 -2.7413773933281198
v 0.0119036287069321 0.0175999999046326 -0.0310158319771290
vn 0.5154880770690899 -3.5764970767796194 -3.0239869811532341
v 0.0216260794550180 0.0175999999046326 -0.0858420282602310
vn -0.8065863970542221 -3.5765045521504679 -2.9596668835081887
v 0.0207641199231148 0.0175999999046326 -0.0858000963926315
vn -1.9785012177206185 -3.5765090586265984 -2.3442980268927824
v 0.0200000684708357 0.0175999999046326 -0.0853988975286484
vn 3.1201033119115511 -3.3071936618475677 0.2589381511888164
v -0.0192900002002716 0.0175999999046326 -0.0696052983403206
vn 3.1046001124134044 -3.3590470316073464 -0.3388909079551624
v -0.0192900002002716 0.0175999999046326 -0.0838704705238342
vn 2.7820430986979368 -3.5764974777496210 -1.2924629909962597
v -0.0194761827588081 0.0175999999046326 -0.0847131237387657
vn 2.6105872898668405 -2.8934593187840290 -1.7039066916637096
v -0.0209353100508451 0.0175999999046326 -0.0393357090651989
vn 2.1270802743889519 -2.9181732284193571 -2.2819402591337736
v -0.0169382430613041 0.0175999999046326 -0.0346126146614552
vn -3.1046001124134044 -3.3590470316073477 -0.3388909079551622
v 0.0192900002002716 0.0175999999046326 -0.0838704705238342
vn -3.1201033119115489 -3.3071936618475668 0.2589381511888161
v 0.0192900002002716 0.0175999999046326 -0.0696052983403206
vn -2.9302167373684385 -3.4727869783106824 1.0075965221486674
v 0.0193986948579550 0.0175999999046326 -0.0689549446105957
vn -2.7295394044223844 -3.1831308116406154 1.5540149140875168
v 0.0197129622101784 0.0175999999046326 -0.0683752745389938
vn -3.1074883507386812 -2.9167706757745355 -0.2721335042145224
v 0.0249159988015890 0.0175999999046326 -0.0509523265063763
vn -2.8537455015808688 -2.8934597093643841 1.2548311031712216
v 0.0228852909058332 0.0175999999046326 -0.0630629733204842
vn -3.0736906589081912 -2.9135317459513472 0.5316637370205103
v 0.0246557854115963 0.0175999999046326 -0.0571342743933201
vn 0.0000000000000000 -3.6651944750637488 0.0000000000000000
v -0.0000000000000003 0.0175999999046326 -0.0886000022292137
vn 2.6793639511658629 -3.4906604091408875 -1.5469340694094666
v -0.0108253173530102 0.0175999999046326 -0.1267499923706055
vn 1.9886956833603966 -3.4906572647515492 -2.3700402916409065
v -0.0080348448827863 0.0175999999046326 -0.1234244480729103
vn -1.0581635220087324 -3.4906580528996858 -2.9072822593399730
v 0.0042752516455948 0.0175999999046326 -0.1212538480758667
vn 0.0000000000000577 -3.4906585401848305 -3.0938647921883415
v -0.0000000000000005 0.0175999999046326 -0.1205000057816505
vn 1.0581635220087902 -3.4906580528996480 -2.9072822593399636
v -0.0042752516455948 0.0175999999046326 -0.1212538480758667
vn -1.9886970030619746 -3.4906620606150751 2.3700374766102872
v 0.0080348448827863 0.0175999999046326 -0.1425755620002747
vn -2.6793666620612124 -3.4906559256088290 1.5469318199093733
v 0.0108253173530102 0.0175999999046326 -0.1392499953508377
vn -3.0468615382620996 -3.4906594450488342 0.5372453738922484
v 0.0123100969940424 0.0175999999046326 -0.1351706087589264
vn -3.0468621689787661 -3.4906582710644418 -0.5372436410143585
v 0.0123100969940424 0.0175999999046326 -0.1308293938636780
vn -2.6793639511658629 -3.4906604091408919 -1.5469340694094669
v 0.0108253173530102 0.0175999999046326 -0.1267499923706055
vn -1.9886956833603964 -3.4906572647515488 -2.3700402916409060
v 0.0080348448827863 0.0175999999046326 -0.1234244480729103
vn -0.9634359495288182 5.5920664274129006 -1.6687224767896502
v 0.0014250000240281 0.0275999996811152 -0.0845318287611008
vn -0.0000003841572806 5.5920661554083928 -1.9268742626654891
v -0.0000000000000002 0.0275999996811152 -0.0841500014066696
vn 0.0000000000000000 6.2831853071795853 0.0000000000000000
v -0.0069249998778105 0.0275999996811152 -0.0785000026226044
vn -0.9634408019361720 5.5920639747487346 -1.6687233538810236
v 0.0308698639273643 0.0275999996811152 -0.0335318297147751
vn 0.0000012021492040 5.5920692047899934 -1.9268699230430122
v 0.0294448640197515 0.0275999996811152 -0.0331499986350536
vn 0.0000000000000000 6.2831853071795800 0.0000000000000000
v 0.0187974311411381 0.0275999996811152 -0.1059250012040138
vn 1.9268747950070806 5.5920657417458015 -0.0000004727640129
v -0.0322948619723320 0.0275999996811152 -0.0359999984502792
vn 1.6687231232348136 5.5920652550149192 -0.9634375516751970
v -0.0319130346179008 0.0275999996811152 -0.0345750004053116
vn 0.9634389577300038 5.5920647287877330 -1.6687232880142515
v -0.0308698639273643 0.0275999996811152 -0.0335318297147751
vn 0.0000012021492040 5.5920692047899934 -1.9268699230430122
v -0.0294448640197515 0.0275999996811152 -0.0331499986350536
vn 0.0000000000000000 6.2831853071795898 0.0000000000000000
v -0.0187974311411381 0.0275999996811152 -0.0274999998509884
vn -1.6687208045638022 5.5920666827305192 -0.9634378225351730
v -0.0269766915589571 0.0275999996811152 -0.0345750004053116
vn -0.9634404638684094 5.5920638145435220 -1.6687239107928087
v -0.0280198641121387 0.0275999996811152 -0.0335318297147751
vn 1.6687224043099835 5.5920660196536884 0.9634366569930366
v -0.0319130346179008 0.0275999996811152 -0.0374250002205372
vn 0.9634363981210459 5.5920664999075633 1.6687219781153737
v -0.0308698639273643 0.0275999996811152 -0.0384681709110737
vn 0.0000000000000000 6.2831853071795853 0.0000000000000000
v -0.0358974300324917 0.0275999996811152 -0.0529999993741512
vn 0.0000003422378784 5.5920661334603476 1.9268742863511010
v -0.0294448640197515 0.0275999996811152 -0.0388499982655048
vn 0.0000000000000000 6.2831853071795818 0.0000000000000000
v -0.0187974311411381 0.0275999996811152 -0.0529999993741512
vn -0.9634366008590391 5.5920661750498972 1.6687224696766865
v -0.0280198641121387 0.0275999996811152 -0.0384681709110737
vn -1.6687202956749245 5.5920674354087581 0.9634365951206867
v -0.0269766915589571 0.0275999996811152 -0.0374250002205372
vn -1.9268743540894502 5.5920660812951732 -0.0000002828406155
v -0.0265948642045259 0.0275999996811152 -0.0359999984502792
vn 0.9634357131013404 5.5920696637055176 -1.6687171436785675
v -0.0308698639273643 0.0275999996811152 -0.0675318241119385
vn 0.9634452057587596 5.5920614495811023 1.6687247296379883
v -0.0308698639273643 0.0275999996811152 -0.0724681690335274
vn 1.6687264437500688 5.5920639643098351 -0.9634359942859474
v -0.0319130346179008 0.0275999996811152 -0.0685750022530556
vn 1.9268743922694280 5.5920659925675666 0.0000000941941258
v -0.0322948619723320 0.0275999996811152 -0.0700000002980232
vn 1.6687225288184515 5.5920656645013329 0.9634375177681828
v -0.0319130346179008 0.0275999996811152 -0.0714249983429909
vn -0.0000027465222486 5.5920722761010602 1.9268655597407625
v -0.0294448640197515 0.0275999996811152 -0.0728500038385391
vn -0.9634405233109514 5.5920625972586286 1.6687258337239474
v -0.0280198641121387 0.0275999996811152 -0.0724681690335274
vn 0.0000000000000000 6.2831853071795907 0.0000000000000000
v -0.0187974311411381 0.0275999996811152 -0.0785000026226044
vn -1.6687225467320337 5.5920658848165559 0.9634368772550146
v -0.0269766915589571 0.0275999996811152 -0.0714249983429909
vn -1.9268738158737899 5.5920664364479933 0.0000004003583535
v -0.0265948642045259 0.0275999996811152 -0.0700000002980232
vn -1.6687242592898777 5.5920653122181943 -0.9634362399612197
v -0.0269766915589571 0.0275999996811152 -0.0685750022530556
vn -0.9634378225470881 5.5920682802854884 -1.6687181216393094
v -0.0280198641121387 0.0275999996811152 -0.0675318241119385
vn 0.0000016359667988 5.5920695285877571 -1.9268702775276485
v -0.0294448640197515 0.0275999996811152 -0.0671499967575073
vn 0.0000000000000000 6.2831853071795818 0.0000000000000000
v -0.0187974311411381 0.0275999996811152 -0.1059250012040138
vn 0.0000000000000000 6.2831853071795836 0.0000000000000000
v -0.0069249998778105 0.0275999996811152 -0.1059250012040138
vn 1.6256726770076011 3.5111900927719821 -2.6255589084455284
v -0.0057907537557185 0.0275999996811152 -0.1236476153135300
vn 2.4643564174015333 3.5111953407930447 -1.8609968637961471
v -0.0087781893089414 0.0275999996811152 -0.1263710111379623
vn 2.9702157814528301 3.5111901637313330 -0.8450972249390643
v -0.0105800824239850 0.0275999996811152 -0.1299897134304047
vn 3.0749278739804016 3.5111916766887141 0.2849332917241539
v -0.0109530761837959 0.0275999996811152 -0.1340149492025375
vn 2.7643535602449978 3.5111934383568091 1.3764863473425635
v -0.0098467962816358 0.0275999996811152 -0.1379031240940094
vn 2.0804425686261476 3.5111877279141952 2.2821336877650196
v -0.0074106520041823 0.0275999996811152 -0.1411290913820267
vn 1.1155497458013426 3.5111975032012301 2.8795671183032674
v -0.0039736581966281 0.0275999996811152 -0.1432572007179260
vn 0.0000000000000902 3.5111857741030348 3.0881028048159198
v -0.0000000000000006 0.0275999996811152 -0.1439999938011169
vn -1.1155497458012520 3.5111975032012883 2.8795671183032843
v 0.0039736581966281 0.0275999996811152 -0.1432572007179260
vn -2.0804425686261476 3.5111877279141952 2.2821336877650196
v 0.0074106520041823 0.0275999996811152 -0.1411290913820267
vn -2.9702157814528301 3.5111901637313330 -0.8450972249390641
v 0.0105800824239850 0.0275999996811152 -0.1299897134304047
vn -3.0749278739804016 3.5111916766887141 0.2849332917241539
v 0.0109530761837959 0.0275999996811152 -0.1340149492025375
vn -2.7643535602449978 3.5111934383568095 1.3764863473425637
v 0.0098467962816358 0.0275999996811152 -0.1379031240940094
vn 0.0000000000000000 6.2831853071795862 0.0000000000000000
v 0.0187974311411381 0.0275999996811152 -0.0785000026226044
vn 1.9268738158737899 5.5920664364479933 -0.0000004003583535
v 0.0265948642045259 0.0275999996811152 -0.0700000002980232
vn 1.6687247743677758 5.5920652439995200 -0.9634355249870163
v 0.0269766915589571 0.0275999996811152 -0.0685750022530556
vn 0.0000000000000000 6.2831853071795765 0.0000000000000000
v 0.0187974311411381 0.0275999996811152 -0.0529999993741512
vn -1.6687242161128260 5.5920646051282805 0.9634373465569248
v 0.0319130346179008 0.0275999996811152 -0.0714249983429909
vn 1.6687208045638022 5.5920666827305192 0.9634378225351730
v 0.0269766915589571 0.0275999996811152 -0.0714249983429909
vn 0.9634448676909970 5.5920612893758896 1.6687252865497735
v 0.0280198641121387 0.0275999996811152 -0.0724681690335274
vn -0.0000027465222486 5.5920722761010602 1.9268655597407625
v 0.0294448640197515 0.0275999996811152 -0.0728500038385391
vn -0.9634409189566473 5.5920629398904023 1.6687249700367122
v 0.0308698639273643 0.0275999996811152 -0.0724681690335274
vn -1.9268743922694280 5.5920659925675666 -0.0000000941941258
v 0.0322948619723320 0.0275999996811152 -0.0700000002980232
vn -1.6687259835483887 5.5920642939849783 -0.9634359351897795
v 0.0319130346179008 0.0275999996811152 -0.0685750022530556
vn -0.9634381606118714 5.5920684404892889 -1.6687175647290253
v 0.0308698639273643 0.0275999996811152 -0.0675318241119385
vn 0.0000016359667988 5.5920695285877571 -1.9268702775276485
v 0.0294448640197515 0.0275999996811152 -0.0671499967575073
vn 0.9634353174600943 5.5920693210777719 -1.6687180073619408
v 0.0280198641121387 0.0275999996811152 -0.0675318241119385
vn 0.9634385620850653 5.5920643861574169 -1.6687241516997600
v 0.0280198641121387 0.0275999996811152 -0.0335318297147751
vn 0.0000000000000000 6.2831853071795898 0.0000000000000000
v 0.0187974311411381 0.0275999996811152 -0.0274999998509884
vn 1.6687214538549697 5.5920665347017531 -0.9634370823728621
v 0.0269766915589571 0.0275999996811152 -0.0345750004053116
vn 1.9268742186114425 5.5920661856262281 -0.0000009673164922
v 0.0265948642045259 0.0275999996811152 -0.0359999984502792
vn -1.6687225288184515 5.5920656645013329 -0.9634375177681828
v 0.0319130346179008 0.0275999996811152 -0.0345750004053116
vn -1.9268749304844959 5.5920656374149535 -0.0000007773934526
v 0.0322948619723320 0.0275999996811152 -0.0359999984502792
vn -1.6687219650540619 5.5920661557235603 0.9634370644232192
v 0.0319130346179008 0.0275999996811152 -0.0374250002205372
vn -0.9634369965032201 5.5920665176787541 1.6687216059929053
v 0.0308698639273643 0.0275999996811152 -0.0384681709110737
vn 1.6687206800547638 5.5920670378835649 0.9634369617593979
v 0.0269766915589571 0.0275999996811152 -0.0374250002205372
vn 0.9634360600532833 5.5920663397023507 1.6687225350271584
v 0.0280198641121387 0.0275999996811152 -0.0384681709110737
vn 0.0000003422378784 5.5920661334603476 1.9268742863511010
v 0.0294448640197515 0.0275999996811152 -0.0388499982655048
vn 0.0000000000000000 6.2831853071795862 0.0000000000000000
v 0.0187974311411381 0.0275999996811152 -0.0105750011280179
vn 0.0000000000000000 6.2831853071795862 0.0000000000000000
v -0.0187974311411381 0.0275999996811152 -0.0105750011280179
vn -2.4643564174015333 3.5111953407930443 -1.8609968637961471
v 0.0087781893089414 0.0275999996811152 -0.1263710111379623
vn -1.6256726770076011 3.5111900927719821 -2.6255589084455284
v 0.0057907537557185 0.0275999996811152 -0.1236476153135300
vn 0.0000000000000000 6.2831853071795836 0.0000000000000000
v 0.0069249998778105 0.0275999996811152 -0.1059250012040138
vn -0.5674364807522092 3.5111913785941802 -3.0355205126346356
v 0.0020212447270751 0.0275999996811152 -0.1221873015165329
vn 0.5674364807522092 3.5111913785941802 -3.0355205126346361
v -0.0020212447270751 0.0275999996811152 -0.1221873015165329
vn 0.0000000000000000 6.2831853071795862 0.0000000000000000
v -0.0069249998778105 0.0275999996811152 -0.0274999998509884
vn 0.0000000000000000 6.2831853071795862 0.0000000000000000
v -0.0069249998778105 0.0275999996811152 -0.0529999993741512
vn 0.9634366027389664 5.5920663888546827 -1.6687221574741302
v -0.0014250000240281 0.0275999996811152 -0.0845318287611008
vn 1.6687202328564039 5.5920675601257184 -0.9634362425788019
v -0.0024681724607944 0.0275999996811152 -0.0855749994516373
vn 1.9268740918774370 5.5920663678023708 0.0000013716565871
v -0.0028500000480562 0.0275999996811152 -0.0870000049471855
vn 1.6687208757637122 5.5920667569687117 0.9634375230368247
v -0.0024681724607944 0.0275999996811152 -0.0884250029921532
vn -1.6687206267466630 5.5920674672713799 -0.9634358014906405
v 0.0024681724607944 0.0275999996811152 -0.0855749994516373
vn 0.0000000000000000 6.2831853071795853 0.0000000000000000
v 0.0069249998778105 0.0275999996811152 -0.0785000026226044
vn -1.9268738209234155 5.5920665764632354 0.0000011286522421
v 0.0028500000480562 0.0275999996811152 -0.0870000049471855
vn -1.6687203634608041 5.5920670584835728 0.9634376273135125
v 0.0024681724607944 0.0275999996811152 -0.0884250029921532
vn 0.9634359495289073 5.5920664274128686 1.6687224767896587
v -0.0014250000240281 0.0275999996811152 -0.0894681736826897
vn 0.0000000000000000 3.6651911002156439 0.0000000000000000
v -0.0000000000000003 0.0275999996811152 -0.0898500010371208
vn -0.9634366027388555 5.5920663888547288 1.6687221574741142
v 0.0014250000240281 0.0275999996811152 -0.0894681736826897
vn 0.0000000000000000 3.6651935393330319 0.0000000000000000
v 0.0000000000000002 0.0275999996811152 -0.0218499992042780
vn -0.9634376742287607 5.5920648188066631 1.6687238590582023
v 0.0014250000240281 0.0275999996811152 -0.0214681699872017
vn 0.0000000000000000 6.2831853071795880 0.0000000000000000
v 0.0069249998778105 0.0275999996811152 -0.0274999998509884
vn 0.9634385639649142 5.5920645999629626 -1.6687238394967188
v -0.0014250000240281 0.0275999996811152 -0.0165318287909031
vn 1.6687214563385675 5.5920664085981233 -0.9634374221971626
v -0.0024681724607944 0.0275999996811152 -0.0175749994814396
vn 0.0000000000000000 6.2831853071795853 0.0000000000000000
v -0.0069249998778105 0.0275999996811152 -0.0105750011280179
vn 1.9268734181877534 5.5920668272837348 -0.0000005616966345
v -0.0028500000480562 0.0275999996811152 -0.0189999975264072
vn 1.6687207512549611 5.5920671121212306 0.9634366622612613
v -0.0024681724607944 0.0275999996811152 -0.0204249992966652
vn 0.9634390613638842 5.5920643702957289 1.6687237307017977
v -0.0014250000240281 0.0275999996811152 -0.0214681699872017
vn 0.0000000000000000 6.2831853071795871 0.0000000000000000
v 0.0069249998778105 0.0275999996811152 -0.0105750011280179
vn -0.9634403533426312 5.5920639022553553 -1.6687238525548098
v 0.0014250000240281 0.0275999996811152 -0.0165318287909031
vn 0.0000011602295039 5.5920692267379346 -1.9268698993575395
v 0.0000000000000003 0.0275999996811152 -0.0161499977111816
vn -1.6687213910363643 5.5920666594198822 0.9634367298279966
v 0.0024681724607944 0.0275999996811152 -0.0204249992966652
vn -1.9268735536652688 5.5920667229529615 -0.0000006884604180
v 0.0028500000480562 0.0275999996811152 -0.0189999975264072
vn -1.6687208757637122 5.5920667569687126 -0.9634375230368247
v 0.0024681724607944 0.0275999996811152 -0.0175749994814396
vn 0.0000000000000000 6.2831853071795862 0.0000000000000000
v 0.0069249998778105 0.0275999996811152 -0.0529999993741512
vn 2.7295394044223844 -3.1000544955389704 1.5540149140875168
v -0.0197129622101784 0.0076000005938113 -0.0683752745389938
vn 2.8537455015808688 -3.3897255978152039 1.2548311031712216
v -0.0228852909058332 0.0076000005938113 -0.0630629733204842
vn 3.0704772485241367 -3.3485828703559117 0.5800302586423191
v -0.0246557854115963 0.0076000005938113 -0.0571342743933201
vn 3.1347055902040117 -3.2757830887229558 0.0670415591977971
v -0.0249999985098839 0.0076000005938113 -0.0530071631073952
vn 1.8412767480191694 -3.2770071764541497 -2.5378079245685639
v -0.0148325385525823 0.0076000005938113 -0.0328754931688309
vn 2.1986479447304479 -3.3202816122521903 -2.2264270785119615
v -0.0169382430613041 0.0076000005938113 -0.0346126146614552
vn 2.6105872898668410 -3.3897259883955657 -1.7039066916637098
v -0.0209353100508451 0.0076000005938113 -0.0393357090651989
vn 2.9491022367156403 -3.3897253198650565 -1.0105744997485970
v -0.0236499905586243 0.0076000005938113 -0.0448958091437817
vn 3.1070493890166784 -3.3068016452507161 -0.3855596715205853
v -0.0249159988015890 0.0076000005938113 -0.0509523265063763
vn -3.1347055902040117 -3.2757830887229531 0.0670415591977971
v 0.0249999985098839 0.0076000005938113 -0.0530071631073952
vn -3.1070493890166784 -3.3068016452507161 -0.3855596715205853
v 0.0249159988015890 0.0076000005938113 -0.0509523265063763
vn -2.9491022367156403 -3.3897253198650552 -1.0105744997485970
v 0.0236499905586243 0.0076000005938113 -0.0448958091437817
vn -2.6105872898668405 -3.3897259883955662 -1.7039066916637096
v 0.0209353100508451 0.0076000005938113 -0.0393357090651989
vn -2.1121615967557745 -3.3897254309933116 -2.2928667812697912
v 0.0169382430613041 0.0076000005938113 -0.0346126146614552
vn -1.4843566608595460 -3.3897254129826582 -2.7413773933281198
v 0.0119036287069321 0.0076000005938113 -0.0310158319771290
vn -0.7656274579611990 -3.3897257960545155 -3.0219660555070007
v 0.0061398623511195 0.0076000005938113 -0.0287656821310520
vn -0.0000000000000094 -3.3897254176281288 -3.1174452206347527
v 0.0000000000000002 0.0076000005938113 -0.0279999990016222
vn 0.7656274579611895 -3.3897257960545177 -3.0219660555070020
v -0.0061398623511195 0.0076000005938113 -0.0287656821310520
vn 1.4132152052040534 -3.3351033315719212 -2.7893224808483330
v -0.0119036287069321 0.0076000005938113 -0.0310158319771290
vn -2.7295394044223853 -3.1000544955389717 1.5540149140875172
v 0.0197129622101784 0.0076000005938113 -0.0683752745389938
vn -2.8537455015808684 -3.3897255978152021 1.2548311031712216
v 0.0228852909058332 0.0076000005938113 -0.0630629733204842
vn -3.0704772485241367 -3.3485828703559117 0.5800302586423191
v 0.0246557854115963 0.0076000005938113 -0.0571342743933201
vn -3.1201033119115511 -2.9759916453320185 0.2589381511888164
v 0.0192900002002716 0.0076000005938113 -0.0696052983403206
vn -3.1046001124134044 -2.9241382755722407 -0.3388909079551624
v 0.0192900002002716 0.0076000005938113 -0.0838704705238342
vn 3.1201033119115493 -2.9759916453320190 0.2589381511888161
v -0.0192900002002716 0.0076000005938113 -0.0696052983403206
vn 3.1046001124134044 -2.9241382755722358 -0.3388909079551622
v -0.0192900002002716 0.0076000005938113 -0.0838704705238342
vn -1.5172730358658613 -3.6651884796925382 2.6279946881742617
v 0.0302448645234108 0.0076000005938113 -0.0373856388032436
vn 0.0000000000000002 -3.6651941476441081 3.0345443745858391
v 0.0294448640197515 0.0076000005938113 -0.0375999994575977
vn 2.6279988673411663 -3.6651868894496702 1.5172670903413190
v -0.0308305043727160 0.0076000005938113 -0.0707999989390373
vn -0.5154880770690899 -2.7066882303999678 -3.0239869811532341
v -0.0216260794550180 0.0076000005938113 -0.0858420282602310
vn 0.8065863970542221 -2.7066807550291188 -2.9596668835081887
v -0.0207641199231148 0.0076000005938113 -0.0858000963926315
vn -1.5172669170443065 -3.6652035300987742 2.6279911554640676
v -0.0286448635160923 0.0076000005938113 -0.0713856443762779
vn -0.0000000000000004 -3.6651767689114108 3.0345514398657487
v -0.0294448640197515 0.0076000005938113 -0.0715999975800514
vn 1.5172669170443061 -3.6652035300987729 2.6279911554640680
v -0.0302448645234108 0.0076000005938113 -0.0713856443762779
vn -3.0345439012911419 -3.6651953118046023 -0.0000000000000002
v -0.0278448630124331 0.0076000005938113 -0.0700000002980232
vn -2.6279979841682808 -3.6651847171074952 1.5172703863761252
v -0.0280592236667871 0.0076000005938113 -0.0707999989390373
vn 2.7820430986979363 -2.7066878294299661 -1.2924629909962595
v -0.0194761827588081 0.0076000005938113 -0.0847131237387657
vn 1.9785012177206185 -2.7066762485529887 -2.3442980268927824
v -0.0200000684708357 0.0076000005938113 -0.0853988975286484
vn 2.9302167373684385 -2.8103983288689043 1.0075965221486674
v -0.0193986948579550 0.0076000005938113 -0.0689549446105957
vn -2.6279979841682808 -3.6651847171074965 -1.5172703863761261
v -0.0280592236667871 0.0076000005938113 -0.0692000016570091
vn -1.5172669170443061 -3.6652035300987729 -2.6279911554640680
v -0.0286448635160923 0.0076000005938113 -0.0686143562197685
vn 0.0000000000000004 -3.6651767689114125 -3.0345514398657483
v -0.0294448640197515 0.0076000005938113 -0.0684000030159950
vn 1.5172669170443065 -3.6652035300987729 -2.6279911554640676
v -0.0302448645234108 0.0076000005938113 -0.0686143562197685
vn 0.0000000000000002 -3.6651941476441077 3.0345443745858391
v -0.0294448640197515 0.0076000005938113 -0.0375999994575977
vn 1.5172730358658615 -3.6651884796925378 2.6279946881742613
v -0.0302448645234108 0.0076000005938113 -0.0373856388032436
vn 3.0345461409226684 -3.6651898029710486 -0.0000017663322412
v -0.0310448631644249 0.0076000005938113 -0.0359999984502792
vn 2.6279922752992455 -3.6651944146387794 1.5172723893592261
v -0.0308305043727160 0.0076000005938113 -0.0368000008165836
vn 2.6279953346941807 -3.6651900699595057 -1.5172706230107746
v -0.0308305043727160 0.0076000005938113 -0.0351999998092651
vn 1.5172699764834490 -3.6651960049007055 -2.6279929218258111
v -0.0302448645234108 0.0076000005938113 -0.0346143580973148
vn -0.0000000000000004 -3.6651854582878745 -3.0345479072503201
v -0.0294448640197515 0.0076000005938113 -0.0344000011682510
vn -1.5172699764834481 -3.6651960049007055 -2.6279929218258093
v -0.0286448635160923 0.0076000005938113 -0.0346143580973148
vn -2.6279944515212952 -3.6651878976173315 -1.5172739190455822
v -0.0280592236667871 0.0076000005938113 -0.0351999998092651
vn -3.0345443745842986 -3.6651941476466359 -0.0000017663445049
v -0.0278448630124331 0.0076000005938113 -0.0359999984502792
vn -2.6279913921337608 -3.6651922423053662 1.5172756853817697
v -0.0280592236667871 0.0076000005938113 -0.0368000008165836
vn -1.5172730358658613 -3.6651884796925218 2.6279946881742617
v -0.0286448635160923 0.0076000005938113 -0.0373856388032436
vn 2.6279988673411658 -3.6651868894496706 -1.5172670903413181
v -0.0308305043727160 0.0076000005938113 -0.0692000016570091
vn 3.0345456676369125 -3.6651909671202549 0.0000000000000001
v -0.0310448631644249 0.0076000005938113 -0.0700000002980232
vn -3.0345456993392270 -3.6651908891404203 -0.0000017663353067
v 0.0015999999595806 0.0076000005938113 -0.0189999975264072
vn -2.6279947592187303 -3.6651914364613005 1.5172705086571376
v 0.0013856407022104 0.0076000005938113 -0.0197999998927116
vn -1.5172693969020383 -3.6651950957571033 2.6279936832433766
v 0.0007999999797903 0.0076000005938113 -0.0203856416046619
vn 0.0000000000000000 -3.6651857857025760 0.0000000000000000
v 0.0000000000000002 0.0076000005938113 -0.0205999985337257
vn 1.5172693969018185 -3.6651950957572499 2.6279936832434374
v -0.0007999999797903 0.0076000005938113 -0.0203856416046619
vn 2.6279947592187280 -3.6651914364612974 1.5172705086571352
v -0.0013856407022104 0.0076000005938113 -0.0197999998927116
vn 3.0345456993392279 -3.6651908891404199 -0.0000017663353065
v -0.0015999999595806 0.0076000005938113 -0.0189999975264072
vn -1.5172693969020505 -3.6651950957571060 -2.6279936832433757
v 0.0007999999797903 0.0076000005938113 -0.0176143571734428
vn 3.0345443745842999 -3.6651941476466350 -0.0000017663445042
v 0.0278448630124331 0.0076000005938113 -0.0359999984502792
vn 2.6279944515212956 -3.6651878976173320 -1.5172739190455817
v 0.0280592236667871 0.0076000005938113 -0.0351999998092651
vn -2.6279942859311198 -3.6651902723099035 -1.5172722749924419
v 0.0013856407022104 0.0076000005938113 -0.0181999988853931
vn -2.6279953346941811 -3.6651900699595057 -1.5172706230107753
v 0.0308305043727160 0.0076000005938113 -0.0351999998092651
vn -3.0345461409226706 -3.6651898029710490 -0.0000017663322407
v 0.0310448631644249 0.0076000005938113 -0.0359999984502792
vn -2.6279922752992442 -3.6651944146387798 1.5172723893592255
v 0.0308305043727160 0.0076000005938113 -0.0368000008165836
vn 2.6279913921337590 -3.6651922423053662 1.5172756853817693
v 0.0280592236667871 0.0076000005938113 -0.0368000008165836
vn 1.5172730358658615 -3.6651884796925218 2.6279946881742613
v 0.0286448635160923 0.0076000005938113 -0.0373856388032436
vn 2.6279942859311216 -3.6651902723099044 -1.5172722749924441
v -0.0013856407022104 0.0076000005938113 -0.0181999988853931
vn 1.5172693969018065 -3.6651950957572570 -2.6279936832434387
v -0.0007999999797903 0.0076000005938113 -0.0176143571734428
vn -0.0000000000002419 -3.6651857857025751 -3.0345477741406621
v 0.0000000000000003 0.0076000005938113 -0.0174000002443790
vn 1.5172699764834490 -3.6651960049007051 -2.6279929218258111
v 0.0286448635160923 0.0076000005938113 -0.0346143580973148
vn -0.0000000000000004 -3.6651854582878745 -3.0345479072503201
v 0.0294448640197515 0.0076000005938113 -0.0344000011682510
vn -1.5172699764834481 -3.6651960049007055 -2.6279929218258093
v 0.0302448645234108 0.0076000005938113 -0.0346143580973148
vn -1.5172669170443065 -3.6652035300987729 2.6279911554640676
v 0.0302448645234108 0.0076000005938113 -0.0713856443762779
vn -0.0000000000000004 -3.6651767689114108 3.0345514398657487
v 0.0294448640197515 0.0076000005938113 -0.0715999975800514
vn 1.5172669170443061 -3.6652035300987880 2.6279911554640680
v 0.0286448635160923 0.0076000005938113 -0.0713856443762779
vn 0.5154880770690896 -2.7066882303999673 -3.0239869811532341
v 0.0216260794550180 0.0076000005938113 -0.0858420282602310
vn -0.8065863970542221 -2.7066807550291183 -2.9596668835081879
v 0.0207641199231148 0.0076000005938113 -0.0858000963926315
vn -1.9785012177206180 -2.7066762485529883 -2.3442980268927824
v 0.0200000684708357 0.0076000005938113 -0.0853988975286484
vn -2.7820430986979368 -2.7066878294299652 -1.2924629909962597
v 0.0194761827588081 0.0076000005938113 -0.0847131237387657
vn 2.6279979841682808 -3.6651847171074969 1.5172703863761261
v 0.0280592236667871 0.0076000005938113 -0.0707999989390373
vn 3.0345439012911419 -3.6651953118046019 0.0000000000000002
v 0.0278448630124331 0.0076000005938113 -0.0700000002980232
vn -1.5172669170443061 -3.6652035300987729 -2.6279911554640680
v 0.0302448645234108 0.0076000005938113 -0.0686143562197685
vn -2.6279988673411663 -3.6651868894496702 -1.5172670903413190
v 0.0308305043727160 0.0076000005938113 -0.0692000016570091
vn -3.0345456676369125 -3.6651909671202545 -0.0000000000000001
v 0.0310448631644249 0.0076000005938113 -0.0700000002980232
vn -2.6279988673411658 -3.6651868894496706 1.5172670903413181
v 0.0308305043727160 0.0076000005938113 -0.0707999989390373
vn -2.9302167373684362 -2.8103983288689043 1.0075965221486667
v 0.0193986948579550 0.0076000005938113 -0.0689549446105957
vn 2.6279979841682808 -3.6651847171074965 -1.5172703863761252
v 0.0280592236667871 0.0076000005938113 -0.0692000016570091
vn 1.5172669170443065 -3.6652035300987729 -2.6279911554640676
v 0.0286448635160923 0.0076000005938113 -0.0686143562197685
vn 0.0000000000000004 -3.6651767689114112 -3.0345514398657483
v 0.0294448640197515 0.0076000005938113 -0.0684000030159950
vn 0.0000000000000810 -2.7925233866482850 3.0938638701405141
v -0.0000000000000007 0.0235999990254641 -0.1455000042915344
vn 0.0000000000000812 -0.0000000000000000 3.0938638701405141
v -0.0000000000000007 0.0175999999046326 -0.1455000042915344
vn -1.0581641146816254 -2.7925304307689829 2.9072829656634269
v 0.0042752516455948 0.0235999990254641 -0.1447461545467377
vn -1.9886970030619748 -2.7925232465645111 2.3700374766102872
v 0.0080348448827863 0.0235999990254641 -0.1425755620002747
vn -2.6793666620612120 -2.7925293815707573 1.5469318199093731
v 0.0108253173530102 0.0235999990254641 -0.1392499953508377
vn -3.0468615382620996 -2.7925258621307520 0.5372453738922484
v 0.0123100969940424 0.0235999990254641 -0.1351706087589264
vn -3.0468621689787656 -2.7925270361151444 -0.5372436410143584
v 0.0123100969940424 0.0235999990254641 -0.1308293938636780
vn -2.6793639511658629 -2.7925248980386939 -1.5469340694094669
v 0.0108253173530102 0.0235999990254641 -0.1267499923706055
vn -1.9886956833603966 -2.7925280424280370 -2.3700402916409065
v 0.0080348448827863 0.0235999990254641 -0.1234244480729103
vn -1.0581635220087326 -2.7925272542799009 -2.9072822593399734
v 0.0042752516455948 0.0235999990254641 -0.1212538480758667
vn 0.0000000000000576 -2.7925267669947544 -3.0938647921883415
v -0.0000000000000005 0.0235999990254641 -0.1205000057816505
vn 1.0581635220087902 -2.7925272542799386 -2.9072822593399636
v -0.0042752516455948 0.0235999990254641 -0.1212538480758667
vn 1.9886956833603966 -2.7925280424280374 -2.3700402916409060
v -0.0080348448827863 0.0235999990254641 -0.1234244480729103
vn 2.6793639511658629 -2.7925248980386952 -1.5469340694094669
v -0.0108253173530102 0.0235999990254641 -0.1267499923706055
vn 3.0468621689787661 -2.7925270361151449 -0.5372436410143585
v -0.0123100969940424 0.0235999990254641 -0.1308293938636780
vn 3.0468615382620996 -2.7925258621307529 0.5372453738922484
v -0.0123100969940424 0.0235999990254641 -0.1351706087589264
vn 2.6793666620612120 -2.7925293815707581 1.5469318199093731
v -0.0108253173530102 0.0235999990254641 -0.1392499953508377
vn 1.9886970030619748 -2.7925232465645120 2.3700374766102872
v -0.0080348448827863 0.0235999990254641 -0.1425755620002747
vn 1.0581641146817065 -2.7925304307690348 2.9072829656634123
v -0.0042752516455948 0.0235999990254641 -0.1447461545467377
vn -0.5674364807522092 -3.5111913785941793 -3.0355205126346361
v 0.0020212447270751 0.0235999990254641 -0.1221873015165329
vn 0.5674364807522092 -3.5111913785941802 -3.0355205126346356
v -0.0020212447270751 0.0235999990254641 -0.1221873015165329
vn 1.6256726770076011 -3.5111900927719821 -2.6255589084455284
v -0.0057907537557185 0.0235999990254641 -0.1236476153135300
vn 2.4643564174015333 -3.5111953407930452 -1.8609968637961471
v -0.0087781893089414 0.0235999990254641 -0.1263710111379623
vn 2.9702157814528305 -3.5111901637313325 -0.8450972249390641
v -0.0105800824239850 0.0235999990254641 -0.1299897134304047
vn 3.0749278739804011 -3.5111916766887141 0.2849332917241539
v -0.0109530761837959 0.0235999990254641 -0.1340149492025375
vn 2.7643535602449978 -3.5111934383568091 1.3764863473425637
v -0.0098467962816358 0.0235999990254641 -0.1379031240940094
vn 2.0804425686261476 -3.5111877279141956 2.2821336877650196
v -0.0074106520041823 0.0235999990254641 -0.1411290913820267
vn 1.1155497458013424 -3.5111975032012306 2.8795671183032678
v -0.0039736581966281 0.0235999990254641 -0.1432572007179260
vn 0.0000000000000000 -3.5111857741030343 0.0000000000000000
v -0.0000000000000006 0.0235999990254641 -0.1439999938011169
vn -1.1155497458012522 -3.5111975032012888 2.8795671183032843
v 0.0039736581966281 0.0235999990254641 -0.1432572007179260
vn -2.0804425686261476 -3.5111877279141956 2.2821336877650196
v 0.0074106520041823 0.0235999990254641 -0.1411290913820267
vn -2.7643535602449982 -3.5111934383568091 1.3764863473425637
v 0.0098467962816358 0.0235999990254641 -0.1379031240940094
vn -3.0749278739804011 -3.5111916766887141 0.2849332917241540
v 0.0109530761837959 0.0235999990254641 -0.1340149492025375
vn -2.9702157814528301 -3.5111901637313325 -0.8450972249390643
v 0.0105800824239850 0.0235999990254641 -0.1299897134304047
vn -2.4643564174015333 -3.5111953407930443 -1.8609968637961471
v 0.0087781893089414 0.0235999990254641 -0.1263710111379623
vn -1.6256726770076009 -3.5111900927719821 -2.6255589084455284
v 0.0057907537557185 0.0235999990254641 -0.1236476153135300
vn 0.0000000000000904 -0.0000000000000000 3.0881028048159198
v -0.0000000000000006 0.0235999990254641 -0.1439999938011169
vn -0.0000000000002446 -0.0000000000000001 -3.0345477741406608
v 0.0000000000000003 0.0263500008732080 -0.0174000002443790
vn -2.7364435052865859 2.4383488976830678 -4.7396648884207746
v 0.0007999999797903 0.0263500008732080 -0.0176143571734428
vn -4.7396640433992445 2.4383468457378772 -2.7364459706010478
v 0.0013856407022104 0.0263500008732080 -0.0181999988853931
vn -5.4728915269857037 2.4383483062896625 -0.0000034006645538
v 0.0015999999595806 0.0263500008732080 -0.0189999975264072
vn -4.7396653893977509 2.4383483339016632 2.7364419620476408
v 0.0013856407022104 0.0263500008732080 -0.0197999998927116
vn -2.7364401869036170 2.4383471668930161 4.7396681042855748
v 0.0007999999797903 0.0263500008732080 -0.0203856416046619
vn -0.0000000000002219 -0.0000000000000001 3.0345477741406617
v 0.0000000000000002 0.0076000005938113 -0.0205999985337257
vn -0.0000000000002243 0.0000000000000001 3.0345477741406608
v 0.0000000000000002 0.0263500008732080 -0.0205999985337257
vn 2.7364430079996294 2.4383482795109082 4.7396656398398944
v -0.0007999999797903 0.0263500008732080 -0.0203856416046619
vn 4.7396656424525263 2.4383472109027147 2.7364429847102048
v -0.0013856407022104 0.0263500008732080 -0.0197999998927116
vn 5.4728916953346820 2.4383480474809001 -0.0000030325004394
v -0.0015999999595806 0.0263500008732080 -0.0189999975264072
vn 4.7396641049401866 2.4383477099276569 -2.7364447397400848
v -0.0013856407022104 0.0263500008732080 -0.0181999988853931
vn 2.7364401869032204 2.4383471668930641 -4.7396681042857871
v -0.0007999999797903 0.0263500008732080 -0.0176143571734428
vn -0.0000025633404062 2.4383453997190694 2.4383450096173211
v 0.0000000000000002 0.0263500008732080 -0.0205999985337257
vn -0.0000008825900519 1.9268737078624933 1.9268726574060717
v 0.0000000000000002 0.0275999996811152 -0.0218499992042780
vn 0.0000033697076372 2.4383468539295605 -2.4383438506864237
v 0.0000000000000003 0.0263500008732080 -0.0174000002443790
vn 0.0000034914543603 2.4383466578947850 -5.4728917159448658
v -0.0294448640197515 0.0263500008732080 -0.0344000011682510
vn -2.7364452691730978 2.4383489199966979 -4.7396640122415530
v -0.0286448635160923 0.0263500008732080 -0.0346143580973148
vn -4.7396626697227635 2.4383460312378431 -2.7364488123730255
v -0.0280592236667871 0.0263500008732080 -0.0351999998092651
vn -5.4728917101007362 2.4383488067428036 -0.0000022226259727
v -0.0278448630124331 0.0263500008732080 -0.0359999984502792
vn -4.7396602692495255 2.4383480200796530 2.7364513486479787
v -0.0280592236667871 0.0263500008732080 -0.0368000008165836
vn -2.7364460026105712 2.4383471188838595 4.7396635497199409
v -0.0286448635160923 0.0263500008732080 -0.0373856388032436
vn 0.0000009939748883 2.4383486773353633 5.4728917942770909
v -0.0294448640197515 0.0263500008732080 -0.0375999994575977
vn 2.7364448752560788 2.4383467104391525 4.7396645073832193
v -0.0302448645234108 0.0263500008732080 -0.0373856388032436
vn 4.7396638544545420 2.4383483454028925 2.7364455675328783
v -0.0308305043727160 0.0263500008732080 -0.0368000008165836
vn 5.4728929982250687 2.4383460840040332 -0.0000027742042078
v -0.0310448631644249 0.0263500008732080 -0.0359999984502792
vn 4.7396668091785861 2.4383463862366730 -2.7364420326790770
v -0.0308305043727160 0.0263500008732080 -0.0351999998092651
vn 2.7364419432193308 2.4383470494731627 -4.7396673374312650
v -0.0302448645234108 0.0263500008732080 -0.0346143580973148
vn 0.0000047513821137 2.4383471110699317 -5.4728900291033487
v -0.0294448640197515 0.0263500008732080 -0.0684000030159950
vn -2.7364418557524646 2.4383558358256225 -4.7396613282979487
v -0.0286448635160923 0.0263500008732080 -0.0686143562197685
vn -4.7396675676274267 2.4383452315752829 -2.7364406621312338
v -0.0280592236667871 0.0263500008732080 -0.0692000016570091
vn -5.4728916019724325 2.4383491719076584 0.0000011627788259
v -0.0278448630124331 0.0263500008732080 -0.0700000002980232
vn -4.7396687454422981 2.4383454007974317 2.7364384019389099
v -0.0280592236667871 0.0263500008732080 -0.0707999989390373
vn -2.7364365668967232 2.4383478850612690 4.7396712056086816
v -0.0286448635160923 0.0263500008732080 -0.0713856443762779
vn -0.0000079768564402 2.4383446383975382 5.4728916375295995
v -0.0294448640197515 0.0263500008732080 -0.0715999975800514
vn 2.7364456629945000 2.4383511295382041 4.7396635170700918
v -0.0302448645234108 0.0263500008732080 -0.0713856443762779
vn 4.7396717294518274 2.4383427606585601 2.7364375200829727
v -0.0308305043727160 0.0263500008732080 -0.0707999989390373
vn 5.4728927217551178 2.4383467079763426 0.0000002735717957
v -0.0310448631644249 0.0263500008732080 -0.0700000002980232
vn 4.7396716894826127 2.4383453885838939 -2.7364341704946220
v -0.0308305043727160 0.0263500008732080 -0.0692000016570091
vn 2.7364380408256452 2.4383528014166700 -4.7396658099814681
v -0.0302448645234108 0.0263500008732080 -0.0686143562197685
vn 0.0000047513821137 2.4383471110699317 -5.4728900291033487
v 0.0294448640197515 0.0263500008732080 -0.0684000030159950
vn -2.7364418557524646 2.4383558358256225 -4.7396613282979487
v 0.0302448645234108 0.0263500008732080 -0.0686143562197685
vn -4.7396718903573385 2.4383445707780464 -2.7364348864995862
v 0.0308305043727160 0.0263500008732080 -0.0692000016570091
vn -5.4728927217551178 2.4383467079763426 -0.0000002735717957
v 0.0310448631644249 0.0263500008732080 -0.0700000002980232
vn -4.7396716894826127 2.4383453885838939 2.7364341704946220
v 0.0308305043727160 0.0263500008732080 -0.0707999989390373
vn -2.7364372252983777 2.4383474325267152 4.7396711653775192
v 0.0302448645234108 0.0263500008732080 -0.0713856443762779
vn -0.0000079768564402 2.4383446383975382 5.4728916375295995
v 0.0294448640197515 0.0263500008732080 -0.0715999975800514
vn 2.7364456629945000 2.4383511295382041 4.7396635170700918
v 0.0286448635160923 0.0263500008732080 -0.0713856443762779
vn 4.7396674067228082 2.4383434214545696 2.7364432957159699
v 0.0280592236667871 0.0263500008732080 -0.0707999989390373
vn 5.4728916019724325 2.4383491719076584 -0.0000011627788259
v 0.0278448630124331 0.0263500008732080 -0.0700000002980232
vn 4.7396687454422981 2.4383454007974317 -2.7364384019389099
v 0.0280592236667871 0.0263500008732080 -0.0692000016570091
vn 2.7364373824226402 2.4383532539524508 -4.7396658502117388
v 0.0286448635160923 0.0263500008732080 -0.0686143562197685
vn 0.0000034914543603 2.4383466578947850 -5.4728917159448658
v 0.0294448640197515 0.0263500008732080 -0.0344000011682510
vn -2.7364452691730978 2.4383489199966979 -4.7396640122415530
v 0.0302448645234108 0.0263500008732080 -0.0346143580973148
vn -4.7396669924517836 2.4383453704418336 -2.7364430367400283
v 0.0308305043727160 0.0263500008732080 -0.0351999998092651
vn -5.4728928298764981 2.4383463428119674 -0.0000036589492840
v 0.0310448631644249 0.0263500008732080 -0.0359999984502792
vn -4.7396632132732748 2.4383480078583153 2.7364471172189861
v 0.0308305043727160 0.0263500008732080 -0.0368000008165836
vn -2.7364466610091256 2.4383466663518352 4.7396635094928214
v 0.0302448645234108 0.0263500008732080 -0.0373856388032436
vn 0.0000009939748883 2.4383486773353633 5.4728917942770909
v 0.0294448640197515 0.0263500008732080 -0.0375999994575977
vn 2.7364448752560788 2.4383467104391525 4.7396645073832193
v 0.0286448635160923 0.0263500008732080 -0.0373856388032436
vn 4.7396595317411592 2.4383490062055468 2.7364513431492816
v 0.0280592236667871 0.0263500008732080 -0.0368000008165836
vn 5.4728918784509002 2.4383485479298006 -0.0000042105767848
v 0.0278448630124331 0.0263500008732080 -0.0359999984502792
vn 4.7396638651402236 2.4383463984504088 -2.7364462641243930
v 0.0280592236667871 0.0263500008732080 -0.0351999998092651
vn 2.7364412848192265 2.4383475020064522 -4.7396673776604068
v 0.0286448635160923 0.0263500008732080 -0.0346143580973148
vn 0.0000000000002191 0.0000000000000001 -3.0345442414720174
v -0.0000000000000002 0.0175999999046326 -0.0854000002145767
vn 0.0000000000002184 -0.0000000000000001 -3.0345442414720165
v -0.0000000000000002 0.0263500008732080 -0.0854000002145767
vn -2.7364431113743937 2.4383466881185409 -4.7396653835521665
v 0.0007999999797903 0.0263500008732080 -0.0856143608689308
vn -4.7396625044385399 2.4383501858617542 -2.7364455155201326
v 0.0013856407022104 0.0263500008732080 -0.0861999988555908
vn -5.4728919718004851 2.4383474235125249 0.0000060802554440
v 0.0015999999595806 0.0263500008732080 -0.0870000049471855
vn -4.7396592245760658 2.4383487075757428 2.7364526019681632
v 0.0013856407022104 0.0263500008732080 -0.0878000035881996
vn -2.7364449046968082 2.4383467837683863 4.7396642763348700
v 0.0007999999797903 0.0263500008732080 -0.0883856415748596
vn 0.0000000000002396 -0.0000000000000001 3.0345442414720187
v -0.0000000000000003 0.0175999999046326 -0.0886000022292137
vn 0.0000000000002389 0.0000000000000001 3.0345442414720196
v -0.0000000000000003 0.0263500008732080 -0.0886000022292137
vn 2.7364431113747534 2.4383466881184606 4.7396653835520004
v -0.0007999999797903 0.0263500008732080 -0.0883856415748596
vn 4.7396593063482140 2.4383494555364678 2.7364514872783618
v -0.0013856407022104 0.0263500008732080 -0.0878000035881996
vn 5.4728916351043013 2.4383479411264490 0.0000067860178808
v -0.0015999999595806 0.0263500008732080 -0.0870000049471855
vn 4.7396617934782661 2.4383499555170931 -2.7364470466055324
v -0.0013856407022104 0.0263500008732080 -0.0861999988555908
vn 2.7364449046971941 2.4383467837683392 -4.7396642763346630
v -0.0007999999797903 0.0263500008732080 -0.0856143608689308
vn 0.0000011157242624 2.4383488733719849 2.4383474616827554
v -0.0000000000000003 0.0263500008732080 -0.0886000022292137
vn 0.0000003841574416 1.9268750551927631 1.9268742626654722
v -0.0000000000000003 0.0275999996811152 -0.0898500010371208
vn -0.0000011157238876 2.4383488733720187 -2.4383474616827341
v -0.0000000000000002 0.0263500008732080 -0.0854000002145767
vn -3.0496793944619727 2.9717787767721768 -0.7057471038917958
v 0.0112039064988494 -0.0201999992132187 -0.1304072290658951
vn -3.0496793944619736 3.3114065304074085 -0.7057471038917962
v 0.0112039064988494 -0.0199999995529652 -0.1304072290658951
vn -3.1250838908871934 2.9717757167135574 -0.1801985197947490
v 0.0114809302613139 -0.0201999992132187 -0.1323379874229431
vn -3.1250838908871938 3.3114095904660288 -0.1801985197947491
v 0.0114809302613139 -0.0199999995529652 -0.1323379874229431
vn -3.1105859171328398 2.9717763903945276 0.3505376521809208
v 0.0114276669919491 -0.0201999992132187 -0.1342878043651581
vn -3.1105859171328398 3.3114089167850591 0.3505376521809208
v 0.0114276669919491 -0.0199999995529652 -0.1342878043651581
vn -3.0066019612823429 2.9717773282173106 0.8711870189605860
v 0.0110456505790353 -0.0201999992132187 -0.1362005621194839
vn -3.0066019612823434 3.3114079789622757 0.8711870189605860
v 0.0110456505790353 -0.0199999995529652 -0.1362005621194839
vn -2.8161227849689654 2.9717757120855790 1.3667747757907338
v 0.0103458724915981 -0.0201999992132187 -0.1380212455987930
vn -2.8161227849689650 3.3114095950940081 1.3667747757907340
v 0.0103458724915981 -0.0199999995529652 -0.1380212455987930
vn -2.5446295368807146 2.9717778879720198 1.8230422821349421
v 0.0093484604731202 -0.0201999992132187 -0.1396974772214890
vn -2.5446295368807141 3.3114074192075669 1.8230422821349412
v 0.0093484604731202 -0.0199999995529652 -0.1396974772214890
vn -2.1999350652687193 2.9717787188826450 2.2268608048057756
v 0.0080821113660932 -0.0201999992132187 -0.1411810368299484
vn -2.1999350652687193 3.3114065882969412 2.2268608048057765
v 0.0080821113660932 -0.0199999995529652 -0.1411810368299484
vn -1.7919530615988157 2.9717776345240483 2.5666177463879087
v 0.0065832547843456 -0.0201999992132187 -0.1424292474985123
vn -1.7919530615988160 3.3114076726555388 2.5666177463879092
v 0.0065832547843456 -0.0199999995529652 -0.1424292474985123
vn -1.3324098476562558 2.9717712786584682 2.8325432261734940
v 0.0048950095660985 -0.0201999992132187 -0.1434061974287033
vn -1.3324098476562560 3.3114140285211184 2.8325432261734953
v 0.0048950095660985 -0.0199999995529652 -0.1434061974287033
vn -0.8345376470026231 2.9717791754325944 3.0169803830760733
v 0.0030659437179565 -0.0201999992132187 -0.1440837681293488
vn -0.8345376470026225 3.3114061317469918 3.0169803830760715
v 0.0030659437179565 -0.0199999995529652 -0.1440837681293488
vn -0.3126754194291118 2.9717834445877322 3.1146205801889262
v 0.0011486763833091 -0.0201999992132187 -0.1444424837827682
vn -0.3126754194291120 3.3114018625918549 3.1146205801889262
v 0.0011486763833091 -0.0199999995529652 -0.1444424837827682
vn 0.2181982765924760 2.9717683980834195 3.1226598021412117
v -0.0008016363717616 -0.0201999992132187 -0.1444720327854156
vn 0.2181982765924758 3.3114169090961676 3.1226598021412109
v -0.0008016363717616 -0.0199999995529652 -0.1444720327854156
vn 0.7428072159851068 2.9717752485531119 3.0408646601019833
v -0.0027288873679936 -0.0201999992132187 -0.1441715359687805
vn 0.7428072159851073 3.3114100586264743 3.0408646601019855
v -0.0027288873679936 -0.0199999995529652 -0.1441715359687805
vn 1.2460225442322606 2.9717848252194932 2.8715947219436382
v -0.0045776334591210 -0.0201999992132187 -0.1435496509075165
vn 1.2460225442322601 3.3114004819600931 2.8715947219436369
v -0.0045776334591210 -0.0199999995529652 -0.1435496509075165
vn 1.7133933285223091 2.9717745142376755 2.6197143223138775
v -0.0062946886755526 -0.0201999992132187 -0.1426242887973785
vn 1.7133933285223082 3.3114107929419108 2.6197143223138766
v -0.0062946886755526 -0.0199999995529652 -0.1426242887973785
vn 2.1314871033274536 2.9717743347001058 2.2924620841741508
v -0.0078306579962373 -0.0201999992132187 -0.1414220482110977
vn 2.1314871033274558 3.3114109724794805 2.2924620841741525
v -0.0078306579962373 -0.0199999995529652 -0.1414220482110977
vn 2.4882589308338217 2.9717759838117512 1.8992599999741817
v -0.0091413529589772 -0.0201999992132187 -0.1399775147438049
vn 2.4882589308338208 3.3114093233678350 1.8992599999741808
v -0.0091413529589772 -0.0199999995529652 -0.1399775147438049
vn 2.7734434358326276 2.9717790909108031 1.4514252147039510
v -0.0101890675723553 -0.0201999992132187 -0.1383322477340698
vn 2.7734434358326276 3.3114062162687832 1.4514252147039512
v -0.0101890675723553 -0.0199999995529652 -0.1383322477340698
vn 2.9624313311097299 3.0142304839876433 1.0264672758040585
v -0.0109436623752117 -0.0201999992132187 -0.1365335881710052
vn 2.9624313311097303 3.2689548231919425 1.0264672758040585
v -0.0109436623752117 -0.0199999995529652 -0.1365335881710052
vn 3.0579474792997310 3.0566846578116689 0.7076608632545218
v -0.0112039064988494 -0.0201999992132187 -0.1355927735567093
vn 3.0579474792997310 3.2265006493679165 0.7076608632545217
v -0.0112039064988494 -0.0199999995529652 -0.1355927735567093
vn 3.1121957863451017 3.0142305529807576 0.3793044826237579
v -0.0113834273070097 -0.0201999992132187 -0.1346332728862762
vn 3.1121957863451026 3.2689547541988291 0.3793044826237579
v -0.0113834273070097 -0.0199999995529652 -0.1346332728862762
vn 3.1291078106655403 2.9717772226951995 -0.0854774638163692
v -0.0114957112818956 -0.0201999992132187 -0.1326859742403030
vn 3.1291078106655394 3.3114080844843876 -0.0854774638163692
v -0.0114957112818956 -0.0199999995529652 -0.1326859742403030
vn 3.0696530006066745 2.9717774073403453 -0.6130682649150678
v -0.0112772854045033 -0.0201999992132187 -0.1307477056980133
vn 3.0696530006066745 3.3114078998392422 -0.6130682649150678
v -0.0112772854045033 -0.0199999995529652 -0.1307477056980133
vn 2.9218883010141310 2.9717742882010483 -1.1230264452113308
v -0.0107344323769212 -0.0201999992132187 -0.1288742274045944
vn 2.9218883010141292 3.3114110189785380 -1.1230264452113299
v -0.0107344323769212 -0.0199999995529652 -0.1288742274045944
vn 2.6900693152603599 2.9717810477743098 -1.6006724701516495
v -0.0098827686160803 -0.0201999992132187 -0.1271194517612457
vn 2.6900693152603630 3.3114042594052768 -1.6006724701516513
v -0.0098827686160803 -0.0199999995529652 -0.1271194517612457
vn 2.3808595419536251 2.9717728352400776 -2.0322712097463627
v -0.0087467962875962 -0.0201999992132187 -0.1255338340997696
vn 2.3808595419536229 3.3114124719395086 -2.0322712097463609
v -0.0087467962875962 -0.0199999995529652 -0.1255338340997696
vn 2.0031540049097112 2.9717775570140419 -2.4054098193486597
v -0.0073591945692897 -0.0201999992132187 -0.1241630166769028
vn 2.0031540049097103 3.3114077501655448 -2.4054098193486575
v -0.0073591945692897 -0.0199999995529652 -0.1241630166769028
vn 1.5678289276535116 2.9717794879495631 -2.7093424350521280
v -0.0057598818093538 -0.0201999992132187 -0.1230464205145836
vn 1.5678289276535138 3.3114058192300231 -2.7093424350521316
v -0.0057598818093538 -0.0199999995529652 -0.1230464205145836
vn 1.0873972582572653 2.9717751467580547 -2.9353343180998768
v -0.0039948681369424 -0.0201999992132187 -0.1222161650657654
vn 1.0873972582572646 3.3114101604215316 -2.9353343180998750
v -0.0039948681369424 -0.0199999995529652 -0.1222161650657654
vn 0.5756762255517588 2.9717746909104745 -3.0768842778759460
v -0.0021149290259928 -0.0201999992132187 -0.1216961443424225
vn 0.5756762255517590 3.3114106162691108 -3.0768842778759464
v -0.0021149290259928 -0.0199999995529652 -0.1216961443424225
vn 0.0474005420006779 2.9717795225549866 -3.1299164835885627
v -0.0001741473242873 -0.0201999992132187 -0.1215013191103935
vn 0.0474005420006780 3.3114057846246006 -3.1299164835885604
v -0.0001741473242873 -0.0199999995529652 -0.1215013191103935
vn -0.4822372399543189 2.9717757025802980 -3.0929060871990730
v 0.0017716443398967 -0.0201999992132187 -0.1216372847557068
vn -0.4822372399543191 3.3114096045992882 -3.0929060871990752
v 0.0017716443398967 -0.0199999995529652 -0.1216372847557068
vn -0.9980032260631018 2.9717788215218883 -2.9669197801331681
v 0.0036664686631411 -0.0201999992132187 -0.1221001371741295
vn -0.9980032260631019 3.3114064856576988 -2.9669197801331681
v 0.0036664686631411 -0.0199999995529652 -0.1221001371741295
vn -1.4850627250992461 2.9717723817200294 -2.7555773900868479
v 0.0054558156989515 -0.0201999992132187 -0.1228765547275543
vn -1.4850627250992452 3.3114129254595568 -2.7555773900868465
v 0.0054558156989515 -0.0199999995529652 -0.1228765547275543
vn -1.9293951871160044 2.9717828808012094 -2.4649667377497551
v 0.0070882090367377 -0.0201999992132187 -0.1239442154765129
vn -1.9293951871160051 3.3114024263783763 -2.4649667377497559
v 0.0070882090367377 -0.0199999995529652 -0.1239442154765129
vn -2.3182192756852098 2.9717744876221115 -2.1034446026471572
v 0.0085166860371828 -0.0201999992132187 -0.1252723783254623
vn -2.3182192756852089 3.3114108195574747 -2.1034446026471572
v 0.0085166860371828 -0.0199999995529652 -0.1252723783254623
vn -2.6403613583809786 2.9717748346736448 -1.6814017940909074
v 0.0097001558169723 -0.0201999992132187 -0.1268228590488434
vn -2.6403613583809800 3.3114104725059419 -1.6814017940909083
v 0.0097001558169723 -0.0199999995529652 -0.1268228590488434
vn -2.8865417943798457 2.9717770593381863 -1.2109906773587489
v 0.0106045687571168 -0.0201999992132187 -0.1285510510206223
vn -2.8865417943798430 3.3114082478414004 -1.2109906773587480
v 0.0106045687571168 -0.0199999995529652 -0.1285510510206223
vn -3.0496793944619727 -3.3114065304074085 -0.7057471038917956
v 0.0112039064988494 -0.0260000005364418 -0.1304072290658951
vn -3.0496793944619736 -2.9717787767721768 -0.7057471038917961
v 0.0112039064988494 -0.0257999990135431 -0.1304072290658951
vn -3.1250838908871934 -3.3114095904660283 -0.1801985197947490
v 0.0114809302613139 -0.0260000005364418 -0.1323379874229431
vn -3.1250838908871956 -2.9717757167135574 -0.1801985197947490
v 0.0114809302613139 -0.0257999990135431 -0.1323379874229431
vn -3.1105859171328416 -3.3114089167850591 0.3505376521809209
v 0.0114276669919491 -0.0260000005364418 -0.1342878043651581
vn -3.1105859171328412 -2.9717763903945276 0.3505376521809210
v 0.0114276669919491 -0.0257999990135431 -0.1342878043651581
vn -3.0066019612823442 -3.3114079789622757 0.8711870189605861
v 0.0110456505790353 -0.0260000005364418 -0.1362005621194839
vn -3.0066019612823438 -2.9717773282173106 0.8711870189605861
v 0.0110456505790353 -0.0257999990135431 -0.1362005621194839
vn -2.8161227849689654 -3.3114095950940081 1.3667747757907338
v 0.0103458724915981 -0.0260000005364418 -0.1380212455987930
vn -2.8161227849689641 -2.9717757120855781 1.3667747757907334
v 0.0103458724915981 -0.0257999990135431 -0.1380212455987930
vn -2.5446295368807146 -3.3114074192075664 1.8230422821349419
v 0.0093484604731202 -0.0260000005364418 -0.1396974772214890
vn -2.5446295368807159 -2.9717778879720198 1.8230422821349430
v 0.0093484604731202 -0.0257999990135431 -0.1396974772214890
vn -2.1999350652687206 -3.3114065882969412 2.2268608048057770
v 0.0080821113660932 -0.0260000005364418 -0.1411810368299484
vn -2.1999350652687197 -2.9717787188826450 2.2268608048057765
v 0.0080821113660932 -0.0257999990135431 -0.1411810368299484
vn -1.7919530615988157 -3.3114076726555393 2.5666177463879087
v 0.0065832547843456 -0.0260000005364418 -0.1424292474985123
vn -1.7919530615988160 -2.9717776345240474 2.5666177463879087
v 0.0065832547843456 -0.0257999990135431 -0.1424292474985123
vn -1.3324098476562556 -3.3114140285211180 2.8325432261734935
v 0.0048950095660985 -0.0260000005364418 -0.1434061974287033
vn -1.3324098476562554 -2.9717712786584682 2.8325432261734935
v 0.0048950095660985 -0.0257999990135431 -0.1434061974287033
vn -0.8345376470026222 -3.3114061317469923 3.0169803830760715
v 0.0030659437179565 -0.0260000005364418 -0.1440837681293488
vn -0.8345376470026227 -2.9717791754325944 3.0169803830760729
v 0.0030659437179565 -0.0257999990135431 -0.1440837681293488
vn -0.3126754194291121 -3.3114018625918549 3.1146205801889275
v 0.0011486763833091 -0.0260000005364418 -0.1444424837827682
vn -0.3126754194291119 -2.9717834445877314 3.1146205801889257
v 0.0011486763833091 -0.0257999990135431 -0.1444424837827682
vn 0.2181982765924760 -3.3114169090961676 3.1226598021412113
v -0.0008016363717616 -0.0260000005364418 -0.1444720327854156
vn 0.2181982765924758 -2.9717683980834195 3.1226598021412109
v -0.0008016363717616 -0.0257999990135431 -0.1444720327854156
vn 0.7428072159851069 -3.3114100586264756 3.0408646601019838
v -0.0027288873679936 -0.0260000005364418 -0.1441715359687805
vn 0.7428072159851075 -2.9717752485531110 3.0408646601019860
v -0.0027288873679936 -0.0257999990135431 -0.1441715359687805
vn 1.2460225442322606 -3.3114004819600931 2.8715947219436382
v -0.0045776334591210 -0.0260000005364418 -0.1435496509075165
vn 1.2460225442322601 -2.9717848252194932 2.8715947219436373
v -0.0045776334591210 -0.0257999990135431 -0.1435496509075165
vn 1.7133933285223089 -3.3114107929419108 2.6197143223138770
v -0.0062946886755526 -0.0260000005364418 -0.1426242887973785
vn 1.7133933285223084 -2.9717745142376755 2.6197143223138766
v -0.0062946886755526 -0.0257999990135431 -0.1426242887973785
vn 2.1314871033274541 -3.3114109724794800 2.2924620841741512
v -0.0078306579962373 -0.0260000005364418 -0.1414220482110977
vn 2.1314871033274545 -2.9717743347001067 2.2924620841741521
v -0.0078306579962373 -0.0257999990135431 -0.1414220482110977
vn 2.4882589308338208 -3.3114093233678350 1.8992599999741808
v -0.0091413529589772 -0.0260000005364418 -0.1399775147438049
vn 2.4882589308338208 -2.9717759838117508 1.8992599999741808
v -0.0091413529589772 -0.0257999990135431 -0.1399775147438049
vn 2.7734434358326281 -3.3114062162687832 1.4514252147039512
v -0.0101890675723553 -0.0260000005364418 -0.1383322477340698
vn 2.7734434358326268 -2.9717790909108031 1.4514252147039506
v -0.0101890675723553 -0.0257999990135431 -0.1383322477340698
vn 2.9624313311097294 -3.2689548231919421 1.0264672758040581
v -0.0109436623752117 -0.0260000005364418 -0.1365335881710052
vn 2.9624313311097303 -3.0142304839876437 1.0264672758040585
v -0.0109436623752117 -0.0257999990135431 -0.1365335881710052
vn 3.0579474792997319 -3.2265006493679165 0.7076608632545218
v -0.0112039064988494 -0.0260000005364418 -0.1355927735567093
vn 3.0579474792997328 -3.0566846578116698 0.7076608632545220
v -0.0112039064988494 -0.0257999990135431 -0.1355927735567093
vn 3.1121957863451035 -3.2689547541988286 0.3793044826237581
v -0.0113834273070097 -0.0260000005364418 -0.1346332728862762
vn 3.1121957863451031 -3.0142305529807580 0.3793044826237579
v -0.0113834273070097 -0.0257999990135431 -0.1346332728862762
vn 3.1291078106655412 -3.3114080844843876 -0.0854774638163691
v -0.0114957112818956 -0.0260000005364418 -0.1326859742403030
vn 3.1291078106655377 -2.9717772226951995 -0.0854774638163689
v -0.0114957112818956 -0.0257999990135431 -0.1326859742403030
vn 3.0696530006066727 -3.3114078998392418 -0.6130682649150677
v -0.0112772854045033 -0.0260000005364418 -0.1307477056980133
vn 3.0696530006066740 -2.9717774073403445 -0.6130682649150677
v -0.0112772854045033 -0.0257999990135431 -0.1307477056980133
vn 2.9218883010141306 -3.3114110189785380 -1.1230264452113308
v -0.0107344323769212 -0.0260000005364418 -0.1288742274045944
vn 2.9218883010141301 -2.9717742882010478 -1.1230264452113305
v -0.0107344323769212 -0.0257999990135431 -0.1288742274045944
vn 2.6900693152603612 -3.3114042594052773 -1.6006724701516495
v -0.0098827686160803 -0.0260000005364418 -0.1271194517612457
vn 2.6900693152603612 -2.9717810477743090 -1.6006724701516499
v -0.0098827686160803 -0.0257999990135431 -0.1271194517612457
vn 2.3808595419536234 -3.3114124719395086 -2.0322712097463613
v -0.0087467962875962 -0.0260000005364418 -0.1255338340997696
vn 2.3808595419536238 -2.9717728352400776 -2.0322712097463618
v -0.0087467962875962 -0.0257999990135431 -0.1255338340997696
vn 2.0031540049097125 -3.3114077501655439 -2.4054098193486606
v -0.0073591945692897 -0.0260000005364418 -0.1241630166769028
vn 2.0031540049097121 -2.9717775570140419 -2.4054098193486597
v -0.0073591945692897 -0.0257999990135431 -0.1241630166769028
vn 1.5678289276535131 -3.3114058192300240 -2.7093424350521302
v -0.0057598818093538 -0.0260000005364418 -0.1230464205145836
vn 1.5678289276535131 -2.9717794879495627 -2.7093424350521298
v -0.0057598818093538 -0.0257999990135431 -0.1230464205145836
vn 1.0873972582572644 -3.3114101604215316 -2.9353343180998746
v -0.0039948681369424 -0.0260000005364418 -0.1222161650657654
vn 1.0873972582572642 -2.9717751467580547 -2.9353343180998737
v -0.0039948681369424 -0.0257999990135431 -0.1222161650657654
vn 0.5756762255517586 -3.3114106162691117 -3.0768842778759447
v -0.0021149290259928 -0.0260000005364418 -0.1216961443424225
vn 0.5756762255517591 -2.9717746909104745 -3.0768842778759469
v -0.0021149290259928 -0.0257999990135431 -0.1216961443424225
vn 0.0474005420006779 -3.3114057846246006 -3.1299164835885627
v -0.0001741473242873 -0.0260000005364418 -0.1215013191103935
vn 0.0474005420006780 -2.9717795225549866 -3.1299164835885618
v -0.0001741473242873 -0.0257999990135431 -0.1215013191103935
vn -0.4822372399543189 -3.3114096045992891 -3.0929060871990735
v 0.0017716443398967 -0.0260000005364418 -0.1216372847557068
vn -0.4822372399543188 -2.9717757025802976 -3.0929060871990739
v 0.0017716443398967 -0.0257999990135431 -0.1216372847557068
vn -0.9980032260631014 -3.3114064856576988 -2.9669197801331668
v 0.0036664686631411 -0.0260000005364418 -0.1221001371741295
vn -0.9980032260631014 -2.9717788215218883 -2.9669197801331664
v 0.0036664686631411 -0.0257999990135431 -0.1221001371741295
vn -1.4850627250992456 -3.3114129254595563 -2.7555773900868461
v 0.0054558156989515 -0.0260000005364418 -0.1228765547275543
vn -1.4850627250992459 -2.9717723817200294 -2.7555773900868474
v 0.0054558156989515 -0.0257999990135431 -0.1228765547275543
vn -1.9293951871160053 -3.3114024263783763 -2.4649667377497559
v 0.0070882090367377 -0.0260000005364418 -0.1239442154765129
vn -1.9293951871160062 -2.9717828808012108 -2.4649667377497568
v 0.0070882090367377 -0.0257999990135431 -0.1239442154765129
vn -2.3182192756852107 -3.3114108195574752 -2.1034446026471585
v 0.0085166860371828 -0.0260000005364418 -0.1252723783254623
vn -2.3182192756852111 -2.9717744876221124 -2.1034446026471585
v 0.0085166860371828 -0.0257999990135431 -0.1252723783254623
vn -2.6403613583809804 -3.3114104725059423 -1.6814017940909090
v 0.0097001558169723 -0.0260000005364418 -0.1268228590488434
vn -2.6403613583809795 -2.9717748346736448 -1.6814017940909081
v 0.0097001558169723 -0.0257999990135431 -0.1268228590488434
vn -2.8865417943798448 -3.3114082478414000 -1.2109906773587484
v 0.0106045687571168 -0.0260000005364418 -0.1285510510206223
vn -2.8865417943798426 -2.9717770593381863 -1.2109906773587478
v 0.0106045687571168 -0.0257999990135431 -0.1285510510206223
vn -2.9685766371328435 -3.0207632024426401 -1.0105332762303501
v -0.0119118960574269 -0.0260000005364418 -0.1367890238761902
vn -3.0582225619634724 -3.0610388909553716 -0.7077266972478581
v -0.0121781602501869 -0.0260000005364418 -0.1358182281255722
vn -3.0582225619634720 3.0610388909553716 -0.7077266972478580
v -0.0121781602501869 -0.0199999995529652 -0.1358182281255722
vn -3.1107160921412413 3.0207612578233931 -0.3963193034491234
v -0.0123654427006841 -0.0199999995529652 -0.1348291635513306
vn -3.1107160921412418 -3.0207612578233931 -0.3963193034491234
v -0.0123654427006841 -0.0260000005364418 -0.1348291635513306
vn -3.1310877396426351 -2.9804861660670388 0.0446120028224478
v -0.0124987307935953 -0.0260000005364418 -0.1328219175338745
vn -3.1310877396426351 2.9804861660670388 0.0446120028224478
v -0.0124987307935953 -0.0199999995529652 -0.1328219175338745
vn -3.0833846163555405 -2.9804847997781891 0.5462956069819487
v -0.0123083088546991 -0.0260000005364418 -0.1308192759752274
vn -3.0833846163555405 2.9804847997781887 0.5462956069819487
v -0.0123083088546991 -0.0199999995529652 -0.1308192759752274
vn -2.9558229423200206 -2.9804846134106344 1.0338327566447343
v -0.0117991082370281 -0.0260000005364418 -0.1288731247186661
vn -2.9558229423200206 2.9804846134106344 1.0338327566447343
v -0.0117991082370281 -0.0199999995529652 -0.1288731247186661
vn -2.7517054179156668 -2.9804835952833741 1.4945955714229300
v -0.0109843164682388 -0.0260000005364418 -0.1270338594913483
vn -2.7517054179156668 2.9804835952833750 1.4945955714229302
v -0.0109843164682388 -0.0199999995529652 -0.1270338594913483
vn -2.4763243697279123 -2.9804894013828580 1.9166431178126817
v -0.0098850363865495 -0.0260000005364418 -0.1253491193056107
vn -2.4763243697279123 2.9804894013828580 1.9166431178126817
v -0.0098850363865495 -0.0199999995529652 -0.1253491193056107
vn -2.1368080127159943 -2.9804839328226254 2.2890501115297068
v -0.0085297394543886 -0.0260000005364418 -0.1238625198602676
vn -2.1368080127159939 2.9804839328226258 2.2890501115297064
v -0.0085297394543886 -0.0199999995529652 -0.1238625198602676
vn -1.7419431976732982 -2.9804834985430584 2.6021784044532605
v -0.0069535267539322 -0.0260000005364418 -0.1226125806570053
vn -1.7419431976732982 2.9804834985430579 2.6021784044532605
v -0.0069535267539322 -0.0199999995529652 -0.1226125806570053
vn -1.3019702758454408 -2.9804894549169605 2.8479074192042164
v -0.0051972214132547 -0.0260000005364418 -0.1216316744685173
vn -1.3019702758454408 2.9804894549169605 2.8479074192042169
v -0.0051972214132547 -0.0199999995529652 -0.1216316744685173
vn -0.8282716463616591 -2.9804801169181534 3.0198778047151302
v -0.0033063106238842 -0.0260000005364418 -0.1209451928734779
vn -0.8282716463616592 2.9804801169181534 3.0198778047151302
v -0.0033063106238842 -0.0199999995529652 -0.1209451928734779
vn -0.3331240787471725 -2.9804909787668903 3.1136365911812156
v -0.0013297680998221 -0.0260000005364418 -0.1205709353089333
vn -0.3331240787471725 2.9804909787668903 3.1136365911812152
v -0.0013297680998221 -0.0199999995529652 -0.1205709353089333
vn 0.1706517815028331 -2.9804799318330568 3.1267513010359274
v 0.0006812146166340 -0.0260000005364418 -0.1205185726284981
vn 0.1706517815028331 2.9804799318330568 3.1267513010359274
v 0.0006812146166340 -0.0199999995529652 -0.1205185726284981
vn 0.6700119416522585 -2.9804883597812442 3.0588864638457416
v 0.0026745542418212 -0.0260000005364418 -0.1207894831895828
vn 0.6700119416522585 2.9804883597812442 3.0588864638457416
v 0.0026745542418212 -0.0199999995529652 -0.1207894831895828
vn 1.1520118669696822 -2.9804845942888942 2.9117980833638271
v 0.0045986245386302 -0.0260000005364418 -0.1213766336441040
vn 1.1520118669696822 2.9804845942888938 2.9117980833638279
v 0.0045986245386302 -0.0199999995529652 -0.1213766336441040
vn 1.6041790591149554 -2.9804860139402725 2.6892954635016650
v 0.0064035928808153 -0.0260000005364418 -0.1222648248076439
vn 1.6041790591149554 2.9804860139402720 2.6892954635016650
v 0.0064035928808153 -0.0199999995529652 -0.1222648248076439
vn 2.0147996854710866 -2.9804836740569560 2.3971401542018231
v 0.0080427108332515 -0.0260000005364418 -0.1234310492873192
vn 2.0147996854710866 2.9804836740569565 2.3971401542018236
v 0.0080427108332515 -0.0199999995529652 -0.1234310492873192
vn 2.3732370595519114 -2.9804871537485100 2.0429016875870252
v 0.0094735277816653 -0.0260000005364418 -0.1248451098799706
vn 2.3732370595519114 2.9804871537485105 2.0429016875870252
v 0.0094735277816653 -0.0199999995529652 -0.1248451098799706
vn 2.6702084126083019 -2.9804834311730617 1.6357522833328035
v 0.0106589850038290 -0.0260000005364418 -0.1264703720808029
vn 2.6702084126083014 2.9804834311730612 1.6357522833328033
v 0.0106589850038290 -0.0199999995529652 -0.1264703720808029
vn 2.8980237173914407 -2.9804867463203601 1.1862376055820874
v 0.0115683795884252 -0.0260000005364418 -0.1282647550106049
vn 2.8980237173914407 2.9804867463203601 1.1862376055820878
v 0.0115683795884252 -0.0199999995529652 -0.1282647550106049
vn 3.0507803371162030 -2.9804851528114926 0.7060022639567010
v 0.0121781602501869 -0.0260000005364418 -0.1301817744970322
vn 3.0507803371162030 2.9804851528114931 0.7060022639567008
v 0.0121781602501869 -0.0199999995529652 -0.1301817744970322
vn 3.1245243069130746 -2.9804855118508931 0.2074801237976044
v 0.0124725317582488 -0.0260000005364418 -0.1321717798709869
vn 3.1245243069130746 2.9804855118508935 0.2074801237976044
v 0.0124725317582488 -0.0199999995529652 -0.1321717798709869
vn 3.1173446031135574 -2.9804850061515129 -0.2964158757382864
v 0.0124438721686602 -0.0260000005364418 -0.1341832429170609
vn 3.1173446031135574 2.9804850061515133 -0.2964158757382864
v 0.0124438721686602 -0.0199999995529652 -0.1341832429170609
vn 3.0294272369416166 -2.9804852781361340 -0.7926352107558212
v 0.0120929228141904 -0.0260000005364418 -0.1361640542745590
vn 3.0294272369416166 2.9804852781361335 -0.7926352107558214
v 0.0120929228141904 -0.0199999995529652 -0.1361640542745590
vn 2.8630494005222298 -2.9804854862391159 -1.2683249804986065
v 0.0114287715405226 -0.0260000005364418 -0.1380629241466522
vn 2.8630494005222293 2.9804854862391155 -1.2683249804986065
v 0.0114287715405226 -0.0199999995529652 -0.1380629241466522
vn 2.6225210841858022 -2.9804863209211914 -1.7111645010690024
v 0.0104686226695776 -0.0260000005364418 -0.1398306638002396
vn 2.6225210841858022 2.9804863209211914 -1.7111645010690024
v 0.0104686226695776 -0.0199999995529652 -0.1398306638002396
vn 2.3140665941003999 -2.9804815179131623 -2.1096902101261028
v 0.0092373415827751 -0.0260000005364418 -0.1414214968681335
vn 2.3140665941003999 2.9804815179131632 -2.1096902101261028
v 0.0092373415827751 -0.0199999995529652 -0.1414214968681335
vn 1.9456865937778232 -2.9804922708523027 -2.4535706990729995
v 0.0077668181620538 -0.0260000005364418 -0.1427942067384720
vn 1.9456865937778236 2.9804922708523027 -2.4535706990730000
v 0.0077668181620538 -0.0199999995529652 -0.1427942067384720
vn 1.5269113896811441 -2.9804799447311692 -2.7339051460013044
v 0.0060951388441026 -0.0260000005364418 -0.1439132690429688
vn 1.5269113896811439 2.9804799447311687 -2.7339051460013044
v 0.0060951388441026 -0.0199999995529652 -0.1439132690429688
vn 1.0685802910931415 -2.9804846342378433 -2.9434394189504185
v 0.0042655980214477 -0.0260000005364418 -0.1447496712207794
vn 1.0685802910931415 2.9804846342378433 -2.9434394189504189
v 0.0042655980214477 -0.0199999995529652 -0.1447496712207794
vn 0.5825889056550386 -2.9804907175103064 -3.0767343781984549
v 0.0023255804553628 -0.0260000005364418 -0.1452817618846893
vn 0.5825889056550385 2.9804907175103064 -3.0767343781984544
v 0.0023255804553628 -0.0199999995529652 -0.1452817618846893
vn 0.0814948981147809 -2.9804756891499786 -3.1303435836959594
v 0.0003253316390328 -0.0260000005364418 -0.1454957723617554
vn 0.0814948981147809 2.9804756891499791 -3.1303435836959599
v 0.0003253316390328 -0.0199999995529652 -0.1454957723617554
vn -0.4217049553959866 -2.9804938374558421 -3.1028811880592597
v -0.0016833428526297 -0.0260000005364418 -0.1453861296176910
vn -0.4217049553959866 2.9804938374558425 -3.1028811880592597
v -0.0016833428526297 -0.0199999995529652 -0.1453861296176910
vn -0.9139680164187689 -2.9804853890936029 -2.9950563457222117
v -0.0036484203301370 -0.0260000005364418 -0.1449557095766068
vn -0.9139680164187689 2.9804853890936029 -2.9950563457222117
v -0.0036484203301370 -0.0199999995529652 -0.1449557095766068
vn -1.3825757239026486 -2.9804834083328835 -2.8096588491820924
v -0.0055190050043166 -0.0260000005364418 -0.1442156434059143
vn -1.3825757239026488 2.9804834083328831 -2.8096588491820933
v -0.0055190050043166 -0.0199999995529652 -0.1442156434059143
vn -1.8153784294945394 -2.9804827432464469 -2.5514895869569476
v -0.0072466502897441 -0.0260000005364418 -0.1431850939989090
vn -1.8153784294945394 2.9804827432464469 -2.5514895869569476
v -0.0072466502897441 -0.0199999995529652 -0.1431850939989090
vn -2.2011557573259584 -2.9804900523947064 -2.2272442776856716
v -0.0087866112589836 -0.0260000005364418 -0.1418907493352890
vn -2.2011557573259579 2.9804900523947060 -2.2272442776856716
v -0.0087866112589836 -0.0199999995529652 -0.1418907493352890
vn -2.5299253228861902 -2.9804808552132971 -1.8453114427237751
v -0.0100990040227771 -0.0260000005364418 -0.1403661519289017
vn -2.5299253228861902 2.9804808552132980 -1.8453114427237749
v -0.0100990040227771 -0.0199999995529652 -0.1403661519289017
vn -2.7931747933434776 -2.9804872059167158 -1.4155832935941686
v -0.0111498376354575 -0.0260000005364418 -0.1386507600545883
vn -2.7931747933434776 2.9804872059167162 -1.4155832935941688
v -0.0111498376354575 -0.0199999995529652 -0.1386507600545883
vn -2.9685766371328435 3.0207632024426401 -1.0105332762303501
v -0.0119118960574269 -0.0199999995529652 -0.1367890238761902
vn -2.1292597670177673 -3.3743121611348572 2.2809710297744816
v -0.0040942751802504 -0.0257999990135431 -0.1286140084266663
vn -2.5978975687983530 -3.3742963003668196 1.7284450429408549
v -0.0049953921698034 -0.0257999990135431 -0.1296764463186264
vn -2.9264740220468943 -3.3743064330112746 1.0827429572238367
v -0.0056272065266967 -0.0257999990135431 -0.1309180408716202
vn -3.0972894329109346 -3.3743028933387649 0.3786617359041577
v -0.0059556569904089 -0.0257999990135431 -0.1322718858718872
vn -2.9146008871361095 -3.3161278219103161 -1.1400585132974363
v -0.0056489468552172 -0.0257999990135431 -0.1350222229957581
vn -2.6160592846983137 -3.3743028505798671 -1.7008293297873438
v -0.0050303204916418 -0.0257999990135431 -0.1362704485654831
vn -2.1533059422064706 -3.3743026310278870 -2.2582870409313909
v -0.0041405088268220 -0.0257999990135431 -0.1373423635959625
vn -1.5744696066930266 -3.3743015545462192 -2.6939995402111019
v -0.0030274814926088 -0.0257999990135431 -0.1381801813840866
vn -3.1191294143108825 -3.3161271545696231 -0.2562499047426046
v -0.0059630363248289 -0.0257999990135431 -0.1336649805307388
vn -3.0555273102059233 -3.2579451444774170 -0.7071007639775140
v -0.0058455169200897 -0.0257999990135431 -0.1343527436256409
vn -0.1649256326161518 -3.3742948076028738 3.1159902565503996
v -0.0003171362332068 -0.0257999990135431 -0.1270083934068680
vn -0.8790800675072984 -3.3743144591450367 2.9939591870423059
v -0.0016903488431126 -0.0257999990135431 -0.1272430270910263
vn -1.5458414580065609 -3.3742924340812590 2.7105299538984884
v -0.0029724342748523 -0.0257999990135431 -0.1277880370616913
vn 1.2510689218509761 -3.3743127330780438 2.8585664057299707
v 0.0024056276306510 -0.0257999990135431 -0.1275033652782440
vn 0.5581023769493912 -3.3743024217497197 3.0700340087677871
v 0.0010731732472777 -0.0257999990135431 -0.1270967572927475
vn 2.7958245937745909 -3.3743021213000475 1.3856234195898967
v 0.0053759841248393 -0.0257999990135431 -0.1303356438875198
vn 2.4009145749731946 -3.3743053270517143 1.9930361199584101
v 0.0046166311949492 -0.0257999990135431 -0.1291676759719849
vn 1.8765805660769641 -3.3742950289225258 2.4929983695081943
v 0.0036083937156945 -0.0257999990135431 -0.1282063126564026
vn 3.0323872286953417 -3.3743013149275898 -0.7356738632012965
v 0.0058308579027653 -0.0257999990135431 -0.1344145983457565
vn 3.1203066095417200 -3.3743028428654886 -0.0165306185806925
v 0.0059999157674611 -0.0257999990135431 -0.1330317854881287
vn 3.0400093653044729 -3.3743056089758756 0.7035101348194163
v 0.0058455169200897 -0.0257999990135431 -0.1316472440958023
vn 1.8500564231887513 -3.3742930581985666 -2.5127453044527721
v 0.0035574084613472 -0.0257999990135431 -0.1378316432237625
vn 2.3796623844143903 -3.3743114885724039 -2.0183616365130161
v 0.0045757736079395 -0.0257999990135431 -0.1368810236454010
vn 2.7809917401414306 -3.3743032992033886 -1.4151575957586457
v 0.0053474567830563 -0.0257999990135431 -0.1357211619615555
vn 0.5255563936483147 -3.3743134757629969 -3.0757706310844335
v 0.0010105756809935 -0.0257999990135431 -0.1389142870903015
vn 1.2207249841669201 -3.3743017931920356 -2.8716577627741060
v 0.0023472628090531 -0.0257999990135431 -0.1385218054056168
vn -0.9107520736207304 -3.3743037696601879 -2.9844792183164355
v -0.0017512417398393 -0.0257999990135431 -0.1387387365102768
vn -0.1979406360010249 -3.3742986784409998 -3.1140666085952300
v -0.0003805918677244 -0.0257999990135431 -0.1389879137277603
vn 2.4009145749731950 3.3743053270517143 1.9930361199584106
v 0.0046166311949492 -0.0201999992132187 -0.1291676759719849
vn 2.7958245937745905 3.3743021213000475 1.3856234195898964
v 0.0053759841248393 -0.0201999992132187 -0.1303356438875198
vn 3.0400093653044715 3.3743056089758756 0.7035101348194162
v 0.0058455169200897 -0.0201999992132187 -0.1316472440958023
vn 3.1203066095417205 3.3743028428654886 -0.0165306185806923
v 0.0059999157674611 -0.0201999992132187 -0.1330317854881287
vn 0.5581023769493910 3.3743024217497197 3.0700340087677862
v 0.0010731732472777 -0.0201999992132187 -0.1270967572927475
vn 1.2510689218509770 3.3743127330780434 2.8585664057299724
v 0.0024056276306510 -0.0201999992132187 -0.1275033652782440
vn 1.8765805660769632 3.3742950289225258 2.4929983695081934
v 0.0036083937156945 -0.0201999992132187 -0.1282063126564026
vn 1.2207249841669210 3.3743017931920360 -2.8716577627741082
v 0.0023472628090531 -0.0201999992132187 -0.1385218054056168
vn 0.5255563936483147 3.3743134757629960 -3.0757706310844330
v 0.0010105756809935 -0.0201999992132187 -0.1389142870903015
vn -0.1979406360010250 3.3742986784409998 -3.1140666085952313
v -0.0003805918677244 -0.0201999992132187 -0.1389879137277603
vn -0.9107520736207305 3.3743037696601879 -2.9844792183164364
v -0.0017512417398393 -0.0201999992132187 -0.1387387365102768
vn 2.3796623844143907 3.3743114885724044 -2.0183616365130157
v 0.0045757736079395 -0.0201999992132187 -0.1368810236454010
vn 1.8500564231887511 3.3742930581985662 -2.5127453044527712
v 0.0035574084613472 -0.0201999992132187 -0.1378316432237625
vn 3.0323872286953413 3.3743013149275898 -0.7356738632012964
v 0.0058308579027653 -0.0201999992132187 -0.1344145983457565
vn 2.7809917401414310 3.3743032992033886 -1.4151575957586457
v 0.0053474567830563 -0.0201999992132187 -0.1357211619615555
vn -0.8790800675072981 3.3743144591450367 2.9939591870423055
v -0.0016903488431126 -0.0201999992132187 -0.1272430270910263
vn -0.1649256326161518 3.3742948076028734 3.1159902565504001
v -0.0003171362332068 -0.0201999992132187 -0.1270083934068680
vn -2.5978975687983521 3.3742963003668196 1.7284450429408538
v -0.0049953921698034 -0.0201999992132187 -0.1296764463186264
vn -2.1292597670177678 3.3743121611348572 2.2809710297744821
v -0.0040942751802504 -0.0201999992132187 -0.1286140084266663
vn -1.5458414580065600 3.3742924340812595 2.7105299538984875
v -0.0029724342748523 -0.0201999992132187 -0.1277880370616913
vn -1.5744696066930257 3.3743015545462192 -2.6939995402111006
v -0.0030274814926088 -0.0201999992132187 -0.1381801813840866
vn -2.1533059422064715 3.3743026310278874 -2.2582870409313922
v -0.0041405088268220 -0.0201999992132187 -0.1373423635959625
vn -2.6160592846983137 3.3743028505798671 -1.7008293297873436
v -0.0050303204916418 -0.0201999992132187 -0.1362704485654831
vn -3.1191294143108825 3.3161271545696231 -0.2562499047426046
v -0.0059630363248289 -0.0201999992132187 -0.1336649805307388
vn -3.0972894329109364 3.3743028933387640 0.3786617359041579
v -0.0059556569904089 -0.0201999992132187 -0.1322718858718872
vn -2.9264740220468943 3.3743064330112746 1.0827429572238365
v -0.0056272065266967 -0.0201999992132187 -0.1309180408716202
vn -2.9146008871361095 3.3161278219103165 -1.1400585132974361
v -0.0056489468552172 -0.0201999992132187 -0.1350222229957581
vn -3.0555273102059233 3.2579451444774175 -0.7071007639775138
v -0.0058455169200897 -0.0201999992132187 -0.1343527436256409
vn -3.0555273102059233 3.0252401627021697 -0.7071007639775138
v -0.0058455169200897 -0.0199999995529652 -0.1343527436256409
vn -3.1191294143108830 2.9670581526099635 -0.2562499047426046
v -0.0059630363248289 -0.0199999995529652 -0.1336649805307388
vn -3.0972894329109351 2.9088824138408236 0.3786617359041578
v -0.0059556569904089 -0.0199999995529652 -0.1322718858718872
vn -2.9264740220468943 2.9088788741683116 1.0827429572238363
v -0.0056272065266967 -0.0199999995529652 -0.1309180408716202
vn -2.5978975687983521 2.9088890068127666 1.7284450429408542
v -0.0049953921698034 -0.0199999995529652 -0.1296764463186264
vn -2.1292597670177669 2.9088731460447299 2.2809710297744812
v -0.0040942751802504 -0.0199999995529652 -0.1286140084266663
vn -1.5458414580065605 2.9088928730983272 2.7105299538984871
v -0.0029724342748523 -0.0199999995529652 -0.1277880370616913
vn -0.8790800675072984 2.9088708480345495 2.9939591870423063
v -0.0016903488431126 -0.0199999995529652 -0.1272430270910263
vn -0.1649256326161518 2.9088904995767129 3.1159902565504001
v -0.0003171362332068 -0.0199999995529652 -0.1270083934068680
vn 0.5581023769493910 2.9088828854298669 3.0700340087677866
v 0.0010731732472777 -0.0199999995529652 -0.1270967572927475
vn 1.2510689218509765 2.9088725741015438 2.8585664057299716
v 0.0024056276306510 -0.0199999995529652 -0.1275033652782440
vn 1.8765805660769641 2.9088902782570609 2.4929983695081939
v 0.0036083937156945 -0.0199999995529652 -0.1282063126564026
vn 2.4009145749731946 2.9088799801278720 1.9930361199584101
v 0.0046166311949492 -0.0199999995529652 -0.1291676759719849
vn 2.7958245937745905 2.9088831858795388 1.3856234195898964
v 0.0053759841248393 -0.0199999995529652 -0.1303356438875198
vn 3.0400093653044720 2.9088796982037106 0.7035101348194162
v 0.0058455169200897 -0.0199999995529652 -0.1316472440958023
vn 3.1203066095417191 2.9088824643140980 -0.0165306185806923
v 0.0059999157674611 -0.0199999995529652 -0.1330317854881287
vn 3.0323872286953417 2.9088839922519965 -0.7356738632012965
v 0.0058308579027653 -0.0199999995529652 -0.1344145983457565
vn 2.7809917401414315 2.9088820079761986 -1.4151575957586462
v 0.0053474567830563 -0.0199999995529652 -0.1357211619615555
vn 2.3796623844143898 2.9088738186071836 -2.0183616365130148
v 0.0045757736079395 -0.0199999995529652 -0.1368810236454010
vn 1.8500564231887520 2.9088922489810201 -2.5127453044527726
v 0.0035574084613472 -0.0199999995529652 -0.1378316432237625
vn 1.2207249841669205 2.9088835139875506 -2.8716577627741073
v 0.0023472628090531 -0.0199999995529652 -0.1385218054056168
vn 0.5255563936483146 2.9088718314165902 -3.0757706310844330
v 0.0010105756809935 -0.0199999995529652 -0.1389142870903015
vn -0.1979406360010250 2.9088866287385864 -3.1140666085952304
v -0.0003805918677244 -0.0199999995529652 -0.1389879137277603
vn -0.9107520736207302 2.9088815375193988 -2.9844792183164355
v -0.0017512417398393 -0.0199999995529652 -0.1387387365102768
vn -1.5744696066930266 2.9088837526333675 -2.6939995402111019
v -0.0030274814926088 -0.0199999995529652 -0.1381801813840866
vn -2.1533059422064706 2.9088826761516988 -2.2582870409313913
v -0.0041405088268220 -0.0199999995529652 -0.1373423635959625
vn -2.6160592846983137 2.9088824565997191 -1.7008293297873436
v -0.0050303204916418 -0.0199999995529652 -0.1362704485654831
vn -2.9146008871361095 2.9670574852692706 -1.1400585132974363
v -0.0056489468552172 -0.0199999995529652 -0.1350222229957581
vn -3.0365725059287718 -3.3929151835489968 -0.7027104122175799
v 0.0048712636344135 -0.0260000005364418 -0.1318727135658264
vn -3.0365725059287723 3.3929151835489968 -0.7027104122175801
v 0.0048712636344135 -0.0199999995529652 -0.1318727135658264
vn -3.1159289731287254 -3.3929209963467049 0.0745252172239605
v 0.0049985707737505 -0.0260000005364418 -0.1331195533275604
vn -3.1159289731287250 3.3929209963467049 0.0745252172239606
v 0.0049985707737505 -0.0199999995529652 -0.1331195533275604
vn -2.9995008923337823 -3.3929226052363686 0.8470890130172016
v 0.0048117982223630 -0.0260000005364418 -0.1343588978052139
vn -2.9995008923337827 3.3929226052363690 0.8470890130172017
v 0.0048117982223630 -0.0199999995529652 -0.1343588978052139
vn -2.6946068940993113 -3.3929149624173078 1.5664189940272593
v 0.0043226834386587 -0.0260000005364418 -0.1355128437280655
vn -2.6946068940993113 3.3929149624173083 1.5664189940272593
v 0.0043226834386587 -0.0199999995529652 -0.1355128437280655
vn -2.2203929907974977 -3.3929283123986829 2.1873301902831690
v 0.0035619582049549 -0.0260000005364418 -0.1365089118480682
vn -2.2203929907974969 3.3929283123986829 2.1873301902831690
v 0.0035619582049549 -0.0199999995529652 -0.1365089118480682
vn -1.6066789591596704 -3.3929056103471780 2.6707993143485895
v 0.0025774221867323 -0.0260000005364418 -0.1372844874858856
vn -1.6066789591596711 3.3929056103471784 2.6707993143485904
v 0.0025774221867323 -0.0199999995529652 -0.1372844874858856
vn -0.8919986357296799 -3.3929352573473812 2.9864507873539998
v 0.0014309370890260 -0.0260000005364418 -0.1377908736467361
vn -0.8919986357296796 3.3929352573473812 2.9864507873539994
v 0.0014309370890260 -0.0199999995529652 -0.1377908736467361
vn -0.1212607287045756 -3.3929139824066730 3.1144617218595707
v 0.0001945411640918 -0.0260000005364418 -0.1379962116479874
vn -0.1212607287045756 3.3929139824066734 3.1144617218595712
v 0.0001945411640918 -0.0199999995529652 -0.1379962116479874
vn 0.6570804230890335 -3.3929240532341569 3.0467702472654574
v -0.0010540786897764 -0.0260000005364418 -0.1378876268863678
vn 0.6570804230890334 3.3929240532341565 3.0467702472654570
v -0.0010540786897764 -0.0199999995529652 -0.1378876268863678
vn 1.3941327854140455 -3.3929115607344609 2.7876464499225078
v -0.0022364666219801 -0.0260000005364418 -0.1374719291925430
vn 1.3941327854140457 3.3929115607344613 2.7876464499225087
v -0.0022364666219801 -0.0199999995529652 -0.1374719291925430
vn 2.0435903437724234 -3.3929281110049132 2.3533586953357490
v -0.0032783295027912 -0.0260000005364418 -0.1367752552032471
vn 2.0435903437724230 3.3929281110049136 2.3533586953357482
v -0.0032783295027912 -0.0199999995529652 -0.1367752552032471
vn 2.5646469877593461 -3.3929129571537429 1.7712038469994722
v -0.0041142026893795 -0.0260000005364418 -0.1358413547277451
vn 2.5646469877593465 3.3929129571537424 1.7712038469994722
v -0.0041142026893795 -0.0199999995529652 -0.1358413547277451
vn 2.8992948637060501 -3.3300949032263634 1.1731490074253605
v -0.0046915649436414 -0.0260000005364418 -0.1347289383411407
vn 2.8992948637060501 3.3300949032263634 1.1731490074253608
v -0.0046915649436414 -0.0199999995529652 -0.1347289383411407
vn 3.0546665698692008 -3.2672511375572859 0.7068998433506638
v -0.0048712636344135 -0.0260000005364418 -0.1341272890567780
vn 3.0546665698691995 3.2672511375572855 0.7068998433506637
v -0.0048712636344135 -0.0199999995529652 -0.1341272890567780
vn 3.1199167644565984 -3.3300898790900870 0.2198029323439492
v -0.0049741393886507 -0.0260000005364418 -0.1335078775882721
vn 3.1199167644566002 3.3300898790900870 0.2198029323439493
v -0.0049741393886507 -0.0199999995529652 -0.1335078775882721
vn 3.0820184345902102 -3.3929201560597511 -0.4644682698133087
v -0.0049441708251834 -0.0260000005364418 -0.1322548985481262
vn 3.0820184345902106 3.3929201560597511 -0.4644682698133088
v -0.0049441708251834 -0.0199999995529652 -0.1322548985481262
vn 2.8696825370928094 -3.3929200922603520 -1.2163431339135902
v -0.0046035409905016 -0.0260000005364418 -0.1310487389564514
vn 2.8696825370928085 3.3929200922603520 -1.2163431339135899
v -0.0046035409905016 -0.0199999995529652 -0.1310487389564514
vn 2.4770331756440309 -3.3929207462504696 -1.8917913011936789
v -0.0039736540056765 -0.0260000005364418 -0.1299651861190796
vn 2.4770331756440309 3.3929207462504696 -1.8917913011936789
v -0.0039736540056765 -0.0199999995529652 -0.1299651861190796
vn 1.9287394501233441 -3.3929223378539808 -2.4483729006766346
v -0.0030940880533308 -0.0260000005364418 -0.1290723234415054
vn 1.9287394501233446 3.3929223378539808 -2.4483729006766355
v -0.0030940880533308 -0.0199999995529652 -0.1290723234415054
vn 1.2592573389774697 -3.3929191198213529 -2.8511121743549426
v -0.0020201087463647 -0.0260000005364418 -0.1284262537956238
vn 1.2592573389774695 3.3929191198213537 -2.8511121743549417
v -0.0020201087463647 -0.0199999995529652 -0.1284262537956238
vn 0.5106648547976553 -3.3929132222738083 -3.0747029645426589
v -0.0008191987290047 -0.0260000005364418 -0.1280675679445267
vn 0.5106648547976554 3.3929132222738088 -3.0747029645426589
v -0.0008191987290047 -0.0199999995529652 -0.1280675679445267
vn -0.2700296888016736 -3.3929293635921183 -3.1050992048510553
v 0.0004331844975241 -0.0260000005364418 -0.1280187964439392
vn -0.2700296888016734 3.3929293635921178 -3.1050992048510548
v 0.0004331844975241 -0.0199999995529652 -0.1280187964439392
vn -1.0337658351056087 -3.3929190537393619 -2.9403907828364977
v 0.0016583492979407 -0.0260000005364418 -0.1282830238342285
vn -1.0337658351056085 3.3929190537393614 -2.9403907828364986
v 0.0016583492979407 -0.0199999995529652 -0.1282830238342285
vn -1.7325194402285318 -3.3929092986820608 -2.5909376909390747
v 0.0027793138287961 -0.0260000005364418 -0.1288436353206635
vn -1.7325194402285320 3.3929092986820608 -2.5909376909390747
v 0.0027793138287961 -0.0199999995529652 -0.1288436353206635
vn -2.3224237836254327 -3.3929283510770079 -2.0786789354512765
v 0.0037256437353790 -0.0260000005364418 -0.1296653896570206
vn -2.3224237836254327 3.3929283510770079 -2.0786789354512769
v 0.0037256437353790 -0.0199999995529652 -0.1296653896570206
vn -2.7664160146146730 -3.3929230468536451 -1.4357950031933187
v 0.0044378782622516 -0.0260000005364418 -0.1306966841220856
vn -2.7664160146146726 3.3929230468536451 -1.4357950031933182
v 0.0044378782622516 -0.0199999995529652 -0.1306966841220856
vn -2.9146008871361104 -2.9670574852692706 -1.1400585132974363
v -0.0056489468552172 -0.0260000005364418 -0.1350222229957581
vn -3.0555273102059237 -3.0252401627021697 -0.7071007639775139
v -0.0058455169200897 -0.0260000005364418 -0.1343527436256409
vn -3.1191294143108825 -2.9670581526099635 -0.2562499047426046
v -0.0059630363248289 -0.0260000005364418 -0.1336649805307388
vn -3.0972894329109346 -2.9088824138408236 0.3786617359041579
v -0.0059556569904089 -0.0260000005364418 -0.1322718858718872
vn -2.9264740220468939 -2.9088788741683120 1.0827429572238363
v -0.0056272065266967 -0.0260000005364418 -0.1309180408716202
vn -2.5978975687983525 -2.9088890068127662 1.7284450429408542
v -0.0049953921698034 -0.0260000005364418 -0.1296764463186264
vn -2.1292597670177682 -2.9088731460447299 2.2809710297744830
v -0.0040942751802504 -0.0260000005364418 -0.1286140084266663
vn -1.5458414580065605 -2.9088928730983268 2.7105299538984879
v -0.0029724342748523 -0.0260000005364418 -0.1277880370616913
vn -0.8790800675072984 -2.9088708480345495 2.9939591870423063
v -0.0016903488431126 -0.0260000005364418 -0.1272430270910263
vn -0.1649256326161518 -2.9088904995767129 3.1159902565503992
v -0.0003171362332068 -0.0260000005364418 -0.1270083934068680
vn 0.5581023769493909 -2.9088828854298669 3.0700340087677853
v 0.0010731732472777 -0.0260000005364418 -0.1270967572927475
vn 1.2510689218509770 -2.9088725741015442 2.8585664057299729
v 0.0024056276306510 -0.0260000005364418 -0.1275033652782440
vn 1.8765805660769628 -2.9088902782570609 2.4929983695081930
v 0.0036083937156945 -0.0260000005364418 -0.1282063126564026
vn 2.4009145749731946 -2.9088799801278729 1.9930361199584106
v 0.0046166311949492 -0.0260000005364418 -0.1291676759719849
vn 2.7958245937745905 -2.9088831858795388 1.3856234195898964
v 0.0053759841248393 -0.0260000005364418 -0.1303356438875198
vn 3.0400093653044724 -2.9088796982037115 0.7035101348194164
v 0.0058455169200897 -0.0260000005364418 -0.1316472440958023
vn 3.1203066095417205 -2.9088824643140985 -0.0165306185806923
v 0.0059999157674611 -0.0260000005364418 -0.1330317854881287
vn 3.0323872286953426 -2.9088839922519965 -0.7356738632012965
v 0.0058308579027653 -0.0260000005364418 -0.1344145983457565
vn 2.7809917401414306 -2.9088820079761977 -1.4151575957586457
v 0.0053474567830563 -0.0260000005364418 -0.1357211619615555
vn 2.3796623844143898 -2.9088738186071823 -2.0183616365130153
v 0.0045757736079395 -0.0260000005364418 -0.1368810236454010
vn 1.8500564231887517 -2.9088922489810205 -2.5127453044527721
v 0.0035574084613472 -0.0260000005364418 -0.1378316432237625
vn 1.2207249841669208 -2.9088835139875506 -2.8716577627741073
v 0.0023472628090531 -0.0260000005364418 -0.1385218054056168
vn 0.5255563936483143 -2.9088718314165902 -3.0757706310844313
v 0.0010105756809935 -0.0260000005364418 -0.1389142870903015
vn -0.1979406360010250 -2.9088866287385864 -3.1140666085952313
v -0.0003805918677244 -0.0260000005364418 -0.1389879137277603
vn -0.9107520736207304 -2.9088815375193988 -2.9844792183164355
v -0.0017512417398393 -0.0260000005364418 -0.1387387365102768
vn -1.5744696066930259 -2.9088837526333675 -2.6939995402111006
v -0.0030274814926088 -0.0260000005364418 -0.1381801813840866
vn -2.1533059422064715 -2.9088826761516988 -2.2582870409313922
v -0.0041405088268220 -0.0260000005364418 -0.1373423635959625
vn -2.6160592846983128 -2.9088824565997191 -1.7008293297873434
v -0.0050303204916418 -0.0260000005364418 -0.1362704485654831
vn 2.8373482370327463 -2.9800384756663503 -1.3240129549214206
v 0.0113232554867864 -0.0003999999898952 -0.0582947023212910
vn 3.0157218537824413 2.9762453066782668 -0.8412618707289148
v 0.0120403012260795 0.0095999995246530 -0.0563587434589863
vn 3.0157218537824408 -2.9762453066782673 -0.8412618707289146
v 0.0120403012260795 -0.0003999999898952 -0.0563587434589863
vn 3.1130586069290151 2.9762454695225817 -0.3334157713991217
v 0.0124289179220796 0.0095999995246530 -0.0543311685323715
vn 3.1130586069290156 -2.9762454695225817 -0.3334157713991218
v 0.0124289179220796 -0.0003999999898952 -0.0543311685323715
vn 3.1369374287772098 3.0444093651137902 0.0770889663118517
v 0.0124785061925650 0.0095999995246530 -0.0522672794759274
vn 3.1258223875380144 -2.9800377663904714 0.1810778278203335
v 0.0124785061925650 -0.0003999999898952 -0.0522672794759274
vn 3.1183525356773076 3.0584144184696420 0.3586342615218930
v 0.0124519923701882 0.0095999995246530 -0.0519055239856243
vn 3.0522954578342847 -2.9797082181447005 0.6978803998160967
v 0.0121877146884799 -0.0003999999898952 -0.0502233766019344
vn 3.0492703926510165 2.9907534755946639 0.7179981869422887
v 0.0121877146884799 0.0095999995246530 -0.0502233766019344
vn 2.8965415514066217 2.9762468287127311 1.1884225308177385
v 0.0115644717589021 0.0095999995246530 -0.0482552163302898
vn 2.8965415514066213 -2.9762468287127311 1.1884225308177383
v 0.0115644717589021 -0.0003999999898952 -0.0482552163302898
vn 2.6614300638104433 2.9762463747616454 1.6489665604584847
v 0.0106257824227214 0.0095999995246530 -0.0464164800941944
vn 2.6614300638104438 -2.9762463747616454 1.6489665604584847
v 0.0106257824227214 -0.0003999999898952 -0.0464164800941944
vn 2.3537195338140702 2.9762441011613050 2.0645346234656641
v 0.0093972487375140 0.0095999995246530 -0.0447573214769363
vn 2.3537195338140702 -2.9762441011613059 2.0645346234656641
v 0.0093972487375140 -0.0003999999898952 -0.0447573214769363
vn 1.9818048106668285 2.9762456319670272 2.4237883140147707
v 0.0079123824834824 0.0095999995246530 -0.0433230064809322
vn 1.9818048106668287 -2.9762456319670276 2.4237883140147707
v 0.0079123824834824 -0.0003999999898952 -0.0433230064809322
vn 1.5558344965184148 2.9762466672550731 2.7169247245887771
v 0.0062116868793964 0.0095999995246530 -0.0421526543796062
vn 1.5558344965184148 -2.9762466672550731 2.7169247245887780
v 0.0062116868793964 -0.0003999999898952 -0.0421526543796062
vn 1.0874246460306880 2.9762452750079276 2.9359508592625185
v 0.0043415524996817 0.0095999995246530 -0.0412781871855259
vn 1.0874246460306878 -2.9762452750079276 2.9359508592625181
v 0.0043415524996817 -0.0003999999898952 -0.0412781871855259
vn 0.5893527249732211 2.9762465444445998 3.0748925518550907
v 0.0023529925383627 0.0095999995246530 -0.0407234616577625
vn 0.5893527249732211 -2.9762465444445998 3.0748925518550907
v 0.0023529925383627 -0.0003999999898952 -0.0407234616577625
vn 0.0752035482819191 2.9762444876627239 3.1299590405638575
v 0.0003002485318575 0.0095999995246530 -0.0405036062002182
vn 0.0752035482819191 -2.9762444876627239 3.1299590405638575
v 0.0003002485318575 -0.0003999999898952 -0.0405036062002182
vn -0.4409976255025329 2.9762461206115511 3.0996486236241152
v -0.0017606851179153 0.0095999995246530 -0.0406246222555637
vn -0.4409976255025329 -2.9762461206115511 3.0996486236241152
v -0.0017606851179153 -0.0003999999898952 -0.0406246222555637
vn -0.9451668560224585 2.9762462529669778 2.9847881361018969
v -0.0037735921796411 0.0095999995246530 -0.0410832054913044
vn -0.9451668560224586 -2.9762462529669773 2.9847881361018969
v -0.0037735921796411 -0.0003999999898952 -0.0410832054913044
vn -1.4235565008898117 2.9762446585071669 2.7885096730733916
v -0.0056835650466383 0.0095999995246530 -0.0418668463826180
vn -1.4235565008898119 -2.9762446585071674 2.7885096730733916
v -0.0056835650466383 -0.0003999999898952 -0.0418668463826180
vn -1.8631163905978987 2.9762453460299154 2.5161671608960909
v -0.0074385050684214 0.0095999995246530 -0.0429541729390621
vn -1.8631163905978987 -2.9762453460299154 2.5161671608960905
v -0.0074385050684214 -0.0003999999898952 -0.0429541729390621
vn -2.2518523181842642 2.9762471612001162 2.1751925151412381
v -0.0089905420318246 0.0095999995246530 -0.0443155243992805
vn -2.2518523181842642 -2.9762471612001167 2.1751925151412381
v -0.0089905420318246 -0.0003999999898952 -0.0443155243992805
vn -2.5791641611153615 2.9762447320678111 1.7748835448606157
v -0.0102973422035575 0.0095999995246530 -0.0459137633442879
vn -2.5791641611153615 -2.9762447320678111 1.7748835448606159
v -0.0102973422035575 -0.0003999999898952 -0.0459137633442879
vn -2.8361243987548028 2.9762462002762753 1.3261594757525497
v -0.0113232554867864 0.0095999995246530 -0.0477052964270115
vn -2.8361243987548028 -2.9762462002762753 1.3261594757525494
v -0.0113232554867864 -0.0003999999898952 -0.0477052964270115
vn -3.0157219542183231 2.9762449670069291 0.8412613467126674
v -0.0120403012260795 0.0095999995246530 -0.0496412552893162
vn -3.0157219542183227 -2.9762449670069291 0.8412613467126673
v -0.0120403012260795 -0.0003999999898952 -0.0496412552893162
vn -3.1130587057295713 2.9762458525366773 0.3334153154458751
v -0.0124289179220796 0.0095999995246530 -0.0516688339412212
vn -3.1130587057295722 -2.9762458525366768 0.3334153154458752
v -0.0124289179220796 -0.0003999999898952 -0.0516688339412212
vn -3.1254791537499154 2.9762463984826466 -0.1835232432313822
v -0.0124785061925650 0.0095999995246530 -0.0537327192723751
vn -3.1254791537499154 -2.9762463984826457 -0.1835232432313823
v -0.0124785061925650 -0.0003999999898952 -0.0537327192723751
vn -3.0526444628867075 2.9762447087036965 -0.6954574983624815
v -0.0121877146884799 0.0095999995246530 -0.0557766221463680
vn -3.0526444628867075 -2.9762447087036970 -0.6954574983624815
v -0.0121877146884799 -0.0003999999898952 -0.0557766221463680
vn -2.8965418097279070 2.9762462839662112 -1.1884217150552991
v -0.0115644717589021 0.0095999995246530 -0.0577447861433029
vn -2.8965418097279070 -2.9762462839662107 -1.1884217150552989
v -0.0115644717589021 -0.0003999999898952 -0.0577447861433029
vn -2.6614290600749735 2.9762453009602918 -1.6489679160212221
v -0.0106257824227214 0.0095999995246530 -0.0595835223793983
vn -2.6614290600749739 -2.9762453009602918 -1.6489679160212223
v -0.0106257824227214 -0.0003999999898952 -0.0595835223793983
vn -2.3537199963701942 2.9762464728128730 -2.0645345626538654
v -0.0093972487375140 0.0095999995246530 -0.0612426772713661
vn -2.3537199963701934 -2.9762464728128739 -2.0645345626538649
v -0.0093972487375140 -0.0003999999898952 -0.0612426772713661
vn -1.9818062769584222 2.9762443341168128 -2.4237868976402344
v -0.0079123824834824 0.0095999995246530 -0.0626769959926605
vn -1.9818062769584224 -2.9762443341168137 -2.4237868976402344
v -0.0079123824834824 -0.0003999999898952 -0.0626769959926605
vn -1.5558344965184148 2.9762466672550736 -2.7169247245887771
v -0.0062116868793964 0.0095999995246530 -0.0638473480939865
vn -1.5558344965184148 -2.9762466672550731 -2.7169247245887780
v -0.0062116868793964 -0.0003999999898952 -0.0638473480939865
vn -1.0874246460306880 2.9762452750079276 -2.9359508592625185
v -0.0043415524996817 0.0095999995246530 -0.0647218152880669
vn -1.0874246460306878 -2.9762452750079276 -2.9359508592625181
v -0.0043415524996817 -0.0003999999898952 -0.0647218152880669
vn -0.5893499226700669 2.9762447502401264 -3.0748928519881908
v -0.0023529925383627 0.0095999995246530 -0.0652765408158302
vn -0.5893499226700669 -2.9762447502401259 -3.0748928519881913
v -0.0023529925383627 -0.0003999999898952 -0.0652765408158302
vn -0.0752035706883100 2.9762480832305265 -3.1299595065586510
v -0.0003002485318575 0.0095999995246530 -0.0654963925480843
vn -0.0752035706883100 -2.9762480832305265 -3.1299595065586505
v -0.0003002485318575 -0.0003999999898952 -0.0654963925480843
vn 0.4409948007929878 2.9762443192482224 -3.0996487894858085
v 0.0017606851179153 0.0095999995246530 -0.0653753802180290
vn 0.4409948007929878 -2.9762443192482220 -3.0996487894858085
v 0.0017606851179153 -0.0003999999898952 -0.0653753802180290
vn 0.9451692820745138 2.9762445835513804 -2.9847871407170166
v 0.0037735921796411 0.0095999995246530 -0.0649167969822884
vn 0.9451692820745138 -2.9762445835513804 -2.9847871407170161
v 0.0037735921796411 -0.0003999999898952 -0.0649167969822884
vn 1.4235568787496491 2.9762478618326185 -2.7885099467062258
v 0.0056835650466383 0.0095999995246530 -0.0641331523656845
vn 1.4235568787496491 -2.9762478618326185 -2.7885099467062262
v 0.0056835650466383 -0.0003999999898952 -0.0641331523656845
vn 1.8631143424056809 2.9762438121200612 -2.5161684299138058
v 0.0074385050684214 0.0095999995246530 -0.0630458295345306
vn 1.8631143424056806 -2.9762438121200612 -2.5161684299138054
v 0.0074385050684214 -0.0003999999898952 -0.0630458295345306
vn 2.2518523181842642 2.9762471612001162 -2.1751925151412381
v 0.0089905420318246 0.0095999995246530 -0.0616844780743122
vn 2.2518523181842642 -2.9762471612001167 -2.1751925151412381
v 0.0089905420318246 -0.0003999999898952 -0.0616844780743122
vn 2.5676958972458821 2.9907533625317235 -1.7945776715919011
v 0.0102973422035575 0.0095999995246530 -0.0600862391293049
vn 2.5779452501755467 -2.9797079395744253 -1.7770038420612881
v 0.0102973422035575 -0.0003999999898952 -0.0600862391293049
vn 2.7647572324727676 3.0584135301483197 -1.4862227816228963
v 0.0111648617312312 0.0095999995246530 -0.0586210191249847
vn 2.8861256981455052 3.0444106855643316 -1.2315024269387225
v 0.0113232554867864 0.0095999995246530 -0.0582947023212910
vn 0.0000000000000000 6.2831853071795880 0.0000000000000000
v -0.0081810243427753 0.0095999995246530 -0.0558409243822098
vn 2.0864371301096147 3.6249160417187483 2.2251133321428171
v -0.0043064290657640 0.0095999995246530 -0.0446475781500340
vn 0.8133850984890899 3.6249143011844125 2.9398567842561416
v -0.0036804003175348 0.0095999995246530 -0.0449990555644035
vn 0.0000000000000000 6.2831853071795845 0.0000000000000000
v -0.0065508233383298 0.0095999995246530 -0.0473354868590832
vn 1.4932979157127195 3.6249192133386234 2.6597750469045849
v 0.0025460764300078 0.0095999995246530 -0.0637545883655548
vn 0.0862004430120273 3.6249036008658488 3.0490895777203892
v 0.0032380276825279 0.0095999995246530 -0.0639460310339928
vn -1.3406514069072273 3.6249249048346748 2.7398873549429288
v 0.0039396896027029 0.0095999995246530 -0.0637939870357513
vn -2.8815109759965356 3.6249124521525311 -1.0006257871945401
v 0.0046974094584584 0.0095999995246530 -0.0619545727968216
vn 0.0000000000000000 6.2831853071795836 0.0000000000000000
v 0.0065508233383298 0.0095999995246530 -0.0586645118892193
vn -3.0164653226670248 3.6249139517179971 0.4530904865088305
v 0.0047637741081417 0.0095999995246530 -0.0626694411039352
vn -2.4603883325070099 3.6249127770909739 1.8030102547868536
v 0.0044903191737831 0.0095999995246530 -0.0633332729339600
vn 0.6459984103192330 3.6249117982546366 -2.9811147284598531
v 0.0029627401381731 0.0095999995246530 -0.0609806589782238
vn 0.0000000000000000 6.2831853071795845 0.0000000000000000
v -0.0008151005022228 0.0095999995246530 -0.0572527162730694
vn -0.8133850984890899 3.6249143011844120 -2.9398567842561416
v 0.0036804003175348 0.0095999995246530 -0.0610009469091892
vn -2.0864371301096147 3.6249160417187483 -2.2251133321428171
v 0.0043064290657640 0.0095999995246530 -0.0613524243235588
vn 1.9573965750897815 3.6249191784866279 -2.3394317029916483
v 0.0023178553674370 0.0095999995246530 -0.0612962059676647
vn 2.8203805278005243 3.6249127282411813 -1.1618134600849148
v 0.0018934812396765 0.0095999995246530 -0.0618753060698509
vn 3.0372439730005483 3.6249149101628912 0.2819590081415044
v 0.0017868370050564 0.0095999995246530 -0.0625852867960930
vn 2.5583136829112929 3.6249139457977515 1.6611397127343996
v 0.0020223536994308 0.0095999995246530 -0.0632635056972504
vn 0.8837910444772482 3.6249080301162531 -2.9194658760697054
v 0.0093866251409054 0.0095999995246530 -0.0534467361867428
vn 2.1392952700979726 3.6249177536120385 -2.1743415233548626
v 0.0087692225351930 0.0095999995246530 -0.0538131520152092
vn 0.0000000000000000 6.2831853071795862 0.0000000000000000
v 0.0081810243427753 0.0095999995246530 -0.0501590780913830
vn 2.9047212221009424 3.6249131860558221 -0.9311017181793164
v 0.0083928229287267 0.0095999995246530 -0.0544245205819607
vn 3.0047065120788119 3.6249158462369144 0.5254412082753703
v 0.0083436537533998 0.0095999995246530 -0.0551407821476460
vn -0.5741823579509673 3.6249197346771695 -2.9957729202028123
v 0.0101035907864571 0.0095999995246530 -0.0534092076122761
vn 2.4163501470873698 3.6249144746381901 1.8616134935231545
v 0.0086329802870750 0.0095999995246530 -0.0557978488504887
vn 1.2744378641271314 3.6249140559650357 2.7713105064617594
v 0.0091945212334394 0.0095999995246530 -0.0562451966106892
vn -0.1594334132209972 3.6249150857225869 3.0461340118147575
v 0.0098996339365840 0.0095999995246530 -0.0563803426921368
vn -1.5567818427365552 3.6249152933965854 2.6231243296971094
v 0.0105867851525545 0.0095999995246530 -0.0561723262071609
vn -2.5974880779925202 3.6249120548156455 1.5991916916646536
v 0.0110985571518540 0.0095999995246530 -0.0556688010692596
vn -3.0431409743297100 3.6249172280664110 0.2089007622141250
v 0.0113177103921771 0.0095999995246530 -0.0549851208925247
vn -2.7916507009423466 3.6249116018671574 -1.2292460228447306
v 0.0111940372735262 0.0095999995246530 -0.0542779080569744
vn -1.9006264731754650 3.6249154586770889 -2.3857848992200847
v 0.0107558714225888 0.0095999995246530 -0.0537091717123985
vn 0.0000000000000000 6.2831853071795880 0.0000000000000000
v 0.0021327761933208 0.0095999995246530 -0.0418724194169044
vn 1.1158460828082435 3.6249075959077048 -2.8388829012624099
v 0.0059920968487859 0.0095999995246530 -0.0440397299826145
vn 2.3073198036690847 3.6249166727283493 -1.9951498979441031
v 0.0054061808623374 0.0095999995246530 -0.0444546379148960
vn 2.9702240888620897 3.6249146950681332 -0.6943494718254631
v 0.0050801960751414 0.0095999995246530 -0.0450943112373352
vn 2.9526811284484031 3.6249172465853325 0.7655198425467008
v 0.0050888219848275 0.0095999995246530 -0.0458122082054615
vn 0.0000000000000000 6.2831853071795880 0.0000000000000000
v 0.0008151005022228 0.0095999995246530 -0.0487472824752331
vn -0.4040310195979811 3.6249183027634566 3.0234257041747936
v 0.0067394995130599 0.0095999995246530 -0.0469225458800793
vn 1.0473132993114485 3.6249170823754921 2.8648702772203274
v 0.0060257986187935 0.0095999995246530 -0.0468445755541325
vn 2.2587202668202484 3.6249086502204211 2.0500119380166248
v 0.0054300827905536 0.0095999995246530 -0.0464438609778881
vn -1.7628110002868675 3.6249125593084752 2.4893482284150701
v 0.0074076843447983 0.0095999995246530 -0.0466599091887474
vn -2.7177469974188817 3.6249136691680865 1.3849931183271860
v 0.0078772800043225 0.0095999995246530 -0.0461168363690376
vn -3.0500829174101804 3.6249161221208186 -0.0366503931003015
v 0.0080407084897161 0.0095999995246530 -0.0454177372157574
vn -2.6836838792838646 3.6249122622962600 -1.4498961142984852
v 0.0078605292364955 0.0095999995246530 -0.0447227694094181
vn -1.7024893047355505 3.6249125017054786 -2.5309854848276196
v 0.0073780207894742 0.0095999995246530 -0.0441911369562149
vn -0.3312626949674269 3.6249224435988885 -3.0322598147310353
v 0.0067037180997431 0.0095999995246530 -0.0439446307718754
vn -1.9574031511783359 3.6249145177147089 2.3394284852428529
v -0.0023178553674370 0.0095999995246530 -0.0447037927806377
vn -2.8203805278005243 3.6249127282411813 1.1618134600849148
v -0.0018934812396765 0.0095999995246530 -0.0441246926784515
vn -0.6460049864077874 3.6249164590265552 2.9811115107110573
v -0.0029627401381731 0.0095999995246530 -0.0450193434953690
vn -3.0372439730005483 3.6249149101628908 -0.2819590081415044
v -0.0017868370050564 0.0095999995246530 -0.0434147119522095
vn -2.5583136829112929 3.6249139457977524 -1.6611397127343996
v -0.0020223536994308 0.0095999995246530 -0.0427364930510521
vn -1.4933054867308400 3.6249142124043559 -2.6597729522049818
v -0.0025460764300078 0.0095999995246530 -0.0422454103827477
vn 3.0164653923107272 3.6249134720775995 -0.4530912367004688
v -0.0047637741081417 0.0095999995246530 -0.0433305576443672
vn 2.8815110456402375 3.6249129317929287 1.0006250370029017
v -0.0046974094584584 0.0095999995246530 -0.0440454296767712
vn -0.0861924440316368 3.6249187440241410 -3.0490841090556886
v -0.0032380276825279 0.0095999995246530 -0.0420539639890194
vn 1.3406621826532981 3.6249107830584046 -2.7398879923330006
v -0.0039396896027029 0.0095999995246530 -0.0422060154378414
vn 2.4603835382545709 3.6249167566432194 -1.8030142661420245
v -0.0044903191737831 0.0095999995246530 -0.0426667258143425
vn -2.9047212221009424 3.6249131860558217 0.9311017181793164
v -0.0083928229287267 0.0095999995246530 -0.0515754781663418
vn -3.0047065120788119 3.6249158462369144 -0.5254412082753703
v -0.0083436537533998 0.0095999995246530 -0.0508592166006565
vn -2.4163501470873698 3.6249144746381901 -1.8616134935231545
v -0.0086329802870750 0.0095999995246530 -0.0502021498978138
vn -1.2744378641271314 3.6249140559650352 -2.7713105064617594
v -0.0091945212334394 0.0095999995246530 -0.0497548021376133
vn 0.1594334132209972 3.6249150857225869 -3.0461340118147575
v -0.0098996339365840 0.0095999995246530 -0.0496196560561657
vn 1.5567818427365552 3.6249152933965849 -2.6231243296971094
v -0.0105867851525545 0.0095999995246530 -0.0498276725411415
vn 2.5974880779925202 3.6249120548156455 -1.5991916916646536
v -0.0110985571518540 0.0095999995246530 -0.0503311976790428
vn 3.0431412161839768 3.6249163342447952 -0.2089021452381304
v -0.0113177103921771 0.0095999995246530 -0.0510148778557777
vn 2.7916479069523996 3.6249156624374752 1.2292485803133086
v -0.0111940372735262 0.0095999995246530 -0.0517220944166183
vn 1.9006234373312512 3.6249122919283874 2.3857888397126681
v -0.0107558714225888 0.0095999995246530 -0.0522908270359039
vn 0.5741904862451644 3.6249145529610498 2.9957733456460058
v -0.0101035907864571 0.0095999995246530 -0.0525907911360264
vn -0.8837889437181816 3.6249176739786515 2.9194627242758004
v -0.0093866251409054 0.0095999995246530 -0.0525532662868500
vn -2.1393012976331032 3.6249132914657602 2.1743379461177645
v -0.0087692225351930 0.0095999995246530 -0.0521868467330933
vn 1.7628039404298270 3.6249173884713826 -2.4893510033423905
v -0.0074076843447983 0.0095999995246530 -0.0593400895595551
vn 2.7177469974188817 3.6249136691680861 -1.3849931183271860
v -0.0078772800043225 0.0095999995246530 -0.0598831623792648
vn 3.0500834307595444 3.6249148199122545 0.0366484130596957
v -0.0080407084897161 0.0095999995246530 -0.0605822615325451
vn 2.6836843926332286 3.6249135645048245 1.4498941342578791
v -0.0078605292364955 0.0095999995246530 -0.0612772330641747
vn 1.7024821150174123 3.6249173750794004 2.5309881131674139
v -0.0073780207894742 0.0095999995246530 -0.0618088655173779
vn 0.3312635128080719 3.6249124271375055 3.0322635131591715
v -0.0067037180997431 0.0095999995246530 -0.0620553679764271
vn -1.1158435036740437 3.6249169735804019 2.8388801272731321
v -0.0059920968487859 0.0095999995246530 -0.0619602724909782
vn -2.3073252320936684 3.6249124381431139 1.9951460538664829
v -0.0054061808623374 0.0095999995246530 -0.0615453608334064
vn -2.9702240876855330 3.6249147574100782 0.6943493739060332
v -0.0050801960751414 0.0095999995246530 -0.0609056875109673
vn -2.9526829687959593 3.6249147178467189 -0.7655165319081535
v -0.0050888219848275 0.0095999995246530 -0.0601877942681313
vn -2.2587164968186753 3.6249154220257438 -2.0500123040934297
v -0.0054300827905536 0.0095999995246530 -0.0595561377704144
vn -1.0473076877857612 3.6249127769668377 -2.8648740518551081
v -0.0060257986187935 0.0095999995246530 -0.0591554269194603
vn 0.4040239597409405 3.6249134736005493 -3.0234284791021135
v -0.0067394995130599 0.0095999995246530 -0.0590774565935135
vn 0.0000000000000000 -6.2831853071795827 0.0000000000000000
v -0.0000000000000000 -0.0003999999898952 -0.0529999993741512
vn 0.5741904862451648 2.6582707542185369 2.9957733456460058
v -0.0101035907864571 0.0036000001709908 -0.0525907911360264
vn 1.9006234373312512 2.6582730152511989 2.3857888397126672
v -0.0107558714225888 0.0036000001709908 -0.0522908270359039
vn 2.7916479069523992 2.6582696447421115 1.2292485803133086
v -0.0111940372735262 0.0036000001709908 -0.0517220944166183
vn 3.0431412161839777 2.6582689729347915 -0.2089021452381306
v -0.0113177103921771 0.0036000001709908 -0.0510148778557777
vn 2.5974880779925189 2.6582732523639412 -1.5991916916646534
v -0.0110985571518540 0.0036000001709908 -0.0503311976790428
vn 1.5567818427365552 2.6582700137830013 -2.6231243296971094
v -0.0105867851525545 0.0036000001709908 -0.0498276725411415
vn 0.1594334132209974 2.6582702214569993 -3.0461340118147566
v -0.0098996339365840 0.0036000001709908 -0.0496196560561657
vn -1.2744378641271317 2.6582712512145514 -2.7713105064617602
v -0.0091945212334394 0.0036000001709908 -0.0497548021376133
vn -2.4163501470873698 2.6582708325413966 -1.8616134935231543
v -0.0086329802870750 0.0036000001709908 -0.0502021498978138
vn -3.0047065120788119 2.6582694609426718 -0.5254412082753703
v -0.0083436537533998 0.0036000001709908 -0.0508592166006565
vn -2.9047212221009420 2.6582721211237645 0.9311017181793162
v -0.0083928229287267 0.0036000001709908 -0.0515754781663418
vn -2.1393012976331036 2.6582720157138260 2.1743379461177645
v -0.0087692225351930 0.0036000001709908 -0.0521868467330933
vn -0.8837889437181817 2.6582676332009347 2.9194627242758013
v -0.0093866251409054 0.0036000001709908 -0.0525532662868500
vn 0.0000000000000000 6.2831853071795880 0.0000000000000000
v -0.0098212314769626 0.0036000001709908 -0.0511176064610481
vn -2.3073252320936679 2.6582728690364723 1.9951460538664829
v -0.0054061808623374 0.0036000001709908 -0.0615453608334064
vn -1.1158435036740437 2.6582683335991848 2.8388801272731321
v -0.0059920968487859 0.0036000001709908 -0.0619602724909782
vn 0.3312635128080719 2.6582728800420812 3.0322635131591715
v -0.0067037180997431 0.0036000001709908 -0.0620553679764271
vn 1.7024821150174130 2.6582679321001859 2.5309881131674148
v -0.0073780207894742 0.0036000001709908 -0.0618088655173779
vn 2.6836843926332286 2.6582717426747617 1.4498941342578786
v -0.0078605292364955 0.0036000001709908 -0.0612772330641747
vn 3.0500834307595444 2.6582704872673322 0.0366484130596956
v -0.0080407084897161 0.0036000001709908 -0.0605822615325451
vn 2.7177469974188808 2.6582716380114997 -1.3849931183271855
v -0.0078772800043225 0.0036000001709908 -0.0598831623792648
vn 1.7628039404298275 2.6582679187082041 -2.4893510033423909
v -0.0074076843447983 0.0036000001709908 -0.0593400895595551
vn 0.4040239597409404 2.6582718335790370 -3.0234284791021135
v -0.0067394995130599 0.0036000001709908 -0.0590774565935135
vn -1.0473076877857614 2.6582725302127486 -2.8648740518551086
v -0.0060257986187935 0.0036000001709908 -0.0591554269194603
vn -2.2587164968186748 2.6582698851538424 -2.0500123040934293
v -0.0054300827905536 0.0036000001709908 -0.0595561377704144
vn -2.9526829687959593 2.6582705893328678 -0.7655165319081536
v -0.0050888219848275 0.0036000001709908 -0.0601877942681313
vn -2.9702240876855335 2.6582705497695081 0.6943493739060335
v -0.0050801960751414 0.0036000001709908 -0.0609056875109673
vn 0.0000000000000000 6.2831853071795871 0.0000000000000000
v -0.0065408167429268 0.0036000001709908 -0.0605642385780811
vn -2.8815109759965352 2.6582728550270551 -1.0006257871945399
v 0.0046974094584584 0.0036000001709908 -0.0619545727968216
vn -3.0164653226670253 2.6582713554615900 0.4530904865088306
v 0.0047637741081417 0.0036000001709908 -0.0626694411039352
vn -2.4603883325070104 2.6582725300886128 1.8030102547868541
v 0.0044903191737831 0.0036000001709908 -0.0633332729339600
vn -1.3406514069072268 2.6582604023449115 2.7398873549429279
v 0.0039396896027029 0.0036000001709908 -0.0637939870357513
vn 0.0862004430120271 2.6582817063137378 3.0490895777203892
v 0.0032380276825279 0.0036000001709908 -0.0639460310339928
vn 1.4932979157127197 2.6582660938409624 2.6597750469045858
v 0.0025460764300078 0.0036000001709908 -0.0637545883655548
vn 2.5583136829112929 2.6582713613818338 1.6611397127343994
v 0.0020223536994308 0.0036000001709908 -0.0632635056972504
vn 3.0372439730005478 2.6582703970166954 0.2819590081415044
v 0.0017868370050564 0.0036000001709908 -0.0625852867960930
vn 2.8203805278005247 2.6582725789384050 -1.1618134600849150
v 0.0018934812396765 0.0036000001709908 -0.0618753060698509
vn 1.9573965750897813 2.6582661286929583 -2.3394317029916483
v 0.0023178553674370 0.0036000001709908 -0.0612962059676647
vn 0.6459984103192330 2.6582735089249505 -2.9811147284598531
v 0.0029627401381731 0.0036000001709908 -0.0609806589782238
vn -0.8133850984890897 2.6582710059951742 -2.9398567842561407
v 0.0036804003175348 0.0036000001709908 -0.0610009469091892
vn -2.0864371301096147 2.6582692654608384 -2.2251133321428176
v 0.0043064290657640 0.0036000001709908 -0.0613524243235588
vn 0.0000000000000000 6.2831853071795871 0.0000000000000000
v 0.0032804147340357 0.0036000001709908 -0.0624466314911842
vn -0.5741823579509676 2.6582655725024171 -2.9957729202028127
v 0.0101035907864571 0.0036000001709908 -0.0534092076122761
vn -1.9006264731754645 2.6582698485024974 -2.3857848992200839
v 0.0107558714225888 0.0036000001709908 -0.0537091717123985
vn -2.7916507009423461 2.6582737053124292 -1.2292460228447306
v 0.0111940372735262 0.0036000001709908 -0.0542779080569744
vn -3.0431409743297113 2.6582680791131752 0.2089007622141250
v 0.0113177103921771 0.0036000001709908 -0.0549851208925247
vn -2.5974880779925189 2.6582732523639412 1.5991916916646534
v 0.0110985571518540 0.0036000001709908 -0.0556688010692596
vn -1.5567818427365552 2.6582700137830013 2.6231243296971094
v 0.0105867851525545 0.0036000001709908 -0.0561723262071609
vn -0.1594334132209974 2.6582702214569993 3.0461340118147566
v 0.0098996339365840 0.0036000001709908 -0.0563803426921368
vn 1.2744378641271317 2.6582712512145514 2.7713105064617602
v 0.0091945212334394 0.0036000001709908 -0.0562451966106892
vn 2.4163501470873698 2.6582708325413966 1.8616134935231543
v 0.0086329802870750 0.0036000001709908 -0.0557978488504887
vn 3.0047065120788119 2.6582694609426718 0.5254412082753703
v 0.0083436537533998 0.0036000001709908 -0.0551407821476460
vn 2.9047212221009420 2.6582721211237645 -0.9311017181793162
v 0.0083928229287267 0.0036000001709908 -0.0544245205819607
vn 2.1392952700979730 2.6582675535675477 -2.1743415233548626
v 0.0087692225351930 0.0036000001709908 -0.0538131520152092
vn 0.8837910444772483 2.6582772770633332 -2.9194658760697054
v 0.0093866251409054 0.0036000001709908 -0.0534467361867428
vn 0.0000000000000000 6.2831853071795871 0.0000000000000000
v 0.0098212314769626 0.0036000001709908 -0.0548823922872543
vn 2.3073198036690843 2.6582686344512370 -1.9951498979441027
v 0.0054061808623374 0.0036000001709908 -0.0444546379148960
vn 1.1158460828082437 2.6582777112718814 -2.8388829012624099
v 0.0059920968487859 0.0036000001709908 -0.0440397299826145
vn -0.3312626949674267 2.6582628635806982 -3.0322598147310353
v 0.0067037180997431 0.0036000001709908 -0.0439446307718754
vn -1.7024893047355514 2.6582728054741080 -2.5309854848276210
v 0.0073780207894742 0.0036000001709908 -0.0441911369562149
vn -2.6836838792838642 2.6582730448833258 -1.4498961142984843
v 0.0078605292364955 0.0036000001709908 -0.0447227694094181
vn -3.0500829174101813 2.6582691850587681 -0.0366503931003016
v 0.0080407084897161 0.0036000001709908 -0.0454177372157574
vn -2.7177469974188808 2.6582716380114997 1.3849931183271855
v 0.0078772800043225 0.0036000001709908 -0.0461168363690376
vn -1.7628110002868680 2.6582727478711110 2.4893482284150710
v 0.0074076843447983 0.0036000001709908 -0.0466599091887474
vn -0.4040310195979810 2.6582670044161301 3.0234257041747936
v 0.0067394995130599 0.0036000001709908 -0.0469225458800793
vn 1.0473132993114482 2.6582682248040941 2.8648702772203269
v 0.0060257986187935 0.0036000001709908 -0.0468445755541325
vn 2.2587202668202488 2.6582766569591652 2.0500119380166253
v 0.0054300827905536 0.0036000001709908 -0.0464438609778881
vn 2.9526811284484022 2.6582680605942537 0.7655198425467007
v 0.0050888219848275 0.0036000001709908 -0.0458122082054615
vn 2.9702240888620906 2.6582706121114530 -0.6943494718254634
v 0.0050801960751414 0.0036000001709908 -0.0450943112373352
vn 0.0000000000000000 6.2831853071795871 0.0000000000000000
v 0.0065408167429268 0.0036000001709908 -0.0454357601702213
vn 2.8815110456402375 2.6582723753866579 1.0006250370029015
v -0.0046974094584584 0.0036000001709908 -0.0440454296767712
vn 3.0164653923107272 2.6582718351019867 -0.4530912367004689
v -0.0047637741081417 0.0036000001709908 -0.0433305576443672
vn 2.4603835382545700 2.6582685505363672 -1.8030142661420243
v -0.0044903191737831 0.0036000001709908 -0.0426667258143425
vn 1.3406621826532983 2.6582745241211820 -2.7398879923330011
v -0.0039396896027029 0.0036000001709908 -0.0422060154378414
vn -0.0861924440316368 2.6582665631554452 -3.0490841090556877
v -0.0032380276825279 0.0036000001709908 -0.0420539639890194
vn -1.4933054867308402 2.6582710947752304 -2.6597729522049818
v -0.0025460764300078 0.0036000001709908 -0.0422454103827477
vn -2.5583136829112929 2.6582713613818338 -1.6611397127343994
v -0.0020223536994308 0.0036000001709908 -0.0427364930510521
vn -3.0372439730005478 2.6582703970166954 -0.2819590081415044
v -0.0017868370050564 0.0036000001709908 -0.0434147119522095
vn -2.8203805278005247 2.6582725789384050 1.1618134600849150
v -0.0018934812396765 0.0036000001709908 -0.0441246926784515
vn -1.9574031511783354 2.6582707894648774 2.3394284852428524
v -0.0023178553674370 0.0036000001709908 -0.0447037927806377
vn -0.6460049864077875 2.6582688481530310 2.9811115107110577
v -0.0029627401381731 0.0036000001709908 -0.0450193434953690
vn 0.8133850984890897 2.6582710059951742 2.9398567842561407
v -0.0036804003175348 0.0036000001709908 -0.0449990555644035
vn 2.0864371301096147 2.6582692654608389 2.2251133321428176
v -0.0043064290657640 0.0036000001709908 -0.0446475781500340
vn 0.0000000000000000 6.2831853071795862 0.0000000000000000
v -0.0032804147340357 0.0036000001709908 -0.0435533672571182
vn -3.1308624981989888 -2.9762454890196173 0.0000000738188866
v -0.0395000018179417 -0.0199999995529652 -0.0529999993741512
vn -3.0881615284623880 2.9762454786884285 -0.5153235375589125
v -0.0389612726867199 0.0075999996624887 -0.0595014877617359
vn -3.0881615284623880 -2.9762454786884285 -0.5153235375589125
v -0.0389612726867199 -0.0199999995529652 -0.0595014877617359
vn -2.9612237544839295 2.9762460920431764 -1.0165895672834135
v -0.0373597815632820 0.0075999996624887 -0.0658256262540817
vn -2.9612237544839290 -2.9762460920431764 -1.0165895672834135
v -0.0373597815632820 -0.0199999995529652 -0.0658256262540817
vn -2.7535115848423777 2.9762456029873818 -1.4901255072432928
v -0.0347392149269581 0.0075999996624887 -0.0717999190092087
vn -2.7535115848423786 -2.9762456029873827 -1.4901255072432931
v -0.0347392149269581 -0.0199999995529652 -0.0717999190092087
vn -2.4706907990931839 2.9762458408310053 -1.9230151438979917
v -0.0311710499227047 0.0075999996624887 -0.0772614032030106
vn -2.4706907990931839 -2.9762458408310075 -1.9230151438979917
v -0.0311710499227047 -0.0199999995529652 -0.0772614032030106
vn -2.1204757501996432 2.9762454001252880 -2.3034501304001127
v -0.0267526227980852 0.0075999996624887 -0.0820610970258713
vn -2.1204757501996427 -2.9762454001252889 -2.3034501304001127
v -0.0267526227980852 -0.0199999995529652 -0.0820610970258713
vn -1.7124192996461689 2.9762455575093076 -2.6210532578447117
v -0.0216044522821903 0.0075999996624887 -0.0860680788755417
vn -1.7124192996461689 -2.9762455575093063 -2.6210532578447117
v -0.0216044522821903 -0.0199999995529652 -0.0860680788755417
vn -1.2576520313431971 2.9762451629467481 -2.8671608057164497
v -0.0158669687807560 0.0075999996624887 -0.0891730487346649
vn -1.2576520313431971 -2.9762451629467424 -2.8671608057164497
v -0.0158669687807560 -0.0199999995529652 -0.0891730487346649
vn -0.7685805487670876 2.9762464243968565 -3.0350592551772113
v -0.0096966763958335 0.0075999996624887 -0.0912913084030151
vn -0.7685805487670875 -2.9762464243968560 -3.0350592551772109
v -0.0096966763958335 -0.0199999995529652 -0.0912913084030151
vn -0.2585447593006643 2.9762455546923285 -3.1201690087892904
v -0.0032618842087686 0.0075999996624887 -0.0923650860786438
vn -0.2585447593006644 -2.9762455546923281 -3.1201690087892908
v -0.0032618842087686 -0.0199999995529652 -0.0923650860786438
vn 0.2585447593006644 2.9762455546923268 -3.1201690087892908
v 0.0032618842087686 0.0075999996624887 -0.0923650860786438
vn 0.2585447593006643 -2.9762455546923277 -3.1201690087892904
v 0.0032618842087686 -0.0199999995529652 -0.0923650860786438
vn 0.7685805487670875 2.9762464243968560 -3.0350592551772109
v 0.0096966763958335 0.0075999996624887 -0.0912913084030151
vn 0.7685805487670876 -2.9762464243968565 -3.0350592551772113
v 0.0096966763958335 -0.0199999995529652 -0.0912913084030151
vn 1.2576520313431971 2.9762451629467432 -2.8671608057164497
v 0.0158669687807560 0.0075999996624887 -0.0891730487346649
vn 1.2576520313431971 -2.9762451629467481 -2.8671608057164497
v 0.0158669687807560 -0.0199999995529652 -0.0891730487346649
vn 1.7124192996461689 2.9762455575093076 -2.6210532578447117
v 0.0216044522821903 0.0075999996624887 -0.0860680788755417
vn 1.7124192996461689 -2.9762455575093067 -2.6210532578447117
v 0.0216044522821903 -0.0199999995529652 -0.0860680788755417
vn 2.1204757501996427 2.9762454001252880 -2.3034501304001127
v 0.0267526227980852 0.0075999996624887 -0.0820610970258713
vn 2.1204757501996432 -2.9762454001252880 -2.3034501304001127
v 0.0267526227980852 -0.0199999995529652 -0.0820610970258713
vn 2.4706907990931839 2.9762458408310071 -1.9230151438979917
v 0.0311710499227047 0.0075999996624887 -0.0772614032030106
vn 2.4706907990931839 -2.9762458408310062 -1.9230151438979917
v 0.0311710499227047 -0.0199999995529652 -0.0772614032030106
vn 2.7535115848423786 2.9762456029873827 -1.4901255072432931
v 0.0347392149269581 0.0075999996624887 -0.0717999190092087
vn 2.7535115848423777 -2.9762456029873823 -1.4901255072432928
v 0.0347392149269581 -0.0199999995529652 -0.0717999190092087
vn 2.9612237544839290 2.9762460920431759 -1.0165895672834135
v 0.0373597815632820 0.0075999996624887 -0.0658256262540817
vn 2.9612237544839295 -2.9762460920431768 -1.0165895672834135
v 0.0373597815632820 -0.0199999995529652 -0.0658256262540817
vn 3.0881615284623880 2.9762454786884280 -0.5153235375589125
v 0.0389612726867199 0.0075999996624887 -0.0595014877617359
vn 3.0881615284623880 -2.9762454786884289 -0.5153235375589125
v 0.0389612726867199 -0.0199999995529652 -0.0595014877617359
vn 3.1308624981989883 2.9762454890196128 0.0000000738188866
v 0.0395000018179417 0.0075999996624887 -0.0529999993741512
vn 3.1308624981989888 -2.9762454890196128 0.0000000738188867
v 0.0395000018179417 -0.0199999995529652 -0.0529999993741512
vn 3.0881615764003301 2.9762456660246430 0.5153233979205663
v 0.0389612726867199 0.0075999996624887 -0.0464985147118568
vn 3.0881615764003301 -2.9762456660246395 0.5153233979205663
v 0.0389612726867199 -0.0199999995529652 -0.0464985147118568
vn 2.9612238085386853 2.9762459518625866 1.0165893538261805
v 0.0373597815632820 0.0075999996624887 -0.0401743724942207
vn 2.9612238085386853 -2.9762459518625857 1.0165893538261808
v 0.0373597815632820 -0.0199999995529652 -0.0401743724942207
vn 2.7535114506760472 2.9762454468246098 1.4901257126001544
v 0.0347392149269581 0.0075999996624887 -0.0342000797390938
vn 2.7535114506760472 -2.9762454468246107 1.4901257126001544
v 0.0347392149269581 -0.0199999995529652 -0.0342000797390938
vn 2.4706904592005348 2.9762458036185695 1.9230155727332803
v 0.0311710499227047 0.0075999996624887 -0.0287385974079370
vn 2.4706904592005352 -2.9762458036185691 1.9230155727332803
v 0.0311710499227047 -0.0199999995529652 -0.0287385974079370
vn 2.1204755444733254 2.9762455935004963 2.3034503538785400
v 0.0267526227980852 0.0075999996624887 -0.0239389054477215
vn 2.1204755444733250 -2.9762455935004963 2.3034503538785396
v 0.0267526227980852 -0.0199999995529652 -0.0239389054477215
vn 1.7124192996461689 2.9762455575093072 2.6210532578447117
v 0.0216044522821903 0.0075999996624887 -0.0199319235980511
vn 1.7124192996461689 -2.9762455575093067 2.6210532578447117
v 0.0216044522821903 -0.0199999995529652 -0.0199319235980511
vn 1.2576526331504141 2.9762455680168793 2.8671605991160627
v 0.0158669687807560 0.0075999996624887 -0.0168269537389278
vn 1.2576526331504141 -2.9762455680168767 2.8671605991160622
v 0.0158669687807560 -0.0199999995529652 -0.0168269537389278
vn 0.7685811505743045 2.9762460193267266 3.0350590485768238
v 0.0096966763958335 0.0075999996624887 -0.0147086912766099
vn 0.7685811505743044 -2.9762460193267239 3.0350590485768238
v 0.0096966763958335 -0.0199999995529652 -0.0147086912766099
vn 0.2585447593006643 2.9762455546923263 3.1201690087892904
v 0.0032618842087686 0.0075999996624887 -0.0136349136009812
vn 0.2585447593006644 -2.9762455546923303 3.1201690087892908
v 0.0032618842087686 -0.0199999995529652 -0.0136349136009812
vn -0.2585447593006644 2.9762455546923281 3.1201690087892908
v -0.0032618842087686 0.0075999996624887 -0.0136349136009812
vn -0.2585447593006643 -2.9762455546923268 3.1201690087892904
v -0.0032618842087686 -0.0199999995529652 -0.0136349136009812
vn -0.7685811505743044 2.9762460193267239 3.0350590485768238
v -0.0096966763958335 0.0075999996624887 -0.0147086912766099
vn -0.7685811505743045 -2.9762460193267266 3.0350590485768238
v -0.0096966763958335 -0.0199999995529652 -0.0147086912766099
vn -1.2576526331504141 2.9762455680168767 2.8671605991160622
v -0.0158669687807560 0.0075999996624887 -0.0168269537389278
vn -1.2576526331504141 -2.9762455680168793 2.8671605991160622
v -0.0158669687807560 -0.0199999995529652 -0.0168269537389278
vn -1.7124192996461689 2.9762455575093067 2.6210532578447117
v -0.0216044522821903 0.0075999996624887 -0.0199319235980511
vn -1.7124192996461689 -2.9762455575093072 2.6210532578447117
v -0.0216044522821903 -0.0199999995529652 -0.0199319235980511
vn -2.1204755444733250 2.9762455935004968 2.3034503538785396
v -0.0267526227980852 0.0075999996624887 -0.0239389054477215
vn -2.1204755444733254 -2.9762455935004959 2.3034503538785400
v -0.0267526227980852 -0.0199999995529652 -0.0239389054477215
vn -2.4706904592005352 2.9762458036185686 1.9230155727332805
v -0.0311710499227047 0.0075999996624887 -0.0287385974079370
vn -2.4706904592005348 -2.9762458036185695 1.9230155727332803
v -0.0311710499227047 -0.0199999995529652 -0.0287385974079370
vn -2.7535114506760472 2.9762454468246111 1.4901257126001544
v -0.0347392149269581 0.0075999996624887 -0.0342000797390938
vn -2.7535114506760472 -2.9762454468246098 1.4901257126001544
v -0.0347392149269581 -0.0199999995529652 -0.0342000797390938
vn -2.9612238085386853 2.9762459518625857 1.0165893538261808
v -0.0373597815632820 0.0075999996624887 -0.0401743724942207
vn -2.9612238085386853 -2.9762459518625861 1.0165893538261805
v -0.0373597815632820 -0.0199999995529652 -0.0401743724942207
vn -3.0881615764003301 2.9762456660246426 0.5153233979205663
v -0.0389612726867199 0.0075999996624887 -0.0464985147118568
vn -3.0881615764003301 -2.9762456660246426 0.5153233979205663
v -0.0389612726867199 -0.0199999995529652 -0.0464985147118568
vn -3.1308624981989888 2.9762454890196173 0.0000000738188867
v -0.0395000018179417 0.0075999996624887 -0.0529999993741512
vn 0.0000000000000000 6.2831853071795853 0.0000000000000000
v 0.0130000002682209 0.0075999996624887 -0.0815000012516975
vn 0.0000000000000000 6.2831853071795862 0.0000000000000000
v -0.0262224320322275 0.0075999996624887 -0.0815000012516975
vn 0.0000000000000000 6.2831853071795836 0.0000000000000000
v -0.0352224335074425 0.0075999996624887 -0.0529999993741512
vn 0.0000000000000000 6.2831853071795836 0.0000000000000000
v -0.0130000002682209 0.0075999996624887 -0.0244999993592501
vn 0.0000000000000000 6.2831853071795871 0.0000000000000000
v 0.0262224320322275 0.0075999996624887 -0.0244999993592501
vn 0.0000000000000000 3.6651981666584743 3.0345427406330741
v 0.0294448640197515 0.0075999996624887 -0.0375000014901161
vn -1.5172759670829905 3.6651863641719959 2.6279939889489023
v 0.0301948636770248 0.0075999996624887 -0.0372990369796753
vn -1.5172759670829907 3.6651863641719968 -2.6279939889489023
v 0.0301948636770248 0.0075999996624887 -0.0347009636461735
vn -2.6279918524417578 3.6651937701768169 -1.5172736457862823
v 0.0307439025491476 0.0075999996624887 -0.0352500006556511
vn -3.0345465088333183 3.6651888980138949 -0.0000018840870458
v 0.0309448633342981 0.0075999996624887 -0.0359999984502792
vn -2.6279923572788046 3.6651950119353729 1.5172717616992364
v 0.0307439025491476 0.0075999996624887 -0.0367499999701977
vn 0.0000000000000000 3.6651981666584748 -3.0345427406330741
v 0.0294448640197515 0.0075999996624887 -0.0344999991357327
vn 1.5172759670829905 3.6651863641719968 -2.6279939889489023
v 0.0286948643624783 0.0075999996624887 -0.0347009636461735
vn 0.0000000000000000 6.2831853071795862 0.0000000000000000
v 0.0262224320322275 0.0075999996624887 -0.0315000005066395
vn 2.6279909103905377 3.6651914530085299 -1.5172771615620733
v 0.0281458254903555 0.0075999996624887 -0.0352500006556511
vn 3.0345446247392953 3.6651935323405005 -0.0000018841009992
v 0.0279448628425598 0.0075999996624887 -0.0359999984502792
vn 0.0000000000000000 6.2831853071795845 0.0000000000000000
v 0.0262224320322275 0.0075999996624887 -0.0529999993741512
vn 2.6279914152360022 3.6651926947770539 1.5172752774610736
v 0.0281458254903555 0.0075999996624887 -0.0367499999701977
vn 1.5172759670829907 3.6651863641719964 2.6279939889489023
v 0.0286948643624783 0.0075999996624887 -0.0372990369796753
vn 0.0000000000000000 6.2831853071795818 0.0000000000000000
v 0.0130000002682209 0.0075999996624887 -0.0244999993592501
vn -0.0000000000002490 3.6651979338251088 -3.0345428352931156
v 0.0000000000000002 0.0075999996624887 -0.0174999982118607
vn 1.5172766147387571 3.6651872227109492 -2.6279932119895477
v -0.0007500000065193 0.0075999996624887 -0.0177009627223015
vn 2.6279920879521561 3.6651915798241124 -1.5172750188575099
v -0.0012990380637348 0.0075999996624887 -0.0182499997317791
vn 3.0345453312761901 3.6651917944686980 -0.0000018840957670
v -0.0015000000130385 0.0075999996624887 -0.0189999975264072
vn 2.6279925927944641 3.6651928215888985 1.5172731347617430
v -0.0012990380637348 0.0075999996624887 -0.0197499990463257
vn 1.5172766147387664 3.6651872227109430 2.6279932119895451
v -0.0007500000065193 0.0075999996624887 -0.0202990360558033
vn -0.0000000000002302 3.6651979338251084 3.0345428352931156
v 0.0000000000000002 0.0075999996624887 -0.0205000005662441
vn -1.5172766147389967 3.6651872227107911 2.6279932119894838
v 0.0007500000065193 0.0075999996624887 -0.0202990360558033
vn -2.6279925927944641 3.6651928215888985 1.5172731347617430
v 0.0012990380637348 0.0075999996624887 -0.0197499990463257
vn -3.0345453312761892 3.6651917944686980 -0.0000018840957669
v 0.0015000000130385 0.0075999996624887 -0.0189999975264072
vn -2.6279920879521566 3.6651915798241128 -1.5172750188575099
v 0.0012990380637348 0.0075999996624887 -0.0182499997317791
vn -1.5172766147390058 3.6651872227107853 -2.6279932119894811
v 0.0007500000065193 0.0075999996624887 -0.0177009627223015
vn 0.0000000000000000 6.2831853071795862 0.0000000000000000
v -0.0262224320322275 0.0075999996624887 -0.0244999993592501
vn 0.0000000000000000 6.2831853071795880 0.0000000000000000
v -0.0262224320322275 0.0075999996624887 -0.0315000005066395
vn -1.5172759670829905 3.6651863641719964 2.6279939889489023
v -0.0286948643624783 0.0075999996624887 -0.0372990369796753
vn -2.6279914152360027 3.6651926947770539 1.5172752774610738
v -0.0281458254903555 0.0075999996624887 -0.0367499999701977
vn 0.0000000000000000 6.2831853071795845 0.0000000000000000
v -0.0262224320322275 0.0075999996624887 -0.0529999993741512
vn -3.0345446247392962 3.6651935323405009 -0.0000018841009993
v -0.0279448628425598 0.0075999996624887 -0.0359999984502792
vn -2.6279909103905368 3.6651914530085299 -1.5172771615620728
v -0.0281458254903555 0.0075999996624887 -0.0352500006556511
vn -1.5172759670829907 3.6651863641719968 -2.6279939889489023
v -0.0286948643624783 0.0075999996624887 -0.0347009636461735
vn 0.0000000000000000 3.6651981666584748 -3.0345427406330741
v -0.0294448640197515 0.0075999996624887 -0.0344999991357327
vn 1.5172759670829905 3.6651863641719968 -2.6279939889489023
v -0.0301948636770248 0.0075999996624887 -0.0347009636461735
vn 2.6279918524417578 3.6651937701768169 -1.5172736457862823
v -0.0307439025491476 0.0075999996624887 -0.0352500006556511
vn 3.0345465088333188 3.6651888980138949 -0.0000018840870460
v -0.0309448633342981 0.0075999996624887 -0.0359999984502792
vn 2.6279923572788038 3.6651950119353724 1.5172717616992362
v -0.0307439025491476 0.0075999996624887 -0.0367499999701977
vn 1.5172759670829910 3.6651863641719968 2.6279939889489023
v -0.0301948636770248 0.0075999996624887 -0.0372990369796753
vn 0.0000000000000000 3.6651981666584743 3.0345427406330741
v -0.0294448640197515 0.0075999996624887 -0.0375000014901161
vn -3.0345441198938303 3.6651947741090245 -0.0000000000000002
v -0.0279448628425598 0.0075999996624887 -0.0700000002980232
vn -2.6279946785728887 3.6651880604524769 -1.5172733933797213
v -0.0281458254903555 0.0075999996624887 -0.0692500025033951
vn 0.0000000000000000 3.6651981666584748 3.0345427406330741
v -0.0294448640197515 0.0075999996624887 -0.0715000033378601
vn -1.5172797352653427 3.6651897567280507 2.6279902207665509
v -0.0286948643624783 0.0075999996624887 -0.0712990388274193
vn 0.0000000000000000 6.2831853071795889 0.0000000000000000
v -0.0262224320322275 0.0075999996624887 -0.0745000019669533
vn -2.6279946785728896 3.6651880604524765 1.5172733933797216
v -0.0281458254903555 0.0075999996624887 -0.0707499980926514
vn 2.6279956206241102 3.6651903776207631 1.5172698776039308
v -0.0307439025491476 0.0075999996624887 -0.0707499980926514
vn 1.5172797352653427 3.6651897567280507 2.6279902207665513
v -0.0301948636770248 0.0075999996624887 -0.0712990388274193
vn -1.5172797352653427 3.6651897567280503 -2.6279902207665513
v -0.0286948643624783 0.0075999996624887 -0.0687009617686272
vn 0.0000000000000000 3.6651981666584748 -3.0345427406330741
v -0.0294448640197515 0.0075999996624887 -0.0684999972581863
vn 1.5172797352653427 3.6651897567280503 -2.6279902207665509
v -0.0301948636770248 0.0075999996624887 -0.0687009617686272
vn 2.6279956206241097 3.6651903776207631 -1.5172698776039306
v -0.0307439025491476 0.0075999996624887 -0.0692500025033951
vn 3.0345460039962724 3.6651901397724513 -0.0000000000000002
v -0.0309448633342981 0.0075999996624887 -0.0700000002980232
vn 0.0000000000000000 6.2831853071795889 0.0000000000000000
v -0.0130000002682209 0.0075999996624887 -0.0815000012516975
vn 0.0000000000002267 3.6651979338251084 -3.0345428352931156
v -0.0000000000000002 0.0075999996624887 -0.0855000019073486
vn -1.5172728465208611 3.6651838301318693 -2.6279969801874765
v 0.0007500000065193 0.0075999996624887 -0.0857009664177895
vn 0.0000000000002457 3.6651979338251088 3.0345428352931156
v -0.0000000000000002 0.0075999996624887 -0.0885000005364418
vn -1.5172728465208516 3.6651838301318760 2.6279969801874796
v 0.0007500000065193 0.0075999996624887 -0.0882990360260010
vn -2.6279883197342491 3.6651949724031851 1.5172787870554421
v 0.0012990380637348 0.0075999996624887 -0.0877500027418137
vn -3.0345458361114792 3.6651905527154218 0.0000037681746978
v 0.0015000000130385 0.0075999996624887 -0.0870000049471855
vn -2.6279893294118457 3.6651974559212475 -1.5172750188807440
v 0.0012990380637348 0.0075999996624887 -0.0862499997019768
vn 1.5172728465210878 3.6651838301317201 -2.6279969801874161
v -0.0007500000065193 0.0075999996624887 -0.0857009664177895
vn 2.6279893294118462 3.6651974559212479 -1.5172750188807445
v -0.0012990380637348 0.0075999996624887 -0.0862499997019768
vn 3.0345458361114783 3.6651905527154214 0.0000037681746978
v -0.0015000000130385 0.0075999996624887 -0.0870000049471855
vn 2.6279883197342491 3.6651949724031851 1.5172787870554418
v -0.0012990380637348 0.0075999996624887 -0.0877500027418137
vn 1.5172728465210974 3.6651838301317134 2.6279969801874135
v -0.0007500000065193 0.0075999996624887 -0.0882990360260010
vn 0.0000000000000000 6.2831853071795871 0.0000000000000000
v 0.0262224320322275 0.0075999996624887 -0.0815000012516975
vn 0.0000000000000000 6.2831853071795889 0.0000000000000000
v 0.0262224320322275 0.0075999996624887 -0.0745000019669533
vn -1.5172797352653427 3.6651897567280498 -2.6279902207665513
v 0.0301948636770248 0.0075999996624887 -0.0687009617686272
vn 0.0000000000000000 3.6651981666584743 -3.0345427406330741
v 0.0294448640197515 0.0075999996624887 -0.0684999972581863
vn 1.5172797352653427 3.6651897567280503 -2.6279902207665509
v 0.0286948643624783 0.0075999996624887 -0.0687009617686272
vn 2.6279946785728896 3.6651880604524769 -1.5172733933797216
v 0.0281458254903555 0.0075999996624887 -0.0692500025033951
vn -3.0345460039962724 3.6651901397724513 0.0000000000000002
v 0.0309448633342981 0.0075999996624887 -0.0700000002980232
vn -2.6279956206241102 3.6651903776207631 -1.5172698776039308
v 0.0307439025491476 0.0075999996624887 -0.0692500025033951
vn -1.5172797352653427 3.6651897567280507 2.6279902207665509
v 0.0301948636770248 0.0075999996624887 -0.0712990388274193
vn -2.6279956206241097 3.6651903776207631 1.5172698776039306
v 0.0307439025491476 0.0075999996624887 -0.0707499980926514
vn 3.0345441198938303 3.6651947741090245 0.0000000000000002
v 0.0279448628425598 0.0075999996624887 -0.0700000002980232
vn 2.6279946785728887 3.6651880604524765 1.5172733933797213
v 0.0281458254903555 0.0075999996624887 -0.0707499980926514
vn 1.5172797352653427 3.6651897567280507 2.6279902207665513
v 0.0286948643624783 0.0075999996624887 -0.0712990388274193
vn 0.0000000000000000 3.6651981666584748 3.0345427406330741
v 0.0294448640197515 0.0075999996624887 -0.0715000033378601
vn 1.5621906885681474 3.3510336606031186 -2.7057948647216787
v 0.0122499996796250 0.0075999996624887 -0.0742176249623299
vn 2.0906207979865576 3.3510316278431884 -2.3218682912800892
v 0.0163937006145716 0.0075999996624887 -0.0712070465087891
vn 2.5276782857071156 3.3510316152841559 -1.8364667652522826
v 0.0198209155350924 0.0075999996624887 -0.0674007385969162
vn 2.8542654463547650 3.3510332274728003 -1.2708008512525406
v 0.0223818644881248 0.0075999996624887 -0.0629650503396988
vn 3.0561076757977594 3.3510316011743995 -0.6495949386487577
v 0.0239646155387163 0.0075999996624887 -0.0580938346683979
vn 0.0000000000000000 6.2831853071795862 0.0000000000000000
v 0.0130000002682209 0.0075999996624887 -0.0745000019669533
vn 0.9654866509902580 3.3510307903759475 -2.9714649701831570
v 0.0075709163211286 0.0075999996624887 -0.0763008818030357
vn 0.3265875804031879 3.3510325934949590 -3.1072668447674126
v 0.0025609473232180 0.0075999996624887 -0.0773657858371735
vn -0.3265875804031879 3.3510325934949590 -3.1072668447674126
v -0.0025609473232180 0.0075999996624887 -0.0773657858371735
vn -0.9654866509902577 3.3510307903759466 -2.9714649701831566
v -0.0075709163211286 0.0075999996624887 -0.0763008818030357
vn -3.0561076757977594 3.3510316011743995 -0.6495949386487579
v -0.0239646155387163 0.0075999996624887 -0.0580938346683979
vn -2.8542654463547645 3.3510332274728003 -1.2708008512525399
v -0.0223818644881248 0.0075999996624887 -0.0629650503396988
vn -2.5276782857071156 3.3510316152841559 -1.8364667652522828
v -0.0198209155350924 0.0075999996624887 -0.0674007385969162
vn -2.0906207979865576 3.3510316278431880 -2.3218682912800896
v -0.0163937006145716 0.0075999996624887 -0.0712070465087891
vn 0.0000000000000000 6.2831853071795862 0.0000000000000000
v -0.0130000002682209 0.0075999996624887 -0.0745000019669533
vn -1.5621906885681480 3.3510336606031190 -2.7057948647216787
v -0.0122499996796250 0.0075999996624887 -0.0742176249623299
vn -2.0906200502230203 3.3510322162624004 2.3218688345623955
v -0.0163937006145716 0.0075999996624887 -0.0347929522395134
vn -2.5276785713279475 3.3510319789476726 1.8364662705428911
v -0.0198209155350924 0.0075999996624887 -0.0385992601513863
vn -1.5621913710192570 3.3510320755145733 2.7057947712321613
v -0.0122499996796250 0.0075999996624887 -0.0317823775112629
vn -2.8542656228785974 3.3510326390533756 1.2708006923096598
v -0.0223818644881248 0.0075999996624887 -0.0430349521338940
vn -3.0561075667007622 3.3510318259303067 0.6495952744152695
v -0.0239646155387163 0.0075999996624887 -0.0479061640799046
vn -3.1243826702892612 3.3510322249395563 -0.0000000000000001
v -0.0244999993592501 0.0075999996624887 -0.0529999993741512
vn 0.0000000000000000 6.2831853071795862 0.0000000000000000
v -0.0130000002682209 0.0075999996624887 -0.0315000005066395
vn -0.9654875346571968 3.3510321427616314 2.9714644495837774
v -0.0075709163211286 0.0075999996624887 -0.0296991150826216
vn -0.3265870338554812 3.3510322377786079 3.1072669609398584
v -0.0025609473232180 0.0075999996624887 -0.0286342129111290
vn 0.3265870338554809 3.3510322377786079 3.1072669609398580
v 0.0025609473232180 0.0075999996624887 -0.0286342129111290
vn 0.9654875346571975 3.3510321427616305 2.9714644495837792
v 0.0075709163211286 0.0075999996624887 -0.0296991150826216
vn 1.5621913710192568 3.3510320755145742 2.7057947712321599
v 0.0122499996796250 0.0075999996624887 -0.0317823775112629
vn 0.0000000000000000 6.2831853071795862 0.0000000000000000
v 0.0130000002682209 0.0075999996624887 -0.0315000005066395
vn 2.0906200502230199 3.3510322162624009 2.3218688345623955
v 0.0163937006145716 0.0075999996624887 -0.0347929522395134
vn 2.5276785713279470 3.3510319789476726 1.8364662705428907
v 0.0198209155350924 0.0075999996624887 -0.0385992601513863
vn 3.1243826702892616 3.3510322249395563 0.0000000000000001
v 0.0244999993592501 0.0075999996624887 -0.0529999993741512
vn 3.0561075667007604 3.3510318259303067 0.6495952744152692
v 0.0239646155387163 0.0075999996624887 -0.0479061640799046
vn 2.8542656228785992 3.3510326390533756 1.2708006923096604
v 0.0223818644881248 0.0075999996624887 -0.0430349521338940
vn -1.5172759670829907 -3.6651863641719964 2.6279939889489023
v 0.0301948636770248 -0.0199999995529652 -0.0372990369796753
vn -0.0000000000000001 -3.6651981666584756 3.0345427406330741
v 0.0294448640197515 -0.0199999995529652 -0.0375000014901161
vn 0.0000000000000000 -6.2831853071795889 0.0000000000000000
v 0.0297224316745996 -0.0199999995529652 -0.0529999993741512
vn 0.0000000000000000 -6.2831853071795827 0.0000000000000000
v -0.0352224335074425 -0.0199999995529652 -0.0529999993741512
vn -2.6279956206241089 -3.6651903776207631 -1.5172698776039302
v 0.0307439025491476 -0.0199999995529652 -0.0692500025033951
vn 0.0000000000000001 -3.6651981666584748 -3.0345427406330741
v 0.0294448640197515 -0.0199999995529652 -0.0684999972581863
vn -1.5172797352653427 -3.6651897567280503 -2.6279902207665504
v 0.0301948636770248 -0.0199999995529652 -0.0687009617686272
vn 0.0000000000000000 -6.2831853071795898 0.0000000000000000
v 0.0147224320098758 -0.0199999995529652 -0.0834999978542328
vn 1.5172728465211005 -3.6651838301317117 2.6279969801874121
v -0.0007500000065193 -0.0199999995529652 -0.0882990360260010
vn 2.6279883197342491 -3.6651949724031851 1.5172787870554418
v -0.0012990380637348 -0.0199999995529652 -0.0877500027418137
vn 3.0345458361114783 -3.6651905527154214 0.0000037681746976
v -0.0015000000130385 -0.0199999995529652 -0.0870000049471855
vn 2.6279893294118457 -3.6651974559212475 -1.5172750188807442
v -0.0012990380637348 -0.0199999995529652 -0.0862499997019768
vn 0.0000000000000000 -6.2831853071795880 0.0000000000000000
v -0.0107500003650784 -0.0199999995529652 -0.0834999978542328
vn 1.5172728465210894 -3.6651838301317188 -2.6279969801874152
v -0.0007500000065193 -0.0199999995529652 -0.0857009664177895
vn 0.0000000000002294 -3.6651979338251088 -3.0345428352931147
v -0.0000000000000002 -0.0199999995529652 -0.0855000019073486
vn -1.5172728465208596 -3.6651838301318698 -2.6279969801874761
v 0.0007500000065193 -0.0199999995529652 -0.0857009664177895
vn -2.6279893294118462 -3.6651974559212479 -1.5172750188807442
v 0.0012990380637348 -0.0199999995529652 -0.0862499997019768
vn -3.0345458361114783 -3.6651905527154214 0.0000037681746977
v 0.0015000000130385 -0.0199999995529652 -0.0870000049471855
vn -2.6279883197342486 -3.6651949724031851 1.5172787870554418
v 0.0012990380637348 -0.0199999995529652 -0.0877500027418137
vn -1.5172728465208483 -3.6651838301318778 2.6279969801874801
v 0.0007500000065193 -0.0199999995529652 -0.0882990360260010
vn 0.0000000000002524 -3.6651979338251084 3.0345428352931152
v -0.0000000000000002 -0.0199999995529652 -0.0885000005364418
vn 3.0345460039962706 -3.6651901397724513 -0.0000000000000001
v -0.0309448633342981 -0.0199999995529652 -0.0700000002980232
vn 2.6279956206241089 -3.6651903776207631 -1.5172698776039302
v -0.0307439025491476 -0.0199999995529652 -0.0692500025033951
vn 1.5172797352653424 -3.6651897567280503 -2.6279902207665504
v -0.0301948636770248 -0.0199999995529652 -0.0687009617686272
vn 0.0000000000000000 -6.2831853071795738 0.0000000000000000
v -0.0239724311977625 -0.0199999995529652 -0.0529999993741512
vn 0.0000000000000001 -3.6651981666584748 -3.0345427406330741
v -0.0294448640197515 -0.0199999995529652 -0.0684999972581863
vn -1.5172797352653427 -3.6651897567280498 -2.6279902207665504
v -0.0286948643624783 -0.0199999995529652 -0.0687009617686272
vn -1.5172797352653422 -3.6651897567280507 2.6279902207665504
v -0.0286948643624783 -0.0199999995529652 -0.0712990388274193
vn 0.0000000000000000 -6.2831853071795862 0.0000000000000000
v -0.0239724311977625 -0.0199999995529652 -0.0764999985694885
vn 0.0000000000000000 -6.2831853071795862 0.0000000000000000
v -0.0239724311977625 -0.0199999995529652 -0.0834999978542328
vn -2.6279946785728887 -3.6651880604524765 -1.5172733933797211
v -0.0281458254903555 -0.0199999995529652 -0.0692500025033951
vn -3.0345441198938308 -3.6651947741090245 -0.0000000000000001
v -0.0279448628425598 -0.0199999995529652 -0.0700000002980232
vn -2.6279946785728892 -3.6651880604524765 1.5172733933797213
v -0.0281458254903555 -0.0199999995529652 -0.0707499980926514
vn -0.0000000000000001 -3.6651981666584748 3.0345427406330741
v -0.0294448640197515 -0.0199999995529652 -0.0715000033378601
vn 1.5172797352653427 -3.6651897567280503 2.6279902207665504
v -0.0301948636770248 -0.0199999995529652 -0.0712990388274193
vn 2.6279956206241089 -3.6651903776207631 1.5172698776039302
v -0.0307439025491476 -0.0199999995529652 -0.0707499980926514
vn 2.6279918524417569 -3.6651937701768169 -1.5172736457862819
v -0.0307439025491476 -0.0199999995529652 -0.0352500006556511
vn 1.5172759670829907 -3.6651863641719968 -2.6279939889489023
v -0.0301948636770248 -0.0199999995529652 -0.0347009636461735
vn 0.0000000000000001 -3.6651981666584748 -3.0345427406330741
v -0.0294448640197515 -0.0199999995529652 -0.0344999991357327
vn -1.5172759670829907 -3.6651863641719968 -2.6279939889489023
v -0.0286948643624783 -0.0199999995529652 -0.0347009636461735
vn 0.0000000000000000 -6.2831853071795836 0.0000000000000000
v -0.0239724311977625 -0.0199999995529652 -0.0295000001788139
vn -2.6279914152360022 -3.6651926947770530 1.5172752774610738
v -0.0281458254903555 -0.0199999995529652 -0.0367499999701977
vn -3.0345446247392958 -3.6651935323405009 -0.0000018841009993
v -0.0279448628425598 -0.0199999995529652 -0.0359999984502792
vn -2.6279909103905372 -3.6651914530085303 -1.5172771615620733
v -0.0281458254903555 -0.0199999995529652 -0.0352500006556511
vn -1.5172759670829907 -3.6651863641719968 2.6279939889489023
v -0.0286948643624783 -0.0199999995529652 -0.0372990369796753
vn -0.0000000000000001 -3.6651981666584748 3.0345427406330741
v -0.0294448640197515 -0.0199999995529652 -0.0375000014901161
vn 1.5172759670829907 -3.6651863641719968 2.6279939889489023
v -0.0301948636770248 -0.0199999995529652 -0.0372990369796753
vn 2.6279923572788046 -3.6651950119353733 1.5172717616992366
v -0.0307439025491476 -0.0199999995529652 -0.0367499999701977
vn 3.0345465088333174 -3.6651888980138949 -0.0000018840870458
v -0.0309448633342981 -0.0199999995529652 -0.0359999984502792
vn 0.0000000000000000 -6.2831853071795862 0.0000000000000000
v -0.0239724311977625 -0.0199999995529652 -0.0224999990314245
vn 0.0000000000000000 -6.2831853071795862 0.0000000000000000
v -0.0107500003650784 -0.0199999995529652 -0.0224999990314245
vn -1.5172766147390035 -3.6651872227107871 -2.6279932119894811
v 0.0007500000065193 -0.0199999995529652 -0.0177009627223015
vn -2.6279920879521561 -3.6651915798241124 -1.5172750188575101
v 0.0012990380637348 -0.0199999995529652 -0.0182499997317791
vn -3.0345453312761892 -3.6651917944686980 -0.0000018840957667
v 0.0015000000130385 -0.0199999995529652 -0.0189999975264072
vn -2.6279925927944641 -3.6651928215888989 1.5172731347617432
v 0.0012990380637348 -0.0199999995529652 -0.0197499990463257
vn 0.0000000000000000 -6.2831853071795907 0.0000000000000000
v 0.0147224320098758 -0.0199999995529652 -0.0224999990314245
vn -1.5172766147389920 -3.6651872227107947 2.6279932119894847
v 0.0007500000065193 -0.0199999995529652 -0.0202990360558033
vn -0.0000000000002209 -3.6651979338251088 3.0345428352931156
v 0.0000000000000002 -0.0199999995529652 -0.0205000005662441
vn 1.5172766147387711 -3.6651872227109399 2.6279932119895437
v -0.0007500000065193 -0.0199999995529652 -0.0202990360558033
vn 2.6279925927944641 -3.6651928215888985 1.5172731347617434
v -0.0012990380637348 -0.0199999995529652 -0.0197499990463257
vn 3.0345453312761892 -3.6651917944686980 -0.0000018840957668
v -0.0015000000130385 -0.0199999995529652 -0.0189999975264072
vn 2.6279920879521557 -3.6651915798241128 -1.5172750188575099
v -0.0012990380637348 -0.0199999995529652 -0.0182499997317791
vn 1.5172766147387597 -3.6651872227109479 -2.6279932119895468
v -0.0007500000065193 -0.0199999995529652 -0.0177009627223015
vn -0.0000000000002440 -3.6651979338251084 -3.0345428352931147
v 0.0000000000000002 -0.0199999995529652 -0.0174999982118607
vn 0.0000000000000000 -6.2831853071795871 0.0000000000000000
v 0.0297224316745996 -0.0199999995529652 -0.0295000001788139
vn -1.5172759670829907 -3.6651863641719968 -2.6279939889489023
v 0.0301948636770248 -0.0199999995529652 -0.0347009636461735
vn -1.1783068515075630 -3.3373148315892034 -2.8960282377951287
v -0.0107407961040735 -0.0199999995529652 -0.0793985873460770
vn -1.7190137561294843 -3.3373137931446020 -2.6115855898748688
v -0.0156695656478405 -0.0199999995529652 -0.0768057703971863
vn 0.0000000000000000 -6.2831853071795862 0.0000000000000000
v 0.0297224316745996 -0.0199999995529652 -0.0764999985694885
vn 1.7451841924606881 -3.3373125092044398 -2.5941705714102539
v 0.0159081313759089 -0.0199999995529652 -0.0766470134258270
vn 1.2073675851280490 -3.3373138964401110 -2.8840338074049661
v 0.0110056800767779 -0.0199999995529652 -0.0792892575263977
vn 0.6234459993027145 -3.3373141249952343 -3.0637725689880666
v 0.0056829811073840 -0.0199999995529652 -0.0809276551008224
vn 0.0157168289212009 -3.3373148469738672 -3.1265219584932544
v 0.0001432796852896 -0.0199999995529652 -0.0814996436238289
vn -0.5926093480867181 -3.3373120411835648 -3.0698865498414847
v -0.0054018930532038 -0.0199999995529652 -0.0809833779931068
vn -3.0345460039962706 -3.6651901397724513 0.0000000000000001
v 0.0309448633342981 -0.0199999995529652 -0.0700000002980232
vn -2.6279956206241089 -3.6651903776207631 1.5172698776039302
v 0.0307439025491476 -0.0199999995529652 -0.0707499980926514
vn -1.5172797352653422 -3.6651897567280507 2.6279902207665504
v 0.0301948636770248 -0.0199999995529652 -0.0712990388274193
vn -0.0000000000000001 -3.6651981666584748 3.0345427406330741
v 0.0294448640197515 -0.0199999995529652 -0.0715000033378601
vn 3.1265616364115996 -3.3373137105384507 0.0000001021696988
v 0.0285000000149012 -0.0199999995529652 -0.0529999993741512
vn 3.0668681578870665 -3.3373142359877477 -0.6080352491015800
v 0.0279558692127466 -0.0199999995529652 -0.0585425086319447
vn 1.5172797352653427 -3.6651897567280498 2.6279902207665504
v 0.0286948643624783 -0.0199999995529652 -0.0712990388274193
vn 2.6279946785728887 -3.6651880604524760 1.5172733933797211
v 0.0281458254903555 -0.0199999995529652 -0.0707499980926514
vn 2.2163625089250991 -3.3373146667568050 -2.2052491871977917
v 0.0202031359076500 -0.0199999995529652 -0.0731018260121346
vn 2.6029116148551426 -3.3373140652793021 -1.7321196411020212
v 0.0237266924232244 -0.0199999995529652 -0.0687890499830246
vn -2.6279918524417574 -3.6651937701768169 -1.5172736457862823
v 0.0307439025491476 -0.0199999995529652 -0.0352500006556511
vn -3.0345465088333179 -3.6651888980138949 -0.0000018840870457
v 0.0309448633342981 -0.0199999995529652 -0.0359999984502792
vn -2.6279923572788038 -3.6651950119353724 1.5172717616992362
v 0.0307439025491476 -0.0199999995529652 -0.0367499999701977
vn 1.5172797352653422 -3.6651897567280507 -2.6279902207665504
v 0.0286948643624783 -0.0199999995529652 -0.0687009617686272
vn 2.8900679604442869 -3.3373129161123467 -1.1928518821276752
v 0.0263442527502775 -0.0199999995529652 -0.0638733729720116
vn 2.6279946785728892 -3.6651880604524765 -1.5172733933797213
v 0.0281458254903555 -0.0199999995529652 -0.0692500025033951
vn 3.0345441198938308 -3.6651947741090245 0.0000000000000001
v 0.0279448628425598 -0.0199999995529652 -0.0700000002980232
vn 3.0668682358472750 -3.3373139770592184 0.6080350602179893
v 0.0279558692127466 -0.0199999995529652 -0.0474574938416481
vn 2.8900678163186648 -3.3373134240818292 1.1928520269795597
v 0.0263442527502775 -0.0199999995529652 -0.0421266257762909
vn 1.5172759670829907 -3.6651863641719968 2.6279939889489023
v 0.0286948643624783 -0.0199999995529652 -0.0372990369796753
vn 2.6029113827388906 -3.3373137508824033 1.7321200770071949
v 0.0237266924232244 -0.0199999995529652 -0.0372109524905682
vn 2.6279914152360022 -3.6651926947770539 1.5172752774610738
v 0.0281458254903555 -0.0199999995529652 -0.0367499999701977
vn 3.0345446247392958 -3.6651935323405009 -0.0000018841009992
v 0.0279448628425598 -0.0199999995529652 -0.0359999984502792
vn 2.2163634463395452 -3.3373138929418933 2.2052484134355077
v 0.0202031359076500 -0.0199999995529652 -0.0328981764614582
vn 2.6279909103905372 -3.6651914530085303 -1.5172771615620730
v 0.0281458254903555 -0.0199999995529652 -0.0352500006556511
vn 1.7451843156603837 -3.3373138718562312 2.5941702364799899
v 0.0159081313759089 -0.0199999995529652 -0.0293529834598303
vn 1.5172759670829907 -3.6651863641719968 -2.6279939889489023
v 0.0286948643624783 -0.0199999995529652 -0.0347009636461735
vn 0.0000000000000001 -3.6651981666584748 -3.0345427406330741
v 0.0294448640197515 -0.0199999995529652 -0.0344999991357327
vn 1.2073662910182077 -3.3373136272598432 2.8840343939549973
v 0.0110056800767779 -0.0199999995529652 -0.0267107430845499
vn 0.6234455194076237 -3.3373138053386207 3.0637727167060778
v 0.0056829811073840 -0.0199999995529652 -0.0250723473727703
vn 0.0157183914711461 -3.3373138479218052 3.1265221039686990
v 0.0001432796852896 -0.0199999995529652 -0.0245003588497639
vn -0.5926092340019872 -3.3373140021252601 3.0698862653562893
v -0.0054018930532038 -0.0199999995529652 -0.0250166188925505
vn -1.7190130269919877 -3.3373138290780200 2.6115860632097396
v -0.0156695656478405 -0.0199999995529652 -0.0291942302137613
vn -1.1783078884824787 -3.3373135737004964 2.8960280243020331
v -0.0107407961040735 -0.0199999995529652 -0.0266014151275158
vn -2.5584983216375701 -4.0323920732037335 -1.2214114252192592
v -0.0199999995529652 -0.0199999995529652 -0.0733039379119873
vn -3.1415926535897931 -3.1415926535897927 0.0000000000000000
v -0.0199999995529652 -0.0199999995529652 -0.0529999993741512
vn -2.5584980039903722 -4.0323923332693905 1.2214116820865861
v -0.0199999995529652 -0.0199999995529652 -0.0326960608363152
vn -2.5584980039903722 -2.2507929739101962 1.2214116820865859
v -0.0199999995529652 -0.0304000005125999 -0.0326960608363152
vn -2.5584983216375701 -2.2507932339758541 -1.2214114252192592
v -0.0199999995529652 -0.0304000005125999 -0.0733039379119873
vn -1.7190137561294843 -2.9458715140349843 -2.6115855898748688
v -0.0156695656478405 -0.0304000005125999 -0.0768057703971863
vn -1.1783068515075630 -2.9458704755903828 -2.8960282377951287
v -0.0107407961040735 -0.0304000005125999 -0.0793985873460770
vn -0.5926093480867182 -2.9458732659960187 -3.0698865498414847
v -0.0054018930532038 -0.0304000005125999 -0.0809833779931068
vn 0.0157168289212009 -2.9458704602057191 -3.1265219584932549
v 0.0001432796852896 -0.0304000005125999 -0.0814996436238289
vn 0.6234459993027145 -2.9458711821843524 -3.0637725689880670
v 0.0056829811073840 -0.0304000005125999 -0.0809276551008224
vn 1.2073675851280490 -2.9458714107394752 -2.8840338074049661
v 0.0110056800767779 -0.0304000005125999 -0.0792892575263977
vn 1.7451841924606879 -2.9458727979751478 -2.5941705714102539
v 0.0159081313759089 -0.0304000005125999 -0.0766470134258270
vn 2.2163625089250991 -2.9458706404227817 -2.2052491871977917
v 0.0202031359076500 -0.0304000005125999 -0.0731018260121346
vn 2.6029116148551426 -2.9458712419002842 -1.7321196411020212
v 0.0237266924232244 -0.0304000005125999 -0.0687890499830246
vn 2.8900679604442869 -2.9458723910672395 -1.1928518821276752
v 0.0263442527502775 -0.0304000005125999 -0.0638733729720116
vn 3.0668681578870669 -2.9458710711918394 -0.6080352491015800
v 0.0279558692127466 -0.0304000005125999 -0.0585425086319447
vn 3.1265616364115991 -2.9458715966411351 0.0000001021696988
v 0.0285000000149012 -0.0304000005125999 -0.0529999993741512
vn 3.0668682358472754 -2.9458713301203678 0.6080350602179894
v 0.0279558692127466 -0.0304000005125999 -0.0474574938416481
vn 2.8900678163186644 -2.9458718830977584 1.1928520269795597
v 0.0263442527502775 -0.0304000005125999 -0.0421266257762909
vn 2.6029113827388906 -2.9458715562971842 1.7321200770071952
v 0.0237266924232244 -0.0304000005125999 -0.0372109524905682
vn 2.2163634463395452 -2.9458714142376943 2.2052484134355077
v 0.0202031359076500 -0.0304000005125999 -0.0328981764614582
vn 1.7451843156603837 -2.9458714353233542 2.5941702364799899
v 0.0159081313759089 -0.0304000005125999 -0.0293529834598303
vn 1.2073662910182077 -2.9458716799197440 2.8840343939549968
v 0.0110056800767779 -0.0304000005125999 -0.0267107430845499
vn 0.6234455194076239 -2.9458715018409656 3.0637727167060782
v 0.0056829811073840 -0.0304000005125999 -0.0250723473727703
vn 0.0157183914711461 -2.9458714592577824 3.1265221039686990
v 0.0001432796852896 -0.0304000005125999 -0.0245003588497639
vn -0.5926092340019871 -2.9458713050543262 3.0698862653562893
v -0.0054018930532038 -0.0304000005125999 -0.0250166188925505
vn -1.1783078884824787 -2.9458717334790903 2.8960280243020331
v -0.0107407961040735 -0.0304000005125999 -0.0266014151275158
vn -1.7190130269919881 -2.9458714781015654 2.6115860632097396
v -0.0156695656478405 -0.0304000005125999 -0.0291942302137613
vn -3.0561076757977594 2.9321537060051872 -0.6495949386487577
v -0.0239646155387163 0.0081000011414289 -0.0580938346683979
vn -2.8542654463547654 2.9321520797067864 -1.2708008512525404
v -0.0223818644881248 0.0081000011414289 -0.0629650503396988
vn -2.5276782857071156 2.9321536918954312 -1.8364667652522826
v -0.0198209155350924 0.0081000011414289 -0.0674007385969162
vn -2.0906207979865576 2.9321536793363983 -2.3218682912800892
v -0.0163937006145716 0.0081000011414289 -0.0712070465087891
vn -1.5621906885681476 2.9321516465764677 -2.7057948647216783
v -0.0122499996796250 0.0081000011414289 -0.0742176249623299
vn -0.9654866509902580 2.9321545168036400 -2.9714649701831570
v -0.0075709163211286 0.0081000011414289 -0.0763008818030357
vn -0.3265875804031879 2.9321527136846273 -3.1072668447674126
v -0.0025609473232180 0.0081000011414289 -0.0773657858371735
vn 0.3265875804031879 2.9321527136846273 -3.1072668447674126
v 0.0025609473232180 0.0081000011414289 -0.0773657858371735
vn 0.9654866509902577 2.9321545168036405 -2.9714649701831566
v 0.0075709163211286 0.0081000011414289 -0.0763008818030357
vn 1.5621906885681480 2.9321516465764672 -2.7057948647216792
v 0.0122499996796250 0.0081000011414289 -0.0742176249623299
vn 2.0906207979865572 2.9321536793363983 -2.3218682912800896
v 0.0163937006145716 0.0081000011414289 -0.0712070465087891
vn 2.5276782857071156 2.9321536918954303 -1.8364667652522826
v 0.0198209155350924 0.0081000011414289 -0.0674007385969162
vn 2.8542654463547645 2.9321520797067859 -1.2708008512525399
v 0.0223818644881248 0.0081000011414289 -0.0629650503396988
vn 3.0561076757977594 2.9321537060051877 -0.6495949386487579
v 0.0239646155387163 0.0081000011414289 -0.0580938346683979
vn 3.1243826702892612 2.9321530822400299 -0.0000000000000001
v 0.0244999993592501 0.0081000011414289 -0.0529999993741512
vn 3.0561075667007622 2.9321534812492791 0.6495952744152695
v 0.0239646155387163 0.0081000011414289 -0.0479061640799046
vn 2.8542656228785974 2.9321526681262107 1.2708006923096595
v 0.0223818644881248 0.0081000011414289 -0.0430349521338940
vn 2.5276785713279475 2.9321533282319141 1.8364662705428911
v 0.0198209155350924 0.0081000011414289 -0.0385992601513863
vn 2.0906200502230208 2.9321530909171862 2.3218688345623955
v 0.0163937006145716 0.0081000011414289 -0.0347929522395134
vn 1.5621913710192570 2.9321532316650121 2.7057947712321608
v 0.0122499996796250 0.0081000011414289 -0.0317823775112629
vn 0.9654875346571968 2.9321531644179557 2.9714644495837774
v 0.0075709163211286 0.0081000011414289 -0.0296991150826216
vn 0.3265870338554812 2.9321530694009788 3.1072669609398584
v 0.0025609473232180 0.0081000011414289 -0.0286342129111290
vn -0.3265870338554809 2.9321530694009788 3.1072669609398575
v -0.0025609473232180 0.0081000011414289 -0.0286342129111290
vn -0.9654875346571975 2.9321531644179557 2.9714644495837792
v -0.0075709163211286 0.0081000011414289 -0.0296991150826216
vn -1.5621913710192568 2.9321532316650130 2.7057947712321599
v -0.0122499996796250 0.0081000011414289 -0.0317823775112629
vn -2.0906200502230203 2.9321530909171867 2.3218688345623955
v -0.0163937006145716 0.0081000011414289 -0.0347929522395134
vn -2.5276785713279466 2.9321533282319141 1.8364662705428905
v -0.0198209155350924 0.0081000011414289 -0.0385992601513863
vn -2.8542656228785992 2.9321526681262111 1.2708006923096604
v -0.0223818644881248 0.0081000011414289 -0.0430349521338940
vn -3.0561075667007604 2.9321534812492791 0.6495952744152692
v -0.0239646155387163 0.0081000011414289 -0.0479061640799046
vn -3.1243826702892612 2.9321530822400304 0.0000000000000001
v -0.0244999993592501 0.0081000011414289 -0.0529999993741512
vn -2.5667139764482645 3.4407916098668823 -1.7499556705488306
v 0.0103279845789075 0.0081000011414289 -0.0459585003554821
vn -2.9684903273301924 3.4407919403313691 -0.9156583323752977
v 0.0119446599856019 0.0081000011414289 -0.0493155606091022
vn -3.1065036082514021 3.4407921720320060 -0.0000000000000001
v 0.0125000001862645 0.0081000011414289 -0.0529999993741512
vn -2.9684906229795640 3.4407915065370918 0.9156577184528606
v 0.0119446599856019 0.0081000011414289 -0.0566844381392002
vn -1.1349338008369299 3.4407917505147272 -2.8917625332862960
v 0.0045667625963688 0.0081000011414289 -0.0413640774786472
vn -1.9368737390594601 3.4407921125563332 -2.4287620043000731
v 0.0077936225570738 0.0081000011414289 -0.0432271063327789
vn 2.7988632164698228 3.4407913576566838 -1.3478614721576512
v -0.0112621104344726 0.0081000011414289 -0.0475764535367489
vn 2.2772284848195765 3.4407923417403978 -2.1129587902167657
v -0.0091631487011909 0.0081000011414289 -0.0444978401064873
vn 1.5532514754764128 3.4407920388565589 -2.6903112674411673
v -0.0062500000931323 0.0081000011414289 -0.0421746820211411
vn 0.6912626774059110 3.4407912530103690 -3.0286171622828579
v -0.0027815117500722 0.0081000011414289 -0.0408134013414383
vn 3.0718064440058011 3.4407922478904087 0.4630007865034857
v -0.0123603856191039 0.0081000011414289 -0.0548630282282829
vn 3.0718064440058006 3.4407922478904087 -0.4630007865034856
v -0.0123603856191039 0.0081000011414289 -0.0511369705200195
vn 2.2772284848195765 3.4407923417403983 2.1129587902167657
v -0.0091631487011909 0.0081000011414289 -0.0615021586418152
vn 2.7988632164698224 3.4407913576566838 1.3478614721576507
v -0.0112621104344726 0.0081000011414289 -0.0584235452115536
vn -0.2321489275310870 3.4407927778428880 -3.0978170801931322
v 0.0009341261466034 0.0081000011414289 -0.0405349507927895
vn -0.2321474348204312 3.4407918031153581 3.0978174208942946
v 0.0009341261466034 0.0081000011414289 -0.0654650479555130
vn 0.6912626774059110 3.4407912530103690 3.0286171622828570
v -0.0027815117500722 0.0081000011414289 -0.0651865974068642
vn 1.5532514754764128 3.4407920388565589 2.6903112674411678
v -0.0062500000931323 0.0081000011414289 -0.0638253167271614
vn -1.9368741903571720 3.4407905666766236 2.4287621073061270
v 0.0077936225570738 0.0081000011414289 -0.0627728924155235
vn -1.1349334859800591 3.4407935910889531 2.8917621939524363
v 0.0045667625963688 0.0081000011414289 -0.0646359249949455
vn -2.5667135455415631 3.4407927236941731 1.7499558396674684
v 0.0103279845789075 0.0081000011414289 -0.0600415021181107
vn -3.1065036082514026 2.8423931351475802 0.0000000000000000
v 0.0125000001862645 -0.0003999997570645 -0.0529999993741512
vn -2.9684906229795640 2.8423938006424949 0.9156577184528605
v 0.0119446599856019 -0.0003999997570645 -0.0566844381392002
vn -2.5667135455415631 2.8423925834854131 1.7499558396674684
v 0.0103279845789075 -0.0003999997570645 -0.0600415021181107
vn -1.9368741903571720 2.8423947405029621 2.4287621073061274
v 0.0077936225570738 -0.0003999997570645 -0.0627728924155235
vn -1.1349334859800591 2.8423917160906331 2.8917621939524363
v 0.0045667625963688 -0.0003999997570645 -0.0646359249949455
vn -0.2321474348204312 2.8423935040642281 3.0978174208942937
v 0.0009341261466034 -0.0003999997570645 -0.0654650479555130
vn 0.6912626774059110 2.8423940541692176 3.0286171622828579
v -0.0027815117500722 -0.0003999997570645 -0.0651865974068642
vn 1.5532514754764128 2.8423932683230273 2.6903112674411673
v -0.0062500000931323 -0.0003999997570645 -0.0638253167271614
vn 2.2772284848195765 2.8423929654391893 2.1129587902167657
v -0.0091631487011909 -0.0003999997570645 -0.0615021586418152
vn 2.7988632164698228 2.8423939495229025 1.3478614721576512
v -0.0112621104344726 -0.0003999997570645 -0.0584235452115536
vn 3.0718064440058006 2.8423930592891780 0.4630007865034856
v -0.0123603856191039 -0.0003999997570645 -0.0548630282282829
vn 3.0718064440058011 2.8423930592891780 -0.4630007865034857
v -0.0123603856191039 -0.0003999997570645 -0.0511369705200195
vn 2.7988632164698224 2.8423939495229025 -1.3478614721576507
v -0.0112621104344726 -0.0003999997570645 -0.0475764535367489
vn 2.2772284848195765 2.8423929654391893 -2.1129587902167657
v -0.0091631487011909 -0.0003999997570645 -0.0444978401064873
vn 1.5532514754764128 2.8423932683230273 -2.6903112674411678
v -0.0062500000931323 -0.0003999997570645 -0.0421746820211411
vn 0.6912626774059110 2.8423940541692176 -3.0286171622828570
v -0.0027815117500722 -0.0003999997570645 -0.0408134013414383
vn -0.2321489275310870 2.8423925293366983 -3.0978170801931331
v 0.0009341261466034 -0.0003999997570645 -0.0405349507927895
vn -1.1349338008369299 2.8423935566648595 -2.8917625332862955
v 0.0045667625963688 -0.0003999997570645 -0.0413640774786472
vn -1.9368737390594601 2.8423931946232521 -2.4287620043000731
v 0.0077936225570738 -0.0003999997570645 -0.0432271063327789
vn -2.5667139764482645 2.8423936973127040 -1.7499556705488304
v 0.0103279845789075 -0.0003999997570645 -0.0459585003554821
vn -2.9684903273301924 2.8423933668482171 -0.9156583323752978
v 0.0119446599856019 -0.0003999997570645 -0.0493155606091022
vn 0.0000000000000000 6.2831853071795853 0.0000000000000000
v -0.0000000000000000 -0.0003999997570645 -0.0529999993741512
vn -3.0345458361114783 2.6179947544641649 0.0000037681746978
v 0.0015000000130385 0.0016000005416572 -0.0870000049471855
vn -2.6279883197342495 2.6179903347764011 1.5172787870554418
v 0.0012990380637348 0.0016000005416572 -0.0877500027418137
vn -1.5172728465208509 2.6180014770477102 2.6279969801874792
v 0.0007500000065193 0.0016000005416572 -0.0882990360260010
vn 0.0000000000002469 2.6179873733544778 3.0345428352931161
v -0.0000000000000002 0.0016000005416572 -0.0885000005364418
vn 1.5172728465210976 2.6180014770478728 2.6279969801874126
v -0.0007500000065193 0.0016000005416572 -0.0882990360260010
vn 2.6279883197342491 2.6179903347764011 1.5172787870554421
v -0.0012990380637348 0.0016000005416572 -0.0877500027418137
vn 3.0345458361114792 2.6179947544641649 0.0000037681746978
v -0.0015000000130385 0.0016000005416572 -0.0870000049471855
vn 2.6279893294118457 2.6179878512583388 -1.5172750188807440
v -0.0012990380637348 0.0016000005416572 -0.0862499997019768
vn 1.5172728465210885 2.6180014770478666 -2.6279969801874157
v -0.0007500000065193 0.0016000005416572 -0.0857009664177895
vn 0.0000000000002282 2.6179873733544778 -3.0345428352931161
v -0.0000000000000002 0.0016000005416572 -0.0855000019073486
vn -1.5172728465208605 2.6180014770477165 -2.6279969801874770
v 0.0007500000065193 0.0016000005416572 -0.0857009664177895
vn -2.6279893294118462 2.6179878512583388 -1.5172750188807442
v 0.0012990380637348 0.0016000005416572 -0.0862499997019768
vn 0.0000000000000000 6.2831853071795853 0.0000000000000000
v -0.0000000000000002 0.0016000005416572 -0.0870000049471855
vn 3.0345458361114779 -2.6179947544641649 0.0000037681746977
v -0.0015000000130385 -0.0169999990612268 -0.0870000049471855
vn 2.6279883197342486 -2.6179903347764011 1.5172787870554418
v -0.0012990380637348 -0.0169999990612268 -0.0877500027418137
vn 1.5172728465211005 -2.6180014770478746 2.6279969801874126
v -0.0007500000065193 -0.0169999990612268 -0.0882990360260010
vn 0.0000000000002518 -2.6179873733544783 3.0345428352931156
v -0.0000000000000002 -0.0169999990612268 -0.0885000005364418
vn -1.5172728465208483 -2.6180014770477089 2.6279969801874792
v 0.0007500000065193 -0.0169999990612268 -0.0882990360260010
vn -2.6279883197342491 -2.6179903347764011 1.5172787870554421
v 0.0012990380637348 -0.0169999990612268 -0.0877500027418137
vn -3.0345458361114783 -2.6179947544641649 0.0000037681746976
v 0.0015000000130385 -0.0169999990612268 -0.0870000049471855
vn -2.6279893294118457 -2.6179878512583388 -1.5172750188807442
v 0.0012990380637348 -0.0169999990612268 -0.0862499997019768
vn -1.5172728465208603 -2.6180014770477165 -2.6279969801874765
v 0.0007500000065193 -0.0169999990612268 -0.0857009664177895
vn 0.0000000000002288 -2.6179873733544783 -3.0345428352931147
v -0.0000000000000002 -0.0169999990612268 -0.0855000019073486
vn 1.5172728465210885 -2.6180014770478670 -2.6279969801874148
v -0.0007500000065193 -0.0169999990612268 -0.0857009664177895
vn 2.6279893294118462 -2.6179878512583388 -1.5172750188807442
v -0.0012990380637348 -0.0169999990612268 -0.0862499997019768
vn 0.0000000000000000 -6.2831853071795880 0.0000000000000000
v -0.0000000000000002 -0.0169999990612268 -0.0870000049471855
vn -1.5172797352653427 2.6179955504515364 -2.6279902207665513
v 0.0301948636770248 0.0016000005416572 -0.0687009617686272
vn -2.6279956206241097 2.6179949295588232 -1.5172698776039306
v 0.0307439025491476 0.0016000005416572 -0.0692500025033951
vn -3.0345460039962724 2.6179951674071353 -0.0000000000000002
v 0.0309448633342981 0.0016000005416572 -0.0700000002980232
vn -2.6279956206241102 2.6179949295588232 1.5172698776039306
v 0.0307439025491476 0.0016000005416572 -0.0707499980926514
vn -1.5172797352653427 2.6179955504515364 2.6279902207665513
v 0.0301948636770248 0.0016000005416572 -0.0712990388274193
vn 0.0000000000000000 2.6179871405211119 3.0345427406330741
v 0.0294448640197515 0.0016000005416572 -0.0715000033378601
vn 1.5172797352653427 2.6179955504515364 2.6279902207665509
v 0.0286948643624783 0.0016000005416572 -0.0712990388274193
vn 2.6279946785728896 2.6179972467271098 1.5172733933797218
v 0.0281458254903555 0.0016000005416572 -0.0707499980926514
vn 3.0345441198938303 2.6179905330705617 -0.0000000000000002
v 0.0279448628425598 0.0016000005416572 -0.0700000002980232
vn 2.6279946785728887 2.6179972467271098 -1.5172733933797213
v 0.0281458254903555 0.0016000005416572 -0.0692500025033951
vn 1.5172797352653427 2.6179955504515364 -2.6279902207665513
v 0.0286948643624783 0.0016000005416572 -0.0687009617686272
vn 0.0000000000000000 2.6179871405211119 -3.0345427406330741
v 0.0294448640197515 0.0016000005416572 -0.0684999972581863
vn 0.0000000000000000 6.2831853071795836 0.0000000000000000
v 0.0294448640197515 0.0016000005416572 -0.0700000002980232
vn 1.5172759670829910 2.6179989430075894 -2.6279939889489023
v 0.0286948643624783 0.0016000005416572 -0.0347009636461735
vn 0.0000000000000000 2.6179871405211119 -3.0345427406330741
v 0.0294448640197515 0.0016000005416572 -0.0344999991357327
vn -1.5172759670829905 2.6179989430075894 -2.6279939889489023
v 0.0301948636770248 0.0016000005416572 -0.0347009636461735
vn -2.6279918524417578 2.6179915370027698 -1.5172736457862821
v 0.0307439025491476 0.0016000005416572 -0.0352500006556511
vn -3.0345465088333188 2.6179964091656913 -0.0000018840870460
v 0.0309448633342981 0.0016000005416572 -0.0359999984502792
vn -2.6279923572788038 2.6179902952442138 1.5172717616992362
v 0.0307439025491476 0.0016000005416572 -0.0367499999701977
vn -1.5172759670829910 2.6179989430075894 2.6279939889489023
v 0.0301948636770248 0.0016000005416572 -0.0372990369796753
vn 0.0000000000000000 2.6179871405211119 3.0345427406330741
v 0.0294448640197515 0.0016000005416572 -0.0375000014901161
vn 1.5172759670829905 2.6179989430075894 2.6279939889489023
v 0.0286948643624783 0.0016000005416572 -0.0372990369796753
vn 2.6279914152360027 2.6179926124025328 1.5172752774610738
v 0.0281458254903555 0.0016000005416572 -0.0367499999701977
vn 3.0345446247392962 2.6179917748390853 -0.0000018841009993
v 0.0279448628425598 0.0016000005416572 -0.0359999984502792
vn 2.6279909103905368 2.6179938541710563 -1.5172771615620728
v 0.0281458254903555 0.0016000005416572 -0.0352500006556511
vn 0.0000000000000000 6.2831853071795853 0.0000000000000000
v 0.0294448640197515 0.0016000005416572 -0.0359999984502792
vn 3.0345453312761896 2.6179935127108882 -0.0000018840957669
v -0.0015000000130385 0.0016000005416572 -0.0189999975264072
vn 2.6279920879521566 2.6179937273554739 -1.5172750188575099
v -0.0012990380637348 0.0016000005416572 -0.0182499997317791
vn 1.5172766147387575 2.6179980844686375 -2.6279932119895473
v -0.0007500000065193 0.0016000005416572 -0.0177009627223015
vn -0.0000000000002475 2.6179873733544778 -3.0345428352931156
v 0.0000000000000002 0.0016000005416572 -0.0174999982118607
vn -1.5172766147390053 2.6179980844688009 -2.6279932119894811
v 0.0007500000065193 0.0016000005416572 -0.0177009627223015
vn -2.6279920879521561 2.6179937273554739 -1.5172750188575099
v 0.0012990380637348 0.0016000005416572 -0.0182499997317791
vn -3.0345453312761901 2.6179935127108882 -0.0000018840957670
v 0.0015000000130385 0.0016000005416572 -0.0189999975264072
vn -2.6279925927944636 2.6179924855906878 1.5172731347617430
v 0.0012990380637348 0.0016000005416572 -0.0197499990463257
vn -1.5172766147389958 2.6179980844687947 2.6279932119894838
v 0.0007500000065193 0.0016000005416572 -0.0202990360558033
vn -0.0000000000002289 2.6179873733544783 3.0345428352931165
v 0.0000000000000002 0.0016000005416572 -0.0205000005662441
vn 1.5172766147387668 2.6179980844686437 2.6279932119895446
v -0.0007500000065193 0.0016000005416572 -0.0202990360558033
vn 2.6279925927944641 2.6179924855906878 1.5172731347617430
v -0.0012990380637348 0.0016000005416572 -0.0197499990463257
vn 0.0000000000000000 6.2831853071795871 0.0000000000000000
v 0.0000000000000002 0.0016000005416572 -0.0189999975264072
vn 1.5172759670829905 2.6179989430075894 2.6279939889489023
v -0.0301948636770248 0.0016000005416572 -0.0372990369796753
vn 2.6279923572788046 2.6179902952442138 1.5172717616992364
v -0.0307439025491476 0.0016000005416572 -0.0367499999701977
vn 3.0345465088333183 2.6179964091656913 -0.0000018840870458
v -0.0309448633342981 0.0016000005416572 -0.0359999984502792
vn 2.6279918524417578 2.6179915370027698 -1.5172736457862821
v -0.0307439025491476 0.0016000005416572 -0.0352500006556511
vn 1.5172759670829910 2.6179989430075894 -2.6279939889489023
v -0.0301948636770248 0.0016000005416572 -0.0347009636461735
vn 0.0000000000000000 2.6179871405211119 -3.0345427406330741
v -0.0294448640197515 0.0016000005416572 -0.0344999991357327
vn -1.5172759670829905 2.6179989430075894 -2.6279939889489023
v -0.0286948643624783 0.0016000005416572 -0.0347009636461735
vn -2.6279909103905377 2.6179938541710563 -1.5172771615620733
v -0.0281458254903555 0.0016000005416572 -0.0352500006556511
vn -3.0345446247392953 2.6179917748390853 -0.0000018841009992
v -0.0279448628425598 0.0016000005416572 -0.0359999984502792
vn -2.6279914152360022 2.6179926124025328 1.5172752774610738
v -0.0281458254903555 0.0016000005416572 -0.0367499999701977
vn -1.5172759670829910 2.6179989430075894 2.6279939889489023
v -0.0286948643624783 0.0016000005416572 -0.0372990369796753
vn 0.0000000000000000 2.6179871405211119 3.0345427406330741
v -0.0294448640197515 0.0016000005416572 -0.0375000014901161
vn 0.0000000000000000 6.2831853071795853 0.0000000000000000
v -0.0294448640197515 0.0016000005416572 -0.0359999984502792
vn -1.5172797352653427 2.6179955504515364 2.6279902207665509
v -0.0286948643624783 0.0016000005416572 -0.0712990388274193
vn 0.0000000000000000 2.6179871405211119 3.0345427406330741
v -0.0294448640197515 0.0016000005416572 -0.0715000033378601
vn 1.5172797352653427 2.6179955504515364 2.6279902207665509
v -0.0301948636770248 0.0016000005416572 -0.0712990388274193
vn 2.6279956206241097 2.6179949295588232 1.5172698776039306
v -0.0307439025491476 0.0016000005416572 -0.0707499980926514
vn 3.0345460039962724 2.6179951674071353 0.0000000000000002
v -0.0309448633342981 0.0016000005416572 -0.0700000002980232
vn 2.6279956206241102 2.6179949295588232 -1.5172698776039306
v -0.0307439025491476 0.0016000005416572 -0.0692500025033951
vn 1.5172797352653427 2.6179955504515364 -2.6279902207665513
v -0.0301948636770248 0.0016000005416572 -0.0687009617686272
vn 0.0000000000000000 2.6179871405211119 -3.0345427406330741
v -0.0294448640197515 0.0016000005416572 -0.0684999972581863
vn -1.5172797352653427 2.6179955504515364 -2.6279902207665509
v -0.0286948643624783 0.0016000005416572 -0.0687009617686272
vn -2.6279946785728896 2.6179972467271098 -1.5172733933797218
v -0.0281458254903555 0.0016000005416572 -0.0692500025033951
vn -3.0345441198938303 2.6179905330705617 0.0000000000000002
v -0.0279448628425598 0.0016000005416572 -0.0700000002980232
vn -2.6279946785728887 2.6179972467271098 1.5172733933797213
v -0.0281458254903555 0.0016000005416572 -0.0707499980926514
vn 0.0000000000000000 6.2831853071795845 0.0000000000000000
v -0.0294448640197515 0.0016000005416572 -0.0700000002980232
vn 1.5172797352653424 -2.6179955504515364 2.6279902207665504
v 0.0286948643624783 -0.0169999990612268 -0.0712990388274193
vn 0.0000000000000001 -2.6179871405211119 3.0345427406330741
v 0.0294448640197515 -0.0169999990612268 -0.0715000033378601
vn -1.5172797352653427 -2.6179955504515364 2.6279902207665504
v 0.0301948636770248 -0.0169999990612268 -0.0712990388274193
vn -2.6279956206241089 -2.6179949295588232 1.5172698776039302
v 0.0307439025491476 -0.0169999990612268 -0.0707499980926514
vn -3.0345460039962706 -2.6179951674071353 -0.0000000000000001
v 0.0309448633342981 -0.0169999990612268 -0.0700000002980232
vn -2.6279956206241089 -2.6179949295588232 -1.5172698776039302
v 0.0307439025491476 -0.0169999990612268 -0.0692500025033951
vn -1.5172797352653424 -2.6179955504515364 -2.6279902207665504
v 0.0301948636770248 -0.0169999990612268 -0.0687009617686272
vn -0.0000000000000001 -2.6179871405211119 -3.0345427406330741
v 0.0294448640197515 -0.0169999990612268 -0.0684999972581863
vn 1.5172797352653427 -2.6179955504515364 -2.6279902207665504
v 0.0286948643624783 -0.0169999990612268 -0.0687009617686272
vn 2.6279946785728887 -2.6179972467271098 -1.5172733933797211
v 0.0281458254903555 -0.0169999990612268 -0.0692500025033951
vn 3.0345441198938308 -2.6179905330705617 -0.0000000000000001
v 0.0279448628425598 -0.0169999990612268 -0.0700000002980232
vn 2.6279946785728892 -2.6179972467271098 1.5172733933797213
v 0.0281458254903555 -0.0169999990612268 -0.0707499980926514
vn 0.0000000000000000 -6.2831853071795845 0.0000000000000000
v 0.0294448640197515 -0.0169999990612268 -0.0700000002980232
vn -1.5172759670829907 -2.6179989430075894 2.6279939889489028
v 0.0301948636770248 -0.0169999990612268 -0.0372990369796753
vn -2.6279923572788046 -2.6179902952442138 1.5172717616992366
v 0.0307439025491476 -0.0169999990612268 -0.0367499999701977
vn -3.0345465088333174 -2.6179964091656913 -0.0000018840870458
v 0.0309448633342981 -0.0169999990612268 -0.0359999984502792
vn -2.6279918524417569 -2.6179915370027698 -1.5172736457862819
v 0.0307439025491476 -0.0169999990612268 -0.0352500006556511
vn -1.5172759670829907 -2.6179989430075894 -2.6279939889489023
v 0.0301948636770248 -0.0169999990612268 -0.0347009636461735
vn -0.0000000000000001 -2.6179871405211119 -3.0345427406330741
v 0.0294448640197515 -0.0169999990612268 -0.0344999991357327
vn 1.5172759670829907 -2.6179989430075894 -2.6279939889489023
v 0.0286948643624783 -0.0169999990612268 -0.0347009636461735
vn 2.6279909103905368 -2.6179938541710563 -1.5172771615620730
v 0.0281458254903555 -0.0169999990612268 -0.0352500006556511
vn 3.0345446247392962 -2.6179917748390853 -0.0000018841009993
v 0.0279448628425598 -0.0169999990612268 -0.0359999984502792
vn 2.6279914152360022 -2.6179926124025328 1.5172752774610738
v 0.0281458254903555 -0.0169999990612268 -0.0367499999701977
vn 1.5172759670829907 -2.6179989430075894 2.6279939889489023
v 0.0286948643624783 -0.0169999990612268 -0.0372990369796753
vn 0.0000000000000001 -2.6179871405211119 3.0345427406330741
v 0.0294448640197515 -0.0169999990612268 -0.0375000014901161
vn 0.0000000000000000 -6.2831853071795845 0.0000000000000000
v 0.0294448640197515 -0.0169999990612268 -0.0359999984502792
vn -3.0345453312761892 -2.6179935127108882 -0.0000018840957669
v 0.0015000000130385 -0.0169999990612268 -0.0189999975264072
vn -2.6279920879521557 -2.6179937273554739 -1.5172750188575099
v 0.0012990380637348 -0.0169999990612268 -0.0182499997317791
vn -1.5172766147390038 -2.6179980844688000 -2.6279932119894811
v 0.0007500000065193 -0.0169999990612268 -0.0177009627223015
vn -0.0000000000002446 -2.6179873733544783 -3.0345428352931147
v 0.0000000000000002 -0.0169999990612268 -0.0174999982118607
vn 1.5172766147387593 -2.6179980844686384 -2.6279932119895468
v -0.0007500000065193 -0.0169999990612268 -0.0177009627223015
vn 2.6279920879521561 -2.6179937273554739 -1.5172750188575101
v -0.0012990380637348 -0.0169999990612268 -0.0182499997317791
vn 3.0345453312761892 -2.6179935127108882 -0.0000018840957667
v -0.0015000000130385 -0.0169999990612268 -0.0189999975264072
vn 2.6279925927944641 -2.6179924855906878 1.5172731347617432
v -0.0012990380637348 -0.0169999990612268 -0.0197499990463257
vn 1.5172766147387708 -2.6179980844686463 2.6279932119895442
v -0.0007500000065193 -0.0169999990612268 -0.0202990360558033
vn -0.0000000000002215 -2.6179873733544778 3.0345428352931156
v 0.0000000000000002 -0.0169999990612268 -0.0205000005662441
vn -1.5172766147389922 -2.6179980844687920 2.6279932119894847
v 0.0007500000065193 -0.0169999990612268 -0.0202990360558033
vn -2.6279925927944641 -2.6179924855906878 1.5172731347617434
v 0.0012990380637348 -0.0169999990612268 -0.0197499990463257
vn 0.0000000000000000 -6.2831853071795853 0.0000000000000000
v 0.0000000000000002 -0.0169999990612268 -0.0189999975264072
vn -1.5172759670829910 -2.6179989430075894 -2.6279939889489023
v -0.0286948643624783 -0.0169999990612268 -0.0347009636461735
vn -0.0000000000000001 -2.6179871405211119 -3.0345427406330741
v -0.0294448640197515 -0.0169999990612268 -0.0344999991357327
vn 1.5172759670829907 -2.6179989430075894 -2.6279939889489023
v -0.0301948636770248 -0.0169999990612268 -0.0347009636461735
vn 2.6279918524417574 -2.6179915370027698 -1.5172736457862821
v -0.0307439025491476 -0.0169999990612268 -0.0352500006556511
vn 3.0345465088333179 -2.6179964091656913 -0.0000018840870457
v -0.0309448633342981 -0.0169999990612268 -0.0359999984502792
vn 2.6279923572788038 -2.6179902952442138 1.5172717616992362
v -0.0307439025491476 -0.0169999990612268 -0.0367499999701977
vn 1.5172759670829907 -2.6179989430075894 2.6279939889489023
v -0.0301948636770248 -0.0169999990612268 -0.0372990369796753
vn 0.0000000000000001 -2.6179871405211119 3.0345427406330741
v -0.0294448640197515 -0.0169999990612268 -0.0375000014901161
vn -1.5172759670829907 -2.6179989430075894 2.6279939889489023
v -0.0286948643624783 -0.0169999990612268 -0.0372990369796753
vn -2.6279914152360022 -2.6179926124025328 1.5172752774610738
v -0.0281458254903555 -0.0169999990612268 -0.0367499999701977
vn -3.0345446247392958 -2.6179917748390853 -0.0000018841009992
v -0.0279448628425598 -0.0169999990612268 -0.0359999984502792
vn -2.6279909103905372 -2.6179938541710563 -1.5172771615620730
v -0.0281458254903555 -0.0169999990612268 -0.0352500006556511
vn 0.0000000000000000 -6.2831853071795862 0.0000000000000000
v -0.0294448640197515 -0.0169999990612268 -0.0359999984502792
vn 1.5172797352653427 -2.6179955504515364 -2.6279902207665509
v -0.0301948636770248 -0.0169999990612268 -0.0687009617686272
vn 2.6279956206241089 -2.6179949295588232 -1.5172698776039302
v -0.0307439025491476 -0.0169999990612268 -0.0692500025033951
vn 3.0345460039962706 -2.6179951674071353 0.0000000000000001
v -0.0309448633342981 -0.0169999990612268 -0.0700000002980232
vn 2.6279956206241089 -2.6179949295588232 1.5172698776039302
v -0.0307439025491476 -0.0169999990612268 -0.0707499980926514
vn 1.5172797352653424 -2.6179955504515364 2.6279902207665504
v -0.0301948636770248 -0.0169999990612268 -0.0712990388274193
vn 0.0000000000000001 -2.6179871405211119 3.0345427406330741
v -0.0294448640197515 -0.0169999990612268 -0.0715000033378601
vn -1.5172797352653427 -2.6179955504515364 2.6279902207665504
v -0.0286948643624783 -0.0169999990612268 -0.0712990388274193
vn -2.6279946785728887 -2.6179972467271098 1.5172733933797211
v -0.0281458254903555 -0.0169999990612268 -0.0707499980926514
vn -3.0345441198938308 -2.6179905330705617 0.0000000000000001
v -0.0279448628425598 -0.0169999990612268 -0.0700000002980232
vn -2.6279946785728892 -2.6179972467271098 -1.5172733933797213
v -0.0281458254903555 -0.0169999990612268 -0.0692500025033951
vn -1.5172797352653424 -2.6179955504515364 -2.6279902207665504
v -0.0286948643624783 -0.0169999990612268 -0.0687009617686272
vn -0.0000000000000001 -2.6179871405211119 -3.0345427406330741
v -0.0294448640197515 -0.0169999990612268 -0.0684999972581863
vn 0.0000000000000000 -6.2831853071795836 0.0000000000000000
v -0.0294448640197515 -0.0169999990612268 -0.0700000002980232
vn 0.8795790099007330 -2.3027535107218897 5.3709037982494703
v 0.0002042499691015 0.0262499991804361 -0.0175139717757702
vn 0.0000000000002629 -0.0035804865845933 3.0885196408888218
v 0.0000000000000003 0.0054999999701977 -0.0175000000745058
vn 1.1166789881921853 -2.7738036906807304 2.8793570448494448
v 0.0005418625078164 0.0054999999701977 -0.0176012925803661
vn 3.1937348494179565 -2.3052461321843243 4.3941138260057633
v 0.0009466318879277 0.0262499991804361 -0.0178364329040051
vn 2.4544653127093001 -2.2947544385763017 4.8437734742775618
v 0.0005976016400382 0.0262499991804361 -0.0176241826266050
vn 1.7056317389745335 -2.2777719149302729 5.1551019207787601
v 0.0005418625078164 0.0262499991804361 -0.0176012925803661
vn 3.8114087987477232 -2.2904019236521629 3.8590645744025718
v 0.0010105434339494 0.0262499991804361 -0.0178914871066809
vn 2.0797180274782030 -2.7738503704760999 2.2830881466832746
v 0.0010105434339494 0.0054999999701977 -0.0178914871066809
vn 4.4131490769013730 -2.2920744765927403 3.2009524365860105
v 0.0012254548491910 0.0262499991804361 -0.0181349795311689
vn 2.7647750839110361 -2.7755431158414909 1.3765731900475000
v 0.0013427449157462 0.0054999999701977 -0.0183313917368650
vn 4.8445436979970209 -2.2624610414763966 2.4836805406340758
v 0.0013427449157462 0.0262499991804361 -0.0183313917368650
vn 5.1846391792449902 -2.3047192758411148 1.6495095567083524
v 0.0014133914373815 0.0262499991804361 -0.0184976812452078
vn 3.0752505726100363 -2.7741433947240535 0.2841914577184050
v 0.0014936012448743 0.0054999999701977 -0.0188615974038839
vn 5.3664468210431124 -2.2804154050187355 0.8117599257314084
v 0.0014936012448743 0.0262499991804361 -0.0188615974038839
vn 5.4276378126457345 -2.2914837841617310 0.0267933551836737
v 0.0014965031296015 0.0262499991804361 -0.0188976358622313
vn 2.9707305866156983 -2.7743754097689211 -0.8443030992298213
v 0.0014427384594455 0.0054999999701977 -0.0194104947149754
vn 5.3707522156828267 -2.3032242255494446 -0.8316489504572147
v 0.0014686260838062 0.0262499991804361 -0.0193051844835281
vn 2.4645498499152700 -2.7754575840365439 -1.8614161032059746
v 0.0011970258783549 0.0054999999701977 -0.0199039522558451
vn 4.8516448432565040 -2.2943253791746487 -2.4823832629149778
v 0.0013318278361112 0.0262499991804361 -0.0196900982409716
vn 5.1660627839092861 -2.2839770703275888 -1.6536984719693724
v 0.0014427384594455 0.0262499991804361 -0.0194104947149754
vn 1.6257719870645011 -2.7749282961537665 -2.6259038109532566
v 0.0007896482711658 0.0054999999701977 -0.0202753264456987
vn 3.8120405334623295 -2.3093392726607842 -3.8799750350036537
v 0.0010962539818138 0.0262499991804361 -0.0200238302350044
vn 4.4048348656636414 -2.2658128279119665 -3.1940766708180233
v 0.0011970258783549 0.0262499991804361 -0.0199039522558451
vn 0.5678319419635826 -2.7753117163308785 -3.0358422757443111
v 0.0002756242756732 0.0054999999701977 -0.0204744599759579
vn 1.7115811316548295 -2.3057901095685658 -5.1606506569869897
v 0.0004046951653436 0.0262499991804361 -0.0204443763941526
vn 2.8363235252063905 -2.3467680408301703 -4.6644373997675119
v 0.0007793758995831 0.0262499991804361 -0.0202816296368837
vn -0.5678319419635828 -2.7753117163308789 -3.0358422757443138
v -0.0002756242756732 0.0054999999701977 -0.0204744599759579
vn 0.0000000000002466 -0.0000326976110978 -3.1281908961839009
v 0.0000000000000002 0.0262499991804361 -0.0205000005662441
vn 0.8660436533370482 -2.2839556172230249 -5.3547424371522538
v 0.0002756242756732 0.0262499991804361 -0.0204744599759579
vn -1.6257719870645011 -2.7749282961537665 -2.6259038109532566
v -0.0007896482711658 0.0054999999701977 -0.0202753264456987
vn -1.7115808475152750 -2.3057903236420856 -5.1606505491840950
v -0.0004046951653436 0.0262499991804361 -0.0204443763941526
vn -0.8541851870122428 -2.2690223345950082 -5.3705569441414278
v -0.0002756242756732 0.0262499991804361 -0.0204744599759579
vn -2.4645498499152700 -2.7754575840365439 -1.8614161032059746
v -0.0011970258783549 0.0054999999701977 -0.0199039522558451
vn -3.8120405775626569 -2.3093395423486092 -3.8799746546987253
v -0.0010962539818138 0.0262499991804361 -0.0200238302350044
vn -2.8363232590377851 -2.3467685245912921 -4.6644370843296041
v -0.0007793758995831 0.0262499991804361 -0.0202816296368837
vn -5.3707522921180910 -2.3032241532882693 -0.8316488820396042
v -0.0014686260838062 0.0262499991804361 -0.0193051844835281
vn -5.1729348349106594 -2.2720863226915897 -1.6680770035434416
v -0.0014427384594455 0.0262499991804361 -0.0194104947149754
vn -2.9707582709808582 -2.7739203421429184 -0.8440050759666391
v -0.0014427384594455 0.0054999999701977 -0.0194104947149754
vn -4.8610216488121871 -2.2986535835426976 -2.4556042257894766
v -0.0013318278361112 0.0262499991804361 -0.0196900982409716
vn -4.3814432110582544 -2.2839401243050137 -3.1978951103335973
v -0.0011970258783549 0.0262499991804361 -0.0199039522558451
vn -2.7647750839110365 -2.7755431158414909 1.3765731900475000
v -0.0013427449157462 0.0054999999701977 -0.0183313917368650
vn -5.1805402459972019 -2.3081729469968719 1.6522374585021833
v -0.0014133914373815 0.0262499991804361 -0.0184976812452078
vn -3.0752230079453753 -2.7736734486885668 0.2838932249262416
v -0.0014936012448743 0.0054999999701977 -0.0188615974038839
vn -5.3640501082439318 -2.2911121413097542 0.8029438460314871
v -0.0014936012448743 0.0262499991804361 -0.0188615974038839
vn -5.4272547838435621 -2.2987602107820284 0.0313428018130631
v -0.0014965031296015 0.0262499991804361 -0.0188976358622313
vn -3.1904210257610908 -2.2989907850467586 4.3969399763009527
v -0.0009466318879277 0.0262499991804361 -0.0178364329040051
vn -3.8267592639057568 -2.2750028295271667 3.8559343873983978
v -0.0010105434339494 0.0262499991804361 -0.0178914871066809
vn -2.0797183070059213 -2.7738761337289510 2.2830879655346092
v -0.0010105434339494 0.0054999999701977 -0.0178914871066809
vn -4.3904834843133216 -2.3007321057341281 3.2192091140856061
v -0.0012254548491910 0.0262499991804361 -0.0181349795311689
vn -4.8358235235973206 -2.2839343439653281 2.4573499155191048
v -0.0013427449157462 0.0262499991804361 -0.0183313917368650
vn 0.0000000000002692 0.0000000000000000 3.1342682275840552
v 0.0000000000000003 0.0262499991804361 -0.0175000000745058
vn -0.8724436900832808 -2.3084716262561162 5.3669150719215040
v -0.0002042499691015 0.0262499991804361 -0.0175139717757702
vn -1.1166792904629839 -2.7737779283978963 2.8793568657633939
v -0.0005418625078164 0.0054999999701977 -0.0176012925803661
vn -1.7139002743153000 -2.2907481606938083 5.1459695587856515
v -0.0005418625078164 0.0262499991804361 -0.0176012925803661
vn -2.4506123269196491 -2.3020173765323619 4.8453030525703422
v -0.0005976016400382 0.0262499991804361 -0.0176241826266050
vn 1.5172171523712907 0.7939399440880803 -1.4171447252842186
v 0.0020097990054637 0.0274999998509884 -0.0208770204335451
vn 1.8447344273372317 0.7969395684774339 -0.9600388324330349
v 0.0024416842497885 0.0274999998509884 -0.0202651787549257
vn 2.0371773736539640 0.7972637921370072 -0.4195099942822114
v 0.0026924812700599 0.0274999998509884 -0.0195595044642687
vn 2.0707332114142072 0.7934058072953443 0.1416096228442567
v 0.0027435892261565 0.0274999998509884 -0.0188123341649771
vn 1.9563156074178119 0.7939721863164408 0.6951362680964798
v 0.0025912176351994 0.0274999998509884 -0.0180790815502405
vn 0.8270191035926877 0.7935609277856688 1.9038596443200047
v 0.0010956029873341 0.0274999998509884 -0.0164776686578989
vn 1.3097286539920652 0.7966329528497486 1.6148505525948833
v 0.0017354917945340 0.0274999998509884 -0.0168667938560247
vn 1.7001622256384314 0.7962919035210281 1.1963053253395663
v 0.0022466671653092 0.0274999998509884 -0.0174141284078360
vn 0.3561422021626558 0.8237373906243088 2.0838900899956889
v 0.0003744582936633 0.0274999998509884 -0.0162756145000458
vn 0.0000001312391926 -2.2870394533066234 2.2870396993545015
v 0.0000000000000003 0.0262499991804361 -0.0175000000745058
vn 0.0000000620750361 -2.1506541935644941 2.1506543277719712
v 0.0000000000000003 0.0274999998509884 -0.0162499994039536
vn -0.3541602188203994 0.8261385783338571 2.0869092214078830
v -0.0003744582936633 0.0274999998509884 -0.0162756145000458
vn -0.8302127836772220 0.7958382569543954 1.9053008545307675
v -0.0010956029873341 0.0274999998509884 -0.0164776686578989
vn -1.3099950525291935 0.7936933653363094 1.6103152276501780
v -0.0017354917945340 0.0274999998509884 -0.0168667938560247
vn -1.9635536708712125 0.7997426799962268 0.6944336895440419
v -0.0025912176351994 0.0274999998509884 -0.0180790815502405
vn -1.6973075751980602 0.7981163885773619 1.2038715041773318
v -0.0022466671653092 0.0274999998509884 -0.0174141284078360
vn -2.0325672083721953 0.7937995275636949 -0.4222804232467783
v -0.0026924812700599 0.0274999998509884 -0.0195595044642687
vn -2.0725118322085496 0.7948804069719098 0.1402168701891583
v -0.0027435892261565 0.0274999998509884 -0.0188123341649771
vn -1.8494227843324123 0.7978565346310835 -0.9532078584866420
v -0.0024416842497885 0.0274999998509884 -0.0202651787549257
vn -1.5176362106951216 0.7980549328945383 -1.4235810732454277
v -0.0020097990054637 0.0274999998509884 -0.0208770204335451
vn -1.0782864504119742 0.7931262380525581 -1.7731639588437380
v -0.0014288558159024 0.0274999998509884 -0.0213496536016464
vn -0.5602135649896636 0.7938807008432438 -1.9990382239261280
v -0.0007419410976581 0.0274999998509884 -0.0216480232775211
vn 1.0782863384328385 0.7931260106827089 -1.7731637238764106
v 0.0014288558159024 0.0274999998509884 -0.0213496536016464
vn 0.5653482976859154 0.7977352063779978 -2.0021670722308813
v 0.0007419410976581 0.0274999998509884 -0.0216480232775211
vn -0.0041766957518970 0.7974642269334113 -2.0801780675369717
v 0.0000000000000002 0.0274999998509884 -0.0217499993741512
vn -0.0140623319412532 -2.2964853646227805 -2.3197140884257292
v 0.0000000000000002 0.0262499991804361 -0.0205000005662441
vn 2.3561941887242370 4.1887904263971487 1.3603496972283120
v -0.0012499999720603 0.0274999998509884 -0.0197216887027025
vn -2.3561941887244613 4.1887904263969835 1.3603496972281828
v 0.0012499999720603 0.0274999998509884 -0.0197216887027025
vn 0.7853978619293402 4.1887897615650402 1.3603496972283118
v 0.0000000000000002 0.0274999998509884 -0.0204433761537075
vn 0.0000000000000000 4.1887897615650402 0.0000000000000000
v 0.0000000000000003 0.0274999998509884 -0.0175566244870424
vn 0.0000000000000000 3.0049939756128792 0.0000000000000000
v 0.0000000000000003 0.0274999998509884 -0.0162499994039536
vn -2.3561941887244702 4.1887904263969764 -1.3603496972281772
v 0.0012499999720603 0.0274999998509884 -0.0182783119380474
vn 2.3561941887242277 4.1887904263971549 -1.3603496972283173
v -0.0012499999720603 0.0274999998509884 -0.0182783119380474
vn 0.0000000000000000 -2.7719904922839609 0.0000000000000000
v 0.0000000000000003 0.0054999999701977 -0.0175000000745058
vn 0.0000000000000000 -6.2831853071795853 0.0000000000000000
v 0.0000000000000002 0.0054999999701977 -0.0189999993890524
vn -0.0000000000002423 2.0943955456145460 -2.7206993944564948
v 0.0000000000000003 0.0260000005364418 -0.0175566244870424
vn 2.3561941887242277 2.0943948807824313 -1.3603496972283176
v -0.0012499999720603 0.0260000005364418 -0.0182783119380474
vn 0.7853978619293311 -0.0000000000000001 -1.3603496972283171
v 0.0000000000000003 0.0274999998509884 -0.0175566244870424
vn 2.3561941887242375 2.0943948807824380 1.3603496972283120
v -0.0012499999720603 0.0260000005364418 -0.0197216887027025
vn 0.7853978619293407 2.0943955456145464 1.3603496972283122
v 0.0000000000000002 0.0260000005364418 -0.0204433761537075
vn -0.7853978619295641 0.0000000000000002 1.3603496972281826
v 0.0000000000000002 0.0260000005364418 -0.0204433761537075
vn -2.3561941887244608 2.0943948807826027 1.3603496972281830
v 0.0012499999720603 0.0260000005364418 -0.0197216887027025
vn -0.7853978619295644 0.0000000000000001 1.3603496972281830
v 0.0000000000000002 0.0274999998509884 -0.0204433761537075
vn -2.3561941887244702 2.0943948807826094 -1.3603496972281772
v 0.0012499999720603 0.0260000005364418 -0.0182783119380474
vn -0.7853978619295739 0.0000000000000001 -1.3603496972281777
v 0.0000000000000003 0.0274999998509884 -0.0175566244870424
vn -3.0761455733628225 3.3042978082158001 -0.5846001681917883
v 0.0084518855437636 0.0170999988913536 -0.0520968735218048
vn -3.0761455733628233 -3.3042978082158028 -0.5846001681917884
v 0.0084518855437636 0.0081000002101064 -0.0520968735218048
vn -2.8154752904356348 3.4670027174110225 -1.2975836922094079
v 0.0077196010388434 0.0170999988913536 -0.0494422242045403
vn -2.8154752904356348 -3.4670027174110229 -1.2975836922094082
v 0.0077196010388434 0.0081000002101064 -0.0494422242045403
vn -2.2528834978805317 3.4670033225203278 -2.1295867063051350
v 0.0061770631000400 0.0170999988913536 -0.0471610017120838
vn -2.2528834978805317 -3.4670033225203278 -2.1295867063051350
v 0.0061770631000400 0.0081000002101064 -0.0471610017120838
vn -1.4538290300776247 3.4670017040708840 -2.7380663431209569
v 0.0039861765690148 0.0170999988913536 -0.0454926453530788
vn -1.4538290300776244 -3.4670017040708840 -2.7380663431209573
v 0.0039861765690148 0.0081000002101064 -0.0454926453530788
vn -0.5021799995859122 3.4670030981377131 -3.0591566152627907
v 0.0013768989592791 0.0170999988913536 -0.0446122623980045
vn -0.5021799995859122 -3.4670030981377127 -3.0591566152627907
v 0.0013768989592791 0.0081000002101064 -0.0446122623980045
vn 0.5021799995859122 3.4670030981377131 -3.0591566152627907
v -0.0013768989592791 0.0170999988913536 -0.0446122623980045
vn 0.5021799995859122 -3.4670030981377131 -3.0591566152627907
v -0.0013768989592791 0.0081000002101064 -0.0446122623980045
vn 1.4538290300776247 3.4670017040708840 -2.7380663431209573
v -0.0039861765690148 0.0170999988913536 -0.0454926453530788
vn 1.4538290300776247 -3.4670017040708840 -2.7380663431209569
v -0.0039861765690148 0.0081000002101064 -0.0454926453530788
vn 2.2528834978805317 3.4670033225203278 -2.1295867063051350
v -0.0061770631000400 0.0170999988913536 -0.0471610017120838
vn 2.2528834978805317 -3.4670033225203278 -2.1295867063051350
v -0.0061770631000400 0.0081000002101064 -0.0471610017120838
vn 2.8154752904356348 3.4670027174110229 -1.2975836922094079
v -0.0077196010388434 0.0170999988913536 -0.0494422242045403
vn 2.8154752904356348 -3.4670027174110225 -1.2975836922094079
v -0.0077196010388434 0.0081000002101064 -0.0494422242045403
vn 3.0761455733628233 3.3042978082158028 -0.5846001681917884
v -0.0084518855437636 0.0170999988913536 -0.0520968735218048
vn 3.0761455733628225 -3.3042978082158001 -0.5846001681917883
v -0.0084518855437636 0.0081000002101064 -0.0520968735218048
vn 3.1323010702335532 3.2706118542642431 -0.1314500027613765
v -0.0169037710875273 0.0170999988913536 -0.1311937421560287
vn 3.1323010702335545 -3.2706118542642444 -0.1314500027613766
v -0.0169037710875273 0.0081000002101064 -0.1311937421560287
vn 3.0797550067123756 3.3996311437604199 0.4704614405792696
v -0.0168050546199083 0.0170999988913536 -0.1355671286582947
vn 3.0797550067123751 -3.3996311437604199 0.4704614405792695
v -0.0168050546199083 0.0081000002101064 -0.1355671286582947
vn 2.8577391399737975 3.3996287449589362 1.2407880145554546
v -0.0155935930088162 0.0170999988913536 -0.1397705078125000
vn 2.8577391399737975 -3.3996287449589353 1.2407880145554548
v -0.0155935930088162 0.0081000002101064 -0.1397705078125000
vn 2.4464958586663346 3.3996333233038381 1.9289583036688152
v -0.0133496010676026 0.0170999988913536 -0.1435256004333496
vn 2.4464958586663346 -3.3996333233038385 1.9289583036688152
v -0.0133496010676026 0.0081000002101064 -0.1435256004333496
vn 1.8732589194967626 3.3996286809742298 2.4894033402208455
v -0.0102216657251120 0.0170999988913536 -0.1465837210416794
vn 1.8732589194967626 -3.3996286809742298 2.4894033402208455
v -0.0102216657251120 0.0081000002101064 -0.1465837210416794
vn 1.1759828010005235 3.3996332921207757 2.8850106784523417
v -0.0064169019460678 0.0170999988913536 -0.1487424075603485
vn 1.1759828010005235 -3.3996332921207761 2.8850106784523417
v -0.0064169019460678 0.0081000002101064 -0.1487424075603485
vn 0.4008392869911274 3.3996288069291229 3.0895882698459465
v -0.0021872434299439 0.0170999988913536 -0.1498586982488632
vn 0.4008392869911273 -3.3996288069291225 3.0895882698459474
v -0.0021872434299439 0.0081000002101064 -0.1498586982488632
vn -0.4008392869911273 3.3996288069291225 3.0895882698459474
v 0.0021872434299439 0.0170999988913536 -0.1498586982488632
vn -0.4008392869911274 -3.3996288069291229 3.0895882698459469
v 0.0021872434299439 0.0081000002101064 -0.1498586982488632
vn -1.1759828010005235 3.3996332921207761 2.8850106784523417
v 0.0064169019460678 0.0170999988913536 -0.1487424075603485
vn -1.1759828010005235 -3.3996332921207757 2.8850106784523417
v 0.0064169019460678 0.0081000002101064 -0.1487424075603485
vn -1.8732589194967626 3.3996286809742298 2.4894033402208455
v 0.0102216657251120 0.0170999988913536 -0.1465837210416794
vn -1.8732589194967626 -3.3996286809742298 2.4894033402208455
v 0.0102216657251120 0.0081000002101064 -0.1465837210416794
vn -2.4464958586663346 3.3996333233038385 1.9289583036688152
v 0.0133496010676026 0.0170999988913536 -0.1435256004333496
vn -2.4464958586663346 -3.3996333233038385 1.9289583036688152
v 0.0133496010676026 0.0081000002101064 -0.1435256004333496
vn -2.8577391399737975 3.3996287449589353 1.2407880145554548
v 0.0155935930088162 0.0170999988913536 -0.1397705078125000
vn -2.8577391399737975 -3.3996287449589362 1.2407880145554546
v 0.0155935930088162 0.0081000002101064 -0.1397705078125000
vn -3.0797550067123751 3.3996311437604199 0.4704614405792695
v 0.0168050546199083 0.0170999988913536 -0.1355671286582947
vn -3.0797550067123756 -3.3996311437604199 0.4704614405792696
v 0.0168050546199083 0.0081000002101064 -0.1355671286582947
vn -3.1323010702335541 3.2706118542642444 -0.1314500027613766
v 0.0169037710875273 0.0170999988913536 -0.1311937421560287
vn -3.1323010702335532 -3.2706118542642431 -0.1314500027613765
v 0.0169037710875273 0.0081000002101064 -0.1311937421560287
vn -3.0827412769425626 2.9951584867659680 0.5599077600412701
v -0.0114349033683538 0.0170999988913536 -0.0517781265079975
vn -3.1326784634598805 3.0297757678287986 0.1584683567912190
v -0.0198867898434401 0.0170999988913536 -0.1308750063180923
vn -3.0827412769425639 -2.9951584867659702 0.5599077600412703
v -0.0114349033683538 0.0081000002101064 -0.0517781265079975
vn -3.1326784634598797 -3.0297757678287995 0.1584683567912189
v -0.0198867898434401 0.0081000002101064 -0.1308750063180923
vn -2.8634522235441509 -2.8487228737574157 1.2083536262194647
v -0.0105952443554997 0.0081000002101064 -0.0485288910567760
vn -2.8634522235441509 2.8487228737574162 1.2083536262194647
v -0.0105952443554997 0.0170999988913536 -0.0485288910567760
vn -2.3926734240430862 -2.8487244668185459 1.9835809229763219
v -0.0088532837107778 0.0081000002101064 -0.0456604249775410
vn -2.3926734240430867 2.8487244668185463 1.9835809229763222
v -0.0088532837107778 0.0170999988913536 -0.0456604249775410
vn -1.7181308785585405 -2.8487222114939605 2.5898846428258691
v -0.0063573685474694 0.0081000002101064 -0.0434169992804527
vn -1.7181308785585405 2.8487222114939614 2.5898846428258691
v -0.0063573685474694 0.0170999988913536 -0.0434169992804527
vn -0.8972720260703231 -2.8487251604356452 2.9756315785941929
v -0.0033200536854565 0.0081000002101064 -0.0419896766543388
vn -0.8972720260703230 2.8487251604356452 2.9756315785941925
v -0.0033200536854565 0.0170999988913536 -0.0419896766543388
vn 0.0000000000000116 -2.8487220195592435 3.1079697401285840
v 0.0000000000000001 0.0081000002101064 -0.0414999984204769
vn 0.0000000000000116 2.8487220195592435 3.1079697401285840
v 0.0000000000000001 0.0170999988913536 -0.0414999984204769
vn 0.8972720260703346 -2.8487251604356532 2.9756315785941907
v 0.0033200536854565 0.0081000002101064 -0.0419896766543388
vn 0.8972720260703347 2.8487251604356523 2.9756315785941911
v 0.0033200536854565 0.0170999988913536 -0.0419896766543388
vn 1.7181308785585405 -2.8487222114939614 2.5898846428258691
v 0.0063573685474694 0.0081000002101064 -0.0434169992804527
vn 1.7181308785585405 2.8487222114939605 2.5898846428258691
v 0.0063573685474694 0.0170999988913536 -0.0434169992804527
vn 2.3926734240430867 -2.8487244668185463 1.9835809229763222
v 0.0088532837107778 0.0081000002101064 -0.0456604249775410
vn 2.3926734240430862 2.8487244668185459 1.9835809229763219
v 0.0088532837107778 0.0170999988913536 -0.0456604249775410
vn 2.8634522235441509 -2.8487228737574162 1.2083536262194647
v 0.0105952443554997 0.0081000002101064 -0.0485288910567760
vn 2.8634522235441509 2.8487228737574157 1.2083536262194647
v 0.0105952443554997 0.0170999988913536 -0.0485288910567760
vn 3.0827412769425626 -2.9951584867659680 0.5599077600412701
v 0.0114349033683538 0.0081000002101064 -0.0517781265079975
vn 3.0827412769425639 2.9951584867659702 0.5599077600412702
v 0.0114349033683538 0.0170999988913536 -0.0517781265079975
vn 3.1326784634598797 3.0297757678287995 0.1584683567912189
v 0.0198867898434401 0.0170999988913536 -0.1308750063180923
vn 3.1326784634598805 -3.0297757678287986 0.1584683567912190
v 0.0198867898434401 0.0081000002101064 -0.1308750063180923
vn 3.1005633033640976 -2.9179604281272180 -0.3650026125481260
v 0.0198628399521112 0.0081000002101064 -0.1353382766246796
vn 3.1005633033640967 2.9179604281272185 -0.3650026125481260
v 0.0198628399521112 0.0170999988913536 -0.1353382766246796
vn 2.9424056412090804 -2.9179591734968993 -1.0435359959475858
v 0.0188496503978968 0.0081000002101064 -0.1396851092576981
vn 2.9424056412090804 2.9179591734968993 -1.0435359959475856
v 0.0188496503978968 0.0170999988913536 -0.1396851092576981
vn 2.6377049888959121 -2.9179593190548867 -1.6700990638615414
v 0.0168976802378893 0.0081000002101064 -0.1436989903450012
vn 2.6377049888959121 2.9179593190548867 -1.6700990638615416
v 0.0168976802378893 0.0170999988913536 -0.1436989903450012
vn 2.2016381153719777 -2.9179604686251461 -2.2134835347473230
v 0.0141041446477175 0.0081000002101064 -0.1471800208091736
vn 2.2016381153719777 2.9179604686251461 -2.2134835347473230
v 0.0141041446477175 0.0170999988913536 -0.1471800208091736
vn 1.6559203477597553 -2.9179584217530117 -2.6466290468092151
v 0.0106081711128354 0.0081000002101064 -0.1499548405408859
vn 1.6559203477597553 2.9179584217530117 -2.6466290468092151
v 0.0106081711128354 0.0170999988913536 -0.1499548405408859
vn 1.0277330610264330 -2.9179611966939838 -2.9479629071157429
v 0.0065838722512126 0.0081000002101064 -0.1518852412700653
vn 1.0277330610264330 2.9179611966939838 -2.9479629071157429
v 0.0065838722512126 0.0170999988913536 -0.1518852412700653
vn 0.3483618901831880 -2.9179591852413092 -3.1024768070976050
v 0.0022316724061966 0.0081000002101064 -0.1528750956058502
vn 0.3483618901831880 2.9179591852413092 -3.1024768070976050
v 0.0022316724061966 0.0170999988913536 -0.1528750956058502
vn -0.3483618901831880 -2.9179591852413092 -3.1024768070976050
v -0.0022316724061966 0.0081000002101064 -0.1528750956058502
vn -0.3483618901831880 2.9179591852413092 -3.1024768070976054
v -0.0022316724061966 0.0170999988913536 -0.1528750956058502
vn -1.0277330610264330 -2.9179611966939838 -2.9479629071157429
v -0.0065838722512126 0.0081000002101064 -0.1518852412700653
vn -1.0277330610264330 2.9179611966939838 -2.9479629071157429
v -0.0065838722512126 0.0170999988913536 -0.1518852412700653
vn -1.6559203477597553 -2.9179584217530117 -2.6466290468092151
v -0.0106081711128354 0.0081000002101064 -0.1499548405408859
vn -1.6559203477597553 2.9179584217530117 -2.6466290468092151
v -0.0106081711128354 0.0170999988913536 -0.1499548405408859
vn -2.2016381153719777 -2.9179604686251461 -2.2134835347473230
v -0.0141041446477175 0.0081000002101064 -0.1471800208091736
vn -2.2016381153719777 2.9179604686251461 -2.2134835347473230
v -0.0141041446477175 0.0170999988913536 -0.1471800208091736
vn -2.6377049888959121 -2.9179593190548867 -1.6700990638615416
v -0.0168976802378893 0.0081000002101064 -0.1436989903450012
vn -2.6377049888959121 2.9179593190548867 -1.6700990638615414
v -0.0168976802378893 0.0170999988913536 -0.1436989903450012
vn -2.9424056412090804 -2.9179591734968993 -1.0435359959475856
v -0.0188496503978968 0.0081000002101064 -0.1396851092576981
vn -2.9424056412090804 2.9179591734968993 -1.0435359959475858
v -0.0188496503978968 0.0170999988913536 -0.1396851092576981
vn -3.1005633033640971 -2.9179604281272185 -0.3650026125481260
v -0.0198628399521112 0.0081000002101064 -0.1353382766246796
vn -3.1005633033640976 2.9179604281272180 -0.3650026125481260
v -0.0198628399521112 0.0170999988913536 -0.1353382766246796
vn -0.6496093263262774 3.3510398054490471 -3.0561032403678450
v 0.0008316467865370 0.0320000015199184 -0.1290874034166336
vn 0.0000000000000000 3.3510336196527386 0.0000000000000000
v 0.0000000000000000 0.0320000015199184 -0.1289999932050705
vn 0.7853983504127097 2.0943948274414108 1.3603494152023341
v 0.0000000000000000 0.0320000015199184 -0.1260717958211899
vn 2.3218708564224482 3.3510183057150580 -2.0906212180123633
v -0.0029725793283433 0.0320000015199184 -0.1303234845399857
vn 2.7057902323720535 3.3510415983078108 -1.5621961053223861
v -0.0034641015809029 0.0320000015199184 -0.1309999972581863
vn -2.3561946772075970 2.0943952398690824 1.3603494152023403
v -0.0060000000521541 0.0320000015199184 -0.1295358985662460
vn 2.9714662939010319 3.3510297407230372 -0.9654831347121159
v -0.0038042261730880 0.0320000015199184 -0.1317639350891113
vn 3.1072670656854195 3.3510319170504994 -0.3265865410661450
v -0.0039780875667930 0.0320000015199184 -0.1325818896293640
vn -2.3561946772076023 2.0943952398690868 -1.3603494152023370
v -0.0060000000521541 0.0320000015199184 -0.1364641040563583
vn 3.1072670656854209 3.3510319170504999 0.3265865410661452
v -0.0039780875667930 0.0320000015199184 -0.1334181129932404
vn 2.9714662939010310 3.3510297407230372 0.9654831347121156
v -0.0038042261730880 0.0320000015199184 -0.1342360675334930
vn 2.7057902323720535 3.3510415983078108 1.5621961053223856
v -0.0034641015809029 0.0320000015199184 -0.1350000053644180
vn 2.3218708564224491 3.3510183057150580 2.0906212180123642
v -0.0029725793283433 0.0320000015199184 -0.1356765180826187
vn 1.8364712689927587 3.3510415166682046 2.5276730039731699
v -0.0023511410690844 0.0320000015199184 -0.1362360715866089
vn -0.0000000000000003 2.0943948274414108 -2.7206988304046744
v -0.0000000000000000 0.0320000015199184 -0.1399282068014145
vn 0.6496093263262775 3.3510398054490476 -3.0561032403678445
v -0.0008316467865370 0.0320000015199184 -0.1290874034166336
vn 1.2708103529743005 3.3510215349783179 -2.8542633173618679
v -0.0016269466141239 0.0320000015199184 -0.1293458193540573
vn 1.8364712689927591 3.3510415166682050 -2.5276730039731703
v -0.0023511410690844 0.0320000015199184 -0.1297639310359955
vn 1.2707850350485335 3.3510384823324637 2.8542715436517030
v -0.0016269466141239 0.0320000015199184 -0.1366541832685471
vn 0.6495840084005108 3.3510228580949026 3.0561114666576796
v -0.0008316467865370 0.0320000015199184 -0.1369125843048096
vn 0.0000000000000000 3.3510336196527386 0.0000000000000000
v -0.0000000000000000 0.0320000015199184 -0.1369999945163727
vn -0.6495840084005099 3.3510228580949026 3.0561114666576796
v 0.0008316467865370 0.0320000015199184 -0.1369125843048096
vn -1.2707850350485335 3.3510384823324628 2.8542715436517030
v 0.0016269466141239 0.0320000015199184 -0.1366541832685471
vn 2.3561946772076019 2.0943952398690859 -1.3603494152023374
v 0.0060000000521541 0.0320000015199184 -0.1364641040563583
vn -1.8364712689927591 3.3510415166682050 2.5276730039731703
v 0.0023511410690844 0.0320000015199184 -0.1362360715866089
vn -2.3218708564224482 3.3510183057150580 2.0906212180123633
v 0.0029725793283433 0.0320000015199184 -0.1356765180826187
vn -2.7057902323720535 3.3510415983078108 1.5621961053223861
v 0.0034641015809029 0.0320000015199184 -0.1350000053644180
vn -2.9714662939010319 3.3510297407230372 0.9654831347121159
v 0.0038042261730880 0.0320000015199184 -0.1342360675334930
vn -3.1072670656854195 3.3510319170504994 0.3265865410661450
v 0.0039780875667930 0.0320000015199184 -0.1334181129932404
vn 2.3561946772076068 2.0943952398690904 1.3603494152023345
v 0.0060000000521541 0.0320000015199184 -0.1295358985662460
vn -3.1072670656854209 3.3510319170504999 -0.3265865410661452
v 0.0039780875667930 0.0320000015199184 -0.1325818896293640
vn -2.9714662939010310 3.3510297407230372 -0.9654831347121156
v 0.0038042261730880 0.0320000015199184 -0.1317639350891113
vn -2.7057902323720535 3.3510415983078108 -1.5621961053223856
v 0.0034641015809029 0.0320000015199184 -0.1309999972581863
vn -2.3218708564224491 3.3510183057150580 -2.0906212180123642
v 0.0029725793283433 0.0320000015199184 -0.1303234845399857
vn -1.8364712689927587 3.3510415166682050 -2.5276730039731699
v 0.0023511410690844 0.0320000015199184 -0.1297639310359955
vn -1.2708103529743009 3.3510215349783183 -2.8542633173618688
v 0.0016269466141239 0.0320000015199184 -0.1293458193540573
vn -0.6495840084005099 -3.3510228580949026 3.0561114666576796
v 0.0008316467865370 0.0270000007003546 -0.1369125843048096
vn 0.0000000000000000 -3.3510336196527386 0.0000000000000000
v -0.0000000000000000 0.0270000007003546 -0.1369999945163727
vn -0.0000000000000001 -2.0943948274414121 -2.7206988304046744
v -0.0000000000000000 0.0270000007003546 -0.1399282068014145
vn 2.9714662939010310 -3.3510297407230372 -0.9654831347121156
v -0.0038042261730880 0.0270000007003546 -0.1317639350891113
vn 2.7057902323720535 -3.3510415983078108 -1.5621961053223856
v -0.0034641015809029 0.0270000007003546 -0.1309999972581863
vn -2.3561946772075975 -2.0943952398690833 1.3603494152023403
v -0.0060000000521541 0.0270000007003546 -0.1295358985662460
vn 0.6496093263262777 -3.3510398054490471 -3.0561032403678450
v -0.0008316467865370 0.0270000007003546 -0.1290874034166336
vn 0.0000000000000002 -3.3510336196527386 -3.1243824412863956
v -0.0000000000000000 0.0270000007003546 -0.1289999932050705
vn 0.7853983504127098 -2.0943948274414117 1.3603494152023345
v 0.0000000000000000 0.0270000007003546 -0.1260717958211899
vn 0.6495840084005107 -3.3510228580949026 3.0561114666576792
v -0.0008316467865370 0.0270000007003546 -0.1369125843048096
vn 1.2707850350485335 -3.3510384823324628 2.8542715436517030
v -0.0016269466141239 0.0270000007003546 -0.1366541832685471
vn -2.3561946772076023 -2.0943952398690859 -1.3603494152023372
v -0.0060000000521541 0.0270000007003546 -0.1364641040563583
vn 1.8364712689927591 -3.3510415166682050 2.5276730039731703
v -0.0023511410690844 0.0270000007003546 -0.1362360715866089
vn 2.3218708564224482 -3.3510183057150580 2.0906212180123633
v -0.0029725793283433 0.0270000007003546 -0.1356765180826187
vn 2.7057902323720535 -3.3510415983078108 1.5621961053223861
v -0.0034641015809029 0.0270000007003546 -0.1350000053644180
vn 2.9714662939010319 -3.3510297407230372 0.9654831347121159
v -0.0038042261730880 0.0270000007003546 -0.1342360675334930
vn 3.1072670656854195 -3.3510319170504994 0.3265865410661450
v -0.0039780875667930 0.0270000007003546 -0.1334181129932404
vn 3.1072670656854209 -3.3510319170504999 -0.3265865410661452
v -0.0039780875667930 0.0270000007003546 -0.1325818896293640
vn 2.3218708564224491 -3.3510183057150580 -2.0906212180123642
v -0.0029725793283433 0.0270000007003546 -0.1303234845399857
vn 1.8364712689927587 -3.3510415166682050 -2.5276730039731699
v -0.0023511410690844 0.0270000007003546 -0.1297639310359955
vn 1.2708103529743009 -3.3510215349783183 -2.8542633173618688
v -0.0016269466141239 0.0270000007003546 -0.1293458193540573
vn 2.3561946772076063 -2.0943952398690895 1.3603494152023341
v 0.0060000000521541 0.0270000007003546 -0.1295358985662460
vn -2.3218708564224482 -3.3510183057150580 -2.0906212180123633
v 0.0029725793283433 0.0270000007003546 -0.1303234845399857
vn -2.7057902323720535 -3.3510415983078108 -1.5621961053223861
v 0.0034641015809029 0.0270000007003546 -0.1309999972581863
vn -0.6496093263262773 -3.3510398054490471 -3.0561032403678441
v 0.0008316467865370 0.0270000007003546 -0.1290874034166336
vn -1.2708103529743005 -3.3510215349783179 -2.8542633173618679
v 0.0016269466141239 0.0270000007003546 -0.1293458193540573
vn -1.8364712689927591 -3.3510415166682050 -2.5276730039731703
v 0.0023511410690844 0.0270000007003546 -0.1297639310359955
vn -2.9714662939010319 -3.3510297407230372 -0.9654831347121159
v 0.0038042261730880 0.0270000007003546 -0.1317639350891113
vn -3.1072670656854195 -3.3510319170504994 -0.3265865410661450
v 0.0039780875667930 0.0270000007003546 -0.1325818896293640
vn 2.3561946772076019 -2.0943952398690868 -1.3603494152023372
v 0.0060000000521541 0.0270000007003546 -0.1364641040563583
vn -3.1072670656854209 -3.3510319170504999 0.3265865410661452
v 0.0039780875667930 0.0270000007003546 -0.1334181129932404
vn -2.9714662939010310 -3.3510297407230372 0.9654831347121156
v 0.0038042261730880 0.0270000007003546 -0.1342360675334930
vn -2.7057902323720535 -3.3510415983078108 1.5621961053223856
v 0.0034641015809029 0.0270000007003546 -0.1350000053644180
vn -2.3218708564224491 -3.3510183057150580 2.0906212180123642
v 0.0029725793283433 0.0270000007003546 -0.1356765180826187
vn -1.8364712689927587 -3.3510415166682046 2.5276730039731699
v 0.0023511410690844 0.0270000007003546 -0.1362360715866089
vn -1.2707850350485335 -3.3510384823324637 2.8542715436517030
v 0.0016269466141239 0.0270000007003546 -0.1366541832685471
vn -0.7853983504127003 0.0000000000000000 1.3603494152023403
v 0.0000000000000000 0.0320000015199184 -0.1260717958211899
vn -0.7853983504127005 0.0000000000000000 1.3603494152023403
v 0.0000000000000000 0.0270000007003546 -0.1260717958211899
vn 0.0000000000000009 0.0000000000000000 3.1243824412863961
v -0.0000000000000000 0.0320000015199184 -0.1369999945163727
vn 0.0000000000000008 0.0000000000000000 3.1243824412863965
v -0.0000000000000000 0.0270000007003546 -0.1369999945163727
vn 0.0000000000000003 0.0000000000000000 -3.1243824412863956
v -0.0000000000000000 0.0320000015199184 -0.1289999932050705
vn 0.5674380674362504 3.5111924618591317 -3.0355198979497251
v -0.0022968689445406 -0.0199999995529652 -0.1207128390669823
vn 1.6256746179347081 3.5111893146694353 -2.6255579708266605
v -0.0065804021432996 -0.0199999995529652 -0.1223722919821739
vn 0.0000000000000000 6.2831853071795774 0.0000000000000000
v -0.0070500001311302 -0.0199999995529652 -0.1045500040054321
vn 1.9226591457164532 3.3768326197593863 -2.4570457981337084
v -0.0184877775609493 -0.0199999995529652 -0.0293736997991800
vn 0.0000000000000000 6.2831853071795774 0.0000000000000000
v -0.0201724320650101 -0.0199999995529652 -0.0274999998509884
vn 1.3305942546763396 3.3543017239754001 -2.8262883238614283
v -0.0124718621373177 -0.0199999995529652 -0.0257153399288654
vn 3.0246896505709380 2.9492862077696715 -0.7936554205879405
v 0.0382066331803799 -0.0199999995529652 -0.0630251243710518
vn 2.8172467128770147 2.9492864108971459 -1.3571136869341434
v 0.0355862975120544 -0.0199999995529652 -0.0701425001025200
vn 0.0000000000000000 6.2831853071795969 0.0000000000000000
v 0.0352724306285381 -0.0199999995529652 -0.0529999993741512
vn -3.1362672020516005 3.2239601854815843 0.1292363687022703
v 0.0149999996647239 -0.0199999995529652 -0.0970482677221298
vn -3.1415926535897931 3.1415926535897936 0.0000000000000000
v 0.0149999996647239 -0.0199999995529652 -0.1045500040054321
vn 0.0000000000000000 6.2831853071795765 0.0000000000000000
v 0.0070500001311302 -0.0199999995529652 -0.1045500040054321
vn 2.2995899188579116 3.9482122263140846 1.7496541647553254
v -0.0163446497172117 -0.0199999995529652 -0.0889597311615944
vn 1.3559486423313294 3.2808584376015126 2.8254609949511673
v -0.0225484743714333 -0.0199999995529652 -0.0854317173361778
vn 0.0000000000000000 6.2831853071795871 0.0000000000000000
v -0.0201724320650101 -0.0199999995529652 -0.0785000026226044
vn 0.4513632453240294 3.6010297220271492 3.0255822291732404
v -0.0227601230144501 -0.0199999995529652 -0.0853477194905281
vn -5.3175690773408402 0.3674574222984051 -3.2477613404673695
v -0.0232525840401649 -0.0199999995529652 -0.0861155614256859
vn -2.3618503316295283 3.1797140801057409 -2.0707929522090414
v -0.0265546217560768 -0.0199999995529652 -0.0822421312332153
vn -3.0374687681392922 3.6010269317662749 -0.3628583652415097
v -0.0233303681015968 -0.0199999995529652 -0.0859015509486198
vn -2.8833834312926001 3.6010467341032300 1.0217335095748172
v -0.0233051851391792 -0.0199999995529652 -0.0856752395629883
vn -0.9371144567388796 3.6010276570112882 2.9119920361442686
v -0.0229870732873678 -0.0199999995529652 -0.0853662863373756
vn -2.1312579317621285 3.6010516648256110 2.1944402963819201
v -0.0231822542846203 -0.0199999995529652 -0.0854835659265518
vn 3.1415926535897931 3.1415926535897931 0.0000000000000000
v -0.0149999996647239 -0.0199999995529652 -0.1045500040054321
vn 3.1362672020516005 3.2239601854815843 0.1292363687022703
v -0.0149999996647239 -0.0199999995529652 -0.0970482677221298
vn 3.0885546595796654 3.3063274350828458 0.5134457988374324
v -0.0153384534642100 -0.0199999995529652 -0.0929484963417053
vn 1.2970261868254864 3.3768334898377499 2.8375014210867069
v -0.0124718621373177 -0.0199999995529652 -0.0802846625447273
vn 1.5707963267948966 4.7123889803846897 -1.5707963267948966
v -0.0149999996647239 -0.0199999995529652 -0.1080000028014183
vn -4.7123889803846897 1.5707963267948961 -1.5707963267948970
v -0.0199999995529652 -0.0199999995529652 -0.1080000028014183
vn 2.4643563925370295 3.5111944941741102 -1.8609973022150637
v -0.0099752154201269 -0.0199999995529652 -0.1254670619964600
vn -3.1256042004157893 2.9987929362152519 -0.2235477049732717
v -0.0199999995529652 -0.0199999995529652 -0.1330000013113022
vn 2.9702153975749415 3.5111906722743838 -0.8450980377717634
v -0.0120228203013539 -0.0199999995529652 -0.1295792162418365
vn 3.0749276593605046 3.5111921977734797 0.2849339777892310
v -0.0124466773122549 -0.0199999995529652 -0.1341533511877060
vn -2.9836546869486114 2.8559937042097294 -0.8760796078834377
v -0.0191898588091135 -0.0199999995529652 -0.1386346518993378
vn 2.7643543730932003 3.5111918698146209 1.3764857306190352
v -0.0111895408481359 -0.0199999995529652 -0.1385717242956161
vn 0.0000000000000000 3.5111956229023571 0.0000000000000000
v -0.0000000000000007 -0.0199999995529652 -0.1455000042915344
vn -0.4425465765301915 2.8559919207351143 -3.0779637454560573
v -0.0028462968766689 -0.0199999995529652 -0.1527964323759079
vn 1.1155544837332756 3.5111904331219455 2.8795674712679942
v -0.0045155207626522 -0.0199999995529652 -0.1446558982133865
vn -1.2917817282908122 2.8559958258118527 -2.8286063152002536
v -0.0083082998171449 -0.0199999995529652 -0.1511926352977753
vn 2.0804407257331619 3.5111909539647232 2.2821341078017463
v -0.0084211956709623 -0.0199999995529652 -0.1422376036643982
vn -2.0363636394403155 2.8559923808105636 -2.3500919255103101
v -0.0130972145125270 -0.0199999995529652 -0.1481149941682816
vn -2.6159753010074134 2.8559928269613515 -1.6811849318813836
v -0.0168250706046820 -0.0199999995529652 -0.1438128203153610
vn -1.6256746179347084 3.5111893146694344 -2.6255579708266610
v 0.0065804021432996 -0.0199999995529652 -0.1223722919821739
vn -1.5707963267948966 4.7123889803846897 -1.5707963267948970
v 0.0149999996647239 -0.0199999995529652 -0.1080000028014183
vn -2.4643563925370291 3.5111944941741102 -1.8609973022150634
v 0.0099752154201269 -0.0199999995529652 -0.1254670619964600
vn 4.7123889803846897 1.5707963267948961 -1.5707963267948966
v 0.0199999995529652 -0.0199999995529652 -0.1080000028014183
vn -2.9702153975749415 3.5111906722743838 -0.8450980377717634
v 0.0120228203013539 -0.0199999995529652 -0.1295792162418365
vn 3.1256042004157898 2.9987929362152519 -0.2235477049732717
v 0.0199999995529652 -0.0199999995529652 -0.1330000013113022
vn -3.0749276593605051 3.5111921977734797 0.2849339777892310
v 0.0124466773122549 -0.0199999995529652 -0.1341533511877060
vn 2.9836546869486114 2.8559937042097294 -0.8760796078834379
v 0.0191898588091135 -0.0199999995529652 -0.1386346518993378
vn -2.7643543730931999 3.5111918698146214 1.3764857306190352
v 0.0111895408481359 -0.0199999995529652 -0.1385717242956161
vn 2.6159753010074134 2.8559928269613515 -1.6811849318813834
v 0.0168250706046820 -0.0199999995529652 -0.1438128203153610
vn -2.0804407257331619 3.5111909539647232 2.2821341078017467
v 0.0084211956709623 -0.0199999995529652 -0.1422376036643982
vn 2.0363636394403155 2.8559923808105641 -2.3500919255103101
v 0.0130972145125270 -0.0199999995529652 -0.1481149941682816
vn -1.1155544837331945 3.5111904331219983 2.8795674712680093
v 0.0045155207626522 -0.0199999995529652 -0.1446558982133865
vn 1.2917817282908119 2.8559958258118527 -2.8286063152002536
v 0.0083082998171449 -0.0199999995529652 -0.1511926352977753
vn 0.4425465765301915 2.8559919207351139 -3.0779637454560573
v 0.0028462968766689 -0.0199999995529652 -0.1527964323759079
vn -3.0885546595796654 3.3063274350828462 0.5134457988374324
v 0.0153384534642100 -0.0199999995529652 -0.0929484963417053
vn 2.1312579317621401 3.6010516648256110 2.1944402963819263
v 0.0231822542846203 -0.0199999995529652 -0.0854835659265518
vn 0.9371144567388805 3.6010276570112878 2.9119920361442717
v 0.0229870732873678 -0.0199999995529652 -0.0853662863373756
vn 2.3581465221916860 3.1730316764372994 -2.0751652398283502
v 0.0265546217560768 -0.0199999995529652 -0.0822421312332153
vn 0.0000000000000000 6.2831853071795845 0.0000000000000000
v 0.0201724320650101 -0.0199999995529652 -0.0785000026226044
vn -0.4513632453240232 3.6010297220271492 3.0255822291732231
v 0.0227601230144501 -0.0199999995529652 -0.0853477194905281
vn -1.3559486423313358 3.2808584376015126 2.8254609949511833
v 0.0225484743714333 -0.0199999995529652 -0.0854317173361778
vn -1.5232599725801053 3.3722484244252220 2.7237095172127628
v 0.0147033063694835 -0.0199999995529652 -0.0791498124599457
vn -2.2995899188579121 3.9482122263140851 1.7496541647553256
v 0.0163446497172117 -0.0199999995529652 -0.0889597311615944
vn -0.8531280334387092 3.3768329409640243 3.0009772464731244
v 0.0082034496590495 -0.0199999995529652 -0.0818566009402275
vn 5.3213784407573925 0.3602933881824631 -3.2433323849271662
v 0.0232525840401649 -0.0199999995529652 -0.0861155614256859
vn 3.0374687681392851 3.6010269317662749 -0.3628583652415043
v 0.0233303681015968 -0.0199999995529652 -0.0859015509486198
vn 2.8833834312925810 3.6010467341032300 1.0217335095748086
v 0.0233051851391792 -0.0199999995529652 -0.0856752395629883
vn -3.0345456676369116 3.6651909671202549 -0.0000000000000002
v 0.0310448631644249 -0.0199999995529652 -0.0700000002980232
vn -2.6279988673411649 3.6651868894496706 -1.5172670903413179
v 0.0308305043727160 -0.0199999995529652 -0.0692000016570091
vn -1.5172669170443061 3.6652035300987729 -2.6279911554640671
v 0.0302448645234108 -0.0199999995529652 -0.0686143562197685
vn 0.0000000000000002 3.6651767689114116 -3.0345514398657465
v 0.0294448640197515 -0.0199999995529652 -0.0684000030159950
vn -2.5957337135440093 3.3768325768487641 1.7308549281958450
v 0.0249598864465952 -0.0199999995529652 -0.0696434378623962
vn 3.0345439012911415 3.6651953118046023 0.0000000000000000
v 0.0278448630124331 -0.0199999995529652 -0.0700000002980232
vn -2.2581110870904513 3.2637867303005121 2.1757166185365264
v 0.0203932598233223 -0.0199999995529652 -0.0750026106834412
vn 2.6279979841682799 3.6651847171074818 1.5172703863761252
v 0.0280592236667871 -0.0199999995529652 -0.0707999989390373
vn -1.9814983141723845 3.2615497207002160 2.4308369340376021
v 0.0201907027512789 -0.0199999995529652 -0.0751886367797852
vn 1.5172669170443061 3.6652035300987720 2.6279911554640671
v 0.0286448635160923 -0.0199999995529652 -0.0713856443762779
vn -0.0000000000000002 3.6651767689114108 3.0345514398657460
v 0.0294448640197515 -0.0199999995529652 -0.0715999975800514
vn 2.5059378035655326 2.9492862569417002 -1.8705379386523004
v 0.0316539667546749 -0.0199999995529652 -0.0766278728842735
vn -1.5172669170443056 3.6652035300987724 2.6279911554640663
v 0.0302448645234108 -0.0199999995529652 -0.0713856443762779
vn -2.6279988673411658 3.6651868894496702 1.5172670903413183
v 0.0308305043727160 -0.0199999995529652 -0.0707999989390373
vn -3.1359004362168910 3.2763782408936137 0.0000000000000000
v 0.0299999993294477 -0.0199999995529652 -0.0529999993741512
vn -3.0956148473138505 3.3180229638248364 0.4584405428847569
v 0.0297927223145962 -0.0199999995529652 -0.0565204694867134
vn -2.9276645304810316 3.3768327789066128 1.0781801605705772
v 0.0281516443938017 -0.0199999995529652 -0.0633674934506416
vn 1.5172669170443056 3.6652035300987729 -2.6279911554640663
v 0.0286448635160923 -0.0199999995529652 -0.0686143562197685
vn 2.6279979841682799 3.6651847171074960 -1.5172703863761252
v 0.0280592236667871 -0.0199999995529652 -0.0692000016570091
vn 2.9680293003518634 2.9492859917061951 0.9846005674235343
v 0.0374909229576588 -0.0199999995529652 -0.0405629277229309
vn 3.1014969366066962 2.9492865593625170 0.3991910479023600
v 0.0391768291592598 -0.0199999995529652 -0.0479575805366039
vn 3.1206186663456013 2.9492859054630594 -0.2009359674933706
v 0.0394183695316315 -0.0199999995529652 -0.0555381402373314
vn -3.0956148021650405 3.3180230871432470 -0.4584407312578367
v 0.0297927223145962 -0.0199999995529652 -0.0494795292615891
vn 0.0000000000000001 3.6651941476441072 3.0345443745858400
v 0.0294448640197515 -0.0199999995529652 -0.0375999994575977
vn -1.5172730358658619 3.6651884796925218 2.6279946881742626
v 0.0302448645234108 -0.0199999995529652 -0.0373856388032436
vn -2.6279922752992464 3.6651944146387794 1.5172723893592261
v 0.0308305043727160 -0.0199999995529652 -0.0368000008165836
vn 2.8054231707747288 3.0454392954280971 1.4058486852371366
v 0.0344227999448776 -0.0199999995529652 -0.0336267985403538
vn -3.0345461409226715 3.6651898029710490 -0.0000017663322405
v 0.0310448631644249 -0.0199999995529652 -0.0359999984502792
vn -2.6279953346941798 3.6651900699595061 -1.5172706230107746
v 0.0308305043727160 -0.0199999995529652 -0.0351999998092651
vn 2.7377826418117834 3.1415927304396032 1.5408278967111400
v 0.0309746284037828 -0.0199999995529652 -0.0274999998509884
vn -1.5172699764834490 3.6651960049007055 -2.6279929218258111
v 0.0302448645234108 -0.0199999995529652 -0.0346143580973148
vn 0.0000000000000001 3.6651854582878745 -3.0345479072503210
v 0.0294448640197515 -0.0199999995529652 -0.0344000011682510
vn 0.0000000000000000 6.2831853071795791 0.0000000000000000
v 0.0201724320650101 -0.0199999995529652 -0.0274999998509884
vn 1.5172699764834483 3.6651960049007051 -2.6279929218258102
v 0.0286448635160923 -0.0199999995529652 -0.0346143580973148
vn 1.5172730358658617 3.6651884796925218 2.6279946881742617
v 0.0286448635160923 -0.0199999995529652 -0.0373856388032436
vn -2.9276646561166100 3.3768324157441656 -1.0781800131307073
v 0.0281516443938017 -0.0199999995529652 -0.0426325090229511
vn 2.6279913921337590 3.6651922423053662 1.5172756853817693
v 0.0280592236667871 -0.0199999995529652 -0.0368000008165836
vn -2.5957340591315532 3.3768326451136659 -1.7308543872423061
v 0.0249598864465952 -0.0199999995529652 -0.0363565608859062
vn 3.0345443745842982 3.6651941476466359 -0.0000017663445047
v 0.0278448630124331 -0.0199999995529652 -0.0359999984502792
vn 2.6279944515212952 3.6651878976173307 -1.5172739190455826
v 0.0280592236667871 -0.0199999995529652 -0.0351999998092651
vn -2.2580939481827262 3.2638018670447488 -2.1757323138710047
v 0.0203932598233223 -0.0199999995529652 -0.0309973862022161
vn -1.9814819113685540 3.2615337468887287 -2.4308521784236756
v 0.0201907027512789 -0.0199999995529652 -0.0308113656938076
vn 1.7832232951733022 3.6278458283584838 -2.4734037735203782
v 0.0299201663583517 -0.0199999995529652 -0.0265318769961596
vn 2.7323943024528994 3.6278506835617153 -1.3533742004808635
v 0.0300758089870214 -0.0199999995529652 -0.0263482183218002
vn 3.0481422318163842 3.6278367825901032 0.0803824753081132
v 0.0301275830715895 -0.0199999995529652 -0.0261131133884192
vn 5.6207769759377957 0.2431284242947644 2.7294449967793692
v 0.0300634894520044 -0.0199999995529652 -0.0258810631930828
vn -1.4015247064719591 2.9620898674080021 -2.7969262637415508
v 0.0176558475941420 -0.0199999995529652 -0.0176655836403370
vn -1.8899667501713369 2.9562362865739629 -2.4926090868581863
v 0.0238654278218746 -0.0199999995529652 -0.0215247496962547
vn -1.9360249137861945 3.2920404424877256 -2.4628578349012020
v 0.0292574092745781 -0.0199999995529652 -0.0264622159302235
vn -1.0393987265545792 3.6278488882217159 -2.8665754443469202
v 0.0294573176652193 -0.0199999995529652 -0.0265963487327099
vn 0.4206744018944956 3.6278411887195197 -3.0200422669888889
v 0.0296967383474112 -0.0199999995529652 -0.0266215130686760
vn -0.8684576871407629 2.9808141835672712 -3.0065980020120779
v 0.0108414022251964 -0.0199999995529652 -0.0150169255211949
vn -1.5232604710977373 3.3722493381070615 -2.7237090491857883
v 0.0147033063694835 -0.0199999995529652 -0.0268501844257116
vn 0.8695773607278983 2.9895676463511154 -3.0069733797789926
v -0.0108414022251964 -0.0199999995529652 -0.0150169255211949
vn 0.2733691595157278 2.9828369878732999 -3.1178008676873721
v -0.0036555454134941 -0.0199999995529652 -0.0136695178225636
vn 0.0000000000000000 6.2831853071795871 0.0000000000000000
v -0.0070500001311302 -0.0199999995529652 -0.0154500016942620
vn -0.2804272582819730 2.9786600732930206 -3.1168117323565103
v 0.0036555454134941 -0.0199999995529652 -0.0136695178225636
vn 0.0000000000000000 6.2831853071795880 0.0000000000000000
v 0.0070500001311302 -0.0199999995529652 -0.0154500016942620
vn -0.8531276793063297 3.3768326967488620 -3.0009773939473163
v 0.0082034496590495 -0.0199999995529652 -0.0241433978080750
vn -5.6207766968953550 0.2431309490351705 2.7294454925924430
v -0.0300634894520044 -0.0199999995529652 -0.0258810631930828
vn -3.0481422318163931 3.6278367825901032 0.0803824753081060
v -0.0301275830715895 -0.0199999995529652 -0.0261131133884192
vn -2.7377828885828226 3.1415931416997469 1.5408274582417929
v -0.0309746284037828 -0.0199999995529652 -0.0274999998509884
vn -2.7323943024528758 3.6278506835617153 -1.3533742004808560
v -0.0300758089870214 -0.0199999995529652 -0.0263482183218002
vn -1.7832232951733089 3.6278458283584838 -2.4734037735203884
v -0.0299201663583517 -0.0199999995529652 -0.0265318769961596
vn -0.4206744018944931 3.6278411887195197 -3.0200422669888791
v -0.0296967383474112 -0.0199999995529652 -0.0266215130686760
vn 1.0393987265545859 3.6278488882217159 -2.8665754443469336
v -0.0294573176652193 -0.0199999995529652 -0.0265963487327099
vn 1.9360249137861882 3.2920404424877256 -2.4628578349011923
v -0.0292574092745781 -0.0199999995529652 -0.0264622159302235
vn 0.8524906573220560 3.2693722970467309 -3.0179211717684247
v -0.0070892893709242 -0.0199999995529652 -0.0238496661186218
vn 1.4045149751008650 2.9654641918921367 -2.7957453698541910
v -0.0176558475941420 -0.0199999995529652 -0.0176655836403370
vn 1.8899667501713369 2.9562362865739629 -2.4926090868581863
v -0.0238654278218746 -0.0199999995529652 -0.0215247496962547
vn 0.0000000000000001 3.6651941476441072 3.0345443745858400
v -0.0294448640197515 -0.0199999995529652 -0.0375999994575977
vn -1.5172730358658619 3.6651884796925218 2.6279946881742626
v -0.0286448635160923 -0.0199999995529652 -0.0373856388032436
vn 1.3358867432362467 2.1247488887823685 -2.3971181221736662
v -0.0271892342716455 -0.0199999995529652 -0.0403214506804943
vn -2.6279913921337590 3.6651922423053662 1.5172756853817693
v -0.0280592236667871 -0.0199999995529652 -0.0368000008165836
vn 2.4423852214352797 3.3768324324947310 -1.9412487965835858
v -0.0234853290021420 -0.0199999995529652 -0.0343334712088108
vn -3.0345443745842977 3.6651941476466359 -0.0000017663445047
v -0.0278448630124331 -0.0199999995529652 -0.0359999984502792
vn -2.6279944515212952 3.6651878976173320 -1.5172739190455817
v -0.0280592236667871 -0.0199999995529652 -0.0351999998092651
vn -1.5172699764834490 3.6651960049007051 -2.6279929218258111
v -0.0286448635160923 -0.0199999995529652 -0.0346143580973148
vn 1.5172730358658617 3.6651884796925218 2.6279946881742617
v -0.0302448645234108 -0.0199999995529652 -0.0373856388032436
vn -1.4344759496946513 1.1511074320958361 -0.9307339470068268
v -0.0374099500477314 -0.0199999995529652 -0.0403214506804943
vn 2.6279922752992473 3.6651944146387798 1.5172723893592266
v -0.0308305043727160 -0.0199999995529652 -0.0368000008165836
vn 0.0000000000000001 3.6651854582878745 -3.0345479072503210
v -0.0294448640197515 -0.0199999995529652 -0.0344000011682510
vn 1.5172699764834483 3.6651960049007055 -2.6279929218258102
v -0.0302448645234108 -0.0199999995529652 -0.0346143580973148
vn -2.8033672059627559 3.0486630788292972 1.4104764429937395
v -0.0344227999448776 -0.0199999995529652 -0.0336267985403538
vn 2.6279953346941811 3.6651900699595057 -1.5172706230107755
v -0.0308305043727160 -0.0199999995529652 -0.0351999998092651
vn 3.0345461409226697 3.6651898029710486 -0.0000017663322405
v -0.0310448631644249 -0.0199999995529652 -0.0359999984502792
vn -0.1301740119797178 3.3768327630016572 -3.1171696788246037
v 0.0012517205905169 -0.0199999995529652 -0.0230261236429214
vn 0.0000000000000000 3.6651857857025751 0.0000000000000000
v 0.0000000000000002 -0.0199999995529652 -0.0205999985337257
vn -1.5172693969020323 3.6651950957571087 2.6279936832433810
v 0.0007999999797903 -0.0199999995529652 -0.0203856416046619
vn -2.6279947592187289 3.6651914364613010 1.5172705086571370
v 0.0013856407022104 -0.0199999995529652 -0.0197999998927116
vn -3.0345456993392279 3.6651908891404199 -0.0000017663353065
v 0.0015999999595806 -0.0199999995529652 -0.0189999975264072
vn -2.6279942859311229 3.6651902723099044 -1.5172722749924445
v 0.0013856407022104 -0.0199999995529652 -0.0181999988853931
vn 1.5172693969018263 3.6651950957572446 2.6279936832434352
v -0.0007999999797903 -0.0199999995529652 -0.0203856416046619
vn 0.4557981553200624 3.2817441407938657 -3.1005589732243992
v -0.0057689570821822 -0.0199999995529652 -0.0235599055886269
vn 2.6279947592187307 3.6651914364613010 1.5172705086571376
v -0.0013856407022104 -0.0199999995529652 -0.0197999998927116
vn 3.0345456993392279 3.6651908891404199 -0.0000017663353070
v -0.0015999999595806 -0.0199999995529652 -0.0189999975264072
vn 2.6279942859311216 3.6651902723099044 -1.5172722749924437
v -0.0013856407022104 -0.0199999995529652 -0.0181999988853931
vn -1.5172693969020430 3.6651950957571016 -2.6279936832433775
v 0.0007999999797903 -0.0199999995529652 -0.0176143571734428
vn -0.0000000000002281 3.6651857857025751 -3.0345477741406603
v 0.0000000000000002 -0.0199999995529652 -0.0174000002443790
vn 1.5172693969018154 3.6651950957572517 -2.6279936832434387
v -0.0007999999797903 -0.0199999995529652 -0.0176143571734428
vn -1.5172724562850406 3.6651875705466068 2.6279954495871785
v 0.0007999999797903 -0.0199999995529652 -0.0883856415748596
vn -2.6279907532477953 3.6651934528399717 1.5172758076705024
v 0.0013856407022104 -0.0199999995529652 -0.0878000035881996
vn 0.5999491311835060 3.3768320809431547 3.0616586851678638
v -0.0057689570821822 -0.0199999995529652 -0.0824400931596756
vn -0.1301740119797178 3.3768327630016581 3.1171696788246037
v 0.0012517205905169 -0.0199999995529652 -0.0829738751053810
vn 0.0000000000002145 3.6651944750637355 -3.0345442414720165
v -0.0000000000000002 -0.0199999995529652 -0.0854000002145767
vn 1.5172724562852764 3.6651875705464509 2.6279954495871136
v -0.0007999999797903 -0.0199999995529652 -0.0883856415748596
vn 0.0000000000000000 3.6651944750637355 0.0000000000000000
v -0.0000000000000002 -0.0199999995529652 -0.0886000022292137
vn -3.0345461726206673 3.6651897249991388 0.0000035326558165
v 0.0015999999595806 -0.0199999995529652 -0.0870000049471855
vn -2.6279916998168424 3.6651957811326481 -1.5172722750146868
v 0.0013856407022104 -0.0199999995529652 -0.0861999988555908
vn -1.5172724562850508 3.6651875705465997 -2.6279954495871736
v 0.0007999999797903 -0.0199999995529652 -0.0856143608689308
vn 1.5172724562852657 3.6651875705464585 -2.6279954495871163
v -0.0007999999797903 -0.0199999995529652 -0.0856143608689308
vn 2.6279916998168424 3.6651957811326481 -1.5172722750146863
v -0.0013856407022104 -0.0199999995529652 -0.0861999988555908
vn 3.0345461726206655 3.6651897249991388 0.0000035326558164
v -0.0015999999595806 -0.0199999995529652 -0.0870000049471855
vn 2.6279907532477971 3.6651934528399712 1.5172758076705035
v -0.0013856407022104 -0.0199999995529652 -0.0878000035881996
vn -1.5172669170443056 3.6652035300987729 2.6279911554640663
v -0.0286448635160923 -0.0199999995529652 -0.0713856443762779
vn -2.6279979841682799 3.6651847171074965 1.5172703863761252
v -0.0280592236667871 -0.0199999995529652 -0.0707999989390373
vn 1.9226592397288482 3.3768322059571556 2.4570458214221231
v -0.0184877775609493 -0.0199999995529652 -0.0766263008117676
vn 2.4423854720639913 3.3768331769227418 1.9412482607184309
v -0.0234853290021420 -0.0199999995529652 -0.0716665312647820
vn -3.0345439012911415 3.6651953118046028 0.0000000000000000
v -0.0278448630124331 -0.0199999995529652 -0.0700000002980232
vn 1.3358872032147440 2.1247483321242866 2.3971173785413882
v -0.0271892342716455 -0.0199999995529652 -0.0656785443425179
vn -2.6279979841682799 3.6651847171074965 -1.5172703863761252
v -0.0280592236667871 -0.0199999995529652 -0.0692000016570091
vn -2.7973084361926257 2.9843622967722379 -1.4084736062921754
v -0.0355862975120544 -0.0199999995529652 -0.0701425001025200
vn 2.6279988673411649 3.6651868894496702 1.5172670903413179
v -0.0308305043727160 -0.0199999995529652 -0.0707999989390373
vn -2.5059378035655326 2.9492862569416993 -1.8705379386523004
v -0.0316539667546749 -0.0199999995529652 -0.0766278728842735
vn 1.5172669170443061 3.6652035300987729 2.6279911554640671
v -0.0302448645234108 -0.0199999995529652 -0.0713856443762779
vn -0.0000000000000002 3.6651767689114112 3.0345514398657460
v -0.0294448640197515 -0.0199999995529652 -0.0715999975800514
vn -1.5172669170443061 3.6652035300987729 -2.6279911554640671
v -0.0286448635160923 -0.0199999995529652 -0.0686143562197685
vn 0.0000000000000002 3.6651767689114108 -3.0345514398657465
v -0.0294448640197515 -0.0199999995529652 -0.0684000030159950
vn -1.4541322583024039 1.1829596021599329 0.9767420568525869
v -0.0374099500477314 -0.0199999995529652 -0.0656785443425179
vn 1.5172669170443056 3.6652035300987729 -2.6279911554640663
v -0.0302448645234108 -0.0199999995529652 -0.0686143562197685
vn 2.6279988673411658 3.6651868894496706 -1.5172670903413183
v -0.0308305043727160 -0.0199999995529652 -0.0692000016570091
vn 3.0345456676369116 3.6651909671202549 0.0000000000000002
v -0.0310448631644249 -0.0199999995529652 -0.0700000002980232
vn -0.5674380674362504 3.5111924618591317 -3.0355198979497247
v 0.0022968689445406 -0.0199999995529652 -0.1207128390669823
vn -3.0994065011974663 2.9810904616163789 0.4434428796870174
v -0.0391768291592598 -0.0289999991655350 -0.0479575805366039
vn -3.0990709705829085 -2.9815023437038506 0.4497351091801546
v -0.0391768291592598 -0.0299999993294477 -0.0479575805366039
vn -2.9770737199458308 -2.9805321023906206 0.9632973617947693
v -0.0374909229576588 -0.0299999993294477 -0.0405629277229309
vn -4.3648721747207704 1.4318580451189369 -0.0799871662576263
v -0.0374099500477314 -0.0289999991655350 -0.0656785443425179
vn -2.8035448668025111 -3.0486433034712856 1.4100771229220377
v -0.0344227999448776 -0.0299999993294477 -0.0336267985403538
vn -4.3502804863708562 1.8545623450850717 0.2254445221955848
v -0.0374099500477314 -0.0289999991655350 -0.0403214506804943
vn -3.0207940853845283 3.0422105329890954 0.8485620216819424
v -0.0374909229576588 -0.0289999991655350 -0.0405629277229309
vn -2.7999428371696697 -2.9838719823609066 -1.4018020918972867
v -0.0355862975120544 -0.0299999993294477 -0.0701425001025200
vn -2.5059378035655326 -2.9492862569417007 -1.8705379386523004
v -0.0316539667546749 -0.0299999993294477 -0.0766278728842735
vn -2.3696137882526900 -3.1843601238592476 -2.0615582861993076
v -0.0265546217560768 -0.0299999993294477 -0.0822421312332153
vn -3.0987197348590430 -2.6340094451383385 0.0811013055928470
v -0.0394999980926514 -0.0299999993294477 -0.0529948212206364
vn -3.1208551645421205 3.0102044921012023 -0.2774058502585329
v -0.0394183695316315 -0.0289999991655350 -0.0555381402373314
vn -3.1206070222541569 -3.0132225367713437 -0.3013502869280302
v -0.0394183695316315 -0.0299999993294477 -0.0555381402373314
vn -3.0550665399278047 3.0103630581858036 -0.7026678860448474
v -0.0382066331803799 -0.0289999991655350 -0.0630251243710518
vn -3.0485632914841725 -3.0078991807971649 -0.7228048997354926
v -0.0382066331803799 -0.0299999993294477 -0.0630251243710518
vn 2.8829938173836895 2.8984611219500964 1.1886180182327948
v 0.0300634894520044 0.0189999993890524 -0.0258810631930828
vn 2.9396875916909262 3.6542111118502678 0.7704140478753535
v 0.0199999995529652 0.0189999993890524 -0.0079999985173345
vn 2.9396876076212659 -3.6542111047568291 0.7704140195699165
v 0.0199999995529652 -0.0299999993294477 -0.0079999985173345
vn 2.7377825516681153 -3.1415927043831382 1.5408280568807722
v 0.0309746284037828 -0.0299999993294477 -0.0274999998509884
vn 2.8054231707747288 -3.0454392954280971 1.4058486852371366
v 0.0344227999448776 -0.0299999993294477 -0.0336267985403538
vn 2.9680293003518639 -2.9492859917061947 0.9846005674235345
v 0.0374909229576588 -0.0299999993294477 -0.0405629277229309
vn 3.1014969366066962 -2.9492865593625170 0.3991910479023600
v 0.0391768291592598 -0.0299999993294477 -0.0479575805366039
vn 3.1206186663456017 -2.9492859054630594 -0.2009359674933706
v 0.0394183695316315 -0.0299999993294477 -0.0555381402373314
vn 3.0246896505709375 -2.9492862077696711 -0.7936554205879405
v 0.0382066331803799 -0.0299999993294477 -0.0630251243710518
vn 2.8172467128770142 -2.9492864108971477 -1.3571136869341434
v 0.0355862975120544 -0.0299999993294477 -0.0701425001025200
vn 2.5059378035655326 -2.9492862569417015 -1.8705379386523004
v 0.0316539667546749 -0.0299999993294477 -0.0766278728842735
vn 2.3661877658745327 -3.1780176166856076 -2.0656458788064787
v 0.0265546217560768 -0.0299999993294477 -0.0822421312332153
vn 2.6468633341730752 -3.4106372963142997 -1.6368597055797314
v 0.0230092108249664 -0.0299999993294477 -0.0864977687597275
vn 2.8012922840930292 2.9231979250597631 -1.3802706848114268
v 0.0232525840401649 0.0189999993890524 -0.0861155614256859
vn 2.7613265312353343 3.2918384622206780 -1.4795561027801860
v 0.0230092108249664 0.0189999993890524 -0.0864977687597275
vn 2.9920054872766637 3.4194346252903527 -0.8533790743116815
v 0.0207670107483864 0.0189999993890524 -0.0915626436471939
vn 2.9920054872766637 -3.4194346252903527 -0.8533790743116815
v 0.0207670107483864 -0.0299999993294477 -0.0915626436471939
vn 3.1264594925869589 3.2805140601040259 -0.2175160106064809
v 0.0199999995529652 0.0189999993890524 -0.0970482677221298
vn 3.1264594925869584 -3.2805140601040264 -0.2175160106064810
v 0.0199999995529652 -0.0299999993294477 -0.0970482677221298
vn 1.5707963267948966 1.5707963267948966 -1.5707963267948970
v 0.0199999995529652 0.0189999993890524 -0.1080000028014183
vn 3.1256042004157893 -2.9987929362152523 -0.2235477049732717
v 0.0199999995529652 -0.0299999993294477 -0.1330000013113022
vn 3.1415926535897931 -3.1415926535897931 0.0000000000000000
v 0.0199999995529652 -0.0299999993294477 -0.1059250012040138
vn 2.9836546869486114 -2.8559937042097303 -0.8760796078834377
v 0.0191898588091135 -0.0299999993294477 -0.1386346518993378
vn 2.6159753010074134 -2.8559928269613515 -1.6811849318813836
v 0.0168250706046820 -0.0299999993294477 -0.1438128203153610
vn 2.0363636394403155 -2.8559923808105632 -2.3500919255103101
v 0.0130972145125270 -0.0299999993294477 -0.1481149941682816
vn 1.2917817282908122 -2.8559958258118527 -2.8286063152002536
v 0.0083082998171449 -0.0299999993294477 -0.1511926352977753
vn 0.4425465765301915 -2.8559919207351134 -3.0779637454560573
v 0.0028462968766689 -0.0299999993294477 -0.1527964323759079
vn -0.4425465765301915 -2.8559919207351134 -3.0779637454560573
v -0.0028462968766689 -0.0299999993294477 -0.1527964323759079
vn -1.2917817282908119 -2.8559958258118527 -2.8286063152002532
v -0.0083082998171449 -0.0299999993294477 -0.1511926352977753
vn -2.0363636394403155 -2.8559923808105632 -2.3500919255103101
v -0.0130972145125270 -0.0299999993294477 -0.1481149941682816
vn -2.6159753010074134 -2.8559928269613515 -1.6811849318813836
v -0.0168250706046820 -0.0299999993294477 -0.1438128203153610
vn -2.9836546869486114 -2.8559937042097303 -0.8760796078834379
v -0.0191898588091135 -0.0299999993294477 -0.1386346518993378
vn -3.1256042004157893 -2.9987929362152523 -0.2235477049732717
v -0.0199999995529652 -0.0299999993294477 -0.1330000013113022
vn -3.1264594925869584 3.2805140601040268 -0.2175160106064810
v -0.0199999995529652 0.0189999993890524 -0.0970482677221298
vn -1.5707963267948966 1.5707963267948966 -1.5707963267948966
v -0.0199999995529652 0.0189999993890524 -0.1080000028014183
vn -3.1264594925869584 -3.2805140601040268 -0.2175160106064809
v -0.0199999995529652 -0.0299999993294477 -0.0970482677221298
vn -3.1415926535897927 -3.1415926535897931 0.0000000000000000
v -0.0199999995529652 -0.0299999993294477 -0.1059250012040138
vn -2.8012922840930425 2.9231979250597635 -1.3802706848114314
v -0.0232525840401649 0.0189999993890524 -0.0861155614256859
vn -2.7613265312353348 3.2918384622206776 -1.4795561027801862
v -0.0230092108249664 0.0189999993890524 -0.0864977687597275
vn -2.6435359248137367 -3.4165430132540218 -1.6408839358515384
v -0.0230092108249664 -0.0299999993294477 -0.0864977687597275
vn -2.9920054872766637 3.4194346252903536 -0.8533790743116815
v -0.0207670107483864 0.0189999993890524 -0.0915626436471939
vn -2.9920054872766637 -3.4194346252903527 -0.8533790743116815
v -0.0207670107483864 -0.0299999993294477 -0.0915626436471939
vn -2.7377825910646516 -3.1415928170743554 1.5408279868799888
v -0.0309746284037828 -0.0299999993294477 -0.0274999998509884
vn -2.9396876004974439 -3.6542111090980867 0.7704140322277085
v -0.0199999995529652 -0.0299999993294477 -0.0079999985173345
vn -2.8829938173836789 2.8984611219500978 1.1886180182327917
v -0.0300634894520044 0.0189999993890524 -0.0258810631930828
vn -2.9396875916909235 3.6542111118502829 0.7704140478753535
v -0.0199999995529652 0.0189999993890524 -0.0079999985173345
vn -1.5707963267948966 1.5707963267948966 1.5707963267949054
v -0.0199999995529652 0.0189999993890524 -0.0049999994225800
vn -1.5707963267948943 -1.5707963267948966 1.5707963267949037
v -0.0199999995529652 -0.0299999993294477 -0.0049999994225800
vn -0.4633274932000504 0.3366270057457301 6.2302003017776419
v -0.0153713226318359 0.0111679183319211 -0.0049999994225800
vn -0.3832133918445336 0.4256016402705922 6.2302004357660588
v -0.0127134816721082 0.0141197526827455 -0.0049999994225800
vn -0.2863523226964990 0.4959765984427907 6.2302002455757712
v -0.0094999996945262 0.0164544824510813 -0.0049999994225800
vn -0.1769755319120221 0.5446741978411878 6.2302002671037844
v -0.0058713229373097 0.0180700737982988 -0.0049999994225800
vn -0.0753976657254303 0.5780503047165861 6.2284262894501676
v -0.0019860407337546 0.0188959185034037 -0.0049999994225800
vn 0.0144753464964263 0.5433968727689297 3.0941475650135084
v 0.0000000000000003 0.0189999993890524 -0.0049999994225800
vn 0.0638620190248655 0.5700056639280006 6.2300982535047869
v 0.0019860407337546 0.0188959185034037 -0.0049999994225800
vn 1.5707963267948943 1.5707963267948966 1.5707963267949054
v 0.0199999995529652 0.0189999993890524 -0.0049999994225800
vn 0.1769753556900927 0.5446740523381701 6.2302003009687068
v 0.0058713229373097 0.0180700737982988 -0.0049999994225800
vn 0.2863522030299556 0.4959767662331490 6.2302002305647246
v 0.0094999996945262 0.0164544824510813 -0.0049999994225800
vn 0.3832135910204281 0.4256015537945775 6.2302004236468589
v 0.0127134816721082 0.0141197526827455 -0.0049999994225800
vn 0.4633274236048077 0.3366271701898098 6.2302002946909019
v 0.0153713226318359 0.0111679183319211 -0.0049999994225800
vn 0.5231905831165554 0.2329394556739204 6.2302004503391446
v 0.0173573642969131 0.0077279969118536 -0.0049999994225800
vn 0.5601891266802870 0.1190718330134505 6.2302003227339293
v 0.0185848046094179 0.0039503215812147 -0.0049999994225800
vn 0.5727043786684591 0.0000000265048921 6.2302002684437001
v 0.0189999993890524 -0.0000000006705523 -0.0049999994225800
vn 1.5707963267948966 -1.5707963267948968 1.5707963267949041
v 0.0199999995529652 -0.0299999993294477 -0.0049999994225800
vn 0.5601891272483968 -0.1190718339426853 6.2302003236019932
v 0.0185848046094179 -0.0039503225125372 -0.0049999994225800
vn 0.5231908477498195 -0.2329396540047137 6.2302003912782364
v 0.0173573642969131 -0.0077279959805310 -0.0049999994225800
vn 0.4633274016429835 -0.3366269806046159 6.2302003166175872
v 0.0153713226318359 -0.0111679201945662 -0.0049999994225800
vn 0.3832133686859720 -0.4256017488372328 6.2302004246785678
v 0.0127134816721082 -0.0141197526827455 -0.0049999994225800
vn 0.0000000000000000 -3.1415926535897931 3.1415926535897931
v 0.0187974311411381 -0.0299999993294477 -0.0049999994225800
vn 0.2863521514479239 -0.4959764029981716 6.2302002935398972
v 0.0094999996945262 -0.0164544824510813 -0.0049999994225800
vn 0.0000000000000000 -3.1415926535897931 3.1415926535897931
v 0.0069249998778105 -0.0299999993294477 -0.0049999994225800
vn -0.5727043715116771 -0.0000000402885801 6.2302002697005303
v -0.0189999993890524 -0.0000000006705522 -0.0049999994225800
vn 0.1769754177507583 -0.5446740992996768 6.2302002892313491
v 0.0058713229373097 -0.0180700737982988 -0.0049999994225800
vn 0.0598637999713567 -0.5695664154528824 6.2302003865248210
v 0.0019860407337546 -0.0188959166407585 -0.0049999994225800
vn 0.0000000000000000 -3.1415926535897931 3.1415926535897922
v -0.0069249998778105 -0.0299999993294477 -0.0049999994225800
vn -0.5601892646890305 0.1190717809992013 6.2302003009264366
v -0.0185848046094179 0.0039503215812147 -0.0049999994225800
vn -0.5231904938772184 0.2329396550525852 6.2302004504145803
v -0.0173573642969131 0.0077279969118536 -0.0049999994225800
vn -0.4633273189730795 -0.3366270881700351 6.2302003172596301
v -0.0153713226318359 -0.0111679201945662 -0.0049999994225800
vn -0.5231909045817594 -0.2329395441448283 6.2302003900077549
v -0.0173573642969131 -0.0077279959805310 -0.0049999994225800
vn -0.5601890395598312 -0.1190718360809817 6.2302003385867444
v -0.0185848046094179 -0.0039503225125372 -0.0049999994225800
vn -0.0598638714760299 -0.5695663363111607 6.2302003990344836
v -0.0019860407337546 -0.0188959166407585 -0.0049999994225800
vn -0.1769753207350189 -0.5446740552262728 6.2302003018572627
v -0.0058713229373097 -0.0180700737982988 -0.0049999994225800
vn 0.0000000000000000 -3.1415926535897936 3.1415926535897922
v -0.0187974311411381 -0.0299999993294477 -0.0049999994225800
vn -0.2863521082444035 -0.4959765320245718 6.2302002777103285
v -0.0094999996945262 -0.0164544824510813 -0.0049999994225800
vn -0.3832135146109835 -0.4256016552955474 6.2302004197389262
v -0.0127134816721082 -0.0141197526827455 -0.0049999994225800
vn 0.0000000000000000 -6.2831853071795809 0.0000000000000000
v 0.0187974311411381 -0.0299999993294477 -0.0529999993741512
vn 0.0000000000000000 -6.2831853071795898 0.0000000000000000
v 0.0187974311411381 -0.0299999993294477 -0.0274999998509884
vn 0.0000000000000000 -6.2831853071795871 0.0000000000000000
v 0.0069249998778105 -0.0299999993294477 -0.0274999998509884
vn 0.9634408019361720 -5.5920639747487346 -1.6687233538810236
v -0.0308698639273643 -0.0299999993294477 -0.0335318297147751
vn -0.0000012021492040 -5.5920692047899934 -1.9268699230430122
v -0.0294448640197515 -0.0299999993294477 -0.0331499986350536
vn 0.0000000000000000 -6.2831853071795907 0.0000000000000000
v -0.0187974311411381 -0.0299999993294477 -0.1059250012040138
vn 0.0000000000000000 -6.2831853071795871 0.0000000000000000
v 0.0358974300324917 -0.0299999993294477 -0.0529999993741512
vn -1.9268747950070806 -5.5920657417458015 -0.0000004727640129
v 0.0322948619723320 -0.0299999993294477 -0.0359999984502792
vn -1.6687231232348136 -5.5920652550149192 -0.9634375516751970
v 0.0319130346179008 -0.0299999993294477 -0.0345750004053116
vn -0.9634389577300038 -5.5920647287877330 -1.6687232880142515
v 0.0308698639273643 -0.0299999993294477 -0.0335318297147751
vn -0.0000012021492040 -5.5920692047899934 -1.9268699230430122
v 0.0294448640197515 -0.0299999993294477 -0.0331499986350536
vn 1.6687208045638022 -5.5920666827305192 -0.9634378225351730
v 0.0269766915589571 -0.0299999993294477 -0.0345750004053116
vn 0.9634404638684094 -5.5920638145435220 -1.6687239107928087
v 0.0280198641121387 -0.0299999993294477 -0.0335318297147751
vn -1.6687224043099835 -5.5920660196536875 0.9634366569930366
v 0.0319130346179008 -0.0299999993294477 -0.0374250002205372
vn -0.9634363981210459 -5.5920664999075633 1.6687219781153737
v 0.0308698639273643 -0.0299999993294477 -0.0384681709110737
vn -0.0000003422378784 -5.5920661334603476 1.9268742863511010
v 0.0294448640197515 -0.0299999993294477 -0.0388499982655048
vn 0.9634366008590391 -5.5920661750498972 1.6687224696766865
v 0.0280198641121387 -0.0299999993294477 -0.0384681709110737
vn 1.6687202956749245 -5.5920674354087581 0.9634365951206867
v 0.0269766915589571 -0.0299999993294477 -0.0374250002205372
vn 1.9268743540894502 -5.5920660812951732 -0.0000002828406155
v 0.0265948642045259 -0.0299999993294477 -0.0359999984502792
vn 1.9268738158737899 -5.5920664364479924 0.0000004003583535
v 0.0265948642045259 -0.0299999993294477 -0.0700000002980232
vn 1.6687242592898777 -5.5920653122181943 -0.9634362399612197
v 0.0269766915589571 -0.0299999993294477 -0.0685750022530556
vn 0.9634378225470881 -5.5920682802854884 -1.6687181216393094
v 0.0280198641121387 -0.0299999993294477 -0.0675318241119385
vn -0.0000016359667988 -5.5920695285877571 -1.9268702775276485
v 0.0294448640197515 -0.0299999993294477 -0.0671499967575073
vn -0.9634357131013404 -5.5920696637055176 -1.6687171436785675
v 0.0308698639273643 -0.0299999993294477 -0.0675318241119385
vn -1.6687264437500688 -5.5920639643098351 -0.9634359942859474
v 0.0319130346179008 -0.0299999993294477 -0.0685750022530556
vn 0.9634405233109514 -5.5920625972586286 1.6687258337239474
v 0.0280198641121387 -0.0299999993294477 -0.0724681690335274
vn 1.6687225467320337 -5.5920658848165559 0.9634368772550146
v 0.0269766915589571 -0.0299999993294477 -0.0714249983429909
vn 0.0000000000000000 -6.2831853071795871 0.0000000000000000
v 0.0187974311411381 -0.0299999993294477 -0.0785000026226044
vn -1.9268743922694280 -5.5920659925675666 0.0000000941941258
v 0.0322948619723320 -0.0299999993294477 -0.0700000002980232
vn -1.6687225288184515 -5.5920656645013320 0.9634375177681828
v 0.0319130346179008 -0.0299999993294477 -0.0714249983429909
vn -0.9634452057587596 -5.5920614495811023 1.6687247296379883
v 0.0308698639273643 -0.0299999993294477 -0.0724681690335274
vn 0.0000027465222486 -5.5920722761010602 1.9268655597407625
v 0.0294448640197515 -0.0299999993294477 -0.0728500038385391
vn -2.1787556897049001 -3.5342944482327034 -2.1787573228507178
v 0.0077781747095287 -0.0299999993294477 -0.1252218186855316
vn -2.8466841964787362 -3.5342907898196181 -1.1791335045797835
v 0.0101626748219132 -0.0299999993294477 -0.1287904828786850
vn 0.0000000000000000 -6.2831853071795898 0.0000000000000000
v 0.0187974311411381 -0.0299999993294477 -0.1059250012040138
vn -3.0812278538595645 -3.5342916628591547 0.0000000000000000
v 0.0109999999403954 -0.0299999993294477 -0.1330000013113022
vn -2.8466825131865217 -3.5342927186794988 1.1791360238047048
v 0.0101626748219132 -0.0299999993294477 -0.1372095197439194
vn -2.1787558915597738 -3.5342910759994473 2.1787585824633791
v 0.0077781747095287 -0.0299999993294477 -0.1407781690359116
vn -1.1791347712114453 -3.5342912496280192 2.8466835193068105
v 0.0042095179669559 -0.0299999993294477 -0.1431626677513123
vn 0.0000000000000910 -3.5342921308351123 3.0812277104496024
v -0.0000000000000006 -0.0299999993294477 -0.1439999938011169
vn 1.1791347712115363 -3.5342912496279597 2.8466835193067923
v -0.0042095179669559 -0.0299999993294477 -0.1431626677513123
vn 2.1787558915597738 -3.5342910759994473 2.1787585824633791
v -0.0077781747095287 -0.0299999993294477 -0.1407781690359116
vn 2.8466825131865221 -3.5342927186794988 1.1791360238047048
v -0.0101626748219132 -0.0299999993294477 -0.1372095197439194
vn 3.0812278538595645 -3.5342916628591552 0.0000000000000000
v -0.0109999999403954 -0.0299999993294477 -0.1330000013113022
vn 0.0000000000000000 -6.2831853071795853 0.0000000000000000
v -0.0187974311411381 -0.0299999993294477 -0.0785000026226044
vn 0.0000000000000000 -6.2831853071795765 0.0000000000000000
v -0.0187974311411381 -0.0299999993294477 -0.0529999993741512
vn -1.6687247743677758 -5.5920652439995200 -0.9634355249870163
v -0.0269766915589571 -0.0299999993294477 -0.0685750022530556
vn 0.0000027465222486 -5.5920722761010602 1.9268655597407625
v -0.0294448640197515 -0.0299999993294477 -0.0728500038385391
vn 0.9634409189566473 -5.5920629398904023 1.6687249700367122
v -0.0308698639273643 -0.0299999993294477 -0.0724681690335274
vn -1.9268738158737899 -5.5920664364479933 -0.0000004003583535
v -0.0265948642045259 -0.0299999993294477 -0.0700000002980232
vn -1.6687208045638022 -5.5920666827305192 0.9634378225351730
v -0.0269766915589571 -0.0299999993294477 -0.0714249983429909
vn -0.9634448676909970 -5.5920612893758896 1.6687252865497735
v -0.0280198641121387 -0.0299999993294477 -0.0724681690335274
vn 1.6687242161128260 -5.5920646051282805 0.9634373465569248
v -0.0319130346179008 -0.0299999993294477 -0.0714249983429909
vn 1.9268743922694280 -5.5920659925675666 -0.0000000941941258
v -0.0322948619723320 -0.0299999993294477 -0.0700000002980232
vn 1.6687259835483887 -5.5920642939849783 -0.9634359351897795
v -0.0319130346179008 -0.0299999993294477 -0.0685750022530556
vn 0.9634381606118714 -5.5920684404892906 -1.6687175647290253
v -0.0308698639273643 -0.0299999993294477 -0.0675318241119385
vn -0.0000016359667988 -5.5920695285877571 -1.9268702775276485
v -0.0294448640197515 -0.0299999993294477 -0.0671499967575073
vn -0.9634353174600943 -5.5920693210777719 -1.6687180073619408
v -0.0280198641121387 -0.0299999993294477 -0.0675318241119385
vn 1.6687225288184515 -5.5920656645013329 -0.9634375177681828
v -0.0319130346179008 -0.0299999993294477 -0.0345750004053116
vn 1.9268749304844959 -5.5920656374149535 -0.0000007773934526
v -0.0322948619723320 -0.0299999993294477 -0.0359999984502792
vn 1.6687219650540619 -5.5920661557235603 0.9634370644232192
v -0.0319130346179008 -0.0299999993294477 -0.0374250002205372
vn -0.9634385620850653 -5.5920643861574169 -1.6687241516997600
v -0.0280198641121387 -0.0299999993294477 -0.0335318297147751
vn 0.0000000000000000 -6.2831853071795898 0.0000000000000000
v -0.0187974311411381 -0.0299999993294477 -0.0274999998509884
vn -1.6687214538549697 -5.5920665347017531 -0.9634370823728621
v -0.0269766915589571 -0.0299999993294477 -0.0345750004053116
vn -1.9268742186114425 -5.5920661856262281 -0.0000009673164922
v -0.0265948642045259 -0.0299999993294477 -0.0359999984502792
vn -1.6687206800547638 -5.5920670378835649 0.9634369617593979
v -0.0269766915589571 -0.0299999993294477 -0.0374250002205372
vn -0.9634360600532833 -5.5920663397023507 1.6687225350271584
v -0.0280198641121387 -0.0299999993294477 -0.0384681709110737
vn -0.0000003422378784 -5.5920661334603476 1.9268742863511010
v -0.0294448640197515 -0.0299999993294477 -0.0388499982655048
vn 0.9634369965032201 -5.5920665176787576 1.6687216059929053
v -0.0308698639273643 -0.0299999993294477 -0.0384681709110737
vn 0.0000000000000000 -6.2831853071795862 0.0000000000000000
v -0.0187974311411381 -0.0299999993294477 -0.0105750011280179
vn 0.0000000000000000 -6.2831853071795862 0.0000000000000000
v 0.0187974311411381 -0.0299999993294477 -0.0105750011280179
vn 2.8466841964787353 -3.5342907898196181 -1.1791335045797833
v -0.0101626748219132 -0.0299999993294477 -0.1287904828786850
vn 2.1787556897049005 -3.5342944482327030 -2.1787573228507182
v -0.0077781747095287 -0.0299999993294477 -0.1252218186855316
vn 0.0000000000000000 -6.2831853071795853 0.0000000000000000
v -0.0069249998778105 -0.0299999993294477 -0.1059250012040138
vn 1.1791328860644381 -3.5342898062545922 -2.8466847789190548
v -0.0042095179669559 -0.0299999993294477 -0.1228373274207115
vn 0.0000000000000701 -3.5342921308351127 -3.0812277104496024
v -0.0000000000000005 -0.0299999993294477 -0.1220000013709068
vn -1.1791328860643682 -3.5342898062546375 -2.8466847789190686
v 0.0042095179669559 -0.0299999993294477 -0.1228373274207115
vn 0.0000000000000000 -6.2831853071795845 0.0000000000000000
v 0.0069249998778105 -0.0299999993294477 -0.1059250012040138
vn 0.0000000000000000 -6.2831853071795889 0.0000000000000000
v 0.0069249998778105 -0.0299999993294477 -0.0785000026226044
vn 0.0000000000000000 -6.2831853071795880 0.0000000000000000
v 0.0069249998778105 -0.0299999993294477 -0.0105750011280179
vn -0.9634359495288105 -5.5920664274129033 1.6687224767896494
v 0.0014250000240281 -0.0299999993294477 -0.0894681736826897
vn 0.0000000000000000 -3.6651911002156439 0.0000000000000000
v -0.0000000000000003 -0.0299999993294477 -0.0898500010371208
vn 0.9634359495288999 -5.5920664274128713 -1.6687224767896578
v -0.0014250000240281 -0.0299999993294477 -0.0845318287611008
vn 0.0000003841574267 -5.5920661554084070 -1.9268742626654716
v -0.0000000000000002 -0.0299999993294477 -0.0841500014066696
vn -0.9634366027388630 -5.5920663888547262 -1.6687221574741153
v 0.0014250000240281 -0.0299999993294477 -0.0845318287611008
vn 0.9634366027389740 -5.5920663888546809 1.6687221574741313
v -0.0014250000240281 -0.0299999993294477 -0.0894681736826897
vn 1.6687203634608041 -5.5920670584835728 0.9634376273135125
v -0.0024681724607944 -0.0299999993294477 -0.0884250029921532
vn 1.9268738209234155 -5.5920665764632354 0.0000011286522421
v -0.0028500000480562 -0.0299999993294477 -0.0870000049471855
vn 0.0000000000000000 -6.2831853071795853 0.0000000000000000
v -0.0069249998778105 -0.0299999993294477 -0.0785000026226044
vn 1.6687206267466630 -5.5920674672713799 -0.9634358014906405
v -0.0024681724607944 -0.0299999993294477 -0.0855749994516373
vn -1.6687202328564039 -5.5920675601257184 -0.9634362425788019
v 0.0024681724607944 -0.0299999993294477 -0.0855749994516373
vn -1.9268740918774370 -5.5920663678023708 0.0000013716565871
v 0.0028500000480562 -0.0299999993294477 -0.0870000049471855
vn -1.6687208757637122 -5.5920667569687117 0.9634375230368247
v 0.0024681724607944 -0.0299999993294477 -0.0884250029921532
vn 0.0000000000000000 -6.2831853071795862 0.0000000000000000
v -0.0069249998778105 -0.0299999993294477 -0.0529999993741512
vn 0.0000000000000000 -6.2831853071795862 0.0000000000000000
v 0.0069249998778105 -0.0299999993294477 -0.0529999993741512
vn 0.0000000000000000 -6.2831853071795871 0.0000000000000000
v -0.0069249998778105 -0.0299999993294477 -0.0274999998509884
vn 0.0000000000000000 -6.2831853071795871 0.0000000000000000
v -0.0069249998778105 -0.0299999993294477 -0.0105750011280179
vn 0.9634403533425356 -5.5920639022553900 -1.6687238525548005
v -0.0014250000240281 -0.0299999993294477 -0.0165318287909031
vn -0.0000011602296779 -5.5920692267379204 -1.9268698993575568
v 0.0000000000000002 -0.0299999993294477 -0.0161499977111816
vn -0.9634385639650314 -5.5920645999629164 -1.6687238394967354
v 0.0014250000240281 -0.0299999993294477 -0.0165318287909031
vn -0.9634390613639650 -5.5920643702956996 1.6687237307018057
v 0.0014250000240281 -0.0299999993294477 -0.0214681699872017
vn 0.0000000000000000 -3.6651935393330319 0.0000000000000000
v 0.0000000000000002 -0.0299999993294477 -0.0218499992042780
vn -1.6687214563385675 -5.5920664085981233 -0.9634374221971626
v 0.0024681724607944 -0.0299999993294477 -0.0175749994814396
vn -1.9268734181877534 -5.5920668272837348 -0.0000005616966345
v 0.0028500000480562 -0.0299999993294477 -0.0189999975264072
vn -1.6687207512549611 -5.5920671121212306 0.9634366622612613
v 0.0024681724607944 -0.0299999993294477 -0.0204249992966652
vn 0.9634376742286588 -5.5920648188067057 1.6687238590581872
v -0.0014250000240281 -0.0299999993294477 -0.0214681699872017
vn 1.6687213910363643 -5.5920666594198822 0.9634367298279966
v -0.0024681724607944 -0.0299999993294477 -0.0204249992966652
vn 1.9268735536652688 -5.5920667229529615 -0.0000006884604180
v -0.0028500000480562 -0.0299999993294477 -0.0189999975264072
vn 1.6687208757637122 -5.5920667569687126 -0.9634375230368247
v -0.0024681724607944 -0.0299999993294477 -0.0175749994814396
vn -2.7347685749571760 2.5667872424911300 -3.4695181930155101
v 0.0115000000223517 -0.0025980758946389 -0.0152111137285829
vn -3.7257748697627915 1.6552468355260457 -3.3262399295333509
v 0.0125980759039521 -0.0015000000130385 -0.0155628742650151
vn -4.1736256497705879 0.7894121025299268 -3.1867254719783458
v 0.0128961224108934 -0.0007826059591025 -0.0156644918024540
vn 1.2016513810452341 2.8753820120436568 -3.5272558848819271
v 0.0035000001080334 -0.0112583311274648 -0.0136553691700101
vn -0.5741447938392819 3.1203231764730042 -3.6230992491064127
v 0.0049999998882413 -0.0116602545604110 -0.0138177322223783
vn -2.2069871512008792 2.6689840191571950 -3.6011597322648567
v 0.0065000001341105 -0.0112583311274648 -0.0140384817495942
vn -3.2712788431248878 1.6854566335758869 -3.4580263349086193
v 0.0075980760157108 -0.0101602533832192 -0.0142376581206918
vn -3.7246313517038629 0.7965893290615034 -3.3300016647419777
v 0.0078967008739710 -0.0094407172873616 -0.0142973894253373
vn -3.8454345988756407 0.0052484068012975 -3.3179956866174880
v 0.0080000003799796 -0.0086602540686727 -0.0143186086788774
vn -1.0436706857114673 3.0779660034289043 -3.5311617908329844
v 0.0099999997764826 -0.0029999993275851 -0.0147867845371366
vn 2.1074379972362633 -1.6745587071600370 -3.4175825967758047
v 0.0074019236490130 0.0015000004786998 -0.0141997234895825
vn 2.5051587992266953 -0.7968992752987533 -3.4465345715533249
v 0.0071024978533387 0.0007774841506034 -0.0141437957063317
vn -0.5514184599686003 3.0856886730206745 -3.6271421153567598
v 0.0049999998882413 0.0056602559052408 -0.0138177322223783
vn -0.5415771272622114 -3.0810812616981336 -3.6287203080941692
v 0.0049999998882413 -0.0056602531112731 -0.0138177322223783
vn 2.6292310475553755 -0.0476243458459428 -3.4274543486745994
v 0.0070000002160668 -0.0000000006705522 -0.0141252027824521
vn 2.5009308637719982 0.8433019842026904 -3.3717513816269631
v 0.0071026324294508 -0.0007779865991324 -0.0141438217833638
vn -3.7092564895230788 -0.7929167380527807 -3.3336490571225190
v 0.0078977271914482 -0.0078836074098945 -0.0142975980415940
vn -3.2691361550010569 -1.6681066398373146 -3.4594236723049443
v 0.0075980760157108 -0.0071602542884648 -0.0142376581206918
vn 0.5668669157835122 2.8722476842319056 -3.4483614695641016
v 0.0085000004619360 -0.0025980758946389 -0.0144253978505731
vn -2.1869945956358467 -2.6082132367580999 -3.6065859248491572
v 0.0065000001341105 -0.0060621784068644 -0.0140384817495942
vn 1.5819205546675588 2.2897139551690433 -3.3546999823938672
v 0.0078802071511745 -0.0021228461991996 -0.0142940292134881
vn 2.1412109257276120 1.6330011187008486 -3.3557736211997833
v 0.0074019236490130 -0.0015000000130385 -0.0141997234895825
vn -4.3372302893023988 0.0009424130316804 -3.1573049841529701
v 0.0130000002682209 -0.0000000006705523 -0.0157005339860916
vn -4.1766256891595166 -0.7879369300275778 -3.1857477705433510
v 0.0128972334787250 0.0007784843910486 -0.0156648755073547
vn -1.4048605581576237 3.3172883537337157 -2.7956077444269725
v 0.0176558475941420 0.0189999993890524 -0.0176655836403370
vn -3.7326870816173097 -1.6372108315043348 -3.3249141009929213
v 0.0125980759039521 0.0015000004786998 -0.0155628742650151
vn -0.8712446410953760 3.2909384558378378 -3.0066884532550811
v 0.0108414022251964 0.0189999993890524 -0.0150169255211949
vn -2.6794096302518802 -2.5296739670551993 -3.4882138960119056
v 0.0115000000223517 0.0025980744976550 -0.0152111137285829
vn -1.0270472049468813 -3.0869078456319938 -3.5349848159924058
v 0.0099999997764826 0.0029999997932464 -0.0147867845371366
vn -3.2679457379494021 1.6893771722061968 -3.4586809612684721
v 0.0075980760157108 0.0071602552197874 -0.0142376581206918
vn -2.2153277493494854 2.6414671600231703 -3.6004345654251884
v 0.0065000001341105 0.0060621774755418 -0.0140384817495942
vn 0.5904894911383058 -2.9187272079869224 -3.4520108134879721
v 0.0085000004619360 0.0025980744976550 -0.0144253978505731
vn 1.6036071936746612 -2.2912722703728710 -3.4205042200123721
v 0.0078806122764945 0.0021232489962131 -0.0142941111698747
vn -3.7276982193986630 -0.7953186403898526 -3.3294041609346934
v 0.0078977271914482 0.0094368988648057 -0.0142975980415940
vn -3.8462067437151788 -0.0035604039196461 -3.3178107387464815
v 0.0080000003799796 0.0086602540686727 -0.0143186086788774
vn -3.7086572837867999 0.7948814729836988 -3.3336679756466472
v 0.0078967008739710 0.0078797908499837 -0.0142973894253373
vn -3.2747668757578641 -1.6870262740768009 -3.4579783491710474
v 0.0075980760157108 0.0101602533832192 -0.0142376581206918
vn -2.2267048179024016 -2.6351236387174062 -3.5987928876253763
v 0.0065000001341105 0.0112583311274648 -0.0140384817495942
vn -0.2773599353988975 3.2903349867316423 -3.1181228905815308
v 0.0036555454134941 0.0189999993890524 -0.0136695178225636
vn -0.5377582818122233 -3.0838975574465550 -3.6293112464113513
v 0.0049999998882413 0.0116602526977658 -0.0138177322223783
vn 1.1909111679639917 -2.8697653667165461 -3.5270670393444825
v 0.0035000001080334 0.0112583311274648 -0.0136553691700101
vn -1.1362165765833714 2.8780112996535330 -3.5251295397307478
v -0.0035000001080334 -0.0112583311274648 -0.0136553691700101
vn -2.1740207668792264 2.3049946240712877 -3.4960412994643821
v -0.0028786498587579 -0.0107815442606807 -0.0136050330474973
vn -2.6849569136158467 1.7688502704658111 -3.4656397254667675
v -0.0024019237607718 -0.0101602533832192 -0.0135730961337686
vn 2.2313034993448437 2.5663054542150738 -3.3949621783065149
v 0.0028786913026124 -0.0107815871015191 -0.0136050367727876
vn -3.0307058950570642 0.8219488597356097 -3.5029082163502583
v -0.0021030132193118 -0.0094396574422717 -0.0135560231283307
vn 2.7215021359821163 1.7296758959994800 -3.3986965296079568
v 0.0024019237607718 -0.0101602533832192 -0.0135730961337686
vn 3.0216964478155943 0.8702909061099743 -3.4150637350511368
v 0.0021024383604527 -0.0094375172629952 -0.0135559933260083
vn -2.7167926957633464 -1.7262061342104653 -3.3993091402888291
v -0.0024019237607718 -0.0071602542884648 -0.0135730961337686
vn 2.6738748568063686 -1.7596311091009333 -3.4666772501877303
v 0.0024019237607718 -0.0071602542884648 -0.0135730961337686
vn 3.0263017723342287 -0.8147214128096280 -3.5034510257326281
v 0.0021022846922278 -0.0078835645690560 -0.0135559858754277
vn 3.1193972655813318 -0.0533969245913470 -3.4698965620592270
v 0.0020000000949949 -0.0086602540686727 -0.0135506661608815
vn -3.1193710095663234 0.0544172250674638 -3.4698716972126382
v -0.0020000000949949 -0.0086602540686727 -0.0135506661608815
vn -3.0219112482474531 -0.8694600631130491 -3.4150642094264612
v -0.0021020397543907 -0.0078844791278243 -0.0135559709742665
vn -2.1500965570745212 -2.2825565512369983 -3.4134285397718300
v -0.0028793544042856 -0.0065382593311369 -0.0136050852015615
vn 1.1996978962138238 -2.8734004497854837 -3.5271356677458390
v 0.0035000001080334 -0.0060621784068644 -0.0136553691700101
vn 2.2575613429879020 -2.5256631237184619 -3.4794542830407265
v 0.0028790559154004 -0.0065385573543608 -0.0136050628498197
vn 3.0216963448320651 0.8702912972407152 -3.4150639653424557
v 0.0021024383604527 0.0078829908743501 -0.0135559933260083
vn 2.7215020484593122 1.7296762770908842 -3.3986962985464153
v 0.0024019237607718 0.0071602552197874 -0.0135730961337686
vn -3.0307062159278315 0.8219483547108597 -3.5029070366937196
v -0.0021030132193118 0.0078808525577188 -0.0135560231283307
vn 2.2313035091734474 2.5663054493506778 -3.3949621785272832
v 0.0028786913026124 0.0065389215014875 -0.0136050367727876
vn -2.6849584310031949 1.7688475093477969 -3.4656397249570934
v -0.0024019237607718 0.0071602552197874 -0.0135730961337686
vn 1.1997887793383344 2.8733179647390474 -3.5272243772496563
v 0.0035000001080334 0.0060621774755418 -0.0136553691700101
vn -2.1798044791977702 2.2398799179762849 -3.4980813501510397
v -0.0028786498587579 0.0065389624796808 -0.0136050330474973
vn 2.2575629671630404 -2.5256612607863174 -3.4794562287866788
v 0.0028790559154004 0.0107819521799684 -0.0136050628498197
vn -2.6847471986943745 -1.6543138555058772 -3.4021607782584891
v -0.0024019237607718 0.0101602533832192 -0.0135730961337686
vn 2.6738759402887631 -1.7596294034400444 -3.4666759418042825
v 0.0024019237607718 0.0101602533832192 -0.0135730961337686
vn 3.0263016477091189 -0.8147217699747612 -3.5034512755809928
v 0.0021022846922278 0.0094369435682893 -0.0135559858754277
vn 3.1193972665941496 -0.0533969386204707 -3.4698965881850441
v 0.0020000000949949 0.0086602540686727 -0.0135506661608815
vn -3.1193709129831326 0.0544171190199552 -3.4698721871658758
v -0.0020000000949949 0.0086602540686727 -0.0135506661608815
vn -3.0219115274145336 -0.8694594287101233 -3.4150631659290251
v -0.0021020397543907 0.0094360271468759 -0.0135559709742665
vn -2.0916929860398890 -2.2893521799567300 -3.4124753144042250
v -0.0028793544042856 0.0107822502031922 -0.0136050852015615
vn 0.2837691585007772 3.2961049237119266 -3.1170500449115064
v -0.0036555454134941 0.0189999993890524 -0.0136695178225636
vn -1.0306670147884613 -2.8133175783127768 -3.5192029868618682
v -0.0035000001080334 0.0112583311274648 -0.0136553691700101
vn 0.5787608841504945 -3.1249947202361414 -3.6222438084365134
v -0.0049999998882413 0.0116602526977658 -0.0138177322223783
vn 0.8701431509949399 3.2998002562754603 -3.0062822925255941
v -0.0108414022251964 0.0189999993890524 -0.0150169255211949
vn 2.2089015392607121 -2.6790740086471772 -3.6003866277162526
v -0.0065000001341105 0.0112583311274648 -0.0140384817495942
vn 3.2746474435813728 -1.6872709702004425 -3.4578323524909624
v -0.0075980760157108 0.0101602533832192 -0.0142376581206918
vn 3.7275559492650960 -0.7957690181047715 -3.3294103376279973
v -0.0078974924981594 0.0094377743080258 -0.0142975496128201
vn 3.8462639782512058 -0.0044558876184602 -3.3175225870760960
v -0.0080000003799796 0.0086602540686727 -0.0143186086788774
vn -2.1072427569337195 1.6750666339897418 -3.4170357856125237
v -0.0074019236490130 -0.0015000000130385 -0.0141997234895825
vn -2.5046870522108922 0.7986008480943152 -3.4461741900060652
v -0.0071032494306564 -0.0007802795153111 -0.0141439335420728
vn 0.5514195231086669 -3.0856865747791815 -3.6271466833590327
v -0.0049999998882413 -0.0056602531112731 -0.0138177322223783
vn -2.6291894687173345 0.0486250843715068 -3.4274747912576959
v -0.0070000002160668 -0.0000000006705522 -0.0141252027824521
vn -2.5011879928347680 -0.8425321414830115 -3.3717595479581948
v -0.0071022543124855 0.0007765751797706 -0.0141437510028481
vn 0.5415838594589737 3.0810874146630205 -3.6287145162786607
v -0.0049999998882413 0.0056602559052408 -0.0138177322223783
vn 3.7090667211091564 0.7935707658394104 -3.3336527603873098
v -0.0078973853960633 0.0078823352232575 -0.0142975272610784
vn 1.0436301554117873 -3.0779601339880718 -3.5311754960063984
v -0.0099999997764826 0.0029999997932464 -0.0147867845371366
vn 3.2689702232187097 1.6684620054172430 -3.4592094718916493
v -0.0075980760157108 0.0071602552197874 -0.0142376581206918
vn -0.5667155309759692 -2.8723482269926688 -3.4482262155782823
v -0.0085000004619360 0.0025980744976550 -0.0144253978505731
vn 2.1869885348475964 2.6082279914477597 -3.6065894900331585
v -0.0065000001341105 0.0060621774755418 -0.0140384817495942
vn -1.5815933412386716 -2.2900231918093121 -3.3546927595717735
v -0.0078807724639773 0.0021234091836959 -0.0142941409721971
vn -2.1412083964286364 -1.6328715263497631 -3.3561514193813213
v -0.0074019236490130 0.0015000004786998 -0.0141997234895825
vn 3.2683170113964457 -1.6885564431150324 -3.4591800333656169
v -0.0075980760157108 -0.0071602542884648 -0.0142376581206918
vn 1.0270877623808525 3.0869136909582351 -3.5349711045227608
v -0.0099999997764826 -0.0029999993275851 -0.0147867845371366
vn 2.2153295767190069 -2.6414673894750269 -3.6004314585585426
v -0.0065000001341105 -0.0060621784068644 -0.0140384817495942
vn -0.5906042196034864 2.9186425798533735 -3.4521216457351400
v -0.0085000004619360 -0.0025980758946389 -0.0144253978505731
vn -1.6039110928647400 2.2909737128285368 -3.4205904763310655
v -0.0078801307827234 -0.0021227716933936 -0.0142940105870366
vn 3.7250805973649097 0.7952772431194381 -3.3299756535780416
v -0.0078973853960633 -0.0094381710514426 -0.0142975272610784
vn 3.8454918737296691 0.0043529323970683 -3.3177084197436448
v -0.0080000003799796 -0.0086602540686727 -0.0143186086788774
vn 3.7091254522587551 -0.7933649416006334 -3.3336502043902732
v -0.0078974924981594 -0.0078827356919646 -0.0142975496128201
vn 3.2716093790483125 1.6847491350114008 -3.4584549084459337
v -0.0075980760157108 -0.0101602533832192 -0.0142376581206918
vn 2.2234387265617661 2.6293569416613498 -3.5995550160113239
v -0.0065000001341105 -0.0112583311274648 -0.0140384817495942
vn 0.5364328311146037 3.0820505215673482 -3.6295214152423023
v -0.0049999998882413 -0.0116602545604110 -0.0138177322223783
vn -1.0301082103051331 2.8131701792842456 -3.5193014843931905
v -0.0035000001080334 0.0060621774755418 -0.0136553691700101
vn -1.0299022012489780 -2.8133105330968675 -3.5191324509622408
v -0.0035000001080334 -0.0060621784068644 -0.0136553691700101
vn 2.7372707500705120 -2.5681881784910616 -3.4686349476129674
v -0.0115000000223517 0.0025980744976550 -0.0152111137285829
vn 1.4017493150472318 3.3207234574402342 -2.7968371151671576
v -0.0176558475941420 0.0189999993890524 -0.0176655836403370
vn 3.7287230771235835 -1.6562734124005336 -3.3258159958272193
v -0.0125980759039521 0.0015000004786998 -0.0155628742650151
vn 4.1764647770392687 -0.7883554619097152 -3.1857703634202079
v -0.0128970146179199 0.0007793002296239 -0.0156648010015488
vn 4.3373083225793909 -0.0000691289072757 -3.1569050036428488
v -0.0130000002682209 -0.0000000006705522 -0.0157005339860916
vn 4.1741893877107499 0.7878136784163003 -3.1866658458508828
v -0.0128969671204686 -0.0007794748526067 -0.0156647861003876
vn 3.7299763741444361 1.6364030001183119 -3.3257198246324613
v -0.0125980759039521 -0.0015000000130385 -0.0155628742650151
vn 2.6792067497369416 2.5295604806177345 -3.4882804950819102
v -0.0115000000223517 -0.0025980758946389 -0.0152111137285829
vn -1.9360249137861882 2.9911448646918606 -2.4628578349011923
v 0.0292574092745781 0.0189999993890524 -0.0264622159302235
vn -1.8899667501713369 3.3269490206056238 -2.4926090868581863
v 0.0238654278218746 0.0189999993890524 -0.0215247496962547
vn 1.8899667501713369 3.3269490206056234 -2.4926090868581863
v -0.0238654278218746 0.0189999993890524 -0.0215247496962547
vn 1.9360249137861945 2.9911448646918597 -2.4628578349012020
v -0.0292574092745781 0.0189999993890524 -0.0264622159302235
vn -2.7323943024528994 2.6553346236178714 -1.3533742004808638
v -0.0300758089870214 0.0189999993890524 -0.0263482183218002
vn -3.0481422318163842 2.6553485245894834 0.0803824753081132
v -0.0301275830715895 0.0189999993890524 -0.0261131133884192
vn 0.0000000000000000 3.1415926535897931 0.0000000000000000
v 0.0000000000000003 0.0189999993890524 -0.0049999994225800
vn -1.0393987265545859 2.6553364189578708 -2.8665754443469336
v 0.0294573176652193 0.0189999993890524 -0.0265963487327099
vn 1.0393987265545792 2.6553364189578703 -2.8665754443469202
v -0.0294573176652193 0.0189999993890524 -0.0265963487327099
vn -0.4206744018944957 2.6553441184600670 -3.0200422669888889
v -0.0296967383474112 0.0189999993890524 -0.0266215130686760
vn -1.7832232951733022 2.6553394788211033 -2.4734037735203782
v -0.0299201663583517 0.0189999993890524 -0.0265318769961596
vn 1.7832232951733089 2.6553394788211029 -2.4734037735203884
v 0.0299201663583517 0.0189999993890524 -0.0265318769961596
vn 0.4206744018944931 2.6553441184600670 -3.0200422669888791
v 0.0296967383474112 0.0189999993890524 -0.0266215130686760
vn 2.7323943024528758 2.6553346236178710 -1.3533742004808558
v 0.0300758089870214 0.0189999993890524 -0.0263482183218002
vn 3.0481422318163931 2.6553485245894834 0.0803824753081060
v 0.0301275830715895 0.0189999993890524 -0.0261131133884192
vn 1.3559486423313358 3.0023268695780736 2.8254609949511833
v -0.0225484743714333 0.0189999993890524 -0.0854317173361778
vn 1.5707963267948963 1.5707963267948966 -1.5707963267948970
v -0.0149999996647239 0.0189999993890524 -0.1080000028014183
vn 3.1362672020516005 3.0592251216980024 0.1292363687022703
v -0.0149999996647239 0.0189999993890524 -0.0970482677221298
vn 3.0885546595796654 2.9768578720967405 0.5134457988374324
v -0.0153384534642100 0.0189999993890524 -0.0929484963417053
vn 2.2995899188579121 2.3349730808655016 1.7496541647553256
v -0.0163446497172117 0.0189999993890524 -0.0889597311615944
vn -3.0374687681392851 2.6821583754133118 -0.3628583652415043
v -0.0233303681015968 0.0189999993890524 -0.0859015509486198
vn -2.8833834312925810 2.6821385730763567 1.0217335095748086
v -0.0233051851391792 0.0189999993890524 -0.0856752395629883
vn 0.4513632453240232 2.6821555851524375 3.0255822291732231
v -0.0227601230144501 0.0189999993890524 -0.0853477194905281
vn -0.9371144567388805 2.6821576501682984 2.9119920361442717
v -0.0229870732873678 0.0189999993890524 -0.0853662863373756
vn -2.1312579317621401 2.6821336423539757 2.1944402963819263
v -0.0231822542846203 0.0189999993890524 -0.0854835659265518
vn -1.5707963267948963 1.5707963267948966 -1.5707963267948966
v 0.0149999996647239 0.0189999993890524 -0.1080000028014183
vn 2.8833834312926001 2.6821385730763567 1.0217335095748172
v 0.0233051851391792 0.0189999993890524 -0.0856752395629883
vn 3.0374687681392922 2.6821583754133118 -0.3628583652415097
v 0.0233303681015968 0.0189999993890524 -0.0859015509486198
vn -0.4513632453240294 2.6821555851524375 3.0255822291732404
v 0.0227601230144501 0.0189999993890524 -0.0853477194905281
vn 0.9371144567388796 2.6821576501682984 2.9119920361442686
v 0.0229870732873678 0.0189999993890524 -0.0853662863373756
vn 2.1312579317621285 2.6821336423539757 2.1944402963819196
v 0.0231822542846203 0.0189999993890524 -0.0854835659265518
vn -1.3559486423313296 3.0023268695780736 2.8254609949511673
v 0.0225484743714333 0.0189999993890524 -0.0854317173361778
vn -2.2995899188579116 2.3349730808655016 1.7496541647553254
v 0.0163446497172117 0.0189999993890524 -0.0889597311615944
vn -3.0885546595796654 2.9768578720967405 0.5134457988374324
v 0.0153384534642100 0.0189999993890524 -0.0929484963417053
vn -3.1362672020516005 3.0592251216980024 0.1292363687022703
v 0.0149999996647239 0.0189999993890524 -0.0970482677221298
vn 1.3358872032147440 4.1584369750553005 2.3971173785413886
v -0.0271892342716455 -0.0289999991655350 -0.0656785443425179
vn 1.3358867432362469 4.1584364183972120 -2.3971181221736662
v -0.0271892342716455 -0.0289999991655350 -0.0403214506804943
vn 2.4423854720639913 2.9063521302568454 1.9412482607184312
v -0.0234853290021420 -0.0289999991655350 -0.0716665312647820
vn 1.9226592397288480 2.9063531012224306 2.4570458214221231
v -0.0184877775609493 -0.0289999991655350 -0.0766263008117676
vn 2.4423852214352793 2.9063528746848566 -1.9412487965835856
v -0.0234853290021420 -0.0289999991655350 -0.0343334712088108
vn 0.5999491311835060 2.9063532262364271 3.0616586851678633
v -0.0057689570821822 -0.0289999991655350 -0.0824400931596756
vn 1.2970261868254864 2.9063518173418346 2.8375014210867073
v -0.0124718621373177 -0.0289999991655350 -0.0802846625447273
vn 1.9226591457164535 2.9063526874201981 -2.4570457981337088
v -0.0184877775609493 -0.0289999991655350 -0.0293736997991800
vn 1.3091036995294267 2.9207061501773475 -2.8335285742895424
v -0.0124718621373177 -0.0289999991655350 -0.0257153399288654
vn 0.5864322195132773 2.9266344079955569 -3.0658586356499180
v -0.0057689570821822 -0.0289999991655350 -0.0235599055886269
vn -2.9276646561166104 2.9063528914354206 -1.0781800131307075
v 0.0281516443938017 -0.0289999991655350 -0.0426325090229511
vn -3.0980444880851543 2.9339365011291099 -0.3880658320362584
v 0.0297927223145962 -0.0289999991655350 -0.0494795292615891
vn -3.0980445332339652 2.9339366244475236 0.3880656436631786
v 0.0297927223145962 -0.0289999991655350 -0.0565204694867134
vn -2.9276645304810316 2.9063525282729730 1.0781801605705770
v 0.0281516443938017 -0.0289999991655350 -0.0633674934506416
vn -0.1301740119797178 2.9063525441779290 -3.1171696788246037
v 0.0012517205905169 -0.0289999991655350 -0.0230261236429214
vn -0.8531276793063296 2.9063526104307247 -3.0009773939473163
v 0.0082034496590495 -0.0289999991655350 -0.0241433978080750
vn -1.5266975669029865 2.9095442357163224 -2.7212188780254483
v 0.0147033063694835 -0.0289999991655350 -0.0268501844257116
vn -2.5957337135440097 2.9063527303308225 1.7308549281958452
v 0.0249598864465952 -0.0289999991655350 -0.0696434378623962
vn -2.1236012557382922 2.9116626346935992 2.2861515094220319
v 0.0203932598233223 -0.0289999991655350 -0.0750026106834412
vn -0.1301740119797178 2.9063525441779290 3.1171696788246042
v 0.0012517205905169 -0.0289999991655350 -0.0829738751053810
vn -1.5266975723235920 2.9095449453723168 2.7212189831365912
v 0.0147033063694835 -0.0289999991655350 -0.0791498124599457
vn -0.8531280334387094 2.9063523662155641 3.0009772464731248
v 0.0082034496590495 -0.0289999991655350 -0.0818566009402275
vn -2.1236010267727869 2.9116616914707762 -2.2861516018452068
v 0.0203932598233223 -0.0289999991655350 -0.0309973862022161
vn -2.5957340591315528 2.9063526620659204 -1.7308543872423061
v 0.0249598864465952 -0.0289999991655350 -0.0363565608859062
vn -2.9596077986833307 -0.9965160630654518 3.0059829908882851
v -0.0141872586682439 -0.0048704915679991 -0.0000000006258487
vn -5.9274479502705510 -1.9751117219483652 0.5345670420535700
v -0.0141872586682439 -0.0048704915679991 -0.0009999988833442
vn -5.5498409821613093 -2.7586487966207516 0.9821339954336942
v -0.0137031814083457 -0.0061010499484837 -0.0009999988833442
vn -2.3985458921454583 -1.9820001945751520 2.9045041667224769
v -0.0118371080607176 -0.0092131914570928 -0.0000000006258487
vn -5.2257737401641249 -3.3878011538967758 0.7372575710930848
v -0.0121352551504970 -0.0088167795911431 -0.0009999988833442
vn -4.6906714361561841 -4.1096431418540078 0.6286875231517882
v -0.0118371080607176 -0.0092131914570928 -0.0009999988833442
vn -1.7141301329640302 -2.6077931572641475 2.9909574224431879
v -0.0082042226567864 -0.0125574981793761 -0.0000000006258487
vn -4.2015067698071542 -4.3271997885469995 1.5634236182430616
v -0.0100369593128562 -0.0111471721902490 -0.0009999988833442
vn -3.5534439026436098 -5.1350435290947054 0.5552572987856281
v -0.0082042226567864 -0.0125574981793761 -0.0009999988833442
vn -2.8060338667108127 -5.5429290820352204 0.8758375101818401
v -0.0074999998323619 -0.0129903806373477 -0.0009999988833442
vn -0.7726590073966889 -3.0265697820887434 3.0010108314471702
v -0.0036822822876275 -0.0145410038530827 -0.0000000006258488
vn -2.2271951347018590 -5.7913665405271466 0.9325944676205856
v -0.0046352548524737 -0.0142658473923802 -0.0009999988833442
vn -1.3590439842316271 -6.1054095632445522 0.4717760660207542
v -0.0036822822876275 -0.0145410038530827 -0.0009999988833442
vn -0.5973392691958482 -6.1524959863138209 1.0490499283802708
v -0.0015679269563407 -0.0149178290739655 -0.0009999988833442
vn 0.2958249555216774 -3.1031758305668720 2.9434564753646777
v 0.0012386902235448 -0.0149487676098943 -0.0000000006258488
vn 0.2489960433937325 -6.2339871259875661 0.5900074792137140
v 0.0012386902235448 -0.0149487676098943 -0.0009999988833442
vn 1.0403942899625995 -6.1368389537813197 0.7493864055458422
v 0.0015679269563407 -0.0149178290739655 -0.0009999988833442
vn 1.2415428769687316 -2.8663548774011915 3.0078334886345326
v 0.0060254312120378 -0.0137366009876132 -0.0000000006258488
vn 1.5999060787870378 -5.9433294069581288 1.1811908953202428
v 0.0046352548524737 -0.0142658473923802 -0.0009999988833442
vn 2.6062962340127798 -5.6964467686478919 0.3791461739675817
v 0.0060254312120378 -0.0137366009876132 -0.0009999988833442
vn 3.2223199617917366 -5.2871625746128643 0.9860124450585598
v 0.0074999998323619 -0.0129903806373477 -0.0009999988833442
vn 2.1653859743138311 -2.2332296639093481 2.8846679088801253
v 0.0101592233404517 -0.0110358586534858 -0.0000000006258488
vn 3.9213960982908209 -4.8454822061338181 0.6469714006088584
v 0.0100369593128562 -0.0111471721902490 -0.0009999988833442
vn 4.5015583445852529 -4.3080396886085541 0.6619313538415978
v 0.0101592233404517 -0.0110358586534858 -0.0009999988833442
vn 2.7380082053555124 -1.5009687387436201 3.0032426782594763
v 0.0131921060383320 -0.0071392101235688 -0.0000000006258489
vn 4.7512321049974355 -3.7937422340179610 1.4335256413998705
v 0.0121352551504970 -0.0088167795911431 -0.0009999988833442
vn 5.4489131462813392 -3.0554745268909413 0.5393561579981956
v 0.0131921060383320 -0.0071392101235688 -0.0009999988833442
vn 5.7785862508853940 -2.2541871615367839 0.9505739469743055
v 0.0137031814083457 -0.0061010499484837 -0.0009999988833442
vn 3.0781634568745964 -0.5480410868596630 2.9923746451723874
v 0.0147954197600484 -0.0024689182173461 -0.0000000006258489
vn 6.0090404588985313 -1.6159571058261193 0.7951253685690609
v 0.0146722141653299 -0.0031186759006232 -0.0009999988833442
vn 6.1965952244379201 -0.7982041687660363 0.5273397870336469
v 0.0147954197600484 -0.0024689182173461 -0.0009999988833442
vn 3.1308625752198385 -0.0000000942787229 2.9762460827881547
v 0.0149999996647239 -0.0000000006705523 -0.0000000006258489
vn 6.2352171645706056 -0.0247416597823469 0.5968179279265668
v 0.0149999996647239 -0.0000000006705523 -0.0009999988833442
vn 3.0747825039195384 0.5596506846096879 2.9869655699667557
v 0.0147954197600484 0.0024689186830074 -0.0000000006258489
vn 6.1877004383024028 0.8288280386057295 0.5657915301747561
v 0.0147954197600484 0.0024689186830074 -0.0009999988833442
vn 5.9957348799073777 1.6448300168309402 0.8342492273051475
v 0.0146722141653299 0.0031186763662845 -0.0009999988833442
vn 2.7514358577027314 1.4791137346109728 3.0046481865730188
v 0.0131921060383320 0.0071392110548913 -0.0000000006258489
vn 5.7808763140276866 2.2177910728060946 1.0105766734673911
v 0.0137031814083457 0.0061010508798063 -0.0009999988833442
vn 5.4287278876272502 3.1135421292281773 0.4419217943456001
v 0.0131921060383320 0.0071392110548913 -0.0009999988833442
vn 4.9522580718068268 3.7038558249492342 1.0312967706676974
v 0.0121352551504970 0.0088167795911431 -0.0009999988833442
vn 2.0677460405636965 2.3286245732391495 2.9117665844583884
v 0.0101592233404517 0.0110358567908406 -0.0000000006258488
vn 4.4382041633679199 4.3817532146141369 0.6027331206743841
v 0.0101592233404517 0.0110358567908406 -0.0009999988833442
vn 3.8583465850962018 4.8873445778614588 0.7099201197049083
v 0.0100369593128562 0.0111471721902490 -0.0009999988833442
vn 1.2700552121731397 2.8534942721232524 3.0075700090503243
v 0.0060254312120378 0.0137365991249681 -0.0000000006258488
vn 3.3283788629190552 5.1484991450259709 1.2723381193497936
v 0.0074999998323619 0.0129903824999928 -0.0009999988833442
vn 2.5271696307662683 5.7143439084819887 0.5321309170400623
v 0.0060254312120378 0.0137365991249681 -0.0009999988833442
vn 1.6905737950472535 5.9576424905125069 1.0092064252661110
v 0.0046352548524737 0.0142658473923802 -0.0009999988833442
vn 0.3651664995178489 3.1104468187720737 3.0198842384749836
v 0.0012386902235448 0.0149487676098943 -0.0000000006258488
vn 0.9781972550919691 6.1540805303072874 0.6876863853192560
v 0.0015679269563407 0.0149178290739655 -0.0009999988833442
vn 0.2814554208692921 6.2359822131620746 0.5319143065050478
v 0.0012386902235448 0.0149487676098943 -0.0009999988833442
vn -0.0641767639515890 3.1299073694901924 2.9170539802750031
v -0.0000127498642541 0.0149999940767884 -0.0000000006258488
vn -0.6229472725068631 6.1897434344871325 0.8056088410447309
v -0.0015679269563407 0.0149178290739655 -0.0009999988833442
vn -0.7878829051304869 3.0253676983929743 3.0047909486690942
v -0.0036822822876275 0.0145410047844052 -0.0000000006258488
vn -1.4065239307351955 6.0856235347467251 0.5463331760764569
v -0.0036822822876275 0.0145410047844052 -0.0009999988833442
vn -2.2176906143087525 5.7981480238979319 0.9149275450714738
v -0.0046352548524737 0.0142658473923802 -0.0009999988833442
vn -1.7050559141484882 2.6168622200715173 2.9956883136500614
v -0.0082042226567864 0.0125574963167310 -0.0000000006258487
vn -2.8168224885673068 5.5400233801240635 0.8605128375050615
v -0.0074999998323619 0.0129903824999928 -0.0009999988833442
vn -3.5908885129313433 5.1171111413308470 0.5003281324380717
v -0.0082042226567864 0.0125574963167310 -0.0009999988833442
vn -4.1440479085491999 4.5841829798402749 1.0617333466772032
v -0.0100369593128562 0.0111471721902490 -0.0009999988833442
vn -2.4769126802249293 1.8965724384579554 2.9664981693435806
v -0.0118371080607176 0.0092131914570928 -0.0000000006258487
vn -4.7775903866880887 4.0156278565748593 0.5775309304575404
v -0.0118371080607176 0.0092131914570928 -0.0009999988833442
vn -5.2468588658658142 3.3427304767968495 0.7915113503039344
v -0.0121352551504970 0.0088167795911431 -0.0009999988833442
vn -2.9507833904379601 1.0252666620401876 3.0068728759734222
v -0.0141872586682439 0.0048704906366765 -0.0000000006258487
vn -5.5032342675215773 2.8012372987084992 1.0936951300888336
v -0.0137031814083457 0.0061010508798063 -0.0009999988833442
vn -5.9621243603759080 1.9126574857093739 0.4109840096323274
v -0.0141872586682439 0.0048704906366765 -0.0009999988833442
vn -6.0765971928488653 1.1671301270010324 1.0084927601762315
v -0.0146722141653299 0.0031186763662845 -0.0009999988833442
vn -3.1092267421813564 -0.0757792880189986 2.8695870832563339
v -0.0149999996647239 -0.0000000006705522 -0.0000000006258487
vn -6.2180942600420970 -0.0823622599047748 0.6773970572858780
v -0.0149999996647239 -0.0000000006705522 -0.0009999988833442
vn -6.0241244295072276 -0.9733106755674696 1.3663602005916911
v -0.0146722141653299 -0.0031186759006232 -0.0009999988833442
vn 0.0000000000001810 -0.0000000000000363 6.2831853071795880
v -0.0132999997586012 0.0043301261030138 -0.0000000006258487
vn 0.0000000000000049 -0.0000000000001095 6.2831853071795853
v -0.0074999998323619 -0.0126301264390349 -0.0000000006258487
vn 2.6279942430359191 -1.5172722842759114 3.6651903522669014
v 0.0086143594235182 0.0007999998051673 -0.0000000006258488
vn 1.5172695348954937 -2.6279936866765388 3.6651949187333930
v 0.0092000002041459 0.0013856415171176 -0.0000000006258488
vn 0.0000000000000381 0.0000000000000087 6.2831853071795862
v 0.0074999998323619 0.0043301261030138 -0.0000000006258488
vn 3.0345450211110814 0.0000008566759299 3.6651925573849660
v 0.0083999997004867 -0.0000000006705523 -0.0000000006258488
vn 0.0000000000000365 -0.0000000000000140 6.2831853071795818
v 0.0074999998323619 -0.0043301270343363 -0.0000000006258488
vn 1.5172728309329846 2.6279928035116491 3.6651927463908809
v 0.0092000002041459 -0.0013856410514563 -0.0000000006258488
vn 2.6279940134897766 1.5172731409518414 3.6651897876511685
v 0.0086143594235182 -0.0007999993395060 -0.0000000006258488
vn 0.0000004415804521 -3.0345477889304986 3.6651857493233022
v 0.0099999997764826 0.0015999984461814 -0.0000000006258488
vn -1.5172690933150039 -2.6279938049963052 3.6651952097688207
v 0.0108000002801418 0.0013856415171176 -0.0000000006258488
vn -2.6279946846196767 -1.5172706362608452 3.6651914384361470
v 0.0113856410607696 0.0007999998051673 -0.0000000006258488
vn -3.0345459042806628 0.0000008566728965 3.6651903850443501
v 0.0115999998524785 -0.0000000006705523 -0.0000000006258489
vn -2.6279944550752634 1.5172714929338373 3.6651908738225387
v 0.0113856410607696 -0.0007999993395060 -0.0000000006258488
vn -1.5172723893494442 2.6279929218332523 3.6651930374284984
v 0.0108000002801418 -0.0013856410514563 -0.0000000006258488
vn 0.0000004415835340 3.0345460226025622 3.6651900940061379
v 0.0099999997764826 -0.0015999998431653 -0.0000000006258488
vn 0.0000000000000146 0.0000000000000056 6.2831853071795853
v 0.0074999998323619 -0.0126301264390349 -0.0000000006258488
vn 0.0000000000000483 0.0000000000000248 6.2831853071795862
v 0.0000000000000005 -0.0126301264390349 -0.0000000006258488
vn -2.6279940099416477 1.5172725509823153 3.6651905207879096
v -0.0036143593024462 0.0078602554276586 -0.0000000006258488
vn -1.5172756853798095 2.6279922002942220 3.6651905207885802
v -0.0041999998502433 0.0072746141813695 -0.0000000006258488
vn 0.0000000000000456 0.0000000000000131 6.2831853071795818
v 0.0000000000000005 0.0043301261030138 -0.0000000006258488
vn -2.6279944515251557 -1.5172721093981076 3.6651901232227573
v -0.0036143593024462 0.0094602527096868 -0.0000000006258488
vn -3.0345452260516188 0.0000000000000002 3.6651920532918161
v -0.0034000000450760 0.0086602540686727 -0.0000000006258488
vn 2.6279937891495226 1.5172727717746619 3.6651907195707620
v -0.0063856407068670 0.0078602554276586 -0.0000000006258487
vn 3.0345452260516188 0.0000000000000001 3.6651920532918161
v -0.0065999999642372 0.0086602540686727 -0.0000000006258487
vn 0.0000000000000263 -0.0000000000000008 6.2831853071795871
v -0.0074999998323619 0.0043301261030138 -0.0000000006258487
vn 0.0000000000002539 3.0345442562621732 3.6651944386837565
v -0.0049999998882413 0.0070602535270154 -0.0000000006258487
vn 1.5172754645877211 2.6279924210865229 3.6651903220057278
v -0.0057999999262393 0.0072746141813695 -0.0000000006258487
vn 2.6279942307331163 -1.5172723301905400 3.6651903220056097
v -0.0063856407068670 0.0094602527096868 -0.0000000006258487
vn 1.5172759061713228 -2.6279919795023794 3.6651907195708802
v -0.0057999999262393 0.0100458944216371 -0.0000000006258487
vn 0.0000000000000663 -3.0345442562624019 3.6651944386837565
v -0.0049999998882413 0.0102602550759912 -0.0000000006258487
vn -1.5172761269632575 -2.6279917587101282 3.6651909183537326
v -0.0041999998502433 0.0100458944216371 -0.0000000006258488
vn -3.0345452260516206 -0.0000000000000004 3.6651920532918161
v 0.0065999999642372 0.0086602540686727 -0.0000000006258488
vn -1.5172759061713150 -2.6279919795024007 3.6651907195708802
v 0.0057999999262393 0.0100458944216371 -0.0000000006258488
vn -2.6279942307331163 -1.5172723301905402 3.6651903220056101
v 0.0063856407068670 0.0094602527096868 -0.0000000006258488
vn -2.6279937891495235 1.5172727717746617 3.6651907195707620
v 0.0063856407068670 0.0078602554276586 -0.0000000006258488
vn -1.5172754645877209 2.6279924210865220 3.6651903220057278
v 0.0057999999262393 0.0072746141813695 -0.0000000006258488
vn 0.0000000000000163 3.0345442562624765 3.6651944386837569
v 0.0049999998882413 0.0070602535270154 -0.0000000006258488
vn 1.5172756853798663 2.6279922002942175 3.6651905207885802
v 0.0041999998502433 0.0072746141813695 -0.0000000006258488
vn 2.6279940099416867 1.5172725509823353 3.6651905207879096
v 0.0036143593024462 0.0078602554276586 -0.0000000006258488
vn 3.0345452260516725 0.0000000000000013 3.6651920532918165
v 0.0034000000450760 0.0086602540686727 -0.0000000006258488
vn 2.6279944515251898 -1.5172721093981241 3.6651901232227573
v 0.0036143593024462 0.0094602527096868 -0.0000000006258488
vn 1.5172761269633774 -2.6279917587099861 3.6651909183537321
v 0.0041999998502433 0.0100458944216371 -0.0000000006258488
vn -0.0000000000000001 -3.0345442562624538 3.6651944386837569
v 0.0049999998882413 0.0102602550759912 -0.0000000006258488
vn 0.0000000000000178 0.0000000000000056 6.2831853071795827
v -0.0074999998323619 -0.0043301270343363 -0.0000000006258487
vn 0.0000000000000508 -0.0000000000000114 6.2831853071795871
v 0.0000000000000005 -0.0043301270343363 -0.0000000006258488
vn -0.0000004415804565 -3.0345477889305390 3.6651857493233022
v -0.0099999997764826 0.0015999984461814 -0.0000000006258487
vn -1.5172695348954872 -2.6279936866765512 3.6651949187333930
v -0.0092000002041459 0.0013856415171176 -0.0000000006258487
vn 1.5172690933150315 -2.6279938049963354 3.6651952097688212
v -0.0108000002801418 0.0013856415171176 -0.0000000006258487
vn -2.6279942430359124 -1.5172722842759381 3.6651903522668836
v -0.0086143594235182 0.0007999998051673 -0.0000000006258487
vn -3.0345450211110823 0.0000008566758775 3.6651925573849660
v -0.0083999997004867 -0.0000000006705522 -0.0000000006258487
vn -2.6279940134897855 1.5172731409518156 3.6651897876511863
v -0.0086143594235182 -0.0007999993395060 -0.0000000006258487
vn -1.5172728309329846 2.6279928035116482 3.6651927463908809
v -0.0092000002041459 -0.0013856410514563 -0.0000000006258487
vn -0.0000004415835225 3.0345460226025800 3.6651900940061370
v -0.0099999997764826 -0.0015999998431653 -0.0000000006258487
vn 0.0000000000002021 0.0000000000000208 6.2831853071795845
v -0.0132999997586012 -0.0043301270343363 -0.0000000006258487
vn 1.5172723893494615 2.6279929218332807 3.6651930374284980
v -0.0108000002801418 -0.0013856410514563 -0.0000000006258487
vn 2.6279944550754331 1.5172714929337388 3.6651908738225565
v -0.0113856410607696 -0.0007999993395060 -0.0000000006258487
vn 3.0345459042805869 0.0000008566729040 3.6651903850443506
v -0.0115999998524785 -0.0000000006705522 -0.0000000006258487
vn 2.6279946846197664 -1.5172706362608350 3.6651914384361302
v -0.0113856410607696 0.0007999998051673 -0.0000000006258487
vn -1.5172741398337788 2.6279937458399392 3.6651891293083754
v 0.0057999999262393 -0.0100458944216371 -0.0000000006258488
vn 0.0000000000000173 3.0345442562624796 3.6651944386837569
v 0.0049999998882413 -0.0102602550759912 -0.0000000006258488
vn 1.5172743606261876 2.6279935250479012 3.6651893280912278
v 0.0041999998502433 -0.0100458944216371 -0.0000000006258488
vn 0.0000000000000001 -3.0345460226026773 3.6651900940059798
v 0.0049999998882413 -0.0070602544583380 -0.0000000006258488
vn -1.5172712853887445 -2.6279941874254020 3.6651916992133642
v 0.0057999999262393 -0.0072746132500470 -0.0000000006258488
vn 2.6279929218325822 1.5172729925665120 3.6651922955622247
v 0.0036143593024462 -0.0094602545723319 -0.0000000006258488
vn 3.0345456993408217 0.0000000000000004 3.6651908891378908
v 0.0034000000450760 -0.0086602540686727 -0.0000000006258488
vn 2.6279933634176684 -1.5172725509817759 3.6651918979961242
v 0.0036143593024462 -0.0078602535650134 -0.0000000006258488
vn 1.5172715061810704 -2.6279939666332579 3.6651918979962166
v 0.0041999998502433 -0.0072746132500470 -0.0000000006258488
vn -2.6279931426253293 -1.5172727717739276 3.6651920967789771
v 0.0063856407068670 -0.0078602535650134 -0.0000000006258488
vn -3.0345456993407698 -0.0000000000000002 3.6651908891378904
v 0.0065999999642372 -0.0086602540686727 -0.0000000006258488
vn -2.6279927010401547 1.5172732133585747 3.6651924943450771
v 0.0063856407068670 -0.0094602545723319 -0.0000000006258488
vn 1.5172741398337783 2.6279937458399392 3.6651891293083754
v -0.0057999999262393 -0.0100458944216371 -0.0000000006258487
vn 2.6279927010401556 1.5172732133585760 3.6651924943450771
v -0.0063856407068670 -0.0094602545723319 -0.0000000006258487
vn 3.0345456993407689 0.0000000000000001 3.6651908891378908
v -0.0065999999642372 -0.0086602540686727 -0.0000000006258487
vn 2.6279931426253285 -1.5172727717739267 3.6651920967789771
v -0.0063856407068670 -0.0078602535650134 -0.0000000006258487
vn 1.5172712853887442 -2.6279941874254016 3.6651916992133642
v -0.0057999999262393 -0.0072746132500470 -0.0000000006258487
vn 0.0000000000000692 -3.0345460226026550 3.6651900940059794
v -0.0049999998882413 -0.0070602544583380 -0.0000000006258487
vn -3.0345456993407707 -0.0000000000000003 3.6651908891378908
v -0.0034000000450760 -0.0086602540686727 -0.0000000006258488
vn -2.6279933634176302 -1.5172725509817560 3.6651918979961238
v -0.0036143593024462 -0.0078602535650134 -0.0000000006258488
vn -1.5172715061809496 -2.6279939666334595 3.6651918979962170
v -0.0041999998502433 -0.0072746132500470 -0.0000000006258488
vn -2.6279929218325448 1.5172729925664923 3.6651922955622247
v -0.0036143593024462 -0.0094602545723319 -0.0000000006258488
vn -1.5172743606261319 2.6279935250479030 3.6651893280912278
v -0.0041999998502433 -0.0100458944216371 -0.0000000006258488
vn 0.0000000000002730 3.0345442562621203 3.6651944386837565
v -0.0049999998882413 -0.0102602550759912 -0.0000000006258487
vn 5.2560404807795340 -2.2961812569700664 2.3618771468947992
v 0.0139813395217061 -0.0062248934991658 -0.0025307319592685
vn 5.6022188881268411 -1.2077719411297019 2.3752555625841278
v 0.0149700418114662 -0.0031819816213101 -0.0025307319592685
vn 4.6184040664989361 -3.3964195880579493 2.3742273012463100
v 0.0123815862461925 -0.0089957481250167 -0.0025307319592685
vn 3.8281101762029124 -4.2585147865483588 2.3943548107595083
v 0.0102406973019242 -0.0113734463229775 -0.0025307319592685
vn 2.8618361296597703 -4.9568457527605574 2.4048157722847114
v 0.0076522408053279 -0.0132540697231889 -0.0025307319592685
vn 1.7490262892032060 -5.4587595425519666 2.3722443083510103
v 0.0047293449752033 -0.0145554272457957 -0.0025307319592685
vn 0.6174379678333395 -5.6970944180255989 2.3794394437225419
v 0.0015997539740056 -0.0152206430211663 -0.0025307319592685
vn -0.6096342140159616 -5.6941214885494453 2.3954351607528199
v -0.0015997539740056 -0.0152206430211663 -0.0025307319592685
vn -1.7917292258075430 -5.4449553368003638 2.3708475253410004
v -0.0047293449752033 -0.0145554272457957 -0.0025307319592685
vn -2.8365141245629317 -4.9844941691942841 2.3632145750738145
v -0.0076522408053279 -0.0132540697231889 -0.0025307319592685
vn -3.8534893575243747 -4.2415498195626462 2.3821624379922923
v -0.0102406973019242 -0.0113734463229775 -0.0025307319592685
vn -4.6432144366759269 -3.3572343187680032 2.3797302072769191
v -0.0123815862461925 -0.0089957481250167 -0.0025307319592685
vn -5.2230621085238251 -2.3698491862225866 2.3629869568016835
v -0.0139813395217061 -0.0062248934991658 -0.0025307319592685
vn -5.6158500824125435 -1.1567789964847255 2.3706967614205796
v -0.0149700418114662 -0.0031819816213101 -0.0025307319592685
vn -5.7236726974555818 -0.0000001480922243 2.4048153457645052
v -0.0153044816106558 -0.0000000006705522 -0.0025307319592685
vn -5.5985964316115773 1.1900181659021787 2.4048150216947688
v -0.0149700418114662 0.0031819802243263 -0.0025307319592685
vn -5.2271806246061532 2.3529358531404920 2.3709699406419915
v -0.0139813395217061 0.0062248944304883 -0.0025307319592685
vn -4.6528805524524213 3.3486648161931640 2.3715706590808892
v -0.0123815862461925 0.0089957499876618 -0.0025307319592685
vn -3.8207290297620089 4.2676359111930982 2.3908800758691737
v -0.0102406973019242 0.0113734463229775 -0.0025307319592685
vn -2.8490448714650825 4.9734764997101841 2.3723702118542551
v -0.0076522408053279 0.0132540697231889 -0.0025307319592685
vn -1.8090642326559985 5.4428028057667301 2.3618514251374529
v -0.0047293449752033 0.0145554253831506 -0.0025307319592685
vn -0.5697011386287223 5.7033986742285441 2.3780742527278429
v -0.0015997539740056 0.0152206430211663 -0.0025307319592685
vn 0.6078306377140492 5.6958848098121404 2.3860360417399935
v 0.0015997539740056 0.0152206430211663 -0.0025307319592685
vn 1.7342455936841328 5.4666519684374393 2.3649435283900360
v 0.0047293449752033 0.0145554253831506 -0.0025307319592685
vn 2.9004564178120726 4.9469427716462242 2.3675606654895649
v 0.0076522408053279 0.0132540697231889 -0.0025307319592685
vn 3.8250915368640510 4.2629963773643222 2.3903792169330345
v 0.0102406973019242 0.0113734463229775 -0.0025307319592685
vn 4.6351123228108220 3.3606018342732917 2.4000854445695730
v 0.0123815862461925 0.0089957499876618 -0.0025307319592685
vn 5.2460086306785039 2.3107304612350448 2.3704470774008821
v 0.0139813395217061 0.0062248944304883 -0.0025307319592685
vn 5.6021739504257697 1.2229813729727337 2.3663158672686060
v 0.0149700418114662 0.0031819802243263 -0.0025307319592685
vn 5.7293478519436150 -0.0210833847982882 2.3864453974686075
v 0.0153044816106558 -0.0000000006705523 -0.0025307319592685
vn 4.2499511399081618 0.9033544682424390 4.4265944285835630
v 0.0158181861042976 0.0033622581977397 -0.0038284256588668
vn 3.9692628022243386 1.7672304857412815 4.4265920399608518
v 0.0147734666243196 0.0065775713883340 -0.0038284256588668
vn 3.5150979969203546 2.5538680296083003 4.4265907588436484
v 0.0130830770358443 0.0095054106786847 -0.0038284256588668
vn 2.9073046796819182 3.2288890212570407 4.4265931017872520
v 0.0108208945021033 0.0120178209617734 -0.0038284256588668
vn 2.1724480802244388 3.7627917343011892 4.4265932476311383
v 0.0080857863649726 0.0140049913898110 -0.0038284256588668
vn 1.3426486014394228 4.1322411426914760 4.4265945611606581
v 0.0049972906708717 0.0153800779953599 -0.0038284256588668
vn 0.4541669512084812 4.3210966670539861 4.4265938825687412
v 0.0016903897048905 0.0160829853266478 -0.0038284256588668
vn -0.4541677539585502 4.3210973307771576 4.4265932258767045
v -0.0016903897048905 0.0160829853266478 -0.0038284256588668
vn -1.3426479889841172 4.1322423257569261 4.4265936849322403
v -0.0049972906708717 0.0153800779953599 -0.0038284256588668
vn -2.1724478049356160 3.7627914682142913 4.4265935499877429
v -0.0080857863649726 0.0140049913898110 -0.0038284256588668
vn -2.9073045164409477 3.2288890510825583 4.4265930918037881
v -0.0108208945021033 0.0120178209617734 -0.0038284256588668
vn -3.5150984648038022 2.5538675993357041 4.4265905948205573
v -0.0130830770358443 0.0095054106786847 -0.0038284256588668
vn -3.9692624624978254 1.7672300519259687 4.4265925989672841
v -0.0147734666243196 0.0065775713883340 -0.0038284256588668
vn -4.2499511584699112 0.9033550054202985 4.4265943364250475
v -0.0158181861042976 0.0033622581977397 -0.0038284256588668
vn -4.3448979572488504 -0.0000001022151667 4.4265933746913593
v -0.0161715727299452 -0.0000000006705522 -0.0038284256588668
vn -4.2499513093990267 -0.9033551854755435 4.4265942442885535
v -0.0158181861042976 -0.0033622595947236 -0.0038284256588668
vn -3.9692622391730770 -1.7672298458208968 4.4265926086359713
v -0.0147734666243196 -0.0065775704570115 -0.0038284256588668
vn -3.5150965433095838 -2.5538666997993014 4.4265934475251107
v -0.0130830770358443 -0.0095054125413299 -0.0038284256588668
vn -2.9073044691426952 -3.2288890690216645 4.4265931287933080
v -0.0108208945021033 -0.0120178209617734 -0.0038284256588668
vn -2.1724490485340788 -3.7627919586516612 4.4265936778275927
v -0.0080857863649726 -0.0140049932524562 -0.0038284256588668
vn -1.3426474776907564 -4.1322435100237485 4.4265932528539054
v -0.0049972906708717 -0.0153800798580050 -0.0038284256588668
vn -0.4541655041831975 -4.3210974284765884 4.4265921196013771
v -0.0016903897048905 -0.0160829834640026 -0.0038284256588668
vn 0.4541658664307149 -4.3210974291256505 4.4265921253323475
v 0.0016903897048905 -0.0160829834640026 -0.0038284256588668
vn 1.3426471517584677 -4.1322434844631353 4.4265934298303247
v 0.0049972906708717 -0.0153800798580050 -0.0038284256588668
vn 2.1724486940581671 -3.7627918974126597 4.4265938891448027
v 0.0080857863649726 -0.0140049932524562 -0.0038284256588668
vn 2.9073047666893612 -3.2288888411862509 4.4265930911583737
v 0.0108208945021033 -0.0120178209617734 -0.0038284256588668
vn 3.5150965045640090 -2.5538669915850565 4.4265933132758377
v 0.0130830770358443 -0.0095054125413299 -0.0038284256588668
vn 3.9692621347480572 -1.7672295108955289 4.4265928479914116
v 0.0147734666243196 -0.0065775704570115 -0.0038284256588668
vn 4.2499512788464591 -0.9033554104016539 4.4265942388821555
v 0.0158181861042976 -0.0033622595947236 -0.0038284256588668
vn 4.3448979800567891 0.0000000702381164 4.4265933566961007
v 0.0161715727299452 -0.0000000006705523 -0.0038284256588668
vn 2.2484767166310333 0.4779289493022984 5.7452221926097886
v 0.0170875210314989 0.0036320660728961 -0.0046955165453255
vn 2.0999749044594491 0.9349692398288247 5.7452220390537088
v 0.0159589685499668 0.0071053891442716 -0.0046955165453255
vn 1.8596946744389105 1.3511468181388444 5.7452223154512447
v 0.0141329336911440 0.0102681750431657 -0.0046955165453255
vn 1.5381365610816200 1.7082732758180397 5.7452221427771422
v 0.0116892205551267 0.0129821943119168 -0.0046955165453255
vn 1.1493535030193569 1.9907385697632389 5.7452236645732011
v 0.0087346332147717 0.0151288295164704 -0.0046955165453255
vn 0.7103399872960369 2.1862007170829938 5.7452232058982462
v 0.0053983000107110 0.0166142601519823 -0.0046955165453255
vn 0.2402805951681488 2.2861174183930926 5.7452211505012460
v 0.0018260355573148 0.0173735674470663 -0.0046955165453255
vn -0.2466750039357508 2.2774635806275763 5.7469191349182793
v -0.0018260355573148 0.0173735674470663 -0.0046955165453255
vn -0.7103392167381649 2.1862000871988934 5.7452236181266585
v -0.0053983000107110 0.0166142601519823 -0.0046955165453255
vn -1.1493534932266338 1.9907390832605527 5.7452234420483190
v -0.0087346332147717 0.0151288295164704 -0.0046955165453255
vn -1.5381370411929816 1.7082733141994897 5.7452219661889865
v -0.0116892205551267 0.0129821943119168 -0.0046955165453255
vn -1.8596946954923690 1.3511469065160850 5.7452222906999850
v -0.0141329336911440 0.0102681750431657 -0.0046955165453255
vn -2.0999749496091979 0.9349693428979490 5.7452219910470905
v -0.0159589685499668 0.0071053891442716 -0.0046955165453255
vn -2.2484764706624358 0.4779287081277470 5.7452223142230530
v -0.0170875210314989 0.0036320660728961 -0.0046955165453255
vn -2.2987089443965121 0.0000000658497559 5.7452223336894903
v -0.0174692664295435 -0.0000000006705522 -0.0046955165453255
vn -2.2484768691610917 -0.4779289165232520 5.7452220462419490
v -0.0170875210314989 -0.0036320656072348 -0.0046955165453255
vn -2.0999747196811929 -0.9349689376125040 5.7452223310114938
v -0.0159589685499668 -0.0071053900755942 -0.0046955165453255
vn -1.8596944712226957 -1.3511469121931983 5.7452224184708687
v -0.0141329336911440 -0.0102681769058108 -0.0046955165453255
vn -1.5381365949299370 -1.7082736889332202 5.7452219464508865
v -0.0116892205551267 -0.0129821943119168 -0.0046955165453255
vn -1.1493545114509147 -1.9907401907407944 5.7452223408933705
v -0.0087346332147717 -0.0151288285851479 -0.0046955165453255
vn -0.7103399569293540 -2.1862017843445365 5.7452225559938386
v -0.0053983000107110 -0.0166142601519823 -0.0046955165453255
vn -0.2402803483752576 -2.2861164489194445 5.7452220379803931
v -0.0018260355573148 -0.0173735674470663 -0.0046955165453255
vn 0.2402803740077214 -2.2861162434572626 5.7452221279434319
v 0.0018260355573148 -0.0173735674470663 -0.0046955165453255
vn 0.7103397886598335 -2.1862016967032840 5.7452226073046457
v 0.0053983000107110 -0.0166142601519823 -0.0046955165453255
vn 1.1493547323729709 -1.9907403658027734 5.7452222230621954
v 0.0087346332147717 -0.0151288285851479 -0.0046955165453255
vn 1.5381366205786204 -1.7082737107330970 5.7452219377224107
v 0.0116892205551267 -0.0129821943119168 -0.0046955165453255
vn 1.8596944329060412 -1.3511468100268005 5.7452224698272776
v 0.0141329336911440 -0.0102681769058108 -0.0046955165453255
vn 2.0999747051392941 -0.9349692413492107 5.7452222698798572
v 0.0159589685499668 -0.0071053900755942 -0.0046955165453255
vn 2.2484768094002519 -0.4779285826959818 5.7452220881567362
v 0.0170875210314989 -0.0036320656072348 -0.0046955165453255
vn 2.2987089133871450 -0.0000001420686654 5.7452223489534608
v 0.0174692664295435 -0.0000000006705523 -0.0046955165453255
vn -3.0345459042805847 0.0000008566729560 -3.6651903850443501
v 0.0115999998524785 -0.0000000006705523 -0.0099999988451600
vn -2.6279946846197735 -1.5172706362608086 -3.6651914384361470
v 0.0113856410607696 0.0007999998051673 -0.0099999988451600
vn -1.5172690933150306 -2.6279938049963345 -3.6651952097688207
v 0.0108000002801418 0.0013856415171176 -0.0099999988451600
vn 0.0000004415804564 -3.0345477889305390 -3.6651857493233022
v 0.0099999997764826 0.0015999984461814 -0.0099999988451600
vn 1.5172695348954874 -2.6279936866765516 -3.6651949187333934
v 0.0092000002041459 0.0013856415171176 -0.0099999988451600
vn 2.6279942430359187 -1.5172722842759114 -3.6651903522669009
v 0.0086143594235182 0.0007999998051673 -0.0099999988451600
vn 3.0345450211110827 0.0000008566759300 -3.6651925573849660
v 0.0083999997004867 -0.0000000006705523 -0.0099999988451600
vn 2.6279940134897757 1.5172731409518412 -3.6651897876511685
v 0.0086143594235182 -0.0007999993395060 -0.0099999988451600
vn 1.5172728309329839 2.6279928035116482 -3.6651927463908809
v 0.0092000002041459 -0.0013856410514563 -0.0099999988451600
vn 0.0000004415835229 3.0345460226025818 -3.6651900940061370
v 0.0099999997764826 -0.0015999998431653 -0.0099999988451600
vn -1.5172723893494617 2.6279929218332807 -3.6651930374284984
v 0.0108000002801418 -0.0013856410514563 -0.0099999988451600
vn -2.6279944550754255 1.5172714929337645 -3.6651908738225387
v 0.0113856410607696 -0.0007999993395060 -0.0099999988451600
vn -1.5172723420214851 2.6279935810395965 -2.6179936157646155
v 0.0115000000223517 -0.0025980758946389 -0.0099999988451600
vn 0.0000002355116213 3.0345456298949074 -2.6179942472248992
v 0.0099999997764826 -0.0029999993275851 -0.0099999988451600
vn 1.5003540207657049 2.6443779318730476 -2.6511326278173177
v 0.0085000004619360 -0.0025980758946389 -0.0099999988451600
vn 2.6376755068056945 1.5238042683920898 -2.6852886990312053
v 0.0074019236490130 -0.0015000000130385 -0.0099999988451600
vn 3.0404667365742291 -0.0236529506097380 -2.6521562953235240
v 0.0070000002160668 -0.0000000006705522 -0.0099999988451600
vn 2.6275156671651207 -1.5187783596770779 -2.6265770623403704
v 0.0074019236490130 0.0015000004786998 -0.0099999988451600
vn 1.5161912851898287 -2.6289841048993385 -2.6261617683973775
v 0.0085000004619360 0.0025980744976550 -0.0099999988451600
vn 0.0000002355124933 -3.0345446878466786 -2.6179919300629386
v 0.0099999997764826 0.0029999997932464 -0.0099999988451600
vn -1.5172731578558172 -2.6279940520633303 -2.6179956224864562
v 0.0115000000223517 0.0025980744976550 -0.0099999988451600
vn -2.6231328520318877 -1.5345361463460572 -2.6438827034976575
v 0.0125980759039521 0.0015000004786998 -0.0099999988451600
vn -3.0433898906371648 0.0000016349772471 -2.6697326004239956
v 0.0130000002682209 -0.0000000006705523 -0.0099999988451600
vn -2.6231331877981963 1.5345368297527033 -2.6438971233586326
v 0.0125980759039521 -0.0015000000130385 -0.0099999988451600
vn -3.0345452260516206 0.0000000000000004 -3.6651920532918165
v 0.0065999999642372 0.0086602540686727 -0.0099999988451600
vn -2.6279942307331181 -1.5172723301905406 -3.6651903220056097
v 0.0063856407068670 0.0094602527096868 -0.0099999988451600
vn -1.5172759061713150 -2.6279919795024012 -3.6651907195708802
v 0.0057999999262393 0.0100458944216371 -0.0099999988451600
vn 0.0000000000000001 -3.0345442562624538 -3.6651944386837569
v 0.0049999998882413 0.0102602550759912 -0.0099999988451600
vn 1.5172761269633537 -2.6279917587099675 -3.6651909183537326
v 0.0041999998502433 0.0100458944216371 -0.0099999988451600
vn 2.6279944515251552 -1.5172721093981072 -3.6651901232227573
v 0.0036143593024462 0.0094602527096868 -0.0099999988451600
vn 3.0345452260516206 -0.0000000000000004 -3.6651920532918165
v 0.0034000000450760 0.0086602540686727 -0.0099999988451600
vn 2.6279940099416503 1.5172725509823159 -3.6651905207879096
v 0.0036143593024462 0.0078602554276586 -0.0099999988451600
vn 1.5172756853798481 2.6279922002941771 -3.6651905207885802
v 0.0041999998502433 0.0072746141813695 -0.0099999988451600
vn -0.0000000000000001 3.0345442562624538 -3.6651944386837565
v 0.0049999998882413 0.0070602535270154 -0.0099999988451600
vn -1.5172754645877209 2.6279924210865220 -3.6651903220057278
v 0.0057999999262393 0.0072746141813695 -0.0099999988451600
vn -2.6279937891495222 1.5172727717746612 -3.6651907195707620
v 0.0063856407068670 0.0078602554276586 -0.0099999988451600
vn -3.0345452260516188 -0.0000000000000002 -3.6651920532918165
v -0.0034000000450760 0.0086602540686727 -0.0099999988451600
vn -2.6279944515251543 -1.5172721093981063 -3.6651901232227573
v -0.0036143593024462 0.0094602527096868 -0.0099999988451600
vn -1.5172761269633546 -2.6279917587099684 -3.6651909183537326
v -0.0041999998502433 0.0100458944216371 -0.0099999988451600
vn -0.0000000000000001 -3.0345442562624543 -3.6651944386837565
v -0.0049999998882413 0.0102602550759912 -0.0099999988451600
vn 1.5172759061713152 -2.6279919795024016 -3.6651907195708797
v -0.0057999999262393 0.0100458944216371 -0.0099999988451600
vn 2.6279942307331163 -1.5172723301905406 -3.6651903220056101
v -0.0063856407068670 0.0094602527096868 -0.0099999988451600
vn 3.0345452260516188 -0.0000000000000001 -3.6651920532918165
v -0.0065999999642372 0.0086602540686727 -0.0099999988451600
vn 2.6279937891495218 1.5172727717746612 -3.6651907195707620
v -0.0063856407068670 0.0078602554276586 -0.0099999988451600
vn 1.5172754645877218 2.6279924210865229 -3.6651903220057278
v -0.0057999999262393 0.0072746141813695 -0.0099999988451600
vn 0.0000000000000001 3.0345442562624547 -3.6651944386837569
v -0.0049999998882413 0.0070602535270154 -0.0099999988451600
vn -1.5172756853798475 2.6279922002941767 -3.6651905207885802
v -0.0041999998502433 0.0072746141813695 -0.0099999988451600
vn -2.6279940099416494 1.5172725509823164 -3.6651905207879096
v -0.0036143593024462 0.0078602554276586 -0.0099999988451600
vn -3.0345450211110836 0.0000008566758778 -3.6651925573849660
v -0.0083999997004867 -0.0000000006705522 -0.0099999988451600
vn -2.6279942430359116 -1.5172722842759379 -3.6651903522668841
v -0.0086143594235182 0.0007999998051673 -0.0099999988451600
vn -1.5172695348954879 -2.6279936866765525 -3.6651949187333934
v -0.0092000002041459 0.0013856415171176 -0.0099999988451600
vn -0.0000004415804564 -3.0345477889305386 -3.6651857493233022
v -0.0099999997764826 0.0015999984461814 -0.0099999988451600
vn 1.5172690933150310 -2.6279938049963349 -3.6651952097688207
v -0.0108000002801418 0.0013856415171176 -0.0099999988451600
vn 2.6279946846197664 -1.5172706362608352 -3.6651914384361302
v -0.0113856410607696 0.0007999998051673 -0.0099999988451600
vn 3.0345459042805851 0.0000008566729034 -3.6651903850443501
v -0.0115999998524785 -0.0000000006705522 -0.0099999988451600
vn 2.6279944550754344 1.5172714929337388 -3.6651908738225565
v -0.0113856410607696 -0.0007999993395060 -0.0099999988451600
vn 1.5172723893494620 2.6279929218332807 -3.6651930374284984
v -0.0108000002801418 -0.0013856410514563 -0.0099999988451600
vn -0.0000004415835226 3.0345460226025804 -3.6651900940061375
v -0.0099999997764826 -0.0015999998431653 -0.0099999988451600
vn -1.5172728309329839 2.6279928035116473 -3.6651927463908804
v -0.0092000002041459 -0.0013856410514563 -0.0099999988451600
vn -2.6279940134897846 1.5172731409518159 -3.6651897876511859
v -0.0086143594235182 -0.0007999993395060 -0.0099999988451600
vn -3.0345456993407707 0.0000000000000003 -3.6651908891378913
v -0.0034000000450760 -0.0086602540686727 -0.0099999988451600
vn -2.6279933634176311 -1.5172725509817568 -3.6651918979961247
v -0.0036143593024462 -0.0078602535650134 -0.0099999988451600
vn -1.5172715061810458 -2.6279939666332313 -3.6651918979962170
v -0.0041999998502433 -0.0072746132500470 -0.0099999988451600
vn -0.0000000000000002 -3.0345460226026773 -3.6651900940059789
v -0.0049999998882413 -0.0070602544583380 -0.0099999988451600
vn 1.5172712853887449 -2.6279941874254029 -3.6651916992133642
v -0.0057999999262393 -0.0072746132500470 -0.0099999988451600
vn 2.6279931426253280 -1.5172727717739265 -3.6651920967789771
v -0.0063856407068670 -0.0078602535650134 -0.0099999988451600
vn 3.0345456993407689 -0.0000000000000001 -3.6651908891378908
v -0.0065999999642372 -0.0086602540686727 -0.0099999988451600
vn 2.6279927010401547 1.5172732133585747 -3.6651924943450771
v -0.0063856407068670 -0.0094602545723319 -0.0099999988451600
vn 1.5172741398337797 2.6279937458399401 -3.6651891293083754
v -0.0057999999262393 -0.0100458944216371 -0.0099999988451600
vn 0.0000000000000001 3.0345442562624547 -3.6651944386837569
v -0.0049999998882413 -0.0102602550759912 -0.0099999988451600
vn -1.5172743606261676 2.6279935250478563 -3.6651893280912278
v -0.0041999998502433 -0.0100458944216371 -0.0099999988451600
vn -2.6279929218325444 1.5172729925664923 -3.6651922955622247
v -0.0036143593024462 -0.0094602545723319 -0.0099999988451600
vn -3.0345456993407698 0.0000000000000002 -3.6651908891378913
v 0.0065999999642372 -0.0086602540686727 -0.0099999988451600
vn -2.6279931426253289 -1.5172727717739267 -3.6651920967789771
v 0.0063856407068670 -0.0078602535650134 -0.0099999988451600
vn -1.5172712853887456 -2.6279941874254029 -3.6651916992133642
v 0.0057999999262393 -0.0072746132500470 -0.0099999988451600
vn -0.0000000000000001 -3.0345460226026773 -3.6651900940059798
v 0.0049999998882413 -0.0070602544583380 -0.0099999988451600
vn 1.5172715061810462 -2.6279939666332321 -3.6651918979962170
v 0.0041999998502433 -0.0072746132500470 -0.0099999988451600
vn 2.6279933634176302 -1.5172725509817568 -3.6651918979961238
v 0.0036143593024462 -0.0078602535650134 -0.0099999988451600
vn 3.0345456993407698 -0.0000000000000002 -3.6651908891378908
v 0.0034000000450760 -0.0086602540686727 -0.0099999988451600
vn 2.6279929218325444 1.5172729925664921 -3.6651922955622247
v 0.0036143593024462 -0.0094602545723319 -0.0099999988451600
vn 1.5172743606261676 2.6279935250478559 -3.6651893280912278
v 0.0041999998502433 -0.0100458944216371 -0.0099999988451600
vn -0.0000000000000001 3.0345442562624538 -3.6651944386837565
v 0.0049999998882413 -0.0102602550759912 -0.0099999988451600
vn -1.5172741398337779 2.6279937458399378 -3.6651891293083754
v 0.0057999999262393 -0.0100458944216371 -0.0099999988451600
vn -2.6279927010401547 1.5172732133585751 -3.6651924943450771
v 0.0063856407068670 -0.0094602545723319 -0.0099999988451600
vn -1.5172740999042018 -2.6279931100157450 -2.6179947743452843
v 0.0065000001341105 -0.0060621784068644 -0.0099999988451600
vn -2.6215396946621849 -1.5399020844974429 -2.6510985716175868
v 0.0075980760157108 -0.0071602542884648 -0.0099999988451600
vn -3.0459955870242315 0.0000023513696621 -2.6841765128663742
v 0.0080000003799796 -0.0086602540686727 -0.0099999988451600
vn -2.6215395379030926 1.5399039172971760 -2.6511209517001597
v 0.0075980760157108 -0.0101602533832192 -0.0099999988451600
vn -1.5172732840674727 2.6279926389928105 -2.6179927676248829
v 0.0065000001341105 -0.0112583311274648 -0.0099999988451600
vn 0.0000001177557777 3.0345456614474724 -2.6179943248350979
v 0.0049999998882413 -0.0116602545604110 -0.0099999988451600
vn 1.4971632825001087 2.6473703960760382 -2.6565056321915383
v 0.0035000001080334 -0.0112583311274648 -0.0099999988451600
vn 2.6395354575783103 1.5243565112764503 -2.6954748804265583
v 0.0024019237607718 -0.0101602533832192 -0.0099999988451600
vn 3.0413560286010135 -0.0274670865572809 -2.6569490194856025
v 0.0020000000949949 -0.0086602540686727 -0.0099999988451600
vn 2.6272662352459797 -1.5195651517578019 -2.6293181052741965
v 0.0024019237607718 -0.0071602542884648 -0.0099999988451600
vn 1.5155457294172305 -2.6295722816337981 -2.6291140008305329
v 0.0035000001080334 -0.0060621784068644 -0.0099999988451600
vn 0.0000001177562138 -3.0345447193995065 -2.6179920076734491
v 0.0049999998882413 -0.0056602531112731 -0.0099999988451600
vn 1.5172740999042016 -2.6279931100157454 -2.6179947743452847
v -0.0065000001341105 -0.0060621784068644 -0.0099999988451600
vn -0.0000001177562138 -3.0345447193995065 -2.6179920076734486
v -0.0049999998882413 -0.0056602531112731 -0.0099999988451600
vn -1.4971636783879110 -2.6473710940268553 -2.6565139955667703
v -0.0035000001080334 -0.0060621784068644 -0.0099999988451600
vn -2.6395342100071471 -1.5243570604816410 -2.6954544747290452
v -0.0024019237607718 -0.0071602542884648 -0.0099999988451600
vn -3.0413562770063454 0.0274691428206573 -2.6569610197980604
v -0.0020000000949949 -0.0086602540686727 -0.0099999988451600
vn -2.6272677606393313 1.5195619144342680 -2.6293212048030727
v -0.0024019237607718 -0.0101602533832192 -0.0099999988451600
vn -1.5155445688549332 2.6295721672633179 -2.6291115400041778
v -0.0035000001080334 -0.0112583311274648 -0.0099999988451600
vn -0.0000001177557777 3.0345456614474724 -2.6179943248350979
v -0.0049999998882413 -0.0116602545604110 -0.0099999988451600
vn 1.5172732840674727 2.6279926389928105 -2.6179927676248824
v -0.0065000001341105 -0.0112583311274648 -0.0099999988451600
vn 2.6215402558749794 1.5399021209249164 -2.6511066016567728
v -0.0075980760157108 -0.0101602533832192 -0.0099999988451600
vn 3.0459956825015859 0.0000003170945895 -2.6841855543813948
v -0.0080000003799796 -0.0086602540686727 -0.0099999988451600
vn 2.6215394686971258 -1.5399026342069733 -2.6511033846835690
v -0.0075980760157108 -0.0071602542884648 -0.0099999988451600
vn -1.5161901452489432 2.6289839558212869 -2.6261598625323228
v -0.0085000004619360 -0.0025980758946389 -0.0099999988451600
vn -0.0000002355116211 3.0345456298949083 -2.6179942472248992
v -0.0099999997764826 -0.0029999993275851 -0.0099999988451600
vn 1.5172723420214851 2.6279935810395969 -2.6179936157646155
v -0.0115000000223517 -0.0025980758946389 -0.0099999988451600
vn 2.6231335270759573 1.5345360234169529 -2.6438871662698631
v -0.0125980759039521 -0.0015000000130385 -0.0099999988451600
vn 3.0433900371723963 0.0000005999305784 -2.6697405242756336
v -0.0130000002682209 -0.0000000006705522 -0.0099999988451600
vn 2.6231327061393754 -1.5345365512887557 -2.6438855896914633
v -0.0125980759039521 0.0015000004786998 -0.0099999988451600
vn 1.5172731578558172 -2.6279940520633303 -2.6179956224864562
v -0.0115000000223517 0.0025980744976550 -0.0099999988451600
vn -0.0000002355124935 -3.0345446878466786 -2.6179919300629386
v -0.0099999997764826 0.0029999997932464 -0.0099999988451600
vn -1.5003550707725568 -2.6443780840213522 -2.6511377409235100
v -0.0085000004619360 0.0025980744976550 -0.0099999988451600
vn -2.6376740560517731 -1.5238052677204026 -2.6852742144963502
v -0.0074019236490130 0.0015000004786998 -0.0099999988451600
vn -3.0404669623614069 0.0236553144678189 -2.6521652075761906
v -0.0070000002160668 -0.0000000006705522 -0.0099999988451600
vn -2.6275169504940372 1.5187761055406175 -2.6265791344717400
v -0.0074019236490130 -0.0015000000130385 -0.0099999988451600
vn 1.5172715261831191 -2.6279931100149176 -2.6179916090434947
v -0.0065000001341105 0.0112583311274648 -0.0099999988451600
vn -0.0000001177553417 -3.0345466034919508 -2.6179966419981855
v -0.0049999998882413 0.0116602526977658 -0.0099999988451600
vn -1.4971609893420226 -2.6473712334036410 -2.6565110785905102
v -0.0035000001080334 0.0112583311274648 -0.0099999988451600
vn -2.6395352576876627 -1.5243559756678899 -2.6954554663914236
v -0.0024019237607718 0.0101602533832192 -0.0099999988451600
vn -3.0413561903178712 0.0274690304255933 -2.6569607178030643
v -0.0020000000949949 0.0086602540686727 -0.0099999988451600
vn -2.6272677323421525 1.5195620229688676 -2.6293212317193828
v -0.0024019237607718 0.0071602552197874 -0.0099999988451600
vn -1.5155427885191819 2.6295726568695965 -2.6291105256978224
v -0.0035000001080334 0.0060621774755418 -0.0099999988451600
vn -0.0000001177553417 3.0345466034919504 -2.6179966419981859
v -0.0049999998882413 0.0056602559052408 -0.0099999988451600
vn 1.5172715261831193 2.6279931100149176 -2.6179916090434956
v -0.0065000001341105 0.0060621774755418 -0.0099999988451600
vn 2.6215401858427922 1.5399023590448455 -2.6511068669017779
v -0.0075980760157108 0.0071602552197874 -0.0099999988451600
vn 3.0459956795152605 0.0000003170888263 -2.6841857310561577
v -0.0080000003799796 0.0086602540686727 -0.0099999988451600
vn 2.6215403407138789 -1.5399019302717694 -2.6511044980448051
v -0.0075980760157108 0.0101602533832192 -0.0099999988451600
vn 0.0000001177553417 -3.0345466034919504 -2.6179966419981859
v 0.0049999998882413 0.0116602526977658 -0.0099999988451600
vn -1.5172715261831193 -2.6279931100149176 -2.6179916090434947
v 0.0065000001341105 0.0112583311274648 -0.0099999988451600
vn -2.6215406318573469 -1.5399011659567572 -2.6510993535626817
v 0.0075980760157108 0.0101602533832192 -0.0099999988451600
vn -3.0459955086762545 0.0000022443974926 -2.6841762504398305
v 0.0080000003799796 0.0086602540686727 -0.0099999988451600
vn -2.6215395004448965 1.5399040481652888 -2.6511210513016286
v 0.0075980760157108 0.0071602552197874 -0.0099999988451600
vn -1.5172715261831191 2.6279931100149176 -2.6179916090434947
v 0.0065000001341105 0.0060621774755418 -0.0099999988451600
vn 0.0000001177553417 3.0345466034919508 -2.6179966419981855
v 0.0049999998882413 0.0056602559052408 -0.0099999988451600
vn 1.4971615246153192 2.6473708670984086 -2.6565044736098389
v 0.0035000001080334 0.0060621774755418 -0.0099999988451600
vn 2.6395354188012172 1.5243566448404584 -2.6954749844244650
v 0.0024019237607718 0.0071602552197874 -0.0099999988451600
vn 3.0413559713434832 -0.0274671023194094 -2.6569488872991931
v 0.0020000000949949 0.0086602540686727 -0.0099999988451600
vn 2.6272671454566083 -1.5195643273946839 -2.6293190352473648
v 0.0024019237607718 0.0101602533832192 -0.0099999988451600
vn 1.5155431433610282 -2.6295722947363989 -2.6291109153051124
v 0.0035000001080334 0.0112583311274648 -0.0099999988451600
vn 0.0000000000000814 2.7719896842772300 3.0880999621350531
v -0.0000000000000007 -0.0260000005364418 -0.1455000042915344
vn 0.0000000000000812 0.0000000000000000 3.0880999621350531
v -0.0000000000000007 -0.0199999995529652 -0.1455000042915344
vn 1.1155544837332758 2.7719948740576412 2.8795674712679942
v -0.0045155207626522 -0.0260000005364418 -0.1446558982133865
vn 2.0804407257331619 2.7719943532148634 2.2821341078017467
v -0.0084211956709623 -0.0260000005364418 -0.1422376036643982
vn 2.7643543730931999 2.7719934373649653 1.3764857306190352
v -0.0111895408481359 -0.0260000005364418 -0.1385717242956161
vn 3.0749276593605051 2.7719931094061065 0.2849339777892310
v -0.0124466773122549 -0.0260000005364418 -0.1341533511877060
vn 2.9702153975749415 2.7719946349052034 -0.8450980377717634
v -0.0120228203013539 -0.0260000005364418 -0.1295792162418365
vn 2.4643563925370295 2.7719908130054765 -1.8609973022150634
v -0.0099752154201269 -0.0260000005364418 -0.1254670619964600
vn 1.6256746179347084 2.7719959925101509 -2.6255579708266610
v -0.0065804021432996 -0.0260000005364418 -0.1223722919821739
vn 0.5674380674362504 2.7719928453204550 -3.0355198979497247
v -0.0022968689445406 -0.0260000005364418 -0.1207128390669823
vn -0.5674380674362504 2.7719928453204545 -3.0355198979497247
v 0.0022968689445406 -0.0260000005364418 -0.1207128390669823
vn -1.6256746179347084 2.7719959925101514 -2.6255579708266605
v 0.0065804021432996 -0.0260000005364418 -0.1223722919821739
vn -2.4643563925370295 2.7719908130054760 -1.8609973022150639
v 0.0099752154201269 -0.0260000005364418 -0.1254670619964600
vn -2.9702153975749419 2.7719946349052020 -0.8450980377717634
v 0.0120228203013539 -0.0260000005364418 -0.1295792162418365
vn -3.0749276593605046 2.7719931094061070 0.2849339777892310
v 0.0124466773122549 -0.0260000005364418 -0.1341533511877060
vn -2.7643543730932003 2.7719934373649657 1.3764857306190350
v 0.0111895408481359 -0.0260000005364418 -0.1385717242956161
vn -2.0804407257331619 2.7719943532148634 2.2821341078017463
v 0.0084211956709623 -0.0260000005364418 -0.1422376036643982
vn -1.1155544837331943 2.7719948740575884 2.8795674712680093
v 0.0045155207626522 -0.0260000005364418 -0.1446558982133865
vn 0.0000000000000698 3.5342921308351123 -3.0812277104496024
v -0.0000000000000005 -0.0260000005364418 -0.1220000013709068
vn -1.1791328860643682 3.5342898062546375 -2.8466847789190690
v 0.0042095179669559 -0.0260000005364418 -0.1228373274207115
vn -2.1787556897049001 3.5342944482327030 -2.1787573228507182
v 0.0077781747095287 -0.0260000005364418 -0.1252218186855316
vn -2.8466841964787353 3.5342907898196181 -1.1791335045797835
v 0.0101626748219132 -0.0260000005364418 -0.1287904828786850
vn -3.0812278538595645 3.5342916628591547 0.0000000000000000
v 0.0109999999403954 -0.0260000005364418 -0.1330000013113022
vn -2.8466825131865217 3.5342927186794988 1.1791360238047048
v 0.0101626748219132 -0.0260000005364418 -0.1372095197439194
vn -2.1787558915597738 3.5342910759994473 2.1787585824633791
v 0.0077781747095287 -0.0260000005364418 -0.1407781690359116
vn -1.1791347712114453 3.5342912496280188 2.8466835193068105
v 0.0042095179669559 -0.0260000005364418 -0.1431626677513123
vn 0.0000000000000000 3.5342921308351127 0.0000000000000000
v -0.0000000000000007 -0.0260000005364418 -0.1439999938011169
vn 1.1791347712115361 3.5342912496279606 2.8466835193067919
v -0.0042095179669559 -0.0260000005364418 -0.1431626677513123
vn 2.1787558915597738 3.5342910759994468 2.1787585824633791
v -0.0077781747095287 -0.0260000005364418 -0.1407781690359116
vn 2.8466825131865221 3.5342927186794992 1.1791360238047051
v -0.0101626748219132 -0.0260000005364418 -0.1372095197439194
vn 3.0812278538595645 3.5342916628591547 0.0000000000000000
v -0.0109999999403954 -0.0260000005364418 -0.1330000013113022
vn 2.8466841964787362 3.5342907898196181 -1.1791335045797835
v -0.0101626748219132 -0.0260000005364418 -0.1287904828786850
vn 2.1787556897049001 3.5342944482327034 -2.1787573228507178
v -0.0077781747095287 -0.0260000005364418 -0.1252218186855316
vn 1.1791328860644381 3.5342898062545922 -2.8466847789190552
v -0.0042095179669559 -0.0260000005364418 -0.1228373274207115
vn 0.0000000000000908 0.0000000000000000 3.0812277104496029
v -0.0000000000000006 -0.0260000005364418 -0.1439999938011169
vn -0.0000000000002264 0.0000000000000001 -3.0345477741406603
v 0.0000000000000002 -0.0287500005215406 -0.0174000002443790
vn 2.7364435052862159 -2.4383488976831496 -4.7396648884209496
v -0.0007999999797903 -0.0287500005215406 -0.0176143571734428
vn 4.7396640433992445 -2.4383468457378772 -2.7364459706010482
v -0.0013856407022104 -0.0287500005215406 -0.0181999988853931
vn 5.4728915269857037 -2.4383483062896625 -0.0000034006645538
v -0.0015999999595806 -0.0287500005215406 -0.0189999975264072
vn 4.7396653893977518 -2.4383483339016632 2.7364419620476426
v -0.0013856407022104 -0.0287500005215406 -0.0197999998927116
vn 2.7364401869032551 -2.4383471668930601 4.7396681042857676
v -0.0007999999797903 -0.0287500005215406 -0.0203856416046619
vn -0.0000000000002058 0.0000000000000001 3.0345477741406608
v 0.0000000000000002 -0.0199999995529652 -0.0205999985337257
vn -0.0000000000002039 -0.0000000000000001 3.0345477741406608
v 0.0000000000000002 -0.0287500005215406 -0.0205999985337257
vn -2.7364430079999664 -2.4383482795108313 4.7396656398397425
v 0.0007999999797903 -0.0287500005215406 -0.0203856416046619
vn -4.7396656424525272 -2.4383472109027147 2.7364429847102048
v 0.0013856407022104 -0.0287500005215406 -0.0197999998927116
vn -5.4728916953346829 -2.4383480474809001 -0.0000030325004396
v 0.0015999999595806 -0.0287500005215406 -0.0189999975264072
vn -4.7396641049401884 -2.4383477099276569 -2.7364447397400866
v 0.0013856407022104 -0.0287500005215406 -0.0181999988853931
vn -2.7364401869036183 -2.4383471668930152 -4.7396681042855739
v 0.0007999999797903 -0.0287500005215406 -0.0176143571734428
vn 0.0000025633400518 -2.4383453997190365 2.4383450096173434
v 0.0000000000000002 -0.0287500005215406 -0.0205999985337257
vn 0.0000008825899078 -1.9268737078625064 1.9268726574060540
v 0.0000000000000002 -0.0299999993294477 -0.0218499992042780
vn -0.0000033697080213 -2.4383468539295934 -2.4383438506864019
v 0.0000000000000002 -0.0287500005215406 -0.0174000002443790
vn -0.0000034914543601 -2.4383466578947850 -5.4728917159448667
v 0.0294448640197515 -0.0287500005215406 -0.0344000011682510
vn 2.7364452691730978 -2.4383489199966979 -4.7396640122415530
v 0.0286448635160923 -0.0287500005215406 -0.0346143580973148
vn 4.7396626697227635 -2.4383460312378431 -2.7364488123730255
v 0.0280592236667871 -0.0287500005215406 -0.0351999998092651
vn 5.4728917101007335 -2.4383488067428036 -0.0000022226259733
v 0.0278448630124331 -0.0287500005215406 -0.0359999984502792
vn 4.7396602692495255 -2.4383480200796530 2.7364513486479787
v 0.0280592236667871 -0.0287500005215406 -0.0368000008165836
vn 2.7364460026105717 -2.4383471188838595 4.7396635497199426
v 0.0286448635160923 -0.0287500005215406 -0.0373856388032436
vn -0.0000009939748886 -2.4383486773353633 5.4728917942770918
v 0.0294448640197515 -0.0287500005215406 -0.0375999994575977
vn -2.7364448752560793 -2.4383467104391525 4.7396645073832193
v 0.0302448645234108 -0.0287500005215406 -0.0373856388032436
vn -4.7396638544545446 -2.4383483454028925 2.7364455675328792
v 0.0308305043727160 -0.0287500005215406 -0.0368000008165836
vn -5.4728929982250669 -2.4383460840040332 -0.0000027742042076
v 0.0310448631644249 -0.0287500005215406 -0.0359999984502792
vn -4.7396668091785861 -2.4383463862366730 -2.7364420326790775
v 0.0308305043727160 -0.0287500005215406 -0.0351999998092651
vn -2.7364419432193312 -2.4383470494731627 -4.7396673374312659
v 0.0302448645234108 -0.0287500005215406 -0.0346143580973148
vn -0.0000047513821143 -2.4383471110699317 -5.4728900291033469
v 0.0294448640197515 -0.0287500005215406 -0.0684000030159950
vn 2.7364418557524641 -2.4383558358256225 -4.7396613282979478
v 0.0286448635160923 -0.0287500005215406 -0.0686143562197685
vn 4.7396675676274258 -2.4383452315752829 -2.7364406621312334
v 0.0280592236667871 -0.0287500005215406 -0.0692000016570091
vn 5.4728916019724325 -2.4383491719076584 0.0000011627788257
v 0.0278448630124331 -0.0287500005215406 -0.0700000002980232
vn 4.7396687454422972 -2.4383454007974317 2.7364384019389094
v 0.0280592236667871 -0.0287500005215406 -0.0707999989390373
vn 2.7364365668967228 -2.4383478850612690 4.7396712056086798
v 0.0286448635160923 -0.0287500005215406 -0.0713856443762779
vn 0.0000079768564408 -2.4383446383975382 5.4728916375295960
v 0.0294448640197515 -0.0287500005215406 -0.0715999975800514
vn -2.7364456629944995 -2.4383511295382041 4.7396635170700909
v 0.0302448645234108 -0.0287500005215406 -0.0713856443762779
vn -4.7396717294518265 -2.4383427606585601 2.7364375200829723
v 0.0308305043727160 -0.0287500005215406 -0.0707999989390373
vn -5.4728927217551160 -2.4383467079763426 0.0000002735717959
v 0.0310448631644249 -0.0287500005215406 -0.0700000002980232
vn -4.7396716894826127 -2.4383453885838939 -2.7364341704946220
v 0.0308305043727160 -0.0287500005215406 -0.0692000016570091
vn -2.7364380408256448 -2.4383528014166700 -4.7396658099814664
v 0.0302448645234108 -0.0287500005215406 -0.0686143562197685
vn 0.0000000000002158 0.0000000000000001 -3.0345442414720170
v -0.0000000000000002 -0.0287500005215406 -0.0854000002145767
vn 2.7364431113747347 -2.4383466881184628 -4.7396653835520102
v -0.0007999999797903 -0.0287500005215406 -0.0856143608689308
vn 4.7396625044385399 -2.4383501858617542 -2.7364455155201326
v -0.0013856407022104 -0.0287500005215406 -0.0861999988555908
vn 5.4728919718004851 -2.4383474235125249 0.0000060802554440
v -0.0015999999595806 -0.0287500005215406 -0.0870000049471855
vn 4.7396592245760658 -2.4383487075757428 2.7364526019681632
v -0.0013856407022104 -0.0287500005215406 -0.0878000035881996
vn 2.7364449046972115 -2.4383467837683375 4.7396642763346550
v -0.0007999999797903 -0.0287500005215406 -0.0883856415748596
vn 0.0000000000002371 0.0000000000000001 3.0345442414720192
v -0.0000000000000002 -0.0199999995529652 -0.0886000022292137
vn 0.0000000000002382 -0.0000000000000001 3.0345442414720187
v -0.0000000000000003 -0.0287500005215406 -0.0886000022292137
vn -2.7364431113743768 -2.4383466881185427 4.7396653835521745
v 0.0007999999797903 -0.0287500005215406 -0.0883856415748596
vn -4.7396593063482140 -2.4383494555364678 2.7364514872783618
v 0.0013856407022104 -0.0287500005215406 -0.0878000035881996
vn -5.4728916351043013 -2.4383479411264490 0.0000067860178808
v 0.0015999999595806 -0.0287500005215406 -0.0870000049471855
vn -4.7396617934782661 -2.4383499555170931 -2.7364470466055324
v 0.0013856407022104 -0.0287500005215406 -0.0861999988555908
vn -2.7364449046968269 -2.4383467837683841 -4.7396642763348584
v 0.0007999999797903 -0.0287500005215406 -0.0856143608689308
vn -0.0000047513821143 -2.4383471110699317 -5.4728900291033469
v -0.0294448640197515 -0.0287500005215406 -0.0684000030159950
vn 2.7364418557524641 -2.4383558358256225 -4.7396613282979478
v -0.0302448645234108 -0.0287500005215406 -0.0686143562197685
vn 4.7396718903573376 -2.4383445707780464 -2.7364348864995858
v -0.0308305043727160 -0.0287500005215406 -0.0692000016570091
vn 5.4728927217551160 -2.4383467079763426 -0.0000002735717959
v -0.0310448631644249 -0.0287500005215406 -0.0700000002980232
vn 4.7396716894826127 -2.4383453885838939 2.7364341704946220
v -0.0308305043727160 -0.0287500005215406 -0.0707999989390373
vn 2.7364372252983773 -2.4383474325267152 4.7396711653775174
v -0.0302448645234108 -0.0287500005215406 -0.0713856443762779
vn 0.0000079768564408 -2.4383446383975382 5.4728916375295960
v -0.0294448640197515 -0.0287500005215406 -0.0715999975800514
vn -2.7364456629944995 -2.4383511295382041 4.7396635170700909
v -0.0286448635160923 -0.0287500005215406 -0.0713856443762779
vn -4.7396674067228073 -2.4383434214545696 2.7364432957159699
v -0.0280592236667871 -0.0287500005215406 -0.0707999989390373
vn -5.4728916019724325 -2.4383491719076584 -0.0000011627788257
v -0.0278448630124331 -0.0287500005215406 -0.0700000002980232
vn -4.7396687454422972 -2.4383454007974317 -2.7364384019389094
v -0.0280592236667871 -0.0287500005215406 -0.0692000016570091
vn -2.7364373824226398 -2.4383532539524508 -4.7396658502117370
v -0.0286448635160923 -0.0287500005215406 -0.0686143562197685
vn -0.0000034914543601 -2.4383466578947850 -5.4728917159448667
v -0.0294448640197515 -0.0287500005215406 -0.0344000011682510
vn 2.7364452691730978 -2.4383489199966979 -4.7396640122415530
v -0.0302448645234108 -0.0287500005215406 -0.0346143580973148
vn 4.7396669924517827 -2.4383453704418336 -2.7364430367400283
v -0.0308305043727160 -0.0287500005215406 -0.0351999998092651
vn 5.4728928298765007 -2.4383463428119674 -0.0000036589492833
v -0.0310448631644249 -0.0287500005215406 -0.0359999984502792
vn 4.7396632132732757 -2.4383480078583153 2.7364471172189866
v -0.0308305043727160 -0.0287500005215406 -0.0368000008165836
vn 2.7364466610091260 -2.4383466663518352 4.7396635094928223
v -0.0302448645234108 -0.0287500005215406 -0.0373856388032436
vn -0.0000009939748886 -2.4383486773353633 5.4728917942770918
v -0.0294448640197515 -0.0287500005215406 -0.0375999994575977
vn -2.7364448752560793 -2.4383467104391525 4.7396645073832193
v -0.0286448635160923 -0.0287500005215406 -0.0373856388032436
vn -4.7396595317411574 -2.4383490062055468 2.7364513431492816
v -0.0280592236667871 -0.0287500005215406 -0.0368000008165836
vn -5.4728918784508993 -2.4383485479298006 -0.0000042105767846
v -0.0278448630124331 -0.0287500005215406 -0.0359999984502792
vn -4.7396638651402236 -2.4383463984504088 -2.7364462641243930
v -0.0280592236667871 -0.0287500005215406 -0.0351999998092651
vn -2.7364412848192265 -2.4383475020064522 -4.7396673776604077
v -0.0286448635160923 -0.0287500005215406 -0.0346143580973148
vn -0.0000011157238737 -2.4383488733720182 2.4383474616827341
v -0.0000000000000003 -0.0287500005215406 -0.0886000022292137
vn -0.0000003841572653 -1.9268750551927494 1.9268742626654893
v -0.0000000000000003 -0.0299999993294477 -0.0898500010371208
vn 0.0000011157242468 -2.4383488733719849 -2.4383474616827554
v -0.0000000000000002 -0.0287500005215406 -0.0854000002145767
vn -2.7524456046650774 2.9717775242218196 -1.4908606683444789
v 0.0101119307801127 0.0233999993652105 -0.1275228857994080
vn -2.7524456046650769 3.3114077829577666 -1.4908606683444785
v 0.0101119307801127 0.0236000008881092 -0.1275228857994080
vn -2.9648100566167814 2.9717778087397222 -1.0042529086456906
v 0.0108921183273196 0.0233999993652105 -0.1293105930089951
vn -2.9648100566167810 3.3114074984398645 -1.0042529086456904
v 0.0108921183273196 0.0236000008881092 -0.1293105930089951
vn -3.0918833928933935 2.9717747879513299 -0.4887505926210306
v 0.0113589586690068 0.0233999993652105 -0.1312044262886047
vn -3.0918833928933940 3.3114105192282572 -0.4887505926210307
v 0.0113589586690068 0.0236000008881092 -0.1312044262886047
vn -3.1300090993691185 2.9717778270537654 0.0408121241717886
v 0.0114990221336484 0.0233999993652105 -0.1331499367952347
vn -3.1300090993691176 3.3114074801258218 0.0408121241717885
v 0.0114990221336484 0.0236000008881092 -0.1331499367952347
vn -3.0780888041428498 2.9717748283483041 0.5692006715901722
v 0.0113082807511091 0.0233999993652105 -0.1350911259651184
vn -3.0780888041428502 3.3114104788312826 0.5692006715901724
v 0.0113082807511091 0.0236000008881092 -0.1350911259651184
vn -2.9376200789041338 2.9717813329018212 1.0812094096021416
v 0.0107922200113535 0.0233999993652105 -0.1369721442461014
vn -2.9376200789041342 3.3114039742777654 1.0812094096021418
v 0.0107922200113535 0.0236000008881092 -0.1369721442461014
vn -2.7126379707437485 2.9717714416600396 1.5621179551804851
v 0.0099656870588660 0.0233999993652105 -0.1387389153242111
vn -2.7126379707437485 3.3114138655195466 1.5621179551804856
v 0.0099656870588660 0.0236000008881092 -0.1387389153242111
vn -2.4096185303388609 2.9717799553137283 1.9980898139917043
v 0.0088524594902992 0.0233999993652105 -0.1403405666351318
vn -2.4096185303388609 3.3114053518658579 1.9980898139917043
v 0.0088524594902992 0.0236000008881092 -0.1403405666351318
vn -2.0372844979309583 2.9717780237624973 2.3765720334452967
v 0.0074845626950264 0.0233999993652105 -0.1417310535907745
vn -2.0372844979309574 3.3114072834170893 2.3765720334452962
v 0.0074845626950264 0.0236000008881092 -0.1417310535907745
vn -1.6063363957710965 2.9717750547777699 2.6866900943708396
v 0.0059013487771153 0.0233999993652105 -0.1428703665733337
vn -1.6063363957710968 3.3114102524018172 2.6866900943708401
v 0.0059013487771153 0.0236000008881092 -0.1428703665733337
vn -1.1291761429409228 2.9717773492672741 2.9195176710135939
v 0.0041483636014163 0.0233999993652105 -0.1437257230281830
vn -1.1291761429409226 3.3114079579123121 2.9195176710135935
v 0.0041483636014163 0.0236000008881092 -0.1437257230281830
vn -0.6195306426975014 2.9717747683799010 3.0683549050710717
v 0.0022760373540223 0.0233999993652105 -0.1442725211381912
vn -0.6195306426975016 3.3114105387996844 3.0683549050710734
v 0.0022760373540223 0.0236000008881092 -0.1442725211381912
vn -0.0920650366137151 2.9717790650933851 3.1289211644181369
v 0.0003382339200471 0.0233999993652105 -0.1444950252771378
vn -0.0920650366137151 3.3114062420862016 3.1289211644181356
v 0.0003382339200471 0.0236000008881092 -0.1444950252771378
vn 0.4380525693673711 2.9717725309003686 3.0994722326752848
v -0.0016093000303954 0.0233999993652105 -0.1443868428468704
vn 0.4380525693673710 3.3114127762792172 3.0994722326752848
v -0.0016093000303954 0.0236000008881092 -0.1443868428468704
vn 0.9555591955996515 2.9717853361339963 2.9808615327803114
v -0.0035105366259813 0.0233999993652105 -0.1439510732889175
vn 0.9555591955996514 3.3113999710455895 2.9808615327803110
v -0.0035105366259813 0.0236000008881092 -0.1439510732889175
vn 1.4455823033139659 2.9717676103139237 2.7764916486709876
v -0.0053107826970518 0.0233999993652105 -0.1432002782821655
vn 1.4455823033139661 3.3114176968656630 2.7764916486709885
v -0.0053107826970518 0.0236000008881092 -0.1432002782821655
vn 1.8940261789774151 2.9717805607798518 2.4922459157992369
v -0.0069582466967404 0.0233999993652105 -0.1421560198068619
vn 1.8940261789774151 3.3114047463997345 2.4922459157992369
v -0.0069582466967404 0.0236000008881092 -0.1421560198068619
vn 2.2879688714388964 2.9717775826417014 2.1363100971311271
v -0.0084055336192250 0.0233999993652105 -0.1408483684062958
vn 2.2879688714388959 3.3114077245378843 2.1363100971311266
v -0.0084055336192250 0.0236000008881092 -0.1408483684062958
vn 2.5830987729062720 3.0142324391212281 1.7768613943506844
v -0.0096110096201301 0.0233999993652105 -0.1393149346113205
vn 2.5830987729062724 3.2689528680583586 1.7768613943506848
v -0.0096110096201301 0.0236000008881092 -0.1393149346113205
vn 2.7599047239269483 3.0566859831192010 1.4949090785133019
v -0.0101119307801127 0.0233999993652105 -0.1384771168231964
vn 2.7599047239269483 3.2264993240603856 1.4949090785133019
v -0.0101119307801127 0.0236000008881092 -0.1384771168231964
vn 2.8994684884760491 3.0142278061895382 1.1927762848435801
v -0.0105399945750833 0.0233999993652105 -0.1375998407602310
vn 2.8994684884760482 3.2689575009900484 1.1927762848435799
v -0.0105399945750833 0.0236000008881092 -0.1375998407602310
vn 3.0392963061648288 2.9717773863148840 0.7491996979293845
v -0.0111657623201609 0.0233999993652105 -0.1357524096965790
vn 3.0392963061648297 3.3114079208647018 0.7491996979293847
v -0.0111657623201609 0.0236000008881092 -0.1357524096965790
vn 3.1221940104710324 2.9717761831880809 0.2247794066028402
v -0.0114703131839633 0.0233999993652105 -0.1338257938623428
vn 3.1221940104710333 3.3114091239915053 0.2247794066028402
v -0.0114703131839633 0.0236000008881092 -0.1338257938623428
vn 3.1152719455969242 2.9717767046400638 -0.3061084130093796
v -0.0114448824897408 0.0233999993652105 -0.1318754255771637
vn 3.1152719455969242 3.3114086025395233 -0.3061084130093797
v -0.0114448824897408 0.0236000008881092 -0.1318754255771637
vn 3.0187289956507168 2.9717768547540633 -0.8281890071408444
v -0.0110902031883597 0.0233999993652105 -0.1299574077129364
vn 3.0187289956507155 3.3114084524255230 -0.8281890071408441
v -0.0110902031883597 0.0236000008881092 -0.1299574077129364
vn 2.8353429402670978 2.9717771198668768 -1.3264435204368561
v -0.0104164788499475 0.0233999993652105 -0.1281269192695618
vn 2.8353429402670991 3.3114081873127086 -1.3264435204368565
v -0.0104164788499475 0.0236000008881092 -0.1281269192695618
vn 2.5703903145933689 2.9717778525000269 -1.7865375012798332
v -0.0094430921599269 0.0233999993652105 -0.1264366209506989
vn 2.5703903145933689 3.3114074546795598 -1.7865375012798332
v -0.0094430921599269 0.0236000008881092 -0.1264366209506989
vn 2.2314930997801836 2.9717774989505417 -2.1952359471396869
v -0.0081980442628264 0.0233999993652105 -0.1249351352453232
vn 2.2314930997801827 3.3114078082290446 -2.1952359471396869
v -0.0081980442628264 0.0236000008881092 -0.1249351352453232
vn 1.8283937776829235 2.9717727980932516 -2.5407862151753910
v -0.0067171542905271 0.0233999993652105 -0.1236656606197357
vn 1.8283937776829224 3.3114125090863356 -2.5407862151753893
v -0.0067171542905271 0.0236000008881092 -0.1236656606197357
vn 1.3726960853603551 2.9717785301239470 -2.8132416595797576
v -0.0050430237315595 0.0233999993652105 -0.1226647272706032
vn 1.3726960853603560 3.3114067770556392 -2.8132416595797585
v -0.0050430237315595 0.0236000008881092 -0.1226647272706032
vn 0.8775155037340581 2.9717781762604254 -3.0047611258718399
v -0.0032238140702248 0.0233999993652105 -0.1219611167907715
vn 0.8775155037340578 3.3114071309191617 -3.0047611258718385
v -0.0032238140702248 0.0236000008881092 -0.1219611167907715
vn 0.3570878438785446 2.9717765994549845 -3.1098408061458045
v -0.0013118615606800 0.0233999993652105 -0.1215750724077225
vn 0.3570878438785448 3.3114087077246022 -3.1098408061458058
v -0.0013118615606800 0.0236000008881092 -0.1215750724077225
vn -0.1736119565918036 2.9717785057578494 -3.1254570939570279
v 0.0006378305843100 0.0233999993652105 -0.1215177029371262
vn -0.1736119565918037 3.3114068014217368 -3.1254570939570274
v 0.0006378305843100 0.0236000008881092 -0.1215177029371262
vn -0.6993196023543813 2.9717750412375281 -3.0511591833333926
v 0.0025691736955196 0.0233999993652105 -0.1217906549572945
vn -0.6993196023543817 3.3114102659420590 -3.0511591833333940
v 0.0025691736955196 0.0236000008881092 -0.1217906549572945
vn -1.2049145948246549 2.9717746948634711 -2.8890830376749363
v 0.0044266069307923 0.0233999993652105 -0.1223860830068588
vn -1.2049145948246551 3.3114106123161151 -2.8890830376749363
v 0.0044266069307923 0.0236000008881092 -0.1223860830068588
vn -1.6758414963348360 2.9717783403806020 -2.6438945324802949
v 0.0061566936783493 0.0233999993652105 -0.1232868582010269
vn -1.6758414963348345 3.3114069667989847 -2.6438945324802932
v 0.0061566936783493 0.0236000008881092 -0.1232868582010269
vn -2.0985561853813341 2.9717752655945997 -2.3226455588804171
v 0.0077096642926335 0.0233999993652105 -0.1244670599699020
vn -2.0985561853813337 3.3114100415849874 -2.3226455588804171
v 0.0077096642926335 0.0236000008881092 -0.1244670599699020
vn -2.4608997353453774 2.9717783605801911 -1.9345789022782274
v 0.0090408418327570 0.0233999993652105 -0.1258927434682846
vn -2.4608997353453792 3.3114069465993952 -1.9345789022782289
v 0.0090408418327570 0.0236000008881092 -0.1258927434682846
vn -2.7524456046650765 -3.3114077829577671 -1.4908606683444783
v 0.0101119307801127 0.0175999999046326 -0.1275228857994080
vn -2.7524456046650769 -2.9717775242218196 -1.4908606683444785
v 0.0101119307801127 0.0177999995648861 -0.1275228857994080
vn -2.9648100566167814 -3.3114074984398640 -1.0042529086456906
v 0.0108921183273196 0.0175999999046326 -0.1293105930089951
vn -2.9648100566167810 -2.9717778087397226 -1.0042529086456904
v 0.0108921183273196 0.0177999995648861 -0.1293105930089951
vn -3.0918833928933935 -3.3114105192282572 -0.4887505926210305
v 0.0113589586690068 0.0175999999046326 -0.1312044262886047
vn -3.0918833928933944 -2.9717747879513299 -0.4887505926210307
v 0.0113589586690068 0.0177999995648861 -0.1312044262886047
vn -3.1300090993691194 -3.3114074801258213 0.0408121241717885
v 0.0114990221336484 0.0175999999046326 -0.1331499367952347
vn -3.1300090993691185 -2.9717778270537654 0.0408121241717886
v 0.0114990221336484 0.0177999995648861 -0.1331499367952347
vn -3.0780888041428507 -3.3114104788312826 0.5692006715901723
v 0.0113082807511091 0.0175999999046326 -0.1350911259651184
vn -3.0780888041428498 -2.9717748283483036 0.5692006715901720
v 0.0113082807511091 0.0177999995648861 -0.1350911259651184
vn -2.9376200789041329 -3.3114039742777654 1.0812094096021414
v 0.0107922200113535 0.0175999999046326 -0.1369721442461014
vn -2.9376200789041360 -2.9717813329018217 1.0812094096021425
v 0.0107922200113535 0.0177999995648861 -0.1369721442461014
vn -2.7126379707437502 -3.3114138655195466 1.5621179551804858
v 0.0099656870588660 0.0175999999046326 -0.1387389153242111
vn -2.7126379707437485 -2.9717714416600396 1.5621179551804854
v 0.0099656870588660 0.0177999995648861 -0.1387389153242111
vn -2.4096185303388609 -3.3114053518658579 1.9980898139917040
v 0.0088524594902992 0.0175999999046326 -0.1403405666351318
vn -2.4096185303388595 -2.9717799553137287 1.9980898139917032
v 0.0088524594902992 0.0177999995648861 -0.1403405666351318
vn -2.0372844979309574 -3.3114072834170893 2.3765720334452953
v 0.0074845626950264 0.0175999999046326 -0.1417310535907745
vn -2.0372844979309574 -2.9717780237624973 2.3765720334452953
v 0.0074845626950264 0.0177999995648861 -0.1417310535907745
vn -1.6063363957710965 -3.3114102524018163 2.6866900943708396
v 0.0059013487771153 0.0175999999046326 -0.1428703665733337
vn -1.6063363957710965 -2.9717750547777699 2.6866900943708392
v 0.0059013487771153 0.0177999995648861 -0.1428703665733337
vn -1.1291761429409226 -3.3114079579123121 2.9195176710135939
v 0.0041483636014163 0.0175999999046326 -0.1437257230281830
vn -1.1291761429409228 -2.9717773492672745 2.9195176710135939
v 0.0041483636014163 0.0177999995648861 -0.1437257230281830
vn -0.6195306426975014 -3.3114105387996848 3.0683549050710717
v 0.0022760373540223 0.0175999999046326 -0.1442725211381912
vn -0.6195306426975015 -2.9717747683799018 3.0683549050710721
v 0.0022760373540223 0.0177999995648861 -0.1442725211381912
vn -0.0920650366137151 -3.3114062420862012 3.1289211644181361
v 0.0003382339200471 0.0175999999046326 -0.1444950252771378
vn -0.0920650366137150 -2.9717790650933855 3.1289211644181356
v 0.0003382339200471 0.0177999995648861 -0.1444950252771378
vn 0.4380525693673712 -3.3114127762792176 3.0994722326752857
v -0.0016093000303954 0.0175999999046326 -0.1443868428468704
vn 0.4380525693673713 -2.9717725309003686 3.0994722326752857
v -0.0016093000303954 0.0177999995648861 -0.1443868428468704
vn 0.9555591955996519 -3.3113999710455904 2.9808615327803123
v -0.0035105366259813 0.0175999999046326 -0.1439510732889175
vn 0.9555591955996526 -2.9717853361339968 2.9808615327803141
v -0.0035105366259813 0.0177999995648861 -0.1439510732889175
vn 1.4455823033139670 -3.3114176968656635 2.7764916486709899
v -0.0053107826970518 0.0175999999046326 -0.1432002782821655
vn 1.4455823033139659 -2.9717676103139232 2.7764916486709881
v -0.0053107826970518 0.0177999995648861 -0.1432002782821655
vn 1.8940261789774144 -3.3114047463997345 2.4922459157992360
v -0.0069582466967404 0.0175999999046326 -0.1421560198068619
vn 1.8940261789774158 -2.9717805607798513 2.4922459157992378
v -0.0069582466967404 0.0177999995648861 -0.1421560198068619
vn 2.2879688714388968 -3.3114077245378839 2.1363100971311275
v -0.0084055336192250 0.0175999999046326 -0.1408483684062958
vn 2.2879688714388968 -2.9717775826417014 2.1363100971311275
v -0.0084055336192250 0.0177999995648861 -0.1408483684062958
vn 2.5830987729062729 -3.2689528680583586 1.7768613943506852
v -0.0096110096201301 0.0175999999046326 -0.1393149346113205
vn 2.5830987729062729 -3.0142324391212281 1.7768613943506846
v -0.0096110096201301 0.0177999995648861 -0.1393149346113205
vn 2.7599047239269483 -3.2264993240603861 1.4949090785133019
v -0.0101119307801127 0.0175999999046326 -0.1384771168231964
vn 2.7599047239269483 -3.0566859831192001 1.4949090785133017
v -0.0101119307801127 0.0177999995648861 -0.1384771168231964
vn 2.8994684884760487 -3.2689575009900480 1.1927762848435801
v -0.0105399945750833 0.0175999999046326 -0.1375998407602310
vn 2.8994684884760504 -3.0142278061895373 1.1927762848435803
v -0.0105399945750833 0.0177999995648861 -0.1375998407602310
vn 3.0392963061648310 -3.3114079208647023 0.7491996979293851
v -0.0111657623201609 0.0175999999046326 -0.1357524096965790
vn 3.0392963061648297 -2.9717773863148840 0.7491996979293846
v -0.0111657623201609 0.0177999995648861 -0.1357524096965790
vn 3.1221940104710324 -3.3114091239915058 0.2247794066028402
v -0.0114703131839633 0.0175999999046326 -0.1338257938623428
vn 3.1221940104710328 -2.9717761831880809 0.2247794066028402
v -0.0114703131839633 0.0177999995648861 -0.1338257938623428
vn 3.1152719455969229 -3.3114086025395233 -0.3061084130093795
v -0.0114448824897408 0.0175999999046326 -0.1318754255771637
vn 3.1152719455969242 -2.9717767046400638 -0.3061084130093797
v -0.0114448824897408 0.0177999995648861 -0.1318754255771637
vn 3.0187289956507173 -3.3114084524255230 -0.8281890071408443
v -0.0110902031883597 0.0175999999046326 -0.1299574077129364
vn 3.0187289956507164 -2.9717768547540642 -0.8281890071408444
v -0.0110902031883597 0.0177999995648861 -0.1299574077129364
vn 2.8353429402670987 -3.3114081873127090 -1.3264435204368565
v -0.0104164788499475 0.0175999999046326 -0.1281269192695618
vn 2.8353429402670982 -2.9717771198668768 -1.3264435204368561
v -0.0104164788499475 0.0177999995648861 -0.1281269192695618
vn 2.5703903145933684 -3.3114074546795598 -1.7865375012798328
v -0.0094430921599269 0.0175999999046326 -0.1264366209506989
vn 2.5703903145933671 -2.9717778525000265 -1.7865375012798317
v -0.0094430921599269 0.0177999995648861 -0.1264366209506989
vn 2.2314930997801810 -3.3114078082290450 -2.1952359471396852
v -0.0081980442628264 0.0175999999046326 -0.1249351352453232
vn 2.2314930997801818 -2.9717774989505417 -2.1952359471396856
v -0.0081980442628264 0.0177999995648861 -0.1249351352453232
vn 1.8283937776829222 -3.3114125090863347 -2.5407862151753893
v -0.0067171542905271 0.0175999999046326 -0.1236656606197357
vn 1.8283937776829235 -2.9717727980932520 -2.5407862151753906
v -0.0067171542905271 0.0177999995648861 -0.1236656606197357
vn 1.3726960853603560 -3.3114067770556392 -2.8132416595797585
v -0.0050430237315595 0.0175999999046326 -0.1226647272706032
vn 1.3726960853603556 -2.9717785301239470 -2.8132416595797580
v -0.0050430237315595 0.0177999995648861 -0.1226647272706032
vn 0.8775155037340578 -3.3114071309191617 -3.0047611258718394
v -0.0032238140702248 0.0175999999046326 -0.1219611167907715
vn 0.8775155037340578 -2.9717781762604250 -3.0047611258718390
v -0.0032238140702248 0.0177999995648861 -0.1219611167907715
vn 0.3570878438785448 -3.3114087077246017 -3.1098408061458054
v -0.0013118615606800 0.0175999999046326 -0.1215750724077225
vn 0.3570878438785448 -2.9717765994549850 -3.1098408061458054
v -0.0013118615606800 0.0177999995648861 -0.1215750724077225
vn -0.1736119565918037 -3.3114068014217373 -3.1254570939570270
v 0.0006378305843100 0.0175999999046326 -0.1215177029371262
vn -0.1736119565918037 -2.9717785057578494 -3.1254570939570279
v 0.0006378305843100 0.0177999995648861 -0.1215177029371262
vn -0.6993196023543814 -3.3114102659420590 -3.0511591833333931
v 0.0025691736955196 0.0175999999046326 -0.1217906549572945
vn -0.6993196023543813 -2.9717750412375281 -3.0511591833333926
v 0.0025691736955196 0.0177999995648861 -0.1217906549572945
vn -1.2049145948246547 -3.3114106123161156 -2.8890830376749355
v 0.0044266069307923 0.0175999999046326 -0.1223860830068588
vn -1.2049145948246549 -2.9717746948634716 -2.8890830376749350
v 0.0044266069307923 0.0177999995648861 -0.1223860830068588
vn -1.6758414963348356 -3.3114069667989843 -2.6438945324802945
v 0.0061566936783493 0.0175999999046326 -0.1232868582010269
vn -1.6758414963348351 -2.9717783403806015 -2.6438945324802940
v 0.0061566936783493 0.0177999995648861 -0.1232868582010269
vn -2.0985561853813346 -3.3114100415849874 -2.3226455588804180
v 0.0077096642926335 0.0175999999046326 -0.1244670599699020
vn -2.0985561853813350 -2.9717752655945997 -2.3226455588804180
v 0.0077096642926335 0.0177999995648861 -0.1244670599699020
vn -2.4608997353453788 -3.3114069465993952 -1.9345789022782285
v 0.0090408418327570 0.0175999999046326 -0.1258927434682846
vn -2.4608997353453788 -2.9717783605801911 -1.9345789022782287
v 0.0090408418327570 0.0177999995648861 -0.1258927434682846
vn -2.5932610283054398 -3.0207540411815565 -1.7631269218263184
v -0.0104765389114618 0.0175999999046326 -0.1398185193538666
vn -2.7601592684155425 -3.0610473947382979 -1.4950339481243733
v -0.0109912287443876 0.0175999999046326 -0.1389533877372742
vn -2.7601592684155420 3.0610473947382979 -1.4950339481243731
v -0.0109912287443876 0.0236000008881092 -0.1389533877372742
vn -2.8935213124340105 3.0207578272588380 -1.2087828465255812
v -0.0114346370100975 0.0236000008881092 -0.1380496621131897
vn -2.8935213124340105 -3.0207578272588385 -1.2087828465255810
v -0.0114346370100975 0.0175999999046326 -0.1380496621131897
vn -3.0303453214140736 -2.9804873207645164 -0.7891190095089171
v -0.0120965838432312 0.0175999999046326 -0.1361500173807144
vn -3.0303453214140741 2.9804873207645155 -0.7891190095089171
v -0.0120965838432312 0.0236000008881092 -0.1361500173807144
vn -3.1176862097546962 -2.9804847012180735 -0.2928006182898356
v -0.0124452356249094 0.0175999999046326 -0.1341688036918640
vn -3.1176862097546967 2.9804847012180744 -0.2928006182898354
v -0.0124452356249094 0.0236000008881092 -0.1341688036918640
vn -3.1242815698270423 -2.9804855208709999 0.2111038271587302
v -0.0124715622514486 0.0175999999046326 -0.1321573108434677
vn -3.1242815698270423 2.9804855208709995 0.2111038271587302
v -0.0124715622514486 0.0236000008881092 -0.1321573108434677
vn -3.0499600263529461 -2.9804863325206004 0.7095383242284767
v -0.0121748829260468 0.0175999999046326 -0.1301676481962204
vn -3.0499600263529452 2.9804863325206012 0.7095383242284766
v -0.0121748829260468 0.0236000008881092 -0.1301676481962204
vn -2.8966437946917152 -2.9804817211603094 1.1896015602717700
v -0.0115628791972995 0.0175999999046326 -0.1282513290643692
vn -2.8966437946917152 2.9804817211603094 1.1896015602717700
v -0.0115628791972995 0.0236000008881092 -0.1282513290643692
vn -2.6683081580766856 -2.9804888153652058 1.6388515292206489
v -0.0106514040380716 0.0175999999046326 -0.1264580190181732
vn -2.6683081580766856 2.9804888153652063 1.6388515292206489
v -0.0106514040380716 0.0236000008881092 -0.1264580190181732
vn -2.3708670841524189 -2.9804852172484684 2.0456512856148459
v -0.0094640627503395 0.0175999999046326 -0.1248341277241707
vn -2.3708670841524189 2.9804852172484684 2.0456512856148459
v -0.0094640627503395 0.0236000008881092 -0.1248341277241707
vn -2.0120185637056367 -2.9804847631468570 2.3994751202903313
v -0.0080316066741943 0.0175999999046326 -0.1234217286109924
vn -2.0120185637056367 2.9804847631468570 2.3994751202903313
v -0.0080316066741943 0.0236000008881092 -0.1234217286109924
vn -1.6010599997317454 -2.9804854527646256 2.6911534658484557
v -0.0063911369070411 0.0175999999046326 -0.1222574040293694
vn -1.6010599997317454 2.9804854527646256 2.6911534658484557
v -0.0063911369070411 0.0236000008881092 -0.1222574040293694
vn -1.1486319134843617 -2.9804829645774551 2.9131328251826929
v -0.0045851394534111 0.0175999999046326 -0.1213713064789772
vn -1.1486319134843614 2.9804829645774547 2.9131328251826925
v -0.0045851394534111 0.0236000008881092 -0.1213713064789772
vn -0.6664576229532819 -2.9804873460674806 3.0596626995506364
v -0.0026603897567838 0.0175999999046326 -0.1207863911986351
vn -0.6664576229532819 2.9804873460674801 3.0596626995506364
v -0.0026603897567838 0.0236000008881092 -0.1207863911986351
vn -0.1670273745287908 -2.9804862865485595 3.1269478114715441
v -0.0006667370325886 0.0175999999046326 -0.1205177977681160
vn -0.1670273745287908 2.9804862865485595 3.1269478114715437
v -0.0006667370325886 0.0236000008881092 -0.1205177977681160
vn 0.3367310078370064 -2.9804858516120696 3.1132479251701834
v 0.0013441838091239 0.0175999999046326 -0.1205724850296974
vn 0.3367310078370064 2.9804858516120700 3.1132479251701834
v 0.0013441838091239 0.0236000008881092 -0.1205724850296974
vn 0.8317741657978075 -2.9804823288027458 3.0189152627486444
v 0.0033202909398824 0.0175999999046326 -0.1209490373730659
vn 0.8317741657978076 2.9804823288027462 3.0189152627486449
v 0.0033202909398824 0.0236000008881092 -0.1209490373730659
vn 1.3052740055895922 -2.9804863657927205 2.8463943143159023
v 0.0052104038186371 0.0175999999046326 -0.1216377094388008
vn 1.3052740055895922 2.9804863657927205 2.8463943143159018
v 0.0052104038186371 0.0236000008881092 -0.1216377094388008
vn 1.7449622092798633 -2.9804863057529341 2.6001553151486645
v 0.0069655706174672 0.0175999999046326 -0.1226206570863724
vn 1.7449622092798633 2.9804863057529341 2.6001553151486645
v 0.0069655706174672 0.0236000008881092 -0.1226206570863724
vn 2.1394560426497535 -2.9804876266104716 2.2865759689670937
v 0.0085403323173523 0.0175999999046326 -0.1238724216818810
vn 2.1394560426497540 2.9804876266104716 2.2865759689670937
v 0.0085403323173523 0.0236000008881092 -0.1238724216818810
vn 2.4785428817635902 -2.9804829199745262 1.9137720025600167
v 0.0098939035087824 0.0175999999046326 -0.1253605782985687
vn 2.4785428817635902 2.9804829199745262 1.9137720025600169
v 0.0098939035087824 0.0236000008881092 -0.1253605782985687
vn 2.7534400811666111 -2.9804837799630417 1.4913974972227262
v 0.0109912287443876 0.0175999999046326 -0.1270465999841690
vn 2.7534400811666107 2.9804837799630417 1.4913974972227257
v 0.0109912287443876 0.0236000008881092 -0.1270465999841690
vn 2.9570214037293905 -2.9804861540535850 1.0304004427952975
v 0.0118038868531585 0.0175999999046326 -0.1288868188858032
vn 2.9570214037293905 2.9804861540535850 1.0304004427952977
v 0.0118038868531585 0.0236000008881092 -0.1288868188858032
vn 3.0840162227237129 -2.9804857619039313 0.5427193401563695
v 0.0123108308762312 0.0175999999046326 -0.1308335661888123
vn 3.0840162227237129 2.9804857619039322 0.5427193401563695
v 0.0123108308762312 0.0236000008881092 -0.1308335661888123
vn 3.1311371973031958 -2.9804847000503978 0.0409799378411445
v 0.0124989300966263 0.0175999999046326 -0.1328364163637161
vn 3.1311371973031958 2.9804847000503987 0.0409799378411445
v 0.0124989300966263 0.0236000008881092 -0.1328364163637161
vn 3.0971635807524591 -2.9804859309522165 -0.4618205626444816
v 0.0123633127659559 0.0175999999046326 -0.1348434984683990
vn 3.0971635807524591 2.9804859309522160 -0.4618205626444816
v 0.0123633127659559 0.0236000008881092 -0.1348434984683990
vn 2.9829757095472766 -2.9804863446240408 -0.9526577148859591
v 0.0119074936956167 0.0175999999046326 -0.1368028372526169
vn 2.9829757095472762 2.9804863446240413 -0.9526577148859590
v 0.0119074936956167 0.0236000008881092 -0.1368028372526169
vn 2.7915277259640763 -2.9804819466734571 -1.4188270786887576
v 0.0111432755365968 0.0175999999046326 -0.1386636942625046
vn 2.7915277259640767 2.9804819466734576 -1.4188270786887576
v 0.0111432755365968 0.0236000008881092 -0.1386636942625046
vn 2.5277859239837754 -2.9804915806703680 -1.8482432937092881
v 0.0100904526188970 0.0175999999046326 -0.1403778493404388
vn 2.5277859239837754 2.9804915806703671 -1.8482432937092883
v 0.0100904526188970 0.0236000008881092 -0.1403778493404388
vn 2.1985699245461205 -2.9804777215904199 -2.2297946690777612
v 0.0087762931361794 0.0175999999046326 -0.1419009417295456
vn 2.1985699245461205 2.9804777215904199 -2.2297946690777608
v 0.0087762931361794 0.0236000008881092 -0.1419009417295456
vn 1.8124149728615127 -2.9804922551244664 -2.5535969631588555
v 0.0072348318062723 0.0175999999046326 -0.1431934833526611
vn 1.8124149728615127 2.9804922551244664 -2.5535969631588551
v 0.0072348318062723 0.0236000008881092 -0.1431934833526611
vn 1.3793267975652936 -2.9804843419729807 -2.8112553789552241
v 0.0055059925653040 0.0175999999046326 -0.1442220360040665
vn 1.3793267975652934 2.9804843419729803 -2.8112553789552241
v 0.0055059925653040 0.0236000008881092 -0.1442220360040665
vn 0.9104996667585812 -2.9804809861035526 -2.9961119672795742
v 0.0036345503758639 0.0175999999046326 -0.1449599415063858
vn 0.9104996667585813 2.9804809861035517 -2.9961119672795746
v 0.0036345503758639 0.0236000008881092 -0.1449599415063858
vn 0.4180980711168825 -2.9804891463113026 -3.1033686577952952
v 0.0016689756885171 0.0175999999046326 -0.1453880816698074
vn 0.4180980711168825 2.9804891463113026 -3.1033686577952957
v 0.0016689756885171 0.0236000008881092 -0.1453880816698074
vn -0.0851367953913014 -2.9804781416659321 -3.1302469611810029
v -0.0003398253757041 0.0175999999046326 -0.1454953849315643
vn -0.0851367953913014 2.9804781416659325 -3.1302469611810029
v -0.0003398253757041 0.0236000008881092 -0.1454953849315643
vn -0.5861610008196891 -2.9804929044352537 -3.0760561241945776
v -0.0023398243356496 0.0175999999046326 -0.1452790498733521
vn -0.5861610008196891 2.9804929044352537 -3.0760561241945776
v -0.0023398243356496 0.0236000008881092 -0.1452790498733521
vn -1.0719902622276729 -2.9804872655049870 -2.9421995874057796
v -0.0042792232707143 0.0175999999046326 -0.1447447091341019
vn -1.0719902622276729 2.9804872655049865 -2.9421995874057796
v -0.0042792232707143 0.0236000008881092 -0.1447447091341019
vn -1.5300771099475716 -2.9804779871196310 -2.7321343720949889
v -0.0061077927239239 0.0175999999046326 -0.1439061909914017
vn -1.5300771099475718 2.9804779871196310 -2.7321343720949889
v -0.0061077927239239 0.0236000008881092 -0.1439061909914017
vn -1.9485340974920640 -2.9804885443542082 -2.4513093272108488
v -0.0077781733125448 0.0175999999046326 -0.1427851915359497
vn -1.9485340974920642 2.9804885443542091 -2.4513093272108493
v -0.0077781733125448 0.0236000008881092 -0.1427851915359497
vn -2.3165122986870408 -2.9804882393610557 -2.1070057131779181
v -0.0092471037060022 0.0175999999046326 -0.1414107680320740
vn -2.3165122986870408 2.9804882393610566 -2.1070057131779176
v -0.0092471037060022 0.0236000008881092 -0.1414107680320740
vn -2.5932610283054403 3.0207540411815570 -1.7631269218263186
v -0.0104765389114618 0.0236000008881092 -0.1398185193538666
vn -2.6588936311043634 -3.3742988522709174 1.6330571939765701
v -0.0051126736216247 0.0177999995648861 -0.1298598498106003
vn -2.9638282273333805 -3.3743013122531593 0.9758640169908931
v -0.0056990301236510 0.0177999995648861 -0.1311235576868057
vn -3.1089869052746439 -3.3743048241459266 0.2660540677035845
v -0.0059781507588923 0.0177999995648861 -0.1324884146451950
vn -3.0865392881179714 -3.3743048940587150 -0.4581042320811717
v -0.0059349872171879 0.0177999995648861 -0.1338808685541153
vn -2.5068021293913727 -3.3161187525287223 -1.8736548777038831
v -0.0049083665944636 0.0177999995648861 -0.1364507824182510
vn -2.0699650478019933 -3.3743096895733031 -2.3349140257888776
v -0.0039802542887628 0.0177999995648861 -0.1374897211790085
vn -1.4756945942545168 -3.3743016541801287 -2.7493478165118983
v -0.0028375654947013 0.0177999995648861 -0.1382866054773331
vn -0.8018779161679970 -3.3743020542911504 -3.0155562179955480
v -0.0015419030096382 0.0177999995648861 -0.1387984901666641
vn -2.9388607745879076 -3.3161205449184123 -1.0759811003783357
v -0.0055718673393130 0.0177999995648861 -0.1352258175611496
vn -2.7577233008075601 -3.2579544058756840 -1.4937186897530024
v -0.0052757901139557 0.0177999995648861 -0.1358576267957687
vn -0.9871175197904265 -3.3742897397980816 2.9601014361759010
v -0.0018980833701789 0.0177999995648861 -0.1273081451654434
vn -1.6431416567111436 -3.3743071396087538 2.6526717107404743
v -0.0031595537438989 0.0177999995648861 -0.1278992891311646
vn -2.2106100086750669 -3.3743098362181234 2.2022220663684968
v -0.0042506917379797 0.0177999995648861 -0.1287654191255569
vn 0.4463711651191055 -3.3742939832661505 3.0882599411735674
v 0.0008583131711930 0.0177999995648861 -0.1270617097616196
vn -0.2778658509466096 -3.3743147781569300 3.1079516702443182
v -0.0005342867225409 0.0177999995648861 -0.1270238310098648
vn 2.3270340952687563 -3.3743061059367228 2.0788206283418948
v 0.0044745658524334 0.0177999995648861 -0.1290027201175690
vn 1.7849095760491180 -3.3742935336989377 2.5594325539544927
v 0.0034321167040616 0.0177999995648861 -0.1280785650014877
vn 1.1465449526133062 -3.3743162600934333 2.9020692618780930
v 0.0022046412341297 0.0177999995648861 -0.1274197101593018
vn 3.1188521387952610 -3.3743037290544744 0.0966795051215908
v 0.0059971194714308 0.0177999995648861 -0.1328140944242477
vn 3.0124866840669307 -3.3743039861640760 0.8133322052488769
v 0.0057925949804485 0.0177999995648861 -0.1314360797405243
vn 2.7437189433978237 -3.3743010192644221 1.4861342583584960
v 0.0052757901139557 0.0177999995648861 -0.1301423758268356
vn 2.4513210814176918 -3.3743023050520820 -1.9307025060197898
v 0.0047135539352894 0.0177999995648861 -0.1367124617099762
vn 2.8304965763447303 -3.3743058361947034 -1.3133439471995152
v 0.0054426533170044 0.0177999995648861 -0.1355253756046295
vn 3.0570792930875839 -3.3743022898643584 -0.6251827125035037
v 0.0058783376589417 0.0177999995648861 -0.1342021375894547
vn 1.3240884626384843 -3.3743138655221059 -2.8254847013337998
v 0.0025460340548307 0.0177999995648861 -0.1384330242872238
vn 1.9400053615833115 -3.3742960450512909 -2.4439667616428014
v 0.0037303459830582 0.0177999995648861 -0.1376994103193283
vn -0.0848317680257366 -3.3743020158471149 -3.1191971901779381
v -0.0001631162012927 0.0177999995648861 -0.1389977782964706
vn 0.6367848062015043 -3.3743001548059168 -3.0546840701778586
v 0.0012244645040482 0.0177999995648861 -0.1388737261295319
vn 1.7849095760491189 3.3742935336989373 2.5594325539544940
v 0.0034321167040616 0.0233999993652105 -0.1280785650014877
vn 2.3270340952687567 3.3743061059367232 2.0788206283418948
v 0.0044745658524334 0.0233999993652105 -0.1290027201175690
vn 2.7437189433978233 3.3743010192644221 1.4861342583584958
v 0.0052757901139557 0.0233999993652105 -0.1301423758268356
vn 3.0124866840669302 3.3743039861640756 0.8133322052488767
v 0.0057925949804485 0.0233999993652105 -0.1314360797405243
vn -0.2778658509466096 3.3743147781569305 3.1079516702443177
v -0.0005342867225409 0.0233999993652105 -0.1270238310098648
vn 0.4463711651191055 3.3742939832661500 3.0882599411735674
v 0.0008583131711930 0.0233999993652105 -0.1270617097616196
vn 1.1465449526133056 3.3743162600934324 2.9020692618780917
v 0.0022046412341297 0.0233999993652105 -0.1274197101593018
vn 1.9400053615833117 3.3742960450512909 -2.4439667616428014
v 0.0037303459830582 0.0233999993652105 -0.1376994103193283
vn 1.3240884626384843 3.3743138655221063 -2.8254847013337989
v 0.0025460340548307 0.0233999993652105 -0.1384330242872238
vn 0.6367848062015045 3.3743001548059168 -3.0546840701778586
v 0.0012244645040482 0.0233999993652105 -0.1388737261295319
vn -0.0848317680257366 3.3743020158471149 -3.1191971901779363
v -0.0001631162012927 0.0233999993652105 -0.1389977782964706
vn 2.8304965763447294 3.3743058361947034 -1.3133439471995145
v 0.0054426533170044 0.0233999993652105 -0.1355253756046295
vn 2.4513210814176909 3.3743023050520824 -1.9307025060197889
v 0.0047135539352894 0.0233999993652105 -0.1367124617099762
vn 3.1188521387952592 3.3743037290544740 0.0966795051215907
v 0.0059971194714308 0.0233999993652105 -0.1328140944242477
vn 3.0570792930875843 3.3743022898643580 -0.6251827125035035
v 0.0058783376589417 0.0233999993652105 -0.1342021375894547
vn -1.6431416567111432 3.3743071396087547 2.6526717107404738
v -0.0031595537438989 0.0233999993652105 -0.1278992891311646
vn -0.9871175197904261 3.3742897397980816 2.9601014361758993
v -0.0018980833701789 0.0233999993652105 -0.1273081451654434
vn -2.9638282273333791 3.3743013122531598 0.9758640169908928
v -0.0056990301236510 0.0233999993652105 -0.1311235576868057
vn -2.6588936311043625 3.3742988522709179 1.6330571939765695
v -0.0051126736216247 0.0233999993652105 -0.1298598498106003
vn -2.2106100086750677 3.3743098362181234 2.2022220663684973
v -0.0042506917379797 0.0233999993652105 -0.1287654191255569
vn -0.8018779161679972 3.3743020542911504 -3.0155562179955480
v -0.0015419030096382 0.0233999993652105 -0.1387984901666641
vn -1.4756945942545172 3.3743016541801278 -2.7493478165118992
v -0.0028375654947013 0.0233999993652105 -0.1382866054773331
vn -2.0699650478019929 3.3743096895733027 -2.3349140257888767
v -0.0039802542887628 0.0233999993652105 -0.1374897211790085
vn -2.9388607745879085 3.3161205449184132 -1.0759811003783362
v -0.0055718673393130 0.0233999993652105 -0.1352258175611496
vn -3.0865392881179723 3.3743048940587146 -0.4581042320811718
v -0.0059349872171879 0.0233999993652105 -0.1338808685541153
vn -3.1089869052746453 3.3743048241459266 0.2660540677035846
v -0.0059781507588923 0.0233999993652105 -0.1324884146451950
vn -2.5068021293913718 3.3161187525287223 -1.8736548777038822
v -0.0049083665944636 0.0233999993652105 -0.1364507824182510
vn -2.7577233008075606 3.2579544058756844 -1.4937186897530021
v -0.0052757901139557 0.0233999993652105 -0.1358576267957687
vn -2.7577233008075601 3.0252309013039023 -1.4937186897530024
v -0.0052757901139557 0.0236000008881092 -0.1358576267957687
vn -2.9388607745879085 2.9670647622611739 -1.0759811003783359
v -0.0055718673393130 0.0236000008881092 -0.1352258175611496
vn -3.0865392881179723 2.9088804131208716 -0.4581042320811718
v -0.0059349872171879 0.0236000008881092 -0.1338808685541153
vn -3.1089869052746439 2.9088804830336596 0.2660540677035845
v -0.0059781507588923 0.0236000008881092 -0.1324884146451950
vn -2.9638282273333805 2.9088839949264269 0.9758640169908931
v -0.0056990301236510 0.0236000008881092 -0.1311235576868057
vn -2.6588936311043634 2.9088864549086679 1.6330571939765699
v -0.0051126736216247 0.0236000008881092 -0.1298598498106003
vn -2.2106100086750664 2.9088754709614633 2.2022220663684959
v -0.0042506917379797 0.0236000008881092 -0.1287654191255569
vn -1.6431416567111434 2.9088781675708328 2.6526717107404743
v -0.0031595537438989 0.0236000008881092 -0.1278992891311646
vn -0.9871175197904261 2.9088955673815047 2.9601014361758997
v -0.0018980833701789 0.0236000008881092 -0.1273081451654434
vn -0.2778658509466095 2.9088705290226566 3.1079516702443177
v -0.0005342867225409 0.0236000008881092 -0.1270238310098648
vn 0.4463711651191054 2.9088913239134366 3.0882599411735669
v 0.0008583131711930 0.0236000008881092 -0.1270617097616196
vn 1.1465449526133060 2.9088690470861538 2.9020692618780930
v 0.0022046412341297 0.0236000008881092 -0.1274197101593018
vn 1.7849095760491185 2.9088917734806490 2.5594325539544931
v 0.0034321167040616 0.0236000008881092 -0.1280785650014877
vn 2.3270340952687563 2.9088792012428630 2.0788206283418948
v 0.0044745658524334 0.0236000008881092 -0.1290027201175690
vn 2.7437189433978224 2.9088842879151642 1.4861342583584953
v 0.0052757901139557 0.0236000008881092 -0.1301423758268356
vn 3.0124866840669298 2.9088813210155107 0.8133322052488768
v 0.0057925949804485 0.0236000008881092 -0.1314360797405243
vn 3.1188521387952606 2.9088815781251127 0.0966795051215908
v 0.0059971194714308 0.0236000008881092 -0.1328140944242477
vn 3.0570792930875830 2.9088830173152282 -0.6251827125035033
v 0.0058783376589417 0.0236000008881092 -0.1342021375894547
vn 2.8304965763447303 2.9088794709848829 -1.3133439471995145
v 0.0054426533170044 0.0236000008881092 -0.1355253756046295
vn 2.4513210814176922 2.9088830021275043 -1.9307025060197898
v 0.0047135539352894 0.0236000008881092 -0.1367124617099762
vn 1.9400053615833115 2.9088892621282949 -2.4439667616428009
v 0.0037303459830582 0.0236000008881092 -0.1376994103193283
vn 1.3240884626384846 2.9088714416574804 -2.8254847013337989
v 0.0025460340548307 0.0236000008881092 -0.1384330242872238
vn 0.6367848062015042 2.9088851523736698 -3.0546840701778577
v 0.0012244645040482 0.0236000008881092 -0.1388737261295319
vn -0.0848317680257367 2.9088832913324714 -3.1191971901779376
v -0.0001631162012927 0.0236000008881092 -0.1389977782964706
vn -0.8018779161679972 2.9088832528884354 -3.0155562179955480
v -0.0015419030096382 0.0236000008881092 -0.1387984901666641
vn -1.4756945942545165 2.9088836529994588 -2.7493478165118979
v -0.0028375654947013 0.0236000008881092 -0.1382866054773331
vn -2.0699650478019929 2.9088756176062827 -2.3349140257888767
v -0.0039802542887628 0.0236000008881092 -0.1374897211790085
vn -2.5068021293913727 2.9670665546508634 -1.8736548777038831
v -0.0049083665944636 0.0236000008881092 -0.1364507824182510
vn -2.7406170774516112 -3.3929169223809468 -1.4844495303173364
v 0.0043964916840196 0.0175999999046326 -0.1306186467409134
vn -2.7406170774516108 3.3929169223809468 -1.4844495303173362
v 0.0043964916840196 0.0236000008881092 -0.1306186467409134
vn -3.0236815942961330 -3.3929213739494073 -0.7562516290829936
v 0.0048505873419344 0.0175999999046326 -0.1317868232727051
vn -3.0236815942961321 3.3929213739494073 -0.7562516290829935
v 0.0048505873419344 0.0236000008881092 -0.1317868232727051
vn -3.1167597169764085 -3.3929187927340463 0.0194664986093419
v 0.0049999020993710 0.0175999999046326 -0.1330312341451645
vn -3.1167597169764090 3.3929187927340463 0.0194664986093419
v 0.0049999020993710 0.0236000008881092 -0.1330312341451645
vn -3.0139990166961299 -3.3929219457187445 0.7939623012654430
v 0.0048350556753576 0.0175999999046326 -0.1342736780643463
vn -3.0139990166961299 3.3929219457187445 0.7939623012654429
v 0.0048350556753576 0.0236000008881092 -0.1342736780643463
vn -2.7218579914167247 -3.3929192116725817 1.5185712490238350
v 0.0043664043769240 0.0175999999046326 -0.1354360878467560
vn -2.7218579914167256 3.3929192116725817 1.5185712490238354
v 0.0043664043769240 0.0236000008881092 -0.1354360878467560
vn -2.2586966960670685 -3.3929172745989180 2.1477572433133849
v 0.0036233959253877 0.0175999999046326 -0.1364454329013824
vn -2.2586966960670685 3.3929172745989176 2.1477572433133849
v 0.0036233959253877 0.0236000008881092 -0.1364454329013824
vn -1.6536078481385337 -3.3929240134048362 2.6419963579619554
v 0.0026527158915997 0.0175999999046326 -0.1372382938861847
vn -1.6536078481385335 3.3929240134048357 2.6419963579619550
v 0.0026527158915997 0.0236000008881092 -0.1372382938861847
vn -0.9446108366427797 -3.3929216693565274 2.9702317948161521
v 0.0015153563581407 0.0175999999046326 -0.1377648413181305
vn -0.9446108366427797 3.3929216693565278 2.9702317948161521
v 0.0015153563581407 0.0236000008881092 -0.1377648413181305
vn -0.1762787341047795 -3.3929113419412462 3.1118330658208633
v 0.0002827810531016 0.0175999999046326 -0.1379919946193695
vn -0.1762787341047795 3.3929113419412458 3.1118330658208642
v 0.0002827810531016 0.0236000008881092 -0.1379919946193695
vn 0.6031449466184333 -3.3929320167153083 3.0579028797573349
v -0.0009675620822236 0.0175999999046326 -0.1379054933786392
vn 0.6031449466184335 3.3929320167153083 3.0579028797573349
v -0.0009675620822236 0.0236000008881092 -0.1379054933786392
vn 1.3446763043251244 -3.3929147109298734 2.8118358280296931
v -0.0021571100223809 0.0175999999046326 -0.1375107467174530
vn 1.3446763043251244 3.3929147109298734 2.8118358280296931
v -0.0021571100223809 0.0236000008881092 -0.1375107467174530
vn 2.0016914318938692 -3.3929130866078161 2.3891020262988407
v -0.0032111185137182 0.0175999999046326 -0.1368325799703598
vn 2.0016914318938692 3.3929130866078152 2.3891020262988407
v -0.0032111185137182 0.0236000008881092 -0.1368325799703598
vn 2.4832498332860253 -3.3300981820014384 1.9014879788834611
v -0.0040633603930473 0.0175999999046326 -0.1359136104583740
vn 2.4832498332860258 3.3300981820014388 1.9014879788834613
v -0.0040633603930473 0.0236000008881092 -0.1359136104583740
vn 2.7569505711596589 -3.2672533533932664 1.4932908020040427
v -0.0043964916840196 0.0175999999046326 -0.1353813558816910
vn 2.7569505711596580 3.2672533533932659 1.4932908020040427
v -0.0043964916840196 0.0236000008881092 -0.1353813558816910
vn 2.9493056874802770 -3.3300861208688666 1.0410539770758711
v -0.0046602869406343 0.0175999999046326 -0.1348115503787994
vn 2.9493056874802770 3.3300861208688666 1.0410539770758713
v -0.0046602869406343 0.0236000008881092 -0.1348115503787994
vn 3.0946222757356869 -3.3929207231000102 0.3713228776211355
v -0.0049643903039396 0.0175999999046326 -0.1335956752300262
vn 3.0946222757356869 3.3929207231000102 0.3713228776211356
v -0.0049643903039396 0.0236000008881092 -0.1335956752300262
vn 3.0897431403944742 -3.3929203758395454 -0.4099456811344598
v -0.0049565630033612 0.0175999999046326 -0.1323423683643341
vn 3.0897431403944742 3.3929203758395445 -0.4099456811344598
v -0.0049565630033612 0.0236000008881092 -0.1323423683643341
vn 2.8907265111651830 -3.3929164041524036 -1.1654498045413721
v -0.0046372963115573 0.0175999999046326 -0.1311303824186325
vn 2.8907265111651830 3.3929164041524040 -1.1654498045413719
v -0.0046372963115573 0.0236000008881092 -0.1311303824186325
vn 2.5100675225536770 -3.3929281233962376 -1.8477336548014596
v -0.0040266513824463 0.0175999999046326 -0.1300358623266220
vn 2.5100675225536775 3.3929281233962376 -1.8477336548014600
v -0.0040266513824463 0.0236000008881092 -0.1300358623266220
vn 1.9716959386961224 -3.3929139083378970 -2.4139161537802689
v -0.0031629970762879 0.0175999999046326 -0.1291276067495346
vn 1.9716959386961221 3.3929139083378965 -2.4139161537802685
v -0.0031629970762879 0.0236000008881092 -0.1291276067495346
vn 1.3094367769873223 -3.3929243219185738 -2.8284162740582603
v -0.0021005999296904 0.0175999999046326 -0.1284626573324203
vn 1.3094367769873221 3.3929243219185743 -2.8284162740582595
v -0.0021005999296904 0.0236000008881092 -0.1284626573324203
vn 0.5648989438909120 -3.3929166059528173 -3.0652017788061698
v -0.0009062146418728 0.0175999999046326 -0.1280828118324280
vn 0.5648989438909122 3.3929166059528177 -3.0652017788061698
v -0.0009062146418728 0.0236000008881092 -0.1280828118324280
vn -0.2151240547281033 -3.3929177306369946 -3.1093878854922967
v 0.0003451117663644 0.0175999999046326 -0.1280119270086288
vn -0.2151240547281032 3.3929177306369942 -3.1093878854922963
v 0.0003451117663644 0.0236000008881092 -0.1280119270086288
vn -0.9816431602370025 -3.3929256404731332 -2.9581985024735324
v 0.0015747533179820 0.0175999999046326 -0.1282544583082199
vn -0.9816431602370026 3.3929256404731332 -2.9581985024735333
v 0.0015747533179820 0.0236000008881092 -0.1282544583082199
vn -1.6864791913242789 -3.3929152525587929 -2.6211376079370732
v 0.0027054473757744 0.0175999999046326 -0.1287951767444611
vn -1.6864791913242794 3.3929152525587938 -2.6211376079370732
v 0.0027054473757744 0.0236000008881092 -0.1287951767444611
vn -2.2853446643342923 -3.3929251978739821 -2.1193777347278608
v 0.0036661485210061 0.0175999999046326 -0.1296000927686691
vn -2.2853446643342923 3.3929251978739812 -2.1193777347278608
v 0.0036661485210061 0.0236000008881092 -0.1296000927686691
vn -2.5068021293913727 -2.9670665546508634 -1.8736548777038833
v -0.0049083665944636 0.0175999999046326 -0.1364507824182510
vn -2.7577233008075597 -3.0252309013039023 -1.4937186897530019
v -0.0052757901139557 0.0175999999046326 -0.1358576267957687
vn -2.9388607745879081 -2.9670647622611739 -1.0759811003783359
v -0.0055718673393130 0.0175999999046326 -0.1352258175611496
vn -3.0865392881179718 -2.9088804131208712 -0.4581042320811717
v -0.0059349872171879 0.0175999999046326 -0.1338808685541153
vn -3.1089869052746444 -2.9088804830336601 0.2660540677035846
v -0.0059781507588923 0.0175999999046326 -0.1324884146451950
vn -2.9638282273333800 -2.9088839949264274 0.9758640169908929
v -0.0056990301236510 0.0175999999046326 -0.1311235576868057
vn -2.6588936311043625 -2.9088864549086684 1.6330571939765695
v -0.0051126736216247 0.0175999999046326 -0.1298598498106003
vn -2.2106100086750677 -2.9088754709614637 2.2022220663684973
v -0.0042506917379797 0.0175999999046326 -0.1287654191255569
vn -1.6431416567111434 -2.9088781675708328 2.6526717107404743
v -0.0031595537438989 0.0175999999046326 -0.1278992891311646
vn -0.9871175197904264 -2.9088955673815047 2.9601014361758997
v -0.0018980833701789 0.0175999999046326 -0.1273081451654434
vn -0.2778658509466098 -2.9088705290226566 3.1079516702443191
v -0.0005342867225409 0.0175999999046326 -0.1270238310098648
vn 0.4463711651191055 -2.9088913239134362 3.0882599411735674
v 0.0008583131711930 0.0175999999046326 -0.1270617097616196
vn 1.1465449526133058 -2.9088690470861538 2.9020692618780926
v 0.0022046412341297 0.0175999999046326 -0.1274197101593018
vn 1.7849095760491189 -2.9088917734806494 2.5594325539544940
v 0.0034321167040616 0.0175999999046326 -0.1280785650014877
vn 2.3270340952687563 -2.9088792012428635 2.0788206283418948
v 0.0044745658524334 0.0175999999046326 -0.1290027201175690
vn 2.7437189433978233 -2.9088842879151642 1.4861342583584958
v 0.0052757901139557 0.0175999999046326 -0.1301423758268356
vn 3.0124866840669311 -2.9088813210155107 0.8133322052488771
v 0.0057925949804485 0.0175999999046326 -0.1314360797405243
vn 3.1188521387952601 -2.9088815781251127 0.0966795051215908
v 0.0059971194714308 0.0175999999046326 -0.1328140944242477
vn 3.0570792930875843 -2.9088830173152278 -0.6251827125035035
v 0.0058783376589417 0.0175999999046326 -0.1342021375894547
vn 2.8304965763447307 -2.9088794709848829 -1.3133439471995150
v 0.0054426533170044 0.0175999999046326 -0.1355253756046295
vn 2.4513210814176913 -2.9088830021275038 -1.9307025060197893
v 0.0047135539352894 0.0175999999046326 -0.1367124617099762
vn 1.9400053615833119 -2.9088892621282949 -2.4439667616428009
v 0.0037303459830582 0.0175999999046326 -0.1376994103193283
vn 1.3240884626384846 -2.9088714416574804 -2.8254847013337994
v 0.0025460340548307 0.0175999999046326 -0.1384330242872238
vn 0.6367848062015047 -2.9088851523736694 -3.0546840701778595
v 0.0012244645040482 0.0175999999046326 -0.1388737261295319
vn -0.0848317680257366 -2.9088832913324709 -3.1191971901779381
v -0.0001631162012927 0.0175999999046326 -0.1389977782964706
vn -0.8018779161679972 -2.9088832528884359 -3.0155562179955484
v -0.0015419030096382 0.0175999999046326 -0.1387984901666641
vn -1.4756945942545170 -2.9088836529994588 -2.7493478165118983
v -0.0028375654947013 0.0175999999046326 -0.1382866054773331
vn -2.0699650478019933 -2.9088756176062827 -2.3349140257888772
v -0.0039802542887628 0.0175999999046326 -0.1374897211790085
vn 0.3152080916480121 3.0207562050753913 -3.1199782770987796
v 0.0005632659886032 0.0270000007003546 -0.1399773061275482
vn 0.0000000000000000 3.3510234949366282 0.0000000000000000
v -0.0000000000000009 0.0270000007003546 -0.1371999979019165
vn -0.6495990174511864 3.3510432609516143 3.0561048515472851
v 0.0008732291171327 0.0270000007003546 -0.1371082216501236
vn -2.3218626489865546 3.3510251830059299 2.0906286457840619
v 0.0031212081667036 0.0270000007003546 -0.1358103454113007
vn 2.0765012415144319 2.9804834805167402 -2.3438944370944821
v 0.0046418583951890 0.0270000007003546 -0.1382395774126053
vn -1.8364642441701089 3.3510337424637191 2.5276796856599741
v 0.0024686979595572 0.0270000007003546 -0.1363978683948517
vn 1.6736222336795645 2.9804857545298407 -2.6466372923577817
v 0.0037412608508021 0.0270000007003546 -0.1389163285493851
vn -1.2708090558562448 3.3510239529359538 2.8542634603161621
v 0.0017082939157262 0.0270000007003546 -0.1368368864059448
vn 1.2274181725105957 2.9804979598216312 -2.8808253382412037
v 0.0027437661774457 0.0270000007003546 -0.1394398510456085
vn 0.7494067751470788 2.9804733557980496 -3.0404078687849352
v 0.0016752096125856 0.0270000007003546 -0.1397965997457504
vn -3.1072674800297966 3.3510306483343686 0.3265845917206707
v 0.0041769919916987 0.0270000007003546 -0.1334390193223953
vn 3.0681227212413611 2.9804874163195105 -0.6263582211699588
v 0.0068585346452892 0.0270000007003546 -0.1344001740217209
vn -2.9714651956651292 3.3510333769212797 0.9654845826911576
v 0.0039944374002516 0.0270000007003546 -0.1342978775501251
vn 2.9279154479094602 2.9804825556352745 -1.1104093551487495
v 0.0065451138652861 0.0270000007003546 -0.1354822367429733
vn -2.7057886405619875 3.3510393166372712 1.5621996116957877
v 0.0036373066250235 0.0270000007003546 -0.1351000070571899
vn 2.7118772892440166 2.9804871736574921 -1.5657020884634385
v 0.0060621779412031 0.0270000007003546 -0.1365000009536743
vn 2.4256021746545677 2.9804831540452739 -1.9804424682699349
v 0.0054222345352173 0.0270000007003546 -0.1374271214008331
vn -0.6495990174511979 3.3510432609516072 -3.0561048515472846
v 0.0008732291171327 0.0270000007003546 -0.1288917809724808
vn 0.9916151515113254 2.9805034727747710 2.9702548299067493
v 0.0022166760172695 0.0270000007003546 -0.1263602524995804
vn -1.2708090558562448 3.3510239529359538 -2.8542634603161616
v 0.0017082939157262 0.0270000007003546 -0.1291631162166595
vn 1.4552264549301999 2.9804730725034654 2.7727254216393011
v 0.0032530622556806 0.0270000007003546 -0.1268018037080765
vn -1.8364642441701091 3.3510337424637191 -2.5276796856599741
v 0.0024686979595572 0.0270000007003546 -0.1296021342277527
vn 1.8811681490327539 2.9804906332063132 2.5033798344063922
v 0.0042051956988871 0.0270000007003546 -0.1274039000272751
vn -2.3218626489865546 3.3510251830059294 -2.0906286457840619
v 0.0031212081667036 0.0270000007003546 -0.1301896572113037
vn 2.2583794566882771 2.9804774852521683 2.1691970915250929
v 0.0050484170205891 0.0270000007003546 -0.1281509250402451
vn -2.7057886405619871 3.3510393166372721 -1.5621996116957875
v 0.0036373066250235 0.0270000007003546 -0.1308999955654144
vn 2.5770975558536695 2.9804954795755387 1.7788412588127811
v 0.0057608871720731 0.0270000007003546 -0.1290235519409180
vn 2.8290669608883015 2.9804783329445987 1.3424137194416055
v 0.0063241529278457 0.0270000007003546 -0.1299991458654404
vn -2.9714651956651297 3.3510333769212792 -0.9654845826911576
v 0.0039944374002516 0.0270000007003546 -0.1317021250724792
vn 3.0077724450533143 2.9804886728975024 0.8712104035711961
v 0.0067236269824207 0.0270000007003546 -0.1310524791479111
vn -3.1072674800297966 3.3510306483343690 -0.3265845917206707
v 0.0041769919916987 0.0270000007003546 -0.1325609833002090
vn 3.1085736069080045 2.9804838179626372 0.3774505739996248
v 0.0069489623419940 0.0270000007003546 -0.1321562379598618
vn 3.1288658926859982 2.9804857150080895 -0.1260893836391273
v 0.0069943228736520 0.0270000007003546 -0.1332818567752838
vn 2.9714651956651297 3.3510333769212806 0.9654845826911576
v -0.0039944374002516 0.0270000007003546 -0.1342978775501251
vn -3.0681227212413607 2.9804874163195101 -0.6263582211699587
v -0.0068585346452892 0.0270000007003546 -0.1344001740217209
vn 3.1072674800297966 3.3510306483343686 0.3265845917206707
v -0.0041769919916987 0.0270000007003546 -0.1334390193223953
vn -3.1288658926859982 2.9804857150080899 -0.1260893836391273
v -0.0069943228736520 0.0270000007003546 -0.1332818567752838
vn 3.1072674800297966 3.3510306483343690 -0.3265845917206707
v -0.0041769919916987 0.0270000007003546 -0.1325609833002090
vn -3.1085736069080045 2.9804838179626367 0.3774505739996248
v -0.0069489623419940 0.0270000007003546 -0.1321562379598618
vn 2.9714651956651292 3.3510333769212797 -0.9654845826911576
v -0.0039944374002516 0.0270000007003546 -0.1317021250724792
vn -3.0077724450533143 2.9804886728975024 0.8712104035711961
v -0.0067236269824207 0.0270000007003546 -0.1310524791479111
vn 2.7057886405619875 3.3510393166372721 -1.5621996116957877
v -0.0036373066250235 0.0270000007003546 -0.1308999955654144
vn 1.2708090558562448 3.3510239529359538 -2.8542634603161621
v -0.0017082939157262 0.0270000007003546 -0.1291631162166595
vn -0.9916151515113252 2.9805034727747710 2.9702548299067493
v -0.0022166760172695 0.0270000007003546 -0.1263602524995804
vn 0.6495990174515063 3.3510432609514096 -3.0561048515472518
v -0.0008732291171327 0.0270000007003546 -0.1288917809724808
vn -0.5023197463161028 2.9804728669821410 3.0908518257418685
v -0.0011228789808229 0.0270000007003546 -0.1260906457901001
vn 0.0000000000000000 3.3510234949366291 0.0000000000000000
v -0.0000000000000008 0.0270000007003546 -0.1288000047206879
vn -0.0000000000001812 2.9804931228420504 3.1314064205974779
v -0.0000000000000008 0.0270000007003546 -0.1260000020265579
vn 0.5023197463159215 2.9804728669820251 3.0908518257418836
v 0.0011228789808229 0.0270000007003546 -0.1260906457901001
vn -2.8290669608883015 2.9804783329445983 1.3424137194416055
v -0.0063241529278457 0.0270000007003546 -0.1299991458654404
vn -2.5770975558536700 2.9804954795755378 1.7788412588127813
v -0.0057608871720731 0.0270000007003546 -0.1290235519409180
vn 2.3218626489865546 3.3510251830059294 -2.0906286457840619
v -0.0031212081667036 0.0270000007003546 -0.1301896572113037
vn -2.2583794566882767 2.9804774852521678 2.1691970915250920
v -0.0050484170205891 0.0270000007003546 -0.1281509250402451
vn 1.8364642441701089 3.3510337424637195 -2.5276796856599741
v -0.0024686979595572 0.0270000007003546 -0.1296021342277527
vn -1.8811681490327543 2.9804906332063137 2.5033798344063927
v -0.0042051956988871 0.0270000007003546 -0.1274039000272751
vn -1.4552264549301999 2.9804730725034663 2.7727254216393011
v -0.0032530622556806 0.0270000007003546 -0.1268018037080765
vn 1.8364642441701091 3.3510337424637191 2.5276796856599741
v -0.0024686979595572 0.0270000007003546 -0.1363978683948517
vn -2.0765012415144319 2.9804834805167402 -2.3438944370944816
v -0.0046418583951890 0.0270000007003546 -0.1382395774126053
vn 2.3218626489865546 3.3510251830059299 2.0906286457840619
v -0.0031212081667036 0.0270000007003546 -0.1358103454113007
vn -2.4256021746545677 2.9804831540452739 -1.9804424682699349
v -0.0054222345352173 0.0270000007003546 -0.1374271214008331
vn 2.7057886405619871 3.3510393166372712 1.5621996116957875
v -0.0036373066250235 0.0270000007003546 -0.1351000070571899
vn -2.7118772892440166 2.9804871736574921 -1.5657020884634387
v -0.0060621779412031 0.0270000007003546 -0.1365000009536743
vn -2.9279154479094602 2.9804825556352741 -1.1104093551487497
v -0.0065451138652861 0.0270000007003546 -0.1354822367429733
vn 0.0000000000000000 3.0610545045572208 0.0000000000000000
v -0.0000000000000009 0.0270000007003546 -0.1400000005960464
vn -0.3152080916482167 3.0207562050755219 -3.1199782770987707
v -0.0005632659886032 0.0270000007003546 -0.1399773061275482
vn 0.6495990174515177 3.3510432609514016 3.0561048515472509
v -0.0008732291171327 0.0270000007003546 -0.1371082216501236
vn -0.7494067751470788 2.9804733557980496 -3.0404078687849347
v -0.0016752096125856 0.0270000007003546 -0.1397965997457504
vn 1.2708090558562448 3.3510239529359538 2.8542634603161616
v -0.0017082939157262 0.0270000007003546 -0.1368368864059448
vn -1.2274181725105955 2.9804979598216312 -2.8808253382412037
v -0.0027437661774457 0.0270000007003546 -0.1394398510456085
vn -1.6736222336795650 2.9804857545298407 -2.6466372923577817
v -0.0037412608508021 0.0270000007003546 -0.1389163285493851
vn -1.2708090558562448 -3.3510239529359538 -2.8542634603161621
v 0.0017082939157262 0.0250000003725290 -0.1291631162166595
vn 0.9916151515113252 -2.9805034727747710 2.9702548299067493
v 0.0022166760172695 0.0250000003725290 -0.1263602524995804
vn -0.6495990174511979 -3.3510432609516068 -3.0561048515472846
v 0.0008732291171327 0.0250000003725290 -0.1288917809724808
vn 0.5023197463159215 -2.9804728669820246 3.0908518257418831
v 0.0011228789808229 0.0250000003725290 -0.1260906457901001
vn 0.0000000000000000 -3.3510234949366282 0.0000000000000000
v -0.0000000000000008 0.0250000003725290 -0.1288000047206879
vn -0.0000000000001814 -2.9804931228420495 3.1314064205974783
v -0.0000000000000008 0.0250000003725290 -0.1260000020265579
vn 0.6495990174515065 -3.3510432609514091 -3.0561048515472518
v -0.0008732291171327 0.0250000003725290 -0.1288917809724808
vn -2.9714651956651297 -3.3510333769212806 0.9654845826911576
v 0.0039944374002516 0.0250000003725290 -0.1342978775501251
vn 3.0681227212413607 -2.9804874163195101 -0.6263582211699587
v 0.0068585346452892 0.0250000003725290 -0.1344001740217209
vn -3.1072674800297966 -3.3510306483343686 0.3265845917206707
v 0.0041769919916987 0.0250000003725290 -0.1334390193223953
vn 3.1288658926859982 -2.9804857150080899 -0.1260893836391273
v 0.0069943228736520 0.0250000003725290 -0.1332818567752838
vn -3.1072674800297966 -3.3510306483343690 -0.3265845917206707
v 0.0041769919916987 0.0250000003725290 -0.1325609833002090
vn 3.1085736069080045 -2.9804838179626367 0.3774505739996248
v 0.0069489623419940 0.0250000003725290 -0.1321562379598618
vn -2.9714651956651292 -3.3510333769212792 -0.9654845826911576
v 0.0039944374002516 0.0250000003725290 -0.1317021250724792
vn -1.8364642441701093 -3.3510337424637191 2.5276796856599737
v 0.0024686979595572 0.0250000003725290 -0.1363978683948517
vn 2.0765012415144319 -2.9804834805167402 -2.3438944370944816
v 0.0046418583951890 0.0250000003725290 -0.1382395774126053
vn -2.3218626489865546 -3.3510251830059299 2.0906286457840619
v 0.0031212081667036 0.0250000003725290 -0.1358103454113007
vn 2.4256021746545677 -2.9804831540452739 -1.9804424682699349
v 0.0054222345352173 0.0250000003725290 -0.1374271214008331
vn -2.7057886405619871 -3.3510393166372712 1.5621996116957875
v 0.0036373066250235 0.0250000003725290 -0.1351000070571899
vn 2.7118772892440166 -2.9804871736574921 -1.5657020884634387
v 0.0060621779412031 0.0250000003725290 -0.1365000009536743
vn 2.9279154479094602 -2.9804825556352741 -1.1104093551487495
v 0.0065451138652861 0.0250000003725290 -0.1354822367429733
vn 3.0077724450533143 -2.9804886728975024 0.8712104035711961
v 0.0067236269824207 0.0250000003725290 -0.1310524791479111
vn 2.8290669608883015 -2.9804783329445987 1.3424137194416055
v 0.0063241529278457 0.0250000003725290 -0.1299991458654404
vn -2.7057886405619875 -3.3510393166372712 -1.5621996116957877
v 0.0036373066250235 0.0250000003725290 -0.1308999955654144
vn 2.5770975558536700 -2.9804954795755378 1.7788412588127813
v 0.0057608871720731 0.0250000003725290 -0.1290235519409180
vn -2.3218626489865546 -3.3510251830059294 -2.0906286457840619
v 0.0031212081667036 0.0250000003725290 -0.1301896572113037
vn 2.2583794566882767 -2.9804774852521678 2.1691970915250924
v 0.0050484170205891 0.0250000003725290 -0.1281509250402451
vn -1.8364642441701089 -3.3510337424637195 -2.5276796856599741
v 0.0024686979595572 0.0250000003725290 -0.1296021342277527
vn 1.8811681490327543 -2.9804906332063137 2.5033798344063927
v 0.0042051956988871 0.0250000003725290 -0.1274039000272751
vn 1.4552264549301999 -2.9804730725034663 2.7727254216393011
v 0.0032530622556806 0.0250000003725290 -0.1268018037080765
vn -0.3152080916482165 -3.0207562050755223 -3.1199782770987716
v -0.0005632659886032 0.0250000003725290 -0.1399773061275482
vn 0.0000000000003313 -3.3510234949366291 3.1243841036646378
v -0.0000000000000009 0.0250000003725290 -0.1371999979019165
vn 0.6495990174515177 -3.3510432609514020 3.0561048515472504
v -0.0008732291171327 0.0250000003725290 -0.1371082216501236
vn 2.3218626489865546 -3.3510251830059299 -2.0906286457840619
v -0.0031212081667036 0.0250000003725290 -0.1301896572113037
vn -2.5770975558536695 -2.9804954795755378 1.7788412588127809
v -0.0057608871720731 0.0250000003725290 -0.1290235519409180
vn 2.7057886405619871 -3.3510393166372716 -1.5621996116957875
v -0.0036373066250235 0.0250000003725290 -0.1308999955654144
vn -2.8290669608883015 -2.9804783329445987 1.3424137194416055
v -0.0063241529278457 0.0250000003725290 -0.1299991458654404
vn 2.9714651956651297 -3.3510333769212792 -0.9654845826911576
v -0.0039944374002516 0.0250000003725290 -0.1317021250724792
vn -3.0077724450533143 -2.9804886728975024 0.8712104035711961
v -0.0067236269824207 0.0250000003725290 -0.1310524791479111
vn 3.1072674800297966 -3.3510306483343690 -0.3265845917206707
v -0.0041769919916987 0.0250000003725290 -0.1325609833002090
vn -3.1085736069080045 -2.9804838179626372 0.3774505739996248
v -0.0069489623419940 0.0250000003725290 -0.1321562379598618
vn 3.1072674800297966 -3.3510306483343686 0.3265845917206707
v -0.0041769919916987 0.0250000003725290 -0.1334390193223953
vn 2.3218626489865546 -3.3510251830059299 2.0906286457840619
v -0.0031212081667036 0.0250000003725290 -0.1358103454113007
vn -2.0765012415144324 -2.9804834805167402 -2.3438944370944821
v -0.0046418583951890 0.0250000003725290 -0.1382395774126053
vn 1.8364642441701089 -3.3510337424637191 2.5276796856599741
v -0.0024686979595572 0.0250000003725290 -0.1363978683948517
vn -1.6736222336795645 -2.9804857545298407 -2.6466372923577817
v -0.0037412608508021 0.0250000003725290 -0.1389163285493851
vn 1.2708090558562448 -3.3510239529359538 2.8542634603161621
v -0.0017082939157262 0.0250000003725290 -0.1368368864059448
vn -1.2274181725105957 -2.9804979598216312 -2.8808253382412037
v -0.0027437661774457 0.0250000003725290 -0.1394398510456085
vn -0.7494067751470788 -2.9804733557980496 -3.0404078687849352
v -0.0016752096125856 0.0250000003725290 -0.1397965997457504
vn 0.0000000000000000 -3.0610545045572204 0.0000000000000000
v -0.0000000000000009 0.0250000003725290 -0.1400000005960464
vn 0.3152080916480123 -3.0207562050753913 -3.1199782770987801
v 0.0005632659886032 0.0250000003725290 -0.1399773061275482
vn -0.6495990174511865 -3.3510432609516139 3.0561048515472855
v 0.0008732291171327 0.0250000003725290 -0.1371082216501236
vn 0.7494067751470788 -2.9804733557980496 -3.0404078687849352
v 0.0016752096125856 0.0250000003725290 -0.1397965997457504
vn -1.2708090558562448 -3.3510239529359538 2.8542634603161616
v 0.0017082939157262 0.0250000003725290 -0.1368368864059448
vn 1.2274181725105957 -2.9804979598216312 -2.8808253382412037
v 0.0027437661774457 0.0250000003725290 -0.1394398510456085
vn 1.6736222336795650 -2.9804857545298407 -2.6466372923577817
v 0.0037412608508021 0.0250000003725290 -0.1389163285493851
vn -3.1288658926859982 -2.9804857150080895 -0.1260893836391273
v -0.0069943228736520 0.0250000003725290 -0.1332818567752838
vn -3.0681227212413615 -2.9804874163195101 -0.6263582211699588
v -0.0068585346452892 0.0250000003725290 -0.1344001740217209
vn 2.9714651956651292 -3.3510333769212797 0.9654845826911576
v -0.0039944374002516 0.0250000003725290 -0.1342978775501251
vn -2.9279154479094602 -2.9804825556352745 -1.1104093551487495
v -0.0065451138652861 0.0250000003725290 -0.1354822367429733
vn 2.7057886405619875 -3.3510393166372712 1.5621996116957877
v -0.0036373066250235 0.0250000003725290 -0.1351000070571899
vn -2.7118772892440162 -2.9804871736574921 -1.5657020884634387
v -0.0060621779412031 0.0250000003725290 -0.1365000009536743
vn -2.4256021746545677 -2.9804831540452739 -1.9804424682699349
v -0.0054222345352173 0.0250000003725290 -0.1374271214008331
vn -0.5023197463161028 -2.9804728669821410 3.0908518257418685
v -0.0011228789808229 0.0250000003725290 -0.1260906457901001
vn -0.9916151515113253 -2.9805034727747710 2.9702548299067497
v -0.0022166760172695 0.0250000003725290 -0.1263602524995804
vn 1.2708090558562448 -3.3510239529359538 -2.8542634603161616
v -0.0017082939157262 0.0250000003725290 -0.1291631162166595
vn -1.4552264549301999 -2.9804730725034654 2.7727254216393011
v -0.0032530622556806 0.0250000003725290 -0.1268018037080765
vn 1.8364642441701093 -3.3510337424637191 -2.5276796856599737
v -0.0024686979595572 0.0250000003725290 -0.1296021342277527
vn -1.8811681490327539 -2.9804906332063132 2.5033798344063922
v -0.0042051956988871 0.0250000003725290 -0.1274039000272751
vn -2.2583794566882771 -2.9804774852521678 2.1691970915250929
v -0.0050484170205891 0.0250000003725290 -0.1281509250402451
vn -0.0000000000002046 -0.0000000000000000 -3.1390457970313763
v -0.0000000000000009 0.0270000007003546 -0.1400000005960464
vn -0.0000000000002042 0.0000000000000000 -3.1390457970313763
v -0.0000000000000009 0.0250000003725290 -0.1400000005960464
vn 0.0000000000003083 -0.0000000000000000 -3.1243841036646387
v -0.0000000000000008 0.0270000007003546 -0.1288000047206879
vn 0.0000000000003086 0.0000000000000000 -3.1243841036646378
v -0.0000000000000008 0.0250000003725290 -0.1288000047206879
vn 0.0000000000003311 0.0000000000000000 3.1243841036646378
v -0.0000000000000009 0.0270000007003546 -0.1371999979019165
vn 2.8575172569376273 3.0207545605604400 1.2915938752795273
v 0.0059757647104561 0.0175999999046326 -0.1304426044225693
vn -2.9656053955383967 3.3263986149000742 -0.9953687037579255
v 0.0047401315532625 0.0175999999046326 -0.1314090341329575
vn -2.7322099204355355 3.3263897761170704 -1.5233552389206051
v 0.0043670837767422 0.0175999999046326 -0.1305651366710663
vn 1.5210416377343470 3.3263943653701107 2.7334978339426863
v -0.0024311775341630 0.0175999999046326 -0.1373691409826279
vn -1.7747024649889931 2.9804970059321638 -2.5799496904752379
v -0.0036838201340288 0.0175999999046326 -0.1383553147315979
vn 1.9974251313778537 3.3263926083592645 2.4074618397063468
v -0.0031926091760397 0.0175999999046326 -0.1368480175733566
vn -2.1655661009850391 2.9804788715440176 -2.2618617004518935
v -0.0044951695017517 0.0175999999046326 -0.1376950442790985
vn 2.4057809706957567 3.3263870605545258 1.9994505786953627
v -0.0038453205488622 0.0175999999046326 -0.1361958533525467
vn -2.5003543135426329 2.9804890872204060 -1.8851873337234770
v -0.0051900963298976 0.0175999999046326 -0.1369131654500961
vn 2.7322140672464403 3.3263963056400643 1.5233458580468571
v -0.0043670837767422 0.0175999999046326 -0.1354348659515381
vn -2.7703767348104069 2.9804866427190797 -1.4596964714185567
v -0.0057506025768816 0.0175999999046326 -0.1360299438238144
vn 2.9656082078167287 3.3263883812282833 0.9953649862346230
v -0.0047401315532625 0.0175999999046326 -0.1345909535884857
vn -2.9686540481166936 2.9804800782908556 -0.9963879704210720
v -0.0061621712520719 0.0175999999046326 -0.1350682526826859
vn 3.0980096878721302 3.3263941702574051 0.4334907411527619
v -0.0049517597071826 0.0175999999046326 -0.1336928755044937
vn -3.0900442742157561 2.9804880091163408 -0.5072755725057205
v -0.0064141429029405 0.0175999999046326 -0.1340529769659042
vn 3.1249141078327067 3.3263919221331832 -0.1431506409971413
v -0.0049947616644204 0.0175999999046326 -0.1327711939811707
vn -3.1314014399234429 2.9804857214189520 -0.0050333090951820
v -0.0064999912865460 0.0175999999046326 -0.1330104470252991
vn 3.0454034024354231 3.3263908332118639 -0.7149121562671572
v -0.0048676733858883 0.0175999999046326 -0.1318573057651520
vn 2.9758990918099286 3.0610408445884150 0.9988131394899400
v 0.0061621712520719 0.0175999999046326 -0.1309317499399185
vn 3.0581224843265353 3.0207630816566589 0.6939103342005956
v 0.0063086138106883 0.0175999999046326 -0.1314343065023422
vn -3.0980110224047039 3.3263904661086077 -0.4334850778023164
v 0.0049517597071826 0.0175999999046326 -0.1323071271181107
vn 3.1208423025658392 2.9804853534458018 0.2569889946752160
v 0.0064780735410750 0.0175999999046326 -0.1324665546417236
vn -3.1249141078327067 3.3263919221331832 0.1431506409971413
v 0.0049947616644204 0.0175999999046326 -0.1332288086414337
vn 3.1216525505391788 2.9804869508812577 -0.2469547308742055
v 0.0064797545783222 0.0175999999046326 -0.1335126161575317
vn -3.0454034024354231 3.3263908332118648 0.7149121562671572
v 0.0048676733858883 0.0175999999046326 -0.1341426968574524
vn 3.0416130300730626 2.9804832826011096 -0.7445055788049574
v 0.0063136131502688 0.0175999999046326 -0.1345454156398773
vn -2.8621805837026839 3.3263987242366255 1.2623376828710666
v 0.0045748217962682 0.0175999999046326 -0.1350176781415939
vn 2.8827943616648848 2.9804819474095683 -1.2227812531203215
v 0.0059839528985322 0.0175999999046326 -0.1355381757020950
vn -2.5814918613381348 3.3263879857530823 1.7667720924140413
v 0.0041261804290116 0.0175999999046326 -0.1358239352703094
vn 2.6493177585780421 2.9804908617787391 -1.6693770680293754
v 0.0054993112571537 0.0175999999046326 -0.1364651918411255
vn -2.2129035163665645 3.3263874771343476 2.2110274410618440
v 0.0035370266996324 0.0175999999046326 -0.1365340352058411
vn 0.1457900244001608 3.3264059947492179 -3.1247900401601507
v -0.0002330264978809 0.0175999999046326 -0.1280054301023483
vn 0.1210537352690120 2.9804725858880912 3.1290631036905596
v 0.0002512918144930 0.0175999999046326 -0.1265048533678055
vn -0.4308767084212515 3.3263818273304588 -3.0983761396685372
v 0.0006886903429404 0.0175999999046326 -0.1280476599931717
vn 0.6214458851014627 2.9804834468035288 3.0691209691793313
v 0.0012899314751849 0.0175999999046326 -0.1266292780637741
vn -0.9928550521676933 3.3263961260353776 -2.9664482669913719
v 0.0015869548078626 0.0175999999046326 -0.1282585263252258
vn 1.1057075751860144 2.9804960613444971 2.9296961028603992
v 0.0022951627615839 0.0175999999046326 -0.1269187033176422
vn -1.5210416377343470 3.3263943653701107 -2.7334978339426863
v 0.0024311775341630 0.0175999999046326 -0.1286308616399765
vn 1.5613302141535224 2.9804851937423926 2.7143964074576514
v 0.0032409501727670 0.0175999999046326 -0.1273656189441681
vn -1.9974251313778537 3.3263926083592645 -2.4074618397063468
v 0.0031926091760397 0.0175999999046326 -0.1291519850492477
vn 1.9765363802409777 2.9804809390733844 2.4287858003531877
v 0.0041027986444533 0.0175999999046326 -0.1279584616422653
vn -2.4057809706957567 3.3263870605545254 -1.9994505786953627
v 0.0038453205488622 0.0175999999046326 -0.1298041492700577
vn 2.3405565001371031 2.9804788719903588 2.0802620411202932
v 0.0048583871684968 0.0175999999046326 -0.1286818832159042
vn 2.6439423369162847 2.9804965156170899 1.6778789514079433
v 0.0054881460964680 0.0175999999046326 -0.1295171529054642
vn -3.0916574900714684 2.9804838099428603 0.4973457179007160
v -0.0064174938015640 0.0175999999046326 -0.1319676339626312
vn -2.9718416867026471 2.9804866153145126 0.9868424438245931
v -0.0061687864363194 0.0175999999046326 -0.1309515684843063
vn 2.8621805837026839 3.3263987242366255 -1.2623376828710666
v -0.0045748217962682 0.0175999999046326 -0.1309823244810104
vn -2.7750583165397762 2.9804866230895408 1.4507764699344268
v -0.0057603106833994 0.0175999999046326 -0.1299885511398315
vn 2.5815022039805311 3.3263776738636319 -1.7667596264202086
v -0.0041261804290116 0.0175999999046326 -0.1301760673522949
vn -2.5063968122576790 2.9804801518684072 1.8771443531997507
v -0.0052026459015906 0.0175999999046326 -0.1291035264730453
vn 2.2128988547509243 3.3264102093028569 -2.2110274451023200
v -0.0035370266996324 0.0175999999046326 -0.1294659525156021
vn -2.1728212628167420 2.9804871100723451 2.2548944922666325
v -0.0045102355070412 0.0175999999046326 -0.1283194273710251
vn 1.7689438775144861 3.3263770694221115 -2.5800060683946522
v -0.0028274238575250 0.0175999999046326 -0.1288762092590332
vn -1.7829814588594033 2.9804897682978413 2.5742339895534374
v -0.0037010121159256 0.0175999999046326 -0.1276565492153168
vn 1.2647481456384644 3.3264070068361162 -2.8611149464160133
v -0.0020215364638716 0.0175999999046326 -0.1284268796443939
vn -1.3469621563608232 2.9804853308559447 2.8269051898354047
v -0.0027959344442934 0.0175999999046326 -0.1271320581436157
vn 0.7174858183984660 3.3263774860851800 -3.0448000718208026
v -0.0011468080338091 0.0175999999046326 -0.1281332969665527
vn -0.8760399520556003 2.9804776000211120 3.0063678892527772
v -0.0018184436485171 0.0175999999046326 -0.1267595440149307
vn -0.3824497860981655 2.9804990695050178 3.1079644526807462
v -0.0007938562193885 0.0175999999046326 -0.1265486627817154
vn 2.3472290944282719 2.9804862375065291 -2.0727316032127141
v 0.0048722401261330 0.0175999999046326 -0.1373024731874466
vn 1.9843400223106928 2.9804818083423399 -2.4224144753525731
v 0.0041189803741872 0.0175999999046326 -0.1380283236503601
vn -1.7689588817725224 3.3263894897011710 2.5799935983603435
v 0.0028274238575250 0.0175999999046326 -0.1371237933635712
vn 1.5700534838079307 2.9804834412455605 -2.7093598072512766
v 0.0032590415794402 0.0175999999046326 -0.1386239379644394
vn -1.2647481456384644 3.3264070068361162 2.8611149464160133
v 0.0020215364638716 0.0175999999046326 -0.1375731229782104
vn 1.1151058037115071 2.9804844540328603 -2.9261302697286409
v 0.0023146949242800 0.0175999999046326 -0.1390738934278488
vn -0.7174858183984660 3.3263774860851800 3.0448000718208026
v 0.0011468080338091 0.0175999999046326 -0.1378667056560516
vn 0.6312925704449073 2.9804935043868710 -3.0671120233006555
v 0.0013103991514072 0.0175999999046326 -0.1393665373325348
vn -0.1457900244001608 3.3264059947492179 3.1247900401601507
v 0.0002330264978809 0.0175999999046326 -0.1379945725202560
vn 0.1311228563606835 2.9804802383391542 -3.1286583016106464
v 0.0002721647324506 0.0175999999046326 -0.1394942998886108
vn 0.4308767084212515 3.3263818273304584 3.0983761396685372
v -0.0006886903429404 0.0175999999046326 -0.1379523426294327
vn -0.3724476679259995 2.9804902565633737 -3.1091778071966187
v -0.0007731184596196 0.0175999999046326 -0.1394538581371307
vn 0.9928550521676933 3.3263961260353776 2.9664482669913719
v -0.0015869548078626 0.0175999999046326 -0.1377414762973785
vn -0.8663736074883142 2.9804789302545220 -3.0091679428757905
v -0.0017983785364777 0.0175999999046326 -0.1392462700605392
vn -1.3378755026306073 2.9804799731502003 -2.8312161523325106
v -0.0027770614251494 0.0175999999046326 -0.1388769000768661
vn -0.4308767084212515 -3.3263818273304588 -3.0983761396685372
v 0.0006886903429404 0.0171000007539988 -0.1280476599931717
vn 0.1210537352690119 -2.9804725858880912 3.1290631036905601
v 0.0002512918144930 0.0171000007539988 -0.1265048533678055
vn 0.1457900244001608 -3.3264059947492175 -3.1247900401601512
v -0.0002330264978809 0.0171000007539988 -0.1280054301023483
vn -0.3824497860981655 -2.9804990695050182 3.1079644526807457
v -0.0007938562193885 0.0171000007539988 -0.1265486627817154
vn 0.7174858183984660 -3.3263774860851805 -3.0448000718208026
v -0.0011468080338091 0.0171000007539988 -0.1281332969665527
vn -0.8760399520556003 -2.9804776000211115 3.0063678892527772
v -0.0018184436485171 0.0171000007539988 -0.1267595440149307
vn 1.2647481456384642 -3.3264070068361162 -2.8611149464160133
v -0.0020215364638716 0.0171000007539988 -0.1284268796443939
vn -1.3469621563608229 -2.9804853308559442 2.8269051898354043
v -0.0027959344442934 0.0171000007539988 -0.1271320581436157
vn 1.7689438775144861 -3.3263770694221115 -2.5800060683946522
v -0.0028274238575250 0.0171000007539988 -0.1288762092590332
vn -1.7829814588594033 -2.9804897682978408 2.5742339895534374
v -0.0037010121159256 0.0171000007539988 -0.1276565492153168
vn 2.2128988547509243 -3.3264102093028569 -2.2110274451023200
v -0.0035370266996324 0.0171000007539988 -0.1294659525156021
vn -2.1728212628167420 -2.9804871100723451 2.2548944922666325
v -0.0045102355070412 0.0171000007539988 -0.1283194273710251
vn 2.5815022039805311 -3.3263776738636319 -1.7667596264202086
v -0.0041261804290116 0.0171000007539988 -0.1301760673522949
vn -2.5063968122576785 -2.9804801518684068 1.8771443531997505
v -0.0052026459015906 0.0171000007539988 -0.1291035264730453
vn 2.8621805837026835 -3.3263987242366255 -1.2623376828710666
v -0.0045748217962682 0.0171000007539988 -0.1309823244810104
vn -2.7750583165397762 -2.9804866230895408 1.4507764699344270
v -0.0057603106833994 0.0171000007539988 -0.1299885511398315
vn -2.9718416867026471 -2.9804866153145126 0.9868424438245931
v -0.0061687864363194 0.0171000007539988 -0.1309515684843063
vn 3.0454034024354231 -3.3263908332118639 -0.7149121562671572
v -0.0048676733858883 0.0171000007539988 -0.1318573057651520
vn -3.0916574900714684 -2.9804838099428603 0.4973457179007160
v -0.0064174938015640 0.0171000007539988 -0.1319676339626312
vn 3.1249141078327072 -3.3263919221331828 -0.1431506409971413
v -0.0049947616644204 0.0171000007539988 -0.1327711939811707
vn -3.1314014399234424 -2.9804857214189520 -0.0050333090951820
v -0.0064999912865460 0.0171000007539988 -0.1330104470252991
vn 3.0980096878721306 -3.3263941702574051 0.4334907411527620
v -0.0049517597071826 0.0171000007539988 -0.1336928755044937
vn -3.0900442742157566 -2.9804880091163408 -0.5072755725057205
v -0.0064141429029405 0.0171000007539988 -0.1340529769659042
vn 2.9656082078167278 -3.3263883812282828 0.9953649862346230
v -0.0047401315532625 0.0171000007539988 -0.1345909535884857
vn -2.9686540481166941 -2.9804800782908552 -0.9963879704210721
v -0.0061621712520719 0.0171000007539988 -0.1350682526826859
vn 2.7322140672464403 -3.3263963056400643 1.5233458580468571
v -0.0043670837767422 0.0171000007539988 -0.1354348659515381
vn -2.7703767348104065 -2.9804866427190797 -1.4596964714185563
v -0.0057506025768816 0.0171000007539988 -0.1360299438238144
vn 2.4057809706957571 -3.3263870605545254 1.9994505786953629
v -0.0038453205488622 0.0171000007539988 -0.1361958533525467
vn -2.5003543135426329 -2.9804890872204060 -1.8851873337234770
v -0.0051900963298976 0.0171000007539988 -0.1369131654500961
vn 1.9974251313778535 -3.3263926083592650 2.4074618397063468
v -0.0031926091760397 0.0171000007539988 -0.1368480175733566
vn -1.7689588817725224 -3.3263894897011705 2.5799935983603439
v 0.0028274238575250 0.0171000007539988 -0.1371237933635712
vn 1.9843400223106935 -2.9804818083423399 -2.4224144753525731
v 0.0041189803741872 0.0171000007539988 -0.1380283236503601
vn -2.2129035163665640 -3.3263874771343476 2.2110274410618440
v 0.0035370266996324 0.0171000007539988 -0.1365340352058411
vn 2.3472290944282719 -2.9804862375065291 -2.0727316032127137
v 0.0048722401261330 0.0171000007539988 -0.1373024731874466
vn -2.5814918613381348 -3.3263879857530823 1.7667720924140418
v 0.0041261804290116 0.0171000007539988 -0.1358239352703094
vn 2.6493177585780421 -2.9804908617787396 -1.6693770680293749
v 0.0054993112571537 0.0171000007539988 -0.1364651918411255
vn -2.8621805837026835 -3.3263987242366260 1.2623376828710666
v 0.0045748217962682 0.0171000007539988 -0.1350176781415939
vn 2.8827943616648852 -2.9804819474095687 -1.2227812531203217
v 0.0059839528985322 0.0171000007539988 -0.1355381757020950
vn -3.0454034024354231 -3.3263908332118644 0.7149121562671572
v 0.0048676733858883 0.0171000007539988 -0.1341426968574524
vn 3.0416130300730631 -2.9804832826011092 -0.7445055788049574
v 0.0063136131502688 0.0171000007539988 -0.1345454156398773
vn -3.1249141078327072 -3.3263919221331832 0.1431506409971413
v 0.0049947616644204 0.0171000007539988 -0.1332288086414337
vn 3.1216525505391788 -2.9804869508812577 -0.2469547308742055
v 0.0064797545783222 0.0171000007539988 -0.1335126161575317
vn -3.0980110224047039 -3.3263904661086077 -0.4334850778023164
v 0.0049517597071826 0.0171000007539988 -0.1323071271181107
vn -2.1655661009850395 -2.9804788715440171 -2.2618617004518935
v -0.0044951695017517 0.0171000007539988 -0.1376950442790985
vn -1.7747024649889929 -2.9804970059321638 -2.5799496904752379
v -0.0036838201340288 0.0171000007539988 -0.1383553147315979
vn 1.5210416377343472 -3.3263943653701107 2.7334978339426863
v -0.0024311775341630 0.0171000007539988 -0.1373691409826279
vn -1.3378755026306073 -2.9804799731502003 -2.8312161523325106
v -0.0027770614251494 0.0171000007539988 -0.1388769000768661
vn 0.9928550521676932 -3.3263961260353776 2.9664482669913723
v -0.0015869548078626 0.0171000007539988 -0.1377414762973785
vn -0.8663736074883142 -2.9804789302545220 -3.0091679428757909
v -0.0017983785364777 0.0171000007539988 -0.1392462700605392
vn 0.4308767084212515 -3.3263818273304588 3.0983761396685372
v -0.0006886903429404 0.0171000007539988 -0.1379523426294327
vn -0.3724476679259995 -2.9804902565633737 -3.1091778071966187
v -0.0007731184596196 0.0171000007539988 -0.1394538581371307
vn -0.1457900244001608 -3.3264059947492175 3.1247900401601512
v 0.0002330264978809 0.0171000007539988 -0.1379945725202560
vn 0.1311228563606834 -2.9804802383391542 -3.1286583016106455
v 0.0002721647324506 0.0171000007539988 -0.1394942998886108
vn -0.7174858183984660 -3.3263774860851800 3.0448000718208026
v 0.0011468080338091 0.0171000007539988 -0.1378667056560516
vn 0.6312925704449074 -2.9804935043868710 -3.0671120233006568
v 0.0013103991514072 0.0171000007539988 -0.1393665373325348
vn -1.2647481456384642 -3.3264070068361162 2.8611149464160133
v 0.0020215364638716 0.0171000007539988 -0.1375731229782104
vn 1.1151058037115071 -2.9804844540328599 -2.9261302697286404
v 0.0023146949242800 0.0171000007539988 -0.1390738934278488
vn 1.5700534838079303 -2.9804834412455605 -2.7093598072512761
v 0.0032590415794402 0.0171000007539988 -0.1386239379644394
vn 3.1208423025658392 -2.9804853534458013 0.2569889946752161
v 0.0064780735410750 0.0171000007539988 -0.1324665546417236
vn 3.0581224843265349 -3.0207630816566589 0.6939103342005954
v 0.0063086138106883 0.0171000007539988 -0.1314343065023422
vn -2.9656053955383967 -3.3263986149000742 -0.9953687037579255
v 0.0047401315532625 0.0171000007539988 -0.1314090341329575
vn 2.9758990918099295 -3.0610408445884150 0.9988131394899400
v 0.0061621712520719 0.0171000007539988 -0.1309317499399185
vn 2.8575172569376268 -3.0207545605604400 1.2915938752795273
v 0.0059757647104561 0.0171000007539988 -0.1304426044225693
vn -2.7322099204355350 -3.3263897761170709 -1.5233552389206053
v 0.0043670837767422 0.0171000007539988 -0.1305651366710663
vn 2.6439423369162847 -2.9804965156170904 1.6778789514079435
v 0.0054881460964680 0.0171000007539988 -0.1295171529054642
vn -2.4057809706957571 -3.3263870605545263 -1.9994505786953629
v 0.0038453205488622 0.0171000007539988 -0.1298041492700577
vn 2.3405565001371031 -2.9804788719903588 2.0802620411202932
v 0.0048583871684968 0.0171000007539988 -0.1286818832159042
vn -1.9974251313778535 -3.3263926083592650 -2.4074618397063468
v 0.0031926091760397 0.0171000007539988 -0.1291519850492477
vn 1.9765363802409779 -2.9804809390733844 2.4287858003531877
v 0.0041027986444533 0.0171000007539988 -0.1279584616422653
vn -1.5210416377343472 -3.3263943653701111 -2.7334978339426863
v 0.0024311775341630 0.0171000007539988 -0.1286308616399765
vn 1.5613302141535226 -2.9804851937423935 2.7143964074576519
v 0.0032409501727670 0.0171000007539988 -0.1273656189441681
vn -0.9928550521676932 -3.3263961260353776 -2.9664482669913723
v 0.0015869548078626 0.0171000007539988 -0.1282585263252258
vn 1.1057075751860144 -2.9804960613444975 2.9296961028603987
v 0.0022951627615839 0.0171000007539988 -0.1269187033176422
vn 0.6214458851014628 -2.9804834468035284 3.0691209691793313
v 0.0012899314751849 0.0171000007539988 -0.1266292780637741
vn -2.2013638888425806 -3.4906644110608616 2.1739334102696679
v 0.0028461038600653 -0.0280000008642673 -0.1358106434345245
vn 2.4916637414284328 -2.8684116812046572 -1.8649991090599731
v 0.0056040431372821 -0.0280000008642673 -0.1371946036815643
vn -2.8121378755954223 -3.4906539266994034 1.2899177134935762
v 0.0036357578355819 -0.0280000008642673 -0.1346677094697952
vn 2.9024363432300748 -2.8684099278596946 -1.1235972660386053
v 0.0065279207192361 -0.0280000008642673 -0.1355271041393280
vn -3.0837209604987050 -3.4906603699325061 0.2503223958500995
v 0.0039868862368166 -0.0280000008642673 -0.1333236396312714
vn 3.0979493497714730 -2.8684111740212757 -0.2988628918671055
v 0.0069676516577601 -0.0280000008642673 -0.1336721777915955
vn -2.9833669292085476 -3.4906554269327126 -0.8194671272099963
v 0.0038571369368583 -0.0280000008642673 -0.1319405287504196
vn 1.7586418743805099 -3.4906517992707702 2.5454252075518533
v -0.0022737185936421 -0.0280000008642673 -0.1362909227609634
vn -1.3190522999085497 -2.8684068404879106 -2.8189899720142826
v -0.0029666936025023 -0.0280000008642673 -0.1393402516841888
vn 0.7820054148259783 -3.4906586672115250 2.9934038600111323
v -0.0010110331932083 -0.0280000008642673 -0.1368701159954071
vn -0.5095774848085335 -2.8684102889049594 -3.0703320358591162
v -0.0011461023241282 -0.0280000008642673 -0.1399055421352386
vn -0.2889640139077965 -3.4906611836399346 3.0803400282053444
v 0.0003735977225006 -0.0280000008642673 -0.1369825154542923
vn 0.3376919275967349 -2.8684063475066628 -3.0939565184219080
v 0.0007594898343086 -0.0280000008642673 -0.1399586796760559
vn -1.3250747399987013 -3.4906545944291265 2.7957437195454711
v 0.0017131672939286 -0.0280000008642673 -0.1366145610809326
vn 1.1599034337950564 -2.8684195137534108 -2.8881212456261678
v 0.0026087542064488 -0.0280000008642673 -0.1394957154989243
vn 1.8960900159142497 -2.8684059649068718 -2.4680852736484873
v 0.0042645391076803 -0.0280000008642673 -0.1385510116815567
vn 2.8121378755954223 -3.4906539266994034 -1.2899177134935762
v -0.0036357578355819 -0.0280000008642673 -0.1313322931528091
vn -3.0283992622488674 -2.8684101570504112 0.7179176528728692
v -0.0068112262524664 -0.0280000008642673 -0.1313853114843369
vn 3.0837209604987050 -3.4906603699325061 -0.2503223958500995
v -0.0039868862368166 -0.0280000008642673 -0.1326763629913330
vn -3.1097900403820762 -2.8684110222212675 -0.1257573239212318
v -0.0069942832924426 -0.0280000008642673 -0.1332828402519226
vn 2.9833669292085476 -3.4906554269327130 0.8194671272099963
v -0.0038571369368583 -0.0280000008642673 -0.1340594738721848
vn -2.9605409876088569 -2.8684095484234442 -0.9601062952920555
v -0.0066586062312126 -0.0280000008642673 -0.1351593881845474
vn 2.5231671411081216 -3.4906661567210913 1.7904228760367800
v -0.0032621601130813 -0.0280000008642673 -0.1353148072957993
vn -2.5917236256675977 -2.8684124949597312 -1.7232468217649441
v -0.0058290907181799 -0.0280000008642673 -0.1368757784366608
vn -2.0306947322327886 -2.8684135606617218 -2.3585782335775138
v -0.0045672589913011 -0.0280000008642673 -0.1383047252893448
vn 3.0637018613186875 -2.8684119275734381 0.5480338585421247
v 0.0068906242959201 -0.0280000008642673 -0.1317674070596695
vn 2.8022321215261616 -2.8684081527606491 1.3542895984499173
v 0.0063025509007275 -0.0280000008642673 -0.1299540400505066
vn -2.5231671411081216 -3.4906661567210917 -1.7904228760367800
v 0.0032621601130813 -0.0280000008642673 -0.1306851953268051
vn 2.3329332832997713 -2.8684112653954621 2.0601047592808470
v 0.0052470462396741 -0.0280000008642673 -0.1283665895462036
vn -1.7586418743805099 -3.4906517992707702 -2.5454252075518533
v 0.0022737185936421 -0.0280000008642673 -0.1297090798616409
vn 1.6906117414369719 -2.8684098912986244 2.6131282849853230
v 0.0038023917004466 -0.0280000008642673 -0.1271227747201920
vn -0.7820054148259783 -3.4906586672115250 -2.9934038600111323
v 0.0010110331932083 -0.0280000008642673 -0.1291298866271973
vn 0.9229172674080278 -2.8684188772543440 2.9723464090313909
v 0.0020757315214723 -0.0280000008642673 -0.1263148486614227
vn 0.2889640139077965 -3.4906611836399346 -3.0803400282053444
v -0.0003735977225006 -0.0280000008642673 -0.1290174871683121
vn 0.0867588656884463 -2.8683995672142855 3.1111198381911258
v 0.0001951237645699 -0.0280000008642673 -0.1260027140378952
vn -0.7558335754750942 -2.8684190936440017 3.0191613656837775
v -0.0016999554354697 -0.0280000008642673 -0.1262095570564270
vn 1.3250747399987013 -3.4906545944291265 -2.7957437195454711
v -0.0017131672939286 -0.0280000008642673 -0.1293854415416718
vn -1.5423606709117208 -2.8684044818718970 2.7032802024083766
v -0.0034689567983150 -0.0280000008642673 -0.1269199997186661
vn 2.2013638888425802 -3.4906644110608616 -2.1739334102696675
v -0.0028461038600653 -0.0280000008642673 -0.1301893591880798
vn -2.2145058891509408 -2.8684147841716952 2.1869105320731830
v -0.0049806814640760 -0.0280000008642673 -0.1280813813209534
vn -2.7224044071347833 -2.8684091622392414 1.5083503463780947
v -0.0061230119317770 -0.0280000008642673 -0.1296075433492661
vn 2.2013638888425797 3.4906644110608616 -2.1739334102696666
v -0.0028461038600653 0.0249999985098839 -0.1301893591880798
vn 1.3250747399987026 3.4906545944291265 -2.7957437195454737
v -0.0017131672939286 0.0249999985098839 -0.1293854415416718
vn 0.2889640139077959 3.4906611836399351 -3.0803400282053466
v -0.0003735977225006 0.0249999985098839 -0.1290174871683121
vn -0.7820054148259790 3.4906586672115250 -2.9934038600111306
v 0.0010110331932083 0.0249999985098839 -0.1291298866271973
vn -1.7586418743805083 3.4906517992707702 -2.5454252075518502
v 0.0022737185936421 0.0249999985098839 -0.1297090798616409
vn -2.5231671411081216 3.4906661567210908 -1.7904228760367804
v 0.0032621601130813 0.0249999985098839 -0.1306851953268051
vn -2.9833669292085467 3.4906554269327130 -0.8194671272099966
v 0.0038571369368583 0.0249999985098839 -0.1319405287504196
vn -3.0837209604987050 3.4906603699325061 0.2503223958500989
v 0.0039868862368166 0.0249999985098839 -0.1333236396312714
vn -2.8121378755954236 3.4906539266994034 1.2899177134935762
v 0.0036357578355819 0.0249999985098839 -0.1346677094697952
vn -2.2013638888425797 3.4906644110608616 2.1739334102696661
v 0.0028461038600653 0.0249999985098839 -0.1358106434345245
vn -1.3250747399987026 3.4906545944291265 2.7957437195454737
v 0.0017131672939286 0.0249999985098839 -0.1366145610809326
vn -0.2889640139077959 3.4906611836399351 3.0803400282053466
v 0.0003735977225006 0.0249999985098839 -0.1369825154542923
vn 0.7820054148259790 3.4906586672115250 2.9934038600111306
v -0.0010110331932083 0.0249999985098839 -0.1368701159954071
vn 1.7586418743805083 3.4906517992707697 2.5454252075518502
v -0.0022737185936421 0.0249999985098839 -0.1362909227609634
vn 2.5231671411081216 3.4906661567210917 1.7904228760367804
v -0.0032621601130813 0.0249999985098839 -0.1353148072957993
vn 2.9833669292085467 3.4906554269327130 0.8194671272099966
v -0.0038571369368583 0.0249999985098839 -0.1340594738721848
vn 3.0837209604987050 3.4906603699325061 -0.2503223958500989
v -0.0039868862368166 0.0249999985098839 -0.1326763629913330
vn 2.8121378755954236 3.4906539266994034 -1.2899177134935762
v -0.0036357578355819 0.0249999985098839 -0.1313322931528091
vn -2.1802938857137151 2.8274358685831005 -2.2078044171275995
v -0.0035132991615683 0.0249999985098839 -0.1365576237440109
vn -2.7558302215751507 2.8274318950155135 -1.4259998256619091
v -0.0044407141394913 0.0249999985098839 -0.1352978348731995
vn -3.0616092058672404 2.8274336982434516 -0.5046063151597125
v -0.0049334410578012 0.0249999985098839 -0.1338131129741669
vn -3.0676958388767588 2.8274345005364605 0.4661779985504675
v -0.0049432483501732 0.0249999985098839 -0.1322488039731979
vn -2.7734949904204669 2.8274325877476869 1.3913311278859868
v -0.0044691762886941 0.0249999985098839 -0.1307580173015594
vn -2.2077970092961929 2.8274272393691398 2.1802983692658136
v -0.0035576296504587 0.0249999985098839 -0.1294866949319839
vn -1.4260002794000173 2.8274451763304294 2.7558336613343259
v -0.0022978377528489 0.0249999985098839 -0.1285592913627625
vn -0.5046132797365631 2.8274259285459320 3.0616061229734068
v -0.0008131174836308 0.0249999985098839 -0.1280665546655655
vn 0.4661894802618102 2.8274299220207375 3.0676929560682593
v 0.0007511965814047 0.0249999985098839 -0.1280567497014999
vn 1.3913324116119159 2.8274448071846292 2.7734977056572827
v 0.0022419781889766 0.0249999985098839 -0.1285308301448822
vn 2.1802892622829928 2.8274224801896821 2.2078043591792706
v 0.0035132991615683 0.0249999985098839 -0.1294423639774323
vn 2.7558354803904122 2.8274375421399904 1.4259926821109854
v 0.0044407141394913 0.0249999985098839 -0.1307021677494049
vn 3.0616092058672404 2.8274336982434516 0.5046063151597125
v 0.0049334410578012 0.0249999985098839 -0.1321868896484375
vn 3.0676958388767588 2.8274345005364605 -0.4661779985504675
v 0.0049432483501732 0.0249999985098839 -0.1337511986494064
vn 2.7734899099430774 2.8274270371872352 -1.3913382135209194
v 0.0044691762886941 0.0249999985098839 -0.1352419853210449
vn 2.2078016326279579 2.8274404609890160 -2.1802983113244423
v 0.0035576296504587 0.0249999985098839 -0.1365132927894592
vn 1.4260099832091735 2.8274375052710043 -2.7558265177580239
v 0.0022978377528489 0.0249999985098839 -0.1374407112598419
vn 0.5046132797365631 2.8274259285459320 -3.0616061229734068
v 0.0008131174836308 0.0249999985098839 -0.1379334479570389
vn -0.4661894802618102 2.8274299220207375 -3.0676929560682593
v -0.0007511965814047 0.0249999985098839 -0.1379432529211044
vn -1.3913422938578988 2.8274370659156878 -2.7734906200546865
v -0.0022419781889766 0.0249999985098839 -0.1374691724777222
vn -1.4260002794000177 3.4557401308491578 2.7558336613343282
v -0.0022978377528489 -0.0260000005364418 -0.1285592913627625
vn -0.5046132797365619 3.4557593786336547 3.0616061229734028
v -0.0008131174836308 -0.0260000005364418 -0.1280665546655655
vn 0.4661894802618101 3.4557553851588492 3.0676929560682593
v 0.0007511965814047 -0.0260000005364418 -0.1280567497014999
vn 1.3913324116119159 3.4557404999949570 2.7734977056572832
v 0.0022419781889766 -0.0260000005364418 -0.1285308301448822
vn 2.1802892622829928 3.4557628269899046 2.2078043591792711
v 0.0035132991615683 -0.0260000005364418 -0.1294423639774323
vn 2.7558354803904148 3.4557477650395958 1.4259926821109861
v 0.0044407141394913 -0.0260000005364418 -0.1307021677494049
vn 3.0616092058672391 3.4557516089361342 0.5046063151597117
v 0.0049334410578012 -0.0260000005364418 -0.1321868896484375
vn 3.0676958388767606 3.4557508066431257 -0.4661779985504684
v 0.0049432483501732 -0.0260000005364418 -0.1337511986494064
vn 2.7734899099430743 3.4557582699923515 -1.3913382135209182
v 0.0044691762886941 -0.0260000005364418 -0.1352419853210449
vn 2.2078016326279601 3.4557448461905702 -2.1802983113244450
v 0.0035576296504587 -0.0260000005364418 -0.1365132927894592
vn 1.4260099832091730 3.4557478019085828 -2.7558265177580248
v 0.0022978377528489 -0.0260000005364418 -0.1374407112598419
vn 0.5046132797365619 3.4557593786336542 -3.0616061229734028
v 0.0008131174836308 -0.0260000005364418 -0.1379334479570389
vn -0.4661894802618101 3.4557553851588492 -3.0676929560682593
v -0.0007511965814047 -0.0260000005364418 -0.1379432529211044
vn -1.3913422938578992 3.4557482412638989 -2.7734906200546874
v -0.0022419781889766 -0.0260000005364418 -0.1374691724777222
vn -2.1802938857137142 3.4557494385964858 -2.2078044171275986
v -0.0035132991615683 -0.0260000005364418 -0.1365576237440109
vn -2.7558302215751538 3.4557534121640732 -1.4259998256619106
v -0.0044407141394913 -0.0260000005364418 -0.1352978348731995
vn -3.0616092058672391 3.4557516089361342 -0.5046063151597117
v -0.0049334410578012 -0.0260000005364418 -0.1338131129741669
vn -3.0676958388767606 3.4557508066431257 0.4661779985504684
v -0.0049432483501732 -0.0260000005364418 -0.1322488039731979
vn -2.7734949904204647 3.4557527194318993 1.3913311278859863
v -0.0044691762886941 -0.0260000005364418 -0.1307580173015594
vn -2.2077970092961929 3.4557580678104465 2.1802983692658140
v -0.0035576296504587 -0.0260000005364418 -0.1294866949319839
vn 2.4916637414284328 2.8684116812046572 -1.8649991090599727
v 0.0056040431372821 -0.0260000005364418 -0.1371946036815643
vn 1.8960900159142500 2.8684059649068723 -2.4680852736484877
v 0.0042645391076803 -0.0260000005364418 -0.1385510116815567
vn 1.1599034337950564 2.8684195137534108 -2.8881212456261682
v 0.0026087542064488 -0.0260000005364418 -0.1394957154989243
vn 0.3376919275967348 2.8684063475066628 -3.0939565184219076
v 0.0007594898343086 -0.0260000005364418 -0.1399586796760559
vn -0.5095774848085336 2.8684102889049594 -3.0703320358591162
v -0.0011461023241282 -0.0260000005364418 -0.1399055421352386
vn -1.3190522999085497 2.8684068404879111 -2.8189899720142826
v -0.0029666936025023 -0.0260000005364418 -0.1393402516841888
vn -2.0306947322327891 2.8684135606617218 -2.3585782335775134
v -0.0045672589913011 -0.0260000005364418 -0.1383047252893448
vn -2.5917236256675973 2.8684124949597312 -1.7232468217649441
v -0.0058290907181799 -0.0260000005364418 -0.1368757784366608
vn 0.9229172674080277 2.8684188772543431 2.9723464090313905
v 0.0020757315214723 -0.0260000005364418 -0.1263148486614227
vn 1.6906117414369719 2.8684098912986244 2.6131282849853230
v 0.0038023917004466 -0.0260000005364418 -0.1271227747201920
vn 2.3329332832997713 2.8684112653954621 2.0601047592808470
v 0.0052470462396741 -0.0260000005364418 -0.1283665895462036
vn 2.8022321215261616 2.8684081527606491 1.3542895984499175
v 0.0063025509007275 -0.0260000005364418 -0.1299540400505066
vn 3.0637018613186870 2.8684119275734381 0.5480338585421246
v 0.0068906242959201 -0.0260000005364418 -0.1317674070596695
vn 3.0979493497714730 2.8684111740212752 -0.2988628918671055
v 0.0069676516577601 -0.0260000005364418 -0.1336721777915955
vn 2.9024363432300748 2.8684099278596942 -1.1235972660386055
v 0.0065279207192361 -0.0260000005364418 -0.1355271041393280
vn -2.9605409876088569 2.8684095484234442 -0.9601062952920554
v -0.0066586062312126 -0.0260000005364418 -0.1351593881845474
vn -3.1097900403820762 2.8684110222212666 -0.1257573239212318
v -0.0069942832924426 -0.0260000005364418 -0.1332828402519226
vn -3.0283992622488674 2.8684101570504108 0.7179176528728693
v -0.0068112262524664 -0.0260000005364418 -0.1313853114843369
vn -2.7224044071347828 2.8684091622392418 1.5083503463780947
v -0.0061230119317770 -0.0260000005364418 -0.1296075433492661
vn -2.2145058891509408 2.8684147841716947 2.1869105320731825
v -0.0049806814640760 -0.0260000005364418 -0.1280813813209534
vn -1.5423606709117210 2.8684044818718970 2.7032802024083766
v -0.0034689567983150 -0.0260000005364418 -0.1269199997186661
vn -0.7558335754750941 2.8684190936440017 3.0191613656837775
v -0.0016999554354697 -0.0260000005364418 -0.1262095570564270
vn 0.0867588656884463 2.8683995672142859 3.1111198381911263
v 0.0001951237645699 -0.0260000005364418 -0.1260027140378952
vn 5.1571087837452598 2.2710128999823551 1.6683031273474844
v 0.0014065012801439 -0.0286500006914139 -0.0184786990284920
vn 5.3459775960422231 2.2918463504116509 0.9655575026746370
v 0.0014815194299445 -0.0286500006914139 -0.0187652651220560
vn 2.9095153756463414 2.8304196447834431 1.0791919072483074
v 0.0014065012801439 -0.0158999990671873 -0.0184786990284920
vn 3.1007541393820706 2.8316403346949928 0.1265186524983050
v 0.0014987529721111 -0.0158999990671873 -0.0189388468861580
vn 4.9050753025947111 2.2854148727009127 2.3097915824705937
v 0.0013874514261261 -0.0286500006914139 -0.0184299312531948
vn 2.4346118862039301 2.8304969169423897 1.9242248142367180
v 0.0011765715898946 -0.0158999990671873 -0.0180695801973343
vn 4.5507792438057741 2.2882615159888209 2.9505499632150460
v 0.0012185854138806 -0.0286500006914139 -0.0181253291666508
vn 1.7201259992300992 2.8316185115091388 2.5829903514540180
v 0.0008314708829857 -0.0158999990671873 -0.0177515391260386
vn 3.6183153662254730 2.2836917368345153 4.0619221668967667
v 0.0009840254206210 -0.0286500006914139 -0.0178678799420595
vn 4.1268441622901628 2.2757052575490468 3.5072538362521515
v 0.0011765715898946 -0.0286500006914139 -0.0180695801973343
vn 0.8369743903741124 2.8300483196583013 2.9881737646259201
v 0.0004049799172208 -0.0158999990671873 -0.0175557043403387
vn 2.3900239824291249 2.2930999459899750 4.8772151296293345
v 0.0006964161875658 -0.0286500006914139 -0.0176714658737183
vn 3.0486056298199546 2.2600207324710597 4.4940689568019074
v 0.0008314708829857 -0.0286500006914139 -0.0177515391260386
vn -0.3799453353149687 2.2757276937491717 5.4025230394619275
v -0.0000611532523180 -0.0286500006914139 -0.0175012461841106
vn 0.3353709826185161 2.2914471816226105 5.4150556883713756
v 0.0000260949418589 -0.0286500006914139 -0.0175002273172140
vn -0.1254941653285581 2.8302818405064958 3.1006587303907458
v -0.0000611532523180 -0.0158999990671873 -0.0175012461841106
vn 1.0602559238328548 2.2828960671363268 5.3150540532499884
v 0.0003712630132213 -0.0286500006914139 -0.0175466723740101
vn 1.7098797122495912 2.2726096807584808 5.1418947606077499
v 0.0004049799172208 -0.0286500006914139 -0.0175557043403387
vn -1.1271262156108472 2.2851242442620276 5.3204345918161735
v -0.0003204799140804 -0.0286500006914139 -0.0175346359610558
vn -1.0787177849436982 2.8315459444062858 2.9098106938336468
v -0.0005213003023528 -0.0158999990671873 -0.0175934992730618
vn -1.8146213868619516 2.2620259493533990 5.1163976601040337
v -0.0005213003023528 -0.0286500006914139 -0.0175934992730618
vn -2.5114884039701924 2.2943199512145722 4.8145419354837564
v -0.0006497775902972 -0.0286500006914139 -0.0176480431109667
vn -1.9255840720306225 2.8296193400290663 2.4334266359029426
v -0.0009304189006798 -0.0158999990671873 -0.0178234279155731
vn -3.1293425667287682 2.2741370085612438 4.4220433906304013
v -0.0009304189006798 -0.0286500006914139 -0.0178234279155731
vn -3.6407778959122670 2.2803790832961917 4.0121650640802820
v -0.0009440456633456 -0.0286500006914139 -0.0178343337029219
vn -2.5821153306938993 2.8300304567545318 1.7211501200073975
v -0.0012484615435824 -0.0158999990671873 -0.0181685294955969
vn -4.1547664218498568 2.2946450024619125 3.4918374098695417
v -0.0011874198680744 -0.0286500006914139 -0.0180834662169218
vn -2.9881563089709027 2.8314150843304731 0.8375358969326809
v -0.0014442960964516 -0.0158999990671873 -0.0185950193554163
vn -4.9522656537355569 2.2865307773735131 2.2447376968688091
v -0.0013667800230905 -0.0286500006914139 -0.0183820091187954
vn -4.5771026247229383 2.2757302301965066 2.8951004888955567
v -0.0012484615435824 -0.0286500006914139 -0.0181685294955969
vn -3.1006802042379045 2.8308659755934080 -0.1265175369300953
v -0.0014987529721111 -0.0158999990671873 -0.0190611537545919
vn -5.3652928219285840 2.2955127795529808 0.8302006619195315
v -0.0014724567299709 -0.0286500006914139 -0.0187138691544533
vn -5.1954421209918893 2.2639614792245979 1.5678498947142052
v -0.0014442960964516 -0.0286500006914139 -0.0185950193554163
vn -2.9099898893607437 2.8314172525615060 -1.0781959803314596
v -0.0014065012801439 -0.0158999990671873 -0.0195212997496128
vn -5.2798197252935708 2.2955149824330414 -1.2645646110863096
v -0.0014442509273067 -0.0286500006914139 -0.0194051414728165
vn -5.4455400081530163 2.3297230013929684 -0.2221932301110844
v -0.0014987529721111 -0.0286500006914139 -0.0190611537545919
vn -3.8564710501804682 2.2946435656164175 -3.8187187068907082
v -0.0011088027385995 -0.0286500006914139 -0.0200102254748344
vn -4.3391039409461882 2.2658266001819358 -3.2563739683602324
v -0.0011765715898946 -0.0286500006914139 -0.0199304185807705
vn -2.4331586326249837 2.8297193647884766 -1.9259319947201319
v -0.0011765715898946 -0.0158999990671873 -0.0199304185807705
vn -4.7418967765038120 2.2879074882253505 -2.6579676138294404
v -0.0013118890346959 -0.0286500006914139 -0.0197272878140211
vn -5.0442282174594997 2.2757405369846784 -1.9715949844305320
v -0.0014065012801439 -0.0286500006914139 -0.0195212997496128
vn -0.8380668986684140 2.8315394011043127 -2.9880201081850890
v -0.0004049799172208 -0.0158999990671873 -0.0204442963004112
vn -2.1089381423402886 2.2957785055913424 -5.0025388650892371
v -0.0005374738248065 -0.0286500006914139 -0.0204004012048244
vn -1.7210864385908811 2.8292989518691991 -2.5820739806603310
v -0.0008314708829857 -0.0158999990671873 -0.0202484615147114
vn -2.7637911621587512 2.2841193162135394 -4.6572170301381126
v -0.0008314708829857 -0.0286500006914139 -0.0202484615147114
vn -3.2971152404048065 2.2893017705601908 -4.2985993298057581
v -0.0008459407254122 -0.0286500006914139 -0.0202387031167746
vn 0.7753621424659676 2.2914548993541701 -5.3697479177137950
v 0.0001481945218984 -0.0286500006914139 -0.0204926617443562
vn 0.0536311130249816 2.2676184001407722 -5.4231564771992913
v 0.0000611532523180 -0.0286500006914139 -0.0204987525939941
vn 0.1279228494490587 2.8296946297476628 -3.1004996360965080
v 0.0000611532523180 -0.0158999990671873 -0.0204987525939941
vn -0.6691765149574699 2.2892499105641857 -5.3934621810260674
v -0.0002000315143960 -0.0286500006914139 -0.0204866025596857
vn -1.4006872307995297 2.2757492659241851 -5.2315853681024791
v -0.0004049799172208 -0.0286500006914139 -0.0204442963004112
vn 1.9248463834243335 2.8316186571007171 -2.4342635659529916
v 0.0009304189006798 -0.0158999990671873 -0.0201765708625317
vn 2.7807924387529397 2.2960006182057779 -4.6624078926624692
v 0.0008023367263377 -0.0286500006914139 -0.0202673822641373
vn 1.0772450293559939 2.8294217069446690 -2.9101307858260785
v 0.0005213003023528 -0.0158999990671873 -0.0204065013676882
vn 2.1141315868556809 2.2838313136234722 -4.9858499452217098
v 0.0005213003023528 -0.0286500006914139 -0.0204065013676882
vn 1.4948113700882535 2.2914495427873072 -5.2091858620294484
v 0.0004884313675575 -0.0286500006914139 -0.0204182509332895
vn 4.7760279552799689 2.2882627343625823 -2.5700006974869760
v 0.0012857939582318 -0.0286500006914139 -0.0197724848985672
vn 4.4000064346744256 2.2693535541930245 -3.1679471126545309
v 0.0012484615435824 -0.0286500006914139 -0.0198314711451530
vn 2.5835248269557343 2.8296395804728895 -1.7189604869970276
v 0.0012484615435824 -0.0158999990671873 -0.0198314711451530
vn 3.9468044727214400 2.2905657121559018 -3.7345852887263287
v 0.0010729879140854 -0.0286500006914139 -0.0200481880456209
vn 3.3842958766775069 2.2757474462771898 -4.2282262885524231
v 0.0009304189006798 -0.0286500006914139 -0.0201765708625317
vn 5.4094473987808618 2.2776728821824745 0.2207198920039819
v 0.0014987529721111 -0.0286500006914139 -0.0189388468861580
vn 5.4034111800224274 2.2961733172733636 -0.5217382277392510
v 0.0014957183739170 -0.0286500006914139 -0.0191132556647062
vn 2.9875271378156709 2.8295251031284576 -0.8390861927173614
v 0.0014442960964516 -0.0158999990671873 -0.0194049794226885
vn 5.2690741131158223 2.2835355060329681 -1.2510538310280241
v 0.0014442960964516 -0.0286500006914139 -0.0194049794226885
vn 5.0784078389593095 2.2936106850346105 -1.8975654822963597
v 0.0014292827108875 -0.0286500006914139 -0.0194551385939121
vn -0.9091370790937356 -0.8113349935558567 1.8914382616454475
v -0.0011912588961422 -0.0298999994993210 -0.0165214110165834
vn -2.0600394514713964 -0.8113099370370445 0.4002497481393356
v -0.0026995041407645 -0.0298999994993210 -0.0184754263609648
vn -1.9160983822848501 -0.8139293361419956 0.8630958763086802
v -0.0025057634338737 -0.0298999994993210 -0.0178670175373554
vn -1.6619030862106619 -0.8141153754751875 1.2865584204547762
v -0.0021769364830106 -0.0298999994993210 -0.0173196885734797
vn -1.3205193072877479 -0.8109212359670062 1.6305031608859892
v -0.0017307501984760 -0.0298999994993210 -0.0168629456311464
vn -0.4515058159036353 -0.8135742695022801 2.0520396121667916
v -0.0005875464994460 -0.0298999994993210 -0.0163134988397360
vn 0.0392299618303058 -0.8137828147321982 2.1009684981198484
v 0.0000478407273476 -0.0298999994993210 -0.0162504166364670
vn 0.5193171902275748 -0.8110117547995521 2.0329790213942358
v 0.0006806488963775 -0.0298999994993210 -0.0163355637341738
vn 0.9742721346338834 -0.8113504464665504 1.8587441260444904
v 0.0012767630396411 -0.0298999994993210 -0.0165643524378538
vn 1.9408883143859770 -0.8110942924656388 0.7974944688607112
v 0.0025436608120799 -0.0298999994993210 -0.0179548729211092
vn 1.7080571255508477 -0.8133635372386814 1.2231929826708396
v 0.0022340733557940 -0.0298999994993210 -0.0173964370042086
vn 1.3763597691977112 -0.8131517829995687 1.5869460291168482
v 0.0018040465656668 -0.0298999994993210 -0.0169244483113289
vn 2.0941782815770527 -0.8373028914813379 0.3922183577305076
v 0.0027161189354956 -0.0298999994993210 -0.0185696538537741
vn 2.1596501301278197 -0.8637886451866847 0.0881202066111715
v 0.0027477135881782 -0.0298999994993210 -0.0188878849148750
vn 2.1213512546437840 -0.8391467685450875 -0.2186625568324562
v 0.0027421503327787 -0.0298999994993210 -0.0192076340317726
vn 2.0007423498644865 -0.8128584773063331 -0.6390211440770721
v 0.0026203515008092 -0.0298999994993210 -0.0198344197124243
vn 1.7987744572519466 -0.8111661712191764 -1.0806302827563787
v 0.0023572889622301 -0.0298999994993210 -0.0204162225127220
vn 1.1233435514471282 -0.8159174362133492 -1.7786764322518231
v 0.0014709506649524 -0.0298999994993210 -0.0213235318660736
vn 1.5062268272669463 -0.8145686901943892 -1.4664878363496270
v 0.0019671446643770 -0.0298999994993210 -0.0209216773509979
vn 0.2073694068755864 -0.8112255525748984 -2.0882053682696684
v 0.0002716899616644 -0.0298999994993210 -0.0217365454882383
vn 0.6824815840279973 -0.8122671284517935 -1.9856478951997403
v 0.0008954575168900 -0.0298999994993210 -0.0216001253575087
vn -0.2769356795191048 -0.8144278064214077 -2.0837393223254388
v -0.0003667244454846 -0.0298999994993210 -0.0217254385352135
vn -0.7560836260899702 -0.8152130121289343 -1.9623021242229486
v -0.0009853686206043 -0.0298999994993210 -0.0215674005448818
vn -1.1842597105328276 -0.8115863492571591 -1.7329041155495324
v -0.0015508913202211 -0.0298999994993210 -0.0212709549814463
vn -1.5511958639866679 -0.8112721028437477 -1.4133619075513386
v -0.0020328052341938 -0.0298999994993210 -0.0208520814776421
vn -2.0963192184120758 -0.8108172632770807 -0.0855354326154064
v -0.0027477135881782 -0.0298999994993210 -0.0191121138632298
vn -2.0247329709236315 -0.8143660287494361 -0.5646066742904561
v -0.0026477933861315 -0.0298999994993210 -0.0197427589446306
vn -1.8366757393815920 -0.8142151734525562 -1.0219143898959395
v -0.0024051298387349 -0.0298999994993210 -0.0203333608806133
vn 1.4552774481687576 -4.1887898003505990 -2.2987763218919239
v -0.0007720488938503 -0.0298999994993210 -0.0177804622799158
vn 2.7184369187160127 -4.1887904461510477 0.1109188363952230
v -0.0014421757077798 -0.0298999994993210 -0.0190588440746069
vn -2.7184367756954813 -4.1887905372764695 -0.1109205860619533
v 0.0014421757077798 -0.0298999994993210 -0.0189411547034979
vn 1.2631594705472553 -4.1887903678575258 2.4096951582871462
v -0.0006701268139295 -0.0298999994993210 -0.0202783830463886
vn -1.2631588905823410 -4.1887896775917568 -2.4096960744069427
v 0.0006701268139295 -0.0298999994993210 -0.0177216175943613
vn -1.4552778851131407 -4.1887903994909443 2.2987754883449893
v 0.0007720488938503 -0.0298999994993210 -0.0202195383608341
vn 0.0000000000000000 6.2831853071795853 0.0000000000000000
v 0.0000000000000002 -0.0158999990671873 -0.0189999993890524
vn -2.7184367756954817 -2.0943947699031158 -0.1109205860619533
v 0.0014421757077798 -0.0284000001847744 -0.0189411547034979
vn -1.4552778851131405 -2.0943949076886423 2.2987754883449893
v 0.0007720488938503 -0.0284000001847744 -0.0202195383608341
vn 1.2631594705472553 -2.0943949393220609 2.4096951582871471
v -0.0006701268139295 -0.0284000001847744 -0.0202783830463886
vn 2.7184369187160131 -2.0943948610285377 0.1109188363952229
v -0.0014421757077798 -0.0284000001847744 -0.0190588440746069
vn 1.4552774481687576 -2.0943955068289886 -2.2987763218919235
v -0.0007720488938503 -0.0284000001847744 -0.0177804622799158
vn -1.2631588905823408 -2.0943956295878290 -2.4096960744069431
v 0.0006701268139295 -0.0284000001847744 -0.0177216175943613
# 5229 vertices, 0 vertices normals

f 1//1 2//2 3//3
f 3//3 2//2 4//4
f 1//1 3//3 5//5
f 5//5 3//3 6//6
f 5//5 6//6 7//7
f 8//8 9//9 6//6
f 6//6 9//9 10//10
f 6//6 10//10 7//7
f 11//11 12//12 8//8
f 8//8 12//12 13//13
f 8//8 13//13 9//9
f 14//14 15//15 16//16
f 16//16 15//15 17//17
f 16//16 17//17 11//11
f 11//11 17//17 18//18
f 11//11 18//18 12//12
f 14//14 16//16 19//19
f 19//19 16//16 20//20
f 19//19 20//20 21//21
f 21//21 20//20 22//22
f 22//22 20//20 23//23
f 22//22 23//23 24//24
f 24//24 23//23 25//25
f 25//25 23//23 26//26
f 25//25 26//26 27//27
f 28//28 29//29 26//26
f 26//26 29//29 30//30
f 26//26 30//30 27//27
f 31//31 32//32 28//28
f 28//28 32//32 33//33
f 28//28 33//33 29//29
f 34//34 35//35 31//31
f 31//31 35//35 36//36
f 31//31 36//36 32//32
f 37//37 38//38 39//39
f 39//39 38//38 40//40
f 39//39 40//40 34//34
f 34//34 40//40 41//41
f 34//34 41//41 35//35
f 42//42 43//43 44//44
f 44//44 43//43 45//45
f 44//44 45//45 39//39
f 39//39 45//45 46//46
f 39//39 46//46 37//37
f 47//47 48//48 49//49
f 49//49 48//48 50//50
f 49//49 50//50 42//42
f 42//42 50//50 51//51
f 42//42 51//51 43//43
f 52//52 53//53 54//54
f 54//54 53//53 55//55
f 54//54 55//55 49//49
f 49//49 55//55 56//56
f 49//49 56//56 47//47
f 57//57 58//58 59//59
f 59//59 58//58 60//60
f 59//59 60//60 52//52
f 52//52 60//60 61//61
f 52//52 61//61 53//53
f 2//2 62//62 4//4
f 4//4 62//62 63//63
f 4//4 63//63 64//64
f 64//64 63//63 65//65
f 64//64 65//65 59//59
f 59//59 65//65 66//66
f 59//59 66//66 57//57
f 21//21 22//22 67//67
f 33//33 68//68 29//29
f 29//29 68//68 69//69
f 29//29 69//69 30//30
f 30//30 69//69 70//70
f 30//30 70//70 27//27
f 27//27 70//70 71//71
f 27//27 71//71 25//25
f 67//67 22//22 71//71
f 71//71 22//22 24//24
f 71//71 24//24 25//25
f 21//21 67//67 19//19
f 19//19 67//67 72//72
f 19//19 72//72 14//14
f 14//14 72//72 73//73
f 14//14 73//73 15//15
f 15//15 73//73 74//74
f 15//15 74//74 17//17
f 75//75 12//12 74//74
f 74//74 12//12 18//18
f 74//74 18//18 17//17
f 1//1 5//5 76//76
f 76//76 5//5 7//7
f 76//76 7//7 77//77
f 77//77 7//7 10//10
f 77//77 10//10 78//78
f 78//78 10//10 9//9
f 78//78 9//9 75//75
f 75//75 9//9 13//13
f 75//75 13//13 12//12
f 1//1 76//76 2//2
f 2//2 76//76 79//79
f 2//2 79//79 62//62
f 62//62 79//79 80//80
f 62//62 80//80 63//63
f 63//63 80//80 81//81
f 63//63 81//81 65//65
f 65//65 81//81 82//82
f 65//65 82//82 66//66
f 66//66 82//82 83//83
f 66//66 83//83 57//57
f 84//84 61//61 85//85
f 85//85 61//61 60//60
f 85//85 60//60 83//83
f 83//83 60//60 58//58
f 83//83 58//58 57//57
f 48//48 47//47 86//86
f 86//86 47//47 56//56
f 86//86 56//56 87//87
f 87//87 56//56 55//55
f 87//87 55//55 84//84
f 84//84 55//55 53//53
f 84//84 53//53 61//61
f 48//48 86//86 50//50
f 50//50 86//86 88//88
f 50//50 88//88 51//51
f 51//51 88//88 89//89
f 51//51 89//89 43//43
f 43//43 89//89 45//45
f 45//45 89//89 90//90
f 45//45 90//90 46//46
f 46//46 90//90 91//91
f 46//46 91//91 37//37
f 33//33 32//32 68//68
f 68//68 32//32 36//36
f 68//68 36//36 92//92
f 92//92 36//36 35//35
f 92//92 35//35 93//93
f 93//93 35//35 41//41
f 93//93 41//41 94//94
f 94//94 41//41 40//40
f 94//94 40//40 91//91
f 91//91 40//40 38//38
f 91//91 38//38 37//37
f 67//67 71//71 95//95
f 71//71 70//70 95//95
f 95//95 70//70 69//69
f 95//95 69//69 96//96
f 96//96 69//69 68//68
f 96//96 68//68 92//92
f 97//97 80//80 79//79
f 92//92 93//93 96//96
f 96//96 93//93 94//94
f 96//96 94//94 98//98
f 98//98 94//94 91//91
f 98//98 91//91 90//90
f 75//75 74//74 99//99
f 99//99 74//74 73//73
f 99//99 73//73 95//95
f 95//95 73//73 72//72
f 95//95 72//72 67//67
f 79//79 76//76 97//97
f 97//97 76//76 77//77
f 97//97 77//77 99//99
f 99//99 77//77 78//78
f 99//99 78//78 75//75
f 87//87 84//84 100//100
f 100//100 84//84 85//85
f 85//85 83//83 100//100
f 100//100 83//83 82//82
f 100//100 82//82 97//97
f 97//97 82//82 81//81
f 97//97 81//81 80//80
f 90//90 89//89 98//98
f 98//98 89//89 88//88
f 98//98 88//88 100//100
f 100//100 88//88 86//86
f 100//100 86//86 87//87
f 4//4 64//64 101//101
f 4//4 101//101 3//3
f 11//11 8//8 101//101
f 101//101 8//8 6//6
f 101//101 6//6 3//3
f 23//23 20//20 101//101
f 101//101 20//20 16//16
f 101//101 16//16 11//11
f 31//31 28//28 101//101
f 101//101 28//28 26//26
f 101//101 26//26 23//23
f 44//44 39//39 101//101
f 101//101 39//39 34//34
f 101//101 34//34 31//31
f 54//54 49//49 101//101
f 101//101 49//49 42//42
f 101//101 42//42 44//44
f 64//64 59//59 101//101
f 101//101 59//59 52//52
f 101//101 52//52 54//54
f 102//102 103//103 97//97
f 97//97 103//103 100//100
f 103//103 104//104 100//100
f 100//100 104//104 98//98
f 104//104 105//105 98//98
f 98//98 105//105 96//96
f 105//105 106//106 96//96
f 96//96 106//106 95//95
f 106//106 107//107 95//95
f 95//95 107//107 99//99
f 107//107 102//102 99//99
f 99//99 102//102 97//97
f 107//107 106//106 102//102
f 102//102 106//106 105//105
f 102//102 105//105 103//103
f 103//103 105//105 104//104
f 108//108 109//109 110//110
f 111//111 112//112 110//110
f 110//110 112//112 113//113
f 110//110 113//113 108//108
f 111//111 110//110 114//114
f 114//114 110//110 115//115
f 114//114 115//115 116//116
f 116//116 115//115 117//117
f 116//116 117//117 118//118
f 118//118 117//117 119//119
f 119//119 117//117 120//120
f 119//119 120//120 121//121
f 121//121 120//120 122//122
f 122//122 120//120 123//123
f 122//122 123//123 124//124
f 125//125 126//126 123//123
f 123//123 126//126 127//127
f 123//123 127//127 124//124
f 128//128 129//129 125//125
f 125//125 129//129 130//130
f 125//125 130//130 126//126
f 131//131 132//132 128//128
f 128//128 132//132 133//133
f 128//128 133//133 129//129
f 134//134 135//135 131//131
f 131//131 135//135 136//136
f 131//131 136//136 132//132
f 137//137 138//138 134//134
f 134//134 138//138 139//139
f 134//134 139//139 135//135
f 140//140 141//141 137//137
f 137//137 141//141 142//142
f 137//137 142//142 138//138
f 143//143 144//144 145//145
f 145//145 144//144 146//146
f 145//145 146//146 140//140
f 140//140 146//146 147//147
f 140//140 147//147 141//141
f 148//148 149//149 150//150
f 150//150 149//149 151//151
f 150//150 151//151 145//145
f 145//145 151//151 152//152
f 145//145 152//152 143//143
f 153//153 154//154 155//155
f 155//155 154//154 156//156
f 155//155 156//156 148//148
f 148//148 156//156 157//157
f 148//148 157//157 149//149
f 108//108 158//158 109//109
f 109//109 158//158 159//159
f 109//109 159//159 160//160
f 160//160 159//159 161//161
f 160//160 161//161 155//155
f 155//155 161//161 162//162
f 155//155 162//162 153//153
f 130//130 163//163 126//126
f 126//126 163//163 164//164
f 126//126 164//164 127//127
f 127//127 164//164 165//165
f 127//127 165//165 124//124
f 124//124 165//165 166//166
f 124//124 166//166 122//122
f 167//167 119//119 166//166
f 166//166 119//119 121//121
f 166//166 121//121 122//122
f 113//113 112//112 168//168
f 168//168 112//112 111//111
f 168//168 111//111 169//169
f 169//169 111//111 114//114
f 169//169 114//114 170//170
f 170//170 114//114 116//116
f 170//170 116//116 167//167
f 167//167 116//116 118//118
f 167//167 118//118 119//119
f 113//113 168//168 108//108
f 108//108 168//168 171//171
f 108//108 171//171 158//158
f 158//158 171//171 172//172
f 158//158 172//172 159//159
f 159//159 172//172 173//173
f 159//159 173//173 161//161
f 161//161 173//173 174//174
f 161//161 174//174 162//162
f 162//162 174//174 175//175
f 162//162 175//175 153//153
f 176//176 157//157 177//177
f 177//177 157//157 156//156
f 177//177 156//156 175//175
f 175//175 156//156 154//154
f 175//175 154//154 153//153
f 144//144 143//143 178//178
f 178//178 143//143 152//152
f 178//178 152//152 179//179
f 179//179 152//152 151//151
f 179//179 151//151 176//176
f 176//176 151//151 149//149
f 176//176 149//149 157//157
f 144//144 178//178 146//146
f 146//146 178//178 180//180
f 146//146 180//180 147//147
f 147//147 180//180 181//181
f 147//147 181//181 141//141
f 141//141 181//181 182//182
f 141//141 182//182 142//142
f 142//142 182//182 183//183
f 142//142 183//183 138//138
f 130//130 129//129 163//163
f 163//163 129//129 133//133
f 163//163 133//133 184//184
f 184//184 133//133 132//132
f 184//184 132//132 185//185
f 185//185 132//132 136//136
f 185//185 136//136 186//186
f 186//186 136//136 135//135
f 186//186 135//135 183//183
f 183//183 135//135 139//139
f 183//183 139//139 138//138
f 181//181 180//180 187//187
f 163//163 184//184 188//188
f 188//188 184//184 185//185
f 188//188 185//185 189//189
f 190//190 172//172 171//171
f 185//185 186//186 189//189
f 189//189 186//186 183//183
f 189//189 183//183 187//187
f 187//187 183//183 182//182
f 187//187 182//182 181//181
f 167//167 166//166 191//191
f 191//191 166//166 165//165
f 191//191 165//165 188//188
f 188//188 165//165 164//164
f 188//188 164//164 163//163
f 171//171 168//168 190//190
f 190//190 168//168 169//169
f 190//190 169//169 191//191
f 191//191 169//169 170//170
f 191//191 170//170 167//167
f 177//177 175//175 192//192
f 192//192 175//175 174//174
f 192//192 174//174 190//190
f 190//190 174//174 173//173
f 190//190 173//173 172//172
f 180//180 178//178 187//187
f 187//187 178//178 179//179
f 187//187 179//179 192//192
f 192//192 179//179 176//176
f 192//192 176//176 177//177
f 109//109 160//160 193//193
f 109//109 193//193 110//110
f 120//120 117//117 193//193
f 193//193 117//117 115//115
f 193//193 115//115 110//110
f 128//128 125//125 193//193
f 193//193 125//125 123//123
f 193//193 123//123 120//120
f 137//137 134//134 193//193
f 193//193 134//134 131//131
f 193//193 131//131 128//128
f 150//150 145//145 193//193
f 193//193 145//145 140//140
f 193//193 140//140 137//137
f 160//160 155//155 193//193
f 193//193 155//155 148//148
f 193//193 148//148 150//150
f 194//194 195//195 190//190
f 190//190 195//195 192//192
f 195//195 196//196 192//192
f 192//192 196//196 187//187
f 196//196 197//197 187//187
f 187//187 197//197 189//189
f 197//197 198//198 189//189
f 189//189 198//198 188//188
f 198//198 199//199 188//188
f 188//188 199//199 191//191
f 199//199 194//194 191//191
f 191//191 194//194 190//190
f 199//199 198//198 194//194
f 194//194 198//198 197//197
f 194//194 197//197 195//195
f 195//195 197//197 196//196
f 200//200 201//201 202//202
f 202//202 201//201 203//203
f 200//200 202//202 204//204
f 204//204 202//202 205//205
f 204//204 205//205 206//206
f 207//207 208//208 205//205
f 205//205 208//208 209//209
f 205//205 209//209 206//206
f 210//210 211//211 207//207
f 207//207 211//211 212//212
f 207//207 212//212 208//208
f 213//213 214//214 215//215
f 215//215 214//214 216//216
f 215//215 216//216 210//210
f 210//210 216//216 217//217
f 210//210 217//217 211//211
f 213//213 215//215 218//218
f 218//218 215//215 219//219
f 218//218 219//219 220//220
f 220//220 219//219 221//221
f 221//221 219//219 222//222
f 221//221 222//222 223//223
f 223//223 222//222 224//224
f 224//224 222//222 225//225
f 224//224 225//225 226//226
f 227//227 228//228 225//225
f 225//225 228//228 229//229
f 225//225 229//229 226//226
f 230//230 231//231 227//227
f 227//227 231//231 232//232
f 227//227 232//232 228//228
f 233//233 234//234 230//230
f 230//230 234//234 235//235
f 230//230 235//235 231//231
f 236//236 237//237 238//238
f 238//238 237//237 239//239
f 238//238 239//239 233//233
f 233//233 239//239 240//240
f 233//233 240//240 234//234
f 241//241 242//242 243//243
f 243//243 242//242 244//244
f 243//243 244//244 238//238
f 238//238 244//244 245//245
f 238//238 245//245 236//236
f 246//246 247//247 248//248
f 248//248 247//247 249//249
f 248//248 249//249 241//241
f 241//241 249//249 250//250
f 241//241 250//250 242//242
f 251//251 252//252 253//253
f 253//253 252//252 254//254
f 253//253 254//254 248//248
f 248//248 254//254 255//255
f 248//248 255//255 246//246
f 256//256 257//257 258//258
f 258//258 257//257 259//259
f 258//258 259//259 251//251
f 251//251 259//259 260//260
f 251//251 260//260 252//252
f 201//201 261//261 203//203
f 203//203 261//261 262//262
f 203//203 262//262 263//263
f 263//263 262//262 264//264
f 263//263 264//264 258//258
f 258//258 264//264 265//265
f 258//258 265//265 256//256
f 220//220 221//221 266//266
f 232//232 267//267 228//228
f 228//228 267//267 268//268
f 228//228 268//268 229//229
f 229//229 268//268 269//269
f 229//229 269//269 226//226
f 226//226 269//269 270//270
f 226//226 270//270 224//224
f 266//266 221//221 270//270
f 270//270 221//221 223//223
f 270//270 223//223 224//224
f 220//220 266//266 218//218
f 218//218 266//266 271//271
f 218//218 271//271 213//213
f 213//213 271//271 272//272
f 213//213 272//272 214//214
f 214//214 272//272 273//273
f 214//214 273//273 216//216
f 274//274 211//211 273//273
f 273//273 211//211 217//217
f 273//273 217//217 216//216
f 200//200 204//204 275//275
f 275//275 204//204 206//206
f 275//275 206//206 276//276
f 276//276 206//206 209//209
f 276//276 209//209 277//277
f 277//277 209//209 208//208
f 277//277 208//208 274//274
f 274//274 208//208 212//212
f 274//274 212//212 211//211
f 200//200 275//275 201//201
f 201//201 275//275 278//278
f 201//201 278//278 261//261
f 261//261 278//278 279//279
f 261//261 279//279 262//262
f 262//262 279//279 280//280
f 262//262 280//280 264//264
f 264//264 280//280 281//281
f 264//264 281//281 265//265
f 265//265 281//281 282//282
f 265//265 282//282 256//256
f 283//283 260//260 284//284
f 284//284 260//260 259//259
f 284//284 259//259 282//282
f 282//282 259//259 257//257
f 282//282 257//257 256//256
f 247//247 246//246 285//285
f 285//285 246//246 255//255
f 285//285 255//255 286//286
f 286//286 255//255 254//254
f 286//286 254//254 283//283
f 283//283 254//254 252//252
f 283//283 252//252 260//260
f 247//247 285//285 249//249
f 249//249 285//285 287//287
f 249//249 287//287 250//250
f 250//250 287//287 288//288
f 250//250 288//288 242//242
f 242//242 288//288 244//244
f 244//244 288//288 289//289
f 244//244 289//289 245//245
f 245//245 289//289 290//290
f 245//245 290//290 236//236
f 232//232 231//231 267//267
f 267//267 231//231 235//235
f 267//267 235//235 291//291
f 291//291 235//235 234//234
f 291//291 234//234 292//292
f 292//292 234//234 240//240
f 292//292 240//240 293//293
f 293//293 240//240 239//239
f 293//293 239//239 290//290
f 290//290 239//239 237//237
f 290//290 237//237 236//236
f 266//266 270//270 294//294
f 270//270 269//269 294//294
f 294//294 269//269 268//268
f 294//294 268//268 295//295
f 295//295 268//268 267//267
f 295//295 267//267 291//291
f 296//296 279//279 278//278
f 291//291 292//292 295//295
f 295//295 292//292 293//293
f 295//295 293//293 297//297
f 297//297 293//293 290//290
f 297//297 290//290 289//289
f 274//274 273//273 298//298
f 298//298 273//273 272//272
f 298//298 272//272 294//294
f 294//294 272//272 271//271
f 294//294 271//271 266//266
f 278//278 275//275 296//296
f 296//296 275//275 276//276
f 296//296 276//276 298//298
f 298//298 276//276 277//277
f 298//298 277//277 274//274
f 286//286 283//283 299//299
f 299//299 283//283 284//284
f 284//284 282//282 299//299
f 299//299 282//282 281//281
f 299//299 281//281 296//296
f 296//296 281//281 280//280
f 296//296 280//280 279//279
f 289//289 288//288 297//297
f 297//297 288//288 287//287
f 297//297 287//287 299//299
f 299//299 287//287 285//285
f 299//299 285//285 286//286
f 203//203 263//263 300//300
f 203//203 300//300 202//202
f 210//210 207//207 300//300
f 300//300 207//207 205//205
f 300//300 205//205 202//202
f 222//222 219//219 300//300
f 300//300 219//219 215//215
f 300//300 215//215 210//210
f 230//230 227//227 300//300
f 300//300 227//227 225//225
f 300//300 225//225 222//222
f 243//243 238//238 300//300
f 300//300 238//238 233//233
f 300//300 233//233 230//230
f 253//253 248//248 300//300
f 300//300 248//248 241//241
f 300//300 241//241 243//243
f 263//263 258//258 300//300
f 300//300 258//258 251//251
f 300//300 251//251 253//253
f 301//301 302//302 296//296
f 296//296 302//302 299//299
f 302//302 303//303 299//299
f 299//299 303//303 297//297
f 303//303 304//304 297//297
f 297//297 304//304 295//295
f 304//304 305//305 295//295
f 295//295 305//305 294//294
f 305//305 306//306 294//294
f 294//294 306//306 298//298
f 306//306 301//301 298//298
f 298//298 301//301 296//296
f 306//306 305//305 301//301
f 301//301 305//305 304//304
f 301//301 304//304 302//302
f 302//302 304//304 303//303
f 307//307 308//308 309//309
f 310//310 311//311 309//309
f 309//309 311//311 312//312
f 309//309 312//312 307//307
f 310//310 309//309 313//313
f 313//313 309//309 314//314
f 313//313 314//314 315//315
f 315//315 314//314 316//316
f 315//315 316//316 317//317
f 317//317 316//316 318//318
f 318//318 316//316 319//319
f 318//318 319//319 320//320
f 320//320 319//319 321//321
f 321//321 319//319 322//322
f 321//321 322//322 323//323
f 324//324 325//325 322//322
f 322//322 325//325 326//326
f 322//322 326//326 323//323
f 327//327 328//328 324//324
f 324//324 328//328 329//329
f 324//324 329//329 325//325
f 330//330 331//331 327//327
f 327//327 331//331 332//332
f 327//327 332//332 328//328
f 333//333 334//334 330//330
f 330//330 334//334 335//335
f 330//330 335//335 331//331
f 336//336 337//337 333//333
f 333//333 337//337 338//338
f 333//333 338//338 334//334
f 339//339 340//340 336//336
f 336//336 340//340 341//341
f 336//336 341//341 337//337
f 342//342 343//343 344//344
f 344//344 343//343 345//345
f 344//344 345//345 339//339
f 339//339 345//345 346//346
f 339//339 346//346 340//340
f 347//347 348//348 349//349
f 349//349 348//348 350//350
f 349//349 350//350 344//344
f 344//344 350//350 351//351
f 344//344 351//351 342//342
f 352//352 353//353 354//354
f 354//354 353//353 355//355
f 354//354 355//355 347//347
f 347//347 355//355 356//356
f 347//347 356//356 348//348
f 307//307 357//357 308//308
f 308//308 357//357 358//358
f 308//308 358//358 359//359
f 359//359 358//358 360//360
f 359//359 360//360 354//354
f 354//354 360//360 361//361
f 354//354 361//361 352//352
f 329//329 362//362 325//325
f 325//325 362//362 363//363
f 325//325 363//363 326//326
f 326//326 363//363 364//364
f 326//326 364//364 323//323
f 323//323 364//364 365//365
f 323//323 365//365 321//321
f 366//366 318//318 365//365
f 365//365 318//318 320//320
f 365//365 320//320 321//321
f 312//312 311//311 367//367
f 367//367 311//311 310//310
f 367//367 310//310 368//368
f 368//368 310//310 313//313
f 368//368 313//313 369//369
f 369//369 313//313 315//315
f 369//369 315//315 366//366
f 366//366 315//315 317//317
f 366//366 317//317 318//318
f 312//312 367//367 307//307
f 307//307 367//367 370//370
f 307//307 370//370 357//357
f 357//357 370//370 371//371
f 357//357 371//371 358//358
f 358//358 371//371 372//372
f 358//358 372//372 360//360
f 360//360 372//372 373//373
f 360//360 373//373 361//361
f 361//361 373//373 374//374
f 361//361 374//374 352//352
f 375//375 356//356 376//376
f 376//376 356//356 355//355
f 376//376 355//355 374//374
f 374//374 355//355 353//353
f 374//374 353//353 352//352
f 343//343 342//342 377//377
f 377//377 342//342 351//351
f 377//377 351//351 378//378
f 378//378 351//351 350//350
f 378//378 350//350 375//375
f 375//375 350//350 348//348
f 375//375 348//348 356//356
f 343//343 377//377 345//345
f 345//345 377//377 379//379
f 345//345 379//379 346//346
f 346//346 379//379 380//380
f 346//346 380//380 340//340
f 340//340 380//380 381//381
f 340//340 381//381 341//341
f 341//341 381//381 382//382
f 341//341 382//382 337//337
f 329//329 328//328 362//362
f 362//362 328//328 332//332
f 362//362 332//332 383//383
f 383//383 332//332 331//331
f 383//383 331//331 384//384
f 384//384 331//331 335//335
f 384//384 335//335 385//385
f 385//385 335//335 334//334
f 385//385 334//334 382//382
f 382//382 334//334 338//338
f 382//382 338//338 337//337
f 380//380 379//379 386//386
f 362//362 383//383 387//387
f 387//387 383//383 384//384
f 387//387 384//384 388//388
f 389//389 371//371 370//370
f 384//384 385//385 388//388
f 388//388 385//385 382//382
f 388//388 382//382 386//386
f 386//386 382//382 381//381
f 386//386 381//381 380//380
f 366//366 365//365 390//390
f 390//390 365//365 364//364
f 390//390 364//364 387//387
f 387//387 364//364 363//363
f 387//387 363//363 362//362
f 370//370 367//367 389//389
f 389//389 367//367 368//368
f 389//389 368//368 390//390
f 390//390 368//368 369//369
f 390//390 369//369 366//366
f 376//376 374//374 391//391
f 391//391 374//374 373//373
f 391//391 373//373 389//389
f 389//389 373//373 372//372
f 389//389 372//372 371//371
f 379//379 377//377 386//386
f 386//386 377//377 378//378
f 386//386 378//378 391//391
f 391//391 378//378 375//375
f 391//391 375//375 376//376
f 308//308 359//359 392//392
f 308//308 392//392 309//309
f 319//319 316//316 392//392
f 392//392 316//316 314//314
f 392//392 314//314 309//309
f 327//327 324//324 392//392
f 392//392 324//324 322//322
f 392//392 322//322 319//319
f 336//336 333//333 392//392
f 392//392 333//333 330//330
f 392//392 330//330 327//327
f 349//349 344//344 392//392
f 392//392 344//344 339//339
f 392//392 339//339 336//336
f 359//359 354//354 392//392
f 392//392 354//354 347//347
f 392//392 347//347 349//349
f 393//393 394//394 389//389
f 389//389 394//394 391//391
f 394//394 395//395 391//391
f 391//391 395//395 386//386
f 395//395 396//396 386//386
f 386//386 396//396 388//388
f 396//396 397//397 388//388
f 388//388 397//397 387//387
f 397//397 398//398 387//387
f 387//387 398//398 390//390
f 398//398 393//393 390//390
f 390//390 393//393 389//389
f 398//398 397//397 393//393
f 393//393 397//397 396//396
f 393//393 396//396 394//394
f 394//394 396//396 395//395
f 399//399 400//400 401//401
f 402//402 403//403 401//401
f 401//401 403//403 404//404
f 401//401 404//404 399//399
f 402//402 401//401 405//405
f 405//405 401//401 406//406
f 405//405 406//406 407//407
f 407//407 406//406 408//408
f 407//407 408//408 409//409
f 409//409 408//408 410//410
f 410//410 408//408 411//411
f 410//410 411//411 412//412
f 412//412 411//411 413//413
f 413//413 411//411 414//414
f 413//413 414//414 415//415
f 416//416 417//417 414//414
f 414//414 417//417 418//418
f 414//414 418//418 415//415
f 419//419 420//420 416//416
f 416//416 420//420 421//421
f 416//416 421//421 417//417
f 422//422 423//423 419//419
f 419//419 423//423 424//424
f 419//419 424//424 420//420
f 425//425 426//426 422//422
f 422//422 426//426 427//427
f 422//422 427//427 423//423
f 428//428 429//429 425//425
f 425//425 429//429 430//430
f 425//425 430//430 426//426
f 431//431 432//432 428//428
f 428//428 432//432 433//433
f 428//428 433//433 429//429
f 434//434 435//435 436//436
f 436//436 435//435 437//437
f 436//436 437//437 431//431
f 431//431 437//437 438//438
f 431//431 438//438 432//432
f 439//439 440//440 441//441
f 441//441 440//440 442//442
f 441//441 442//442 436//436
f 436//436 442//442 443//443
f 436//436 443//443 434//434
f 444//444 445//445 446//446
f 446//446 445//445 447//447
f 446//446 447//447 439//439
f 439//439 447//447 448//448
f 439//439 448//448 440//440
f 399//399 449//449 400//400
f 400//400 449//449 450//450
f 400//400 450//450 451//451
f 451//451 450//450 452//452
f 451//451 452//452 446//446
f 446//446 452//452 453//453
f 446//446 453//453 444//444
f 421//421 454//454 417//417
f 417//417 454//454 455//455
f 417//417 455//455 418//418
f 418//418 455//455 456//456
f 418//418 456//456 415//415
f 415//415 456//456 457//457
f 415//415 457//457 413//413
f 458//458 410//410 457//457
f 457//457 410//410 412//412
f 457//457 412//412 413//413
f 404//404 403//403 459//459
f 459//459 403//403 402//402
f 459//459 402//402 460//460
f 460//460 402//402 405//405
f 460//460 405//405 461//461
f 461//461 405//405 407//407
f 461//461 407//407 458//458
f 458//458 407//407 409//409
f 458//458 409//409 410//410
f 404//404 459//459 399//399
f 399//399 459//459 462//462
f 399//399 462//462 449//449
f 449//449 462//462 463//463
f 449//449 463//463 450//450
f 450//450 463//463 464//464
f 450//450 464//464 452//452
f 452//452 464//464 465//465
f 452//452 465//465 453//453
f 453//453 465//465 466//466
f 453//453 466//466 444//444
f 467//467 448//448 468//468
f 468//468 448//448 447//447
f 468//468 447//447 466//466
f 466//466 447//447 445//445
f 466//466 445//445 444//444
f 435//435 434//434 469//469
f 469//469 434//434 443//443
f 469//469 443//443 470//470
f 470//470 443//443 442//442
f 470//470 442//442 467//467
f 467//467 442//442 440//440
f 467//467 440//440 448//448
f 435//435 469//469 437//437
f 437//437 469//469 471//471
f 437//437 471//471 438//438
f 438//438 471//471 472//472
f 438//438 472//472 432//432
f 432//432 472//472 473//473
f 432//432 473//473 433//433
f 433//433 473//473 474//474
f 433//433 474//474 429//429
f 421//421 420//420 454//454
f 454//454 420//420 424//424
f 454//454 424//424 475//475
f 475//475 424//424 423//423
f 475//475 423//423 476//476
f 476//476 423//423 427//427
f 476//476 427//427 477//477
f 477//477 427//427 426//426
f 477//477 426//426 474//474
f 474//474 426//426 430//430
f 474//474 430//430 429//429
f 472//472 471//471 478//478
f 454//454 475//475 479//479
f 479//479 475//475 476//476
f 479//479 476//476 480//480
f 481//481 463//463 462//462
f 476//476 477//477 480//480
f 480//480 477//477 474//474
f 480//480 474//474 478//478
f 478//478 474//474 473//473
f 478//478 473//473 472//472
f 458//458 457//457 482//482
f 482//482 457//457 456//456
f 482//482 456//456 479//479
f 479//479 456//456 455//455
f 479//479 455//455 454//454
f 462//462 459//459 481//481
f 481//481 459//459 460//460
f 481//481 460//460 482//482
f 482//482 460//460 461//461
f 482//482 461//461 458//458
f 468//468 466//466 483//483
f 483//483 466//466 465//465
f 483//483 465//465 481//481
f 481//481 465//465 464//464
f 481//481 464//464 463//463
f 471//471 469//469 478//478
f 478//478 469//469 470//470
f 478//478 470//470 483//483
f 483//483 470//470 467//467
f 483//483 467//467 468//468
f 400//400 451//451 484//484
f 400//400 484//484 401//401
f 411//411 408//408 484//484
f 484//484 408//408 406//406
f 484//484 406//406 401//401
f 419//419 416//416 484//484
f 484//484 416//416 414//414
f 484//484 414//414 411//411
f 428//428 425//425 484//484
f 484//484 425//425 422//422
f 484//484 422//422 419//419
f 441//441 436//436 484//484
f 484//484 436//436 431//431
f 484//484 431//431 428//428
f 451//451 446//446 484//484
f 484//484 446//446 439//439
f 484//484 439//439 441//441
f 485//485 486//486 481//481
f 481//481 486//486 483//483
f 486//486 487//487 483//483
f 483//483 487//487 478//478
f 487//487 488//488 478//478
f 478//478 488//488 480//480
f 488//488 489//489 480//480
f 480//480 489//489 479//479
f 489//489 490//490 479//479
f 479//479 490//490 482//482
f 490//490 485//485 482//482
f 482//482 485//485 481//481
f 490//490 489//489 485//485
f 485//485 489//489 488//488
f 485//485 488//488 486//486
f 486//486 488//488 487//487
f 491//491 492//492 493//493
f 494//494 495//495 493//493
f 493//493 495//495 496//496
f 493//493 496//496 491//491
f 494//494 493//493 497//497
f 497//497 493//493 498//498
f 497//497 498//498 499//499
f 499//499 498//498 500//500
f 499//499 500//500 501//501
f 501//501 500//500 502//502
f 502//502 500//500 503//503
f 502//502 503//503 504//504
f 504//504 503//503 505//505
f 505//505 503//503 506//506
f 505//505 506//506 507//507
f 508//508 509//509 506//506
f 506//506 509//509 510//510
f 506//506 510//510 507//507
f 511//511 512//512 508//508
f 508//508 512//512 513//513
f 508//508 513//513 509//509
f 514//514 515//515 511//511
f 511//511 515//515 516//516
f 511//511 516//516 512//512
f 517//517 518//518 514//514
f 514//514 518//518 519//519
f 514//514 519//519 515//515
f 520//520 521//521 517//517
f 517//517 521//521 522//522
f 517//517 522//522 518//518
f 523//523 524//524 520//520
f 520//520 524//524 525//525
f 520//520 525//525 521//521
f 526//526 527//527 528//528
f 528//528 527//527 529//529
f 528//528 529//529 523//523
f 523//523 529//529 530//530
f 523//523 530//530 524//524
f 531//531 532//532 533//533
f 533//533 532//532 534//534
f 533//533 534//534 528//528
f 528//528 534//534 535//535
f 528//528 535//535 526//526
f 536//536 537//537 538//538
f 538//538 537//537 539//539
f 538//538 539//539 531//531
f 531//531 539//539 540//540
f 531//531 540//540 532//532
f 491//491 541//541 492//492
f 492//492 541//541 542//542
f 492//492 542//542 543//543
f 543//543 542//542 544//544
f 543//543 544//544 538//538
f 538//538 544//544 545//545
f 538//538 545//545 536//536
f 513//513 546//546 509//509
f 509//509 546//546 547//547
f 509//509 547//547 510//510
f 510//510 547//547 548//548
f 510//510 548//548 507//507
f 507//507 548//548 549//549
f 507//507 549//549 505//505
f 550//550 502//502 549//549
f 549//549 502//502 504//504
f 549//549 504//504 505//505
f 496//496 495//495 551//551
f 551//551 495//495 494//494
f 551//551 494//494 552//552
f 552//552 494//494 497//497
f 552//552 497//497 553//553
f 553//553 497//497 499//499
f 553//553 499//499 550//550
f 550//550 499//499 501//501
f 550//550 501//501 502//502
f 496//496 551//551 491//491
f 491//491 551//551 554//554
f 491//491 554//554 541//541
f 541//541 554//554 555//555
f 541//541 555//555 542//542
f 542//542 555//555 556//556
f 542//542 556//556 544//544
f 544//544 556//556 557//557
f 544//544 557//557 545//545
f 545//545 557//557 558//558
f 545//545 558//558 536//536
f 559//559 540//540 560//560
f 560//560 540//540 539//539
f 560//560 539//539 558//558
f 558//558 539//539 537//537
f 558//558 537//537 536//536
f 527//527 526//526 561//561
f 561//561 526//526 535//535
f 561//561 535//535 562//562
f 562//562 535//535 534//534
f 562//562 534//534 559//559
f 559//559 534//534 532//532
f 559//559 532//532 540//540
f 527//527 561//561 529//529
f 529//529 561//561 563//563
f 529//529 563//563 530//530
f 530//530 563//563 564//564
f 530//530 564//564 524//524
f 524//524 564//564 565//565
f 524//524 565//565 525//525
f 525//525 565//565 566//566
f 525//525 566//566 521//521
f 513//513 512//512 546//546
f 546//546 512//512 516//516
f 546//546 516//516 567//567
f 567//567 516//516 515//515
f 567//567 515//515 568//568
f 568//568 515//515 519//519
f 568//568 519//519 569//569
f 569//569 519//519 518//518
f 569//569 518//518 566//566
f 566//566 518//518 522//522
f 566//566 522//522 521//521
f 564//564 563//563 570//570
f 546//546 567//567 571//571
f 571//571 567//567 568//568
f 571//571 568//568 572//572
f 573//573 555//555 554//554
f 568//568 569//569 572//572
f 572//572 569//569 566//566
f 572//572 566//566 570//570
f 570//570 566//566 565//565
f 570//570 565//565 564//564
f 550//550 549//549 574//574
f 574//574 549//549 548//548
f 574//574 548//548 571//571
f 571//571 548//548 547//547
f 571//571 547//547 546//546
f 554//554 551//551 573//573
f 573//573 551//551 552//552
f 573//573 552//552 574//574
f 574//574 552//552 553//553
f 574//574 553//553 550//550
f 560//560 558//558 575//575
f 575//575 558//558 557//557
f 575//575 557//557 573//573
f 573//573 557//557 556//556
f 573//573 556//556 555//555
f 563//563 561//561 570//570
f 570//570 561//561 562//562
f 570//570 562//562 575//575
f 575//575 562//562 559//559
f 575//575 559//559 560//560
f 492//492 543//543 576//576
f 492//492 576//576 493//493
f 503//503 500//500 576//576
f 576//576 500//500 498//498
f 576//576 498//498 493//493
f 511//511 508//508 576//576
f 576//576 508//508 506//506
f 576//576 506//506 503//503
f 520//520 517//517 576//576
f 576//576 517//517 514//514
f 576//576 514//514 511//511
f 533//533 528//528 576//576
f 576//576 528//528 523//523
f 576//576 523//523 520//520
f 543//543 538//538 576//576
f 576//576 538//538 531//531
f 576//576 531//531 533//533
f 577//577 578//578 573//573
f 573//573 578//578 575//575
f 578//578 579//579 575//575
f 575//575 579//579 570//570
f 579//579 580//580 570//570
f 570//570 580//580 572//572
f 580//580 581//581 572//572
f 572//572 581//581 571//571
f 581//581 582//582 571//571
f 571//571 582//582 574//574
f 582//582 577//577 574//574
f 574//574 577//577 573//573
f 582//582 581//581 577//577
f 577//577 581//581 580//580
f 577//577 580//580 578//578
f 578//578 580//580 579//579
f 583//583 584//584 585//585
f 586//586 587//587 585//585
f 585//585 587//587 588//588
f 585//585 588//588 583//583
f 586//586 585//585 589//589
f 589//589 585//585 590//590
f 589//589 590//590 591//591
f 591//591 590//590 592//592
f 591//591 592//592 593//593
f 593//593 592//592 594//594
f 594//594 592//592 595//595
f 594//594 595//595 596//596
f 596//596 595//595 597//597
f 597//597 595//595 598//598
f 597//597 598//598 599//599
f 600//600 601//601 598//598
f 598//598 601//601 602//602
f 598//598 602//602 599//599
f 603//603 604//604 600//600
f 600//600 604//604 605//605
f 600//600 605//605 601//601
f 606//606 607//607 603//603
f 603//603 607//607 608//608
f 603//603 608//608 604//604
f 609//609 610//610 606//606
f 606//606 610//610 611//611
f 606//606 611//611 607//607
f 612//612 613//613 609//609
f 609//609 613//613 614//614
f 609//609 614//614 610//610
f 615//615 616//616 612//612
f 612//612 616//616 617//617
f 612//612 617//617 613//613
f 618//618 619//619 620//620
f 620//620 619//619 621//621
f 620//620 621//621 615//615
f 615//615 621//621 622//622
f 615//615 622//622 616//616
f 623//623 624//624 625//625
f 625//625 624//624 626//626
f 625//625 626//626 620//620
f 620//620 626//626 627//627
f 620//620 627//627 618//618
f 628//628 629//629 630//630
f 630//630 629//629 631//631
f 630//630 631//631 623//623
f 623//623 631//631 632//632
f 623//623 632//632 624//624
f 583//583 633//633 584//584
f 584//584 633//633 634//634
f 584//584 634//634 635//635
f 635//635 634//634 636//636
f 635//635 636//636 630//630
f 630//630 636//636 637//637
f 630//630 637//637 628//628
f 605//605 638//638 601//601
f 601//601 638//638 639//639
f 601//601 639//639 602//602
f 602//602 639//639 640//640
f 602//602 640//640 599//599
f 599//599 640//640 641//641
f 599//599 641//641 597//597
f 642//642 594//594 641//641
f 641//641 594//594 596//596
f 641//641 596//596 597//597
f 588//588 587//587 643//643
f 643//643 587//587 586//586
f 643//643 586//586 644//644
f 644//644 586//586 589//589
f 644//644 589//589 645//645
f 645//645 589//589 591//591
f 645//645 591//591 642//642
f 642//642 591//591 593//593
f 642//642 593//593 594//594
f 588//588 643//643 583//583
f 583//583 643//643 646//646
f 583//583 646//646 647//647
f 647//647 646//646 648//648
f 647//647 648//648 634//634
f 634//634 648//648 649//649
f 634//634 649//649 636//636
f 636//636 649//649 650//650
f 636//636 650//650 637//637
f 637//637 650//650 651//651
f 637//637 651//651 628//628
f 652//652 632//632 653//653
f 653//653 632//632 631//631
f 653//653 631//631 651//651
f 651//651 631//631 629//629
f 651//651 629//629 628//628
f 619//619 618//618 654//654
f 654//654 618//618 627//627
f 654//654 627//627 655//655
f 655//655 627//627 626//626
f 655//655 626//626 652//652
f 652//652 626//626 624//624
f 652//652 624//624 632//632
f 619//619 654//654 621//621
f 621//621 654//654 656//656
f 621//621 656//656 622//622
f 622//622 656//656 657//657
f 622//622 657//657 616//616
f 616//616 657//657 658//658
f 616//616 658//658 617//617
f 617//617 658//658 659//659
f 617//617 659//659 613//613
f 605//605 604//604 638//638
f 638//638 604//604 608//608
f 638//638 608//608 660//660
f 660//660 608//608 607//607
f 660//660 607//607 661//661
f 661//661 607//607 611//611
f 661//661 611//611 662//662
f 662//662 611//611 663//663
f 662//662 663//663 659//659
f 659//659 663//663 614//614
f 659//659 614//614 613//613
f 657//657 656//656 664//664
f 638//638 660//660 665//665
f 665//665 660//660 661//661
f 665//665 661//661 666//666
f 667//667 668//668 646//646
f 661//661 662//662 666//666
f 666//666 662//662 659//659
f 666//666 659//659 664//664
f 664//664 659//659 658//658
f 664//664 658//658 657//657
f 642//642 641//641 669//669
f 669//669 641//641 640//640
f 669//669 640//640 665//665
f 665//665 640//640 639//639
f 665//665 639//639 638//638
f 646//646 643//643 667//667
f 667//667 643//643 644//644
f 667//667 644//644 669//669
f 669//669 644//644 645//645
f 669//669 645//645 642//642
f 653//653 651//651 670//670
f 670//670 651//651 650//650
f 670//670 650//650 667//667
f 667//667 650//650 649//649
f 667//667 649//649 668//668
f 656//656 654//654 664//664
f 664//664 654//654 655//655
f 664//664 655//655 670//670
f 670//670 655//655 652//652
f 670//670 652//652 653//653
f 671//671 635//635 672//672
f 671//671 672//672 585//585
f 595//595 592//592 672//672
f 672//672 592//592 590//590
f 672//672 590//590 585//585
f 603//603 600//600 672//672
f 672//672 600//600 598//598
f 672//672 598//598 595//595
f 612//612 609//609 672//672
f 672//672 609//609 606//606
f 672//672 606//606 603//603
f 625//625 620//620 672//672
f 672//672 620//620 615//615
f 672//672 615//615 612//612
f 635//635 630//630 672//672
f 672//672 630//630 623//623
f 672//672 623//623 625//625
f 673//673 674//674 675//675
f 675//675 674//674 670//670
f 674//674 676//676 670//670
f 670//670 676//676 664//664
f 676//676 677//677 664//664
f 664//664 677//677 666//666
f 678//678 679//679 680//680
f 680//680 679//679 665//665
f 679//679 681//681 665//665
f 665//665 681//681 669//669
f 681//681 673//673 669//669
f 669//669 673//673 682//682
f 681//681 679//679 673//673
f 673//673 679//679 677//677
f 673//673 677//677 674//674
f 674//674 677//677 676//676
f 683//683 684//684 685//685
f 685//685 684//684 686//686
f 683//683 685//685 687//687
f 687//687 685//685 688//688
f 687//687 688//688 689//689
f 690//690 691//691 688//688
f 688//688 691//691 692//692
f 688//688 692//692 689//689
f 693//693 694//694 690//690
f 690//690 694//694 695//695
f 690//690 695//695 691//691
f 696//696 697//697 698//698
f 698//698 697//697 699//699
f 698//698 699//699 693//693
f 693//693 699//699 700//700
f 693//693 700//700 694//694
f 696//696 698//698 701//701
f 701//701 698//698 702//702
f 701//701 702//702 703//703
f 703//703 702//702 704//704
f 704//704 702//702 705//705
f 704//704 705//705 706//706
f 706//706 705//705 707//707
f 707//707 705//705 708//708
f 707//707 708//708 709//709
f 710//710 711//711 708//708
f 708//708 711//711 712//712
f 708//708 712//712 709//709
f 713//713 714//714 710//710
f 710//710 714//714 715//715
f 710//710 715//715 711//711
f 716//716 717//717 713//713
f 713//713 717//717 718//718
f 713//713 718//718 714//714
f 719//719 720//720 721//721
f 721//721 720//720 722//722
f 721//721 722//722 716//716
f 716//716 722//722 723//723
f 716//716 723//723 717//717
f 724//724 725//725 726//726
f 726//726 725//725 727//727
f 726//726 727//727 721//721
f 721//721 727//727 728//728
f 721//721 728//728 719//719
f 729//729 730//730 731//731
f 731//731 730//730 732//732
f 731//731 732//732 724//724
f 724//724 732//732 733//733
f 724//724 733//733 725//725
f 734//734 735//735 736//736
f 736//736 735//735 737//737
f 736//736 737//737 731//731
f 731//731 737//737 738//738
f 731//731 738//738 729//729
f 739//739 740//740 741//741
f 741//741 740//740 742//742
f 741//741 742//742 734//734
f 734//734 742//742 743//743
f 734//734 743//743 735//735
f 684//684 744//744 686//686
f 686//686 744//744 745//745
f 686//686 745//745 746//746
f 746//746 745//745 747//747
f 746//746 747//747 741//741
f 741//741 747//747 748//748
f 741//741 748//748 739//739
f 703//703 704//704 749//749
f 715//715 750//750 711//711
f 711//711 750//750 751//751
f 711//711 751//751 712//712
f 712//712 751//751 752//752
f 712//712 752//752 709//709
f 709//709 752//752 753//753
f 709//709 753//753 707//707
f 749//749 704//704 753//753
f 753//753 704//704 706//706
f 753//753 706//706 707//707
f 703//703 749//749 701//701
f 701//701 749//749 754//754
f 701//701 754//754 696//696
f 696//696 754//754 755//755
f 696//696 755//755 697//697
f 697//697 755//755 756//756
f 697//697 756//756 699//699
f 757//757 694//694 756//756
f 756//756 694//694 700//700
f 756//756 700//700 699//699
f 683//683 687//687 758//758
f 758//758 687//687 689//689
f 758//758 689//689 759//759
f 759//759 689//689 692//692
f 759//759 692//692 760//760
f 760//760 692//692 691//691
f 760//760 691//691 757//757
f 757//757 691//691 695//695
f 757//757 695//695 694//694
f 683//683 758//758 684//684
f 684//684 758//758 761//761
f 684//684 761//761 744//744
f 744//744 761//761 762//762
f 744//744 762//762 745//745
f 745//745 762//762 763//763
f 745//745 763//763 747//747
f 747//747 763//763 764//764
f 747//747 764//764 748//748
f 748//748 764//764 765//765
f 748//748 765//765 739//739
f 766//766 743//743 767//767
f 767//767 743//743 742//742
f 767//767 742//742 765//765
f 765//765 742//742 740//740
f 765//765 740//740 739//739
f 730//730 729//729 768//768
f 768//768 729//729 738//738
f 768//768 738//738 769//769
f 769//769 738//738 737//737
f 769//769 737//737 766//766
f 766//766 737//737 735//735
f 766//766 735//735 743//743
f 730//730 768//768 732//732
f 732//732 768//768 770//770
f 732//732 770//770 733//733
f 733//733 770//770 771//771
f 733//733 771//771 725//725
f 725//725 771//771 727//727
f 727//727 771//771 772//772
f 727//727 772//772 728//728
f 728//728 772//772 773//773
f 728//728 773//773 719//719
f 715//715 714//714 750//750
f 750//750 714//714 718//718
f 750//750 718//718 774//774
f 774//774 718//718 717//717
f 774//774 717//717 775//775
f 775//775 717//717 723//723
f 775//775 723//723 776//776
f 776//776 723//723 722//722
f 776//776 722//722 773//773
f 773//773 722//722 720//720
f 773//773 720//720 719//719
f 749//749 753//753 777//777
f 753//753 752//752 777//777
f 777//777 752//752 751//751
f 777//777 751//751 778//778
f 778//778 751//751 750//750
f 778//778 750//750 774//774
f 779//779 762//762 761//761
f 774//774 775//775 778//778
f 778//778 775//775 776//776
f 778//778 776//776 780//780
f 780//780 776//776 773//773
f 780//780 773//773 772//772
f 757//757 756//756 781//781
f 781//781 756//756 755//755
f 781//781 755//755 777//777
f 777//777 755//755 754//754
f 777//777 754//754 749//749
f 761//761 758//758 779//779
f 779//779 758//758 759//759
f 779//779 759//759 781//781
f 781//781 759//759 760//760
f 781//781 760//760 757//757
f 769//769 766//766 782//782
f 782//782 766//766 767//767
f 767//767 765//765 782//782
f 782//782 765//765 764//764
f 782//782 764//764 779//779
f 779//779 764//764 763//763
f 779//779 763//763 762//762
f 772//772 771//771 780//780
f 780//780 771//771 770//770
f 780//780 770//770 782//782
f 782//782 770//770 768//768
f 782//782 768//768 769//769
f 686//686 746//746 783//783
f 686//686 783//783 685//685
f 693//693 690//690 783//783
f 783//783 690//690 688//688
f 783//783 688//688 685//685
f 705//705 702//702 783//783
f 783//783 702//702 698//698
f 783//783 698//698 693//693
f 713//713 710//710 783//783
f 783//783 710//710 708//708
f 783//783 708//708 705//705
f 726//726 721//721 783//783
f 783//783 721//721 716//716
f 783//783 716//716 713//713
f 736//736 731//731 783//783
f 783//783 731//731 724//724
f 783//783 724//724 726//726
f 746//746 741//741 783//783
f 783//783 741//741 734//734
f 783//783 734//734 736//736
f 784//784 785//785 779//779
f 779//779 785//785 782//782
f 785//785 786//786 782//782
f 782//782 786//786 780//780
f 786//786 787//787 780//780
f 780//780 787//787 778//778
f 787//787 788//788 778//778
f 778//778 788//788 777//777
f 788//788 789//789 777//777
f 777//777 789//789 781//781
f 789//789 784//784 781//781
f 781//781 784//784 779//779
f 789//789 788//788 784//784
f 784//784 788//788 787//787
f 784//784 787//787 785//785
f 785//785 787//787 786//786
f 790//790 791//791 792//792
f 792//792 791//791 793//793
f 790//790 792//792 794//794
f 794//794 792//792 795//795
f 794//794 795//795 796//796
f 797//797 798//798 795//795
f 795//795 798//798 799//799
f 795//795 799//799 796//796
f 800//800 801//801 797//797
f 797//797 801//801 802//802
f 797//797 802//802 798//798
f 803//803 804//804 805//805
f 805//805 804//804 806//806
f 805//805 806//806 800//800
f 800//800 806//806 807//807
f 800//800 807//807 801//801
f 803//803 805//805 808//808
f 808//808 805//805 809//809
f 808//808 809//809 810//810
f 810//810 809//809 811//811
f 811//811 809//809 812//812
f 811//811 812//812 813//813
f 813//813 812//812 814//814
f 814//814 812//812 815//815
f 814//814 815//815 816//816
f 817//817 818//818 815//815
f 815//815 818//818 819//819
f 815//815 819//819 816//816
f 820//820 821//821 817//817
f 817//817 821//821 822//822
f 817//817 822//822 818//818
f 823//823 824//824 820//820
f 820//820 824//824 825//825
f 820//820 825//825 821//821
f 826//826 827//827 828//828
f 828//828 827//827 829//829
f 828//828 829//829 823//823
f 823//823 829//829 830//830
f 823//823 830//830 824//824
f 831//831 832//832 833//833
f 833//833 832//832 834//834
f 833//833 834//834 828//828
f 828//828 834//834 835//835
f 828//828 835//835 826//826
f 836//836 837//837 838//838
f 838//838 837//837 839//839
f 838//838 839//839 831//831
f 831//831 839//839 840//840
f 831//831 840//840 832//832
f 841//841 842//842 843//843
f 843//843 842//842 844//844
f 843//843 844//844 838//838
f 838//838 844//844 845//845
f 838//838 845//845 836//836
f 846//846 847//847 848//848
f 848//848 847//847 849//849
f 848//848 849//849 841//841
f 841//841 849//849 850//850
f 841//841 850//850 842//842
f 791//791 851//851 793//793
f 793//793 851//851 852//852
f 793//793 852//852 853//853
f 853//853 852//852 854//854
f 853//853 854//854 848//848
f 848//848 854//854 855//855
f 848//848 855//855 846//846
f 810//810 811//811 856//856
f 822//822 857//857 818//818
f 818//818 857//857 858//858
f 818//818 858//858 819//819
f 819//819 858//858 859//859
f 819//819 859//859 816//816
f 816//816 859//859 860//860
f 816//816 860//860 814//814
f 856//856 811//811 860//860
f 860//860 811//811 813//813
f 860//860 813//813 814//814
f 810//810 856//856 808//808
f 808//808 856//856 861//861
f 808//808 861//861 803//803
f 803//803 861//861 862//862
f 803//803 862//862 804//804
f 804//804 862//862 863//863
f 804//804 863//863 806//806
f 864//864 801//801 863//863
f 863//863 801//801 807//807
f 863//863 807//807 806//806
f 790//790 794//794 865//865
f 865//865 794//794 796//796
f 865//865 796//796 866//866
f 866//866 796//796 799//799
f 866//866 799//799 867//867
f 867//867 799//799 798//798
f 867//867 798//798 864//864
f 864//864 798//798 802//802
f 864//864 802//802 801//801
f 790//790 865//865 791//791
f 791//791 865//865 868//868
f 791//791 868//868 851//851
f 851//851 868//868 869//869
f 851//851 869//869 852//852
f 852//852 869//869 870//870
f 852//852 870//870 854//854
f 854//854 870//870 871//871
f 854//854 871//871 855//855
f 855//855 871//871 872//872
f 855//855 872//872 846//846
f 873//873 850//850 874//874
f 874//874 850//850 849//849
f 874//874 849//849 872//872
f 872//872 849//849 847//847
f 872//872 847//847 846//846
f 837//837 836//836 875//875
f 875//875 836//836 845//845
f 875//875 845//845 876//876
f 876//876 845//845 844//844
f 876//876 844//844 873//873
f 873//873 844//844 842//842
f 873//873 842//842 850//850
f 837//837 875//875 839//839
f 839//839 875//875 877//877
f 839//839 877//877 840//840
f 840//840 877//877 878//878
f 840//840 878//878 832//832
f 832//832 878//878 834//834
f 834//834 878//878 879//879
f 834//834 879//879 835//835
f 835//835 879//879 880//880
f 835//835 880//880 826//826
f 822//822 821//821 857//857
f 857//857 821//821 825//825
f 857//857 825//825 881//881
f 881//881 825//825 824//824
f 881//881 824//824 882//882
f 882//882 824//824 830//830
f 882//882 830//830 883//883
f 883//883 830//830 829//829
f 883//883 829//829 880//880
f 880//880 829//829 827//827
f 880//880 827//827 826//826
f 856//856 860//860 884//884
f 860//860 859//859 884//884
f 884//884 859//859 858//858
f 884//884 858//858 885//885
f 885//885 858//858 857//857
f 885//885 857//857 881//881
f 886//886 869//869 868//868
f 881//881 882//882 885//885
f 885//885 882//882 883//883
f 885//885 883//883 887//887
f 887//887 883//883 880//880
f 887//887 880//880 879//879
f 864//864 863//863 888//888
f 888//888 863//863 862//862
f 888//888 862//862 884//884
f 884//884 862//862 861//861
f 884//884 861//861 856//856
f 868//868 865//865 886//886
f 886//886 865//865 866//866
f 886//886 866//866 888//888
f 888//888 866//866 867//867
f 888//888 867//867 864//864
f 876//876 873//873 889//889
f 889//889 873//873 874//874
f 874//874 872//872 889//889
f 889//889 872//872 871//871
f 889//889 871//871 886//886
f 886//886 871//871 870//870
f 886//886 870//870 869//869
f 879//879 878//878 887//887
f 887//887 878//878 877//877
f 887//887 877//877 889//889
f 889//889 877//877 875//875
f 889//889 875//875 876//876
f 793//793 853//853 890//890
f 793//793 890//890 792//792
f 800//800 797//797 890//890
f 890//890 797//797 795//795
f 890//890 795//795 792//792
f 812//812 809//809 890//890
f 890//890 809//809 805//805
f 890//890 805//805 800//800
f 820//820 817//817 890//890
f 890//890 817//817 815//815
f 890//890 815//815 812//812
f 833//833 828//828 890//890
f 890//890 828//828 823//823
f 890//890 823//823 820//820
f 843//843 838//838 890//890
f 890//890 838//838 831//831
f 890//890 831//831 833//833
f 853//853 848//848 890//890
f 890//890 848//848 841//841
f 890//890 841//841 843//843
f 891//891 892//892 886//886
f 886//886 892//892 889//889
f 892//892 893//893 889//889
f 889//889 893//893 887//887
f 893//893 894//894 887//887
f 887//887 894//894 885//885
f 894//894 895//895 885//885
f 885//885 895//895 884//884
f 895//895 896//896 884//884
f 884//884 896//896 888//888
f 896//896 891//891 888//888
f 888//888 891//891 886//886
f 896//896 895//895 891//891
f 891//891 895//895 894//894
f 891//891 894//894 892//892
f 892//892 894//894 893//893
f 897//897 898//898 899//899
f 899//899 898//898 900//900
f 897//897 899//899 901//901
f 901//901 899//899 902//902
f 901//901 902//902 903//903
f 904//904 905//905 902//902
f 902//902 905//905 906//906
f 902//902 906//906 903//903
f 907//907 908//908 904//904
f 904//904 908//908 909//909
f 904//904 909//909 905//905
f 910//910 911//911 912//912
f 912//912 911//911 913//913
f 912//912 913//913 907//907
f 907//907 913//913 914//914
f 907//907 914//914 908//908
f 910//910 912//912 915//915
f 915//915 912//912 916//916
f 915//915 916//916 917//917
f 917//917 916//916 918//918
f 918//918 916//916 919//919
f 918//918 919//919 920//920
f 920//920 919//919 921//921
f 921//921 919//919 922//922
f 921//921 922//922 923//923
f 924//924 925//925 922//922
f 922//922 925//925 926//926
f 922//922 926//926 923//923
f 927//927 928//928 924//924
f 924//924 928//928 929//929
f 924//924 929//929 925//925
f 930//930 931//931 927//927
f 927//927 931//931 932//932
f 927//927 932//932 928//928
f 933//933 934//934 935//935
f 935//935 934//934 936//936
f 935//935 936//936 930//930
f 930//930 936//936 937//937
f 930//930 937//937 931//931
f 938//938 939//939 940//940
f 940//940 939//939 941//941
f 940//940 941//941 935//935
f 935//935 941//941 942//942
f 935//935 942//942 933//933
f 943//943 944//944 945//945
f 945//945 944//944 946//946
f 945//945 946//946 938//938
f 938//938 946//946 947//947
f 938//938 947//947 939//939
f 948//948 949//949 950//950
f 950//950 949//949 951//951
f 950//950 951//951 945//945
f 945//945 951//951 952//952
f 945//945 952//952 943//943
f 953//953 954//954 955//955
f 955//955 954//954 956//956
f 955//955 956//956 948//948
f 948//948 956//956 957//957
f 948//948 957//957 949//949
f 898//898 958//958 900//900
f 900//900 958//958 959//959
f 900//900 959//959 960//960
f 960//960 959//959 961//961
f 960//960 961//961 955//955
f 955//955 961//961 962//962
f 955//955 962//962 953//953
f 917//917 918//918 963//963
f 929//929 964//964 925//925
f 925//925 964//964 965//965
f 925//925 965//965 926//926
f 926//926 965//965 966//966
f 926//926 966//966 923//923
f 923//923 966//966 967//967
f 923//923 967//967 921//921
f 963//963 918//918 967//967
f 967//967 918//918 920//920
f 967//967 920//920 921//921
f 917//917 963//963 915//915
f 915//915 963//963 968//968
f 915//915 968//968 910//910
f 910//910 968//968 969//969
f 910//910 969//969 911//911
f 911//911 969//969 970//970
f 911//911 970//970 913//913
f 971//971 908//908 970//970
f 970//970 908//908 914//914
f 970//970 914//914 913//913
f 897//897 901//901 972//972
f 972//972 901//901 903//903
f 972//972 903//903 973//973
f 973//973 903//903 906//906
f 973//973 906//906 974//974
f 974//974 906//906 905//905
f 974//974 905//905 971//971
f 971//971 905//905 909//909
f 971//971 909//909 908//908
f 897//897 972//972 898//898
f 898//898 972//972 975//975
f 898//898 975//975 958//958
f 958//958 975//975 976//976
f 958//958 976//976 959//959
f 959//959 976//976 977//977
f 959//959 977//977 961//961
f 961//961 977//977 978//978
f 961//961 978//978 962//962
f 962//962 978//978 979//979
f 962//962 979//979 953//953
f 980//980 957//957 981//981
f 981//981 957//957 956//956
f 981//981 956//956 979//979
f 979//979 956//956 954//954
f 979//979 954//954 953//953
f 944//944 943//943 982//982
f 982//982 943//943 952//952
f 982//982 952//952 983//983
f 983//983 952//952 951//951
f 983//983 951//951 980//980
f 980//980 951//951 949//949
f 980//980 949//949 957//957
f 944//944 982//982 946//946
f 946//946 982//982 984//984
f 946//946 984//984 947//947
f 947//947 984//984 985//985
f 947//947 985//985 939//939
f 939//939 985//985 941//941
f 941//941 985//985 986//986
f 941//941 986//986 942//942
f 942//942 986//986 987//987
f 942//942 987//987 933//933
f 929//929 928//928 964//964
f 964//964 928//928 932//932
f 964//964 932//932 988//988
f 988//988 932//932 931//931
f 988//988 931//931 989//989
f 989//989 931//931 937//937
f 989//989 937//937 990//990
f 990//990 937//937 936//936
f 990//990 936//936 987//987
f 987//987 936//936 934//934
f 987//987 934//934 933//933
f 963//963 967//967 991//991
f 967//967 966//966 991//991
f 991//991 966//966 965//965
f 991//991 965//965 992//992
f 992//992 965//965 964//964
f 992//992 964//964 988//988
f 993//993 976//976 975//975
f 988//988 989//989 992//992
f 992//992 989//989 990//990
f 992//992 990//990 994//994
f 994//994 990//990 987//987
f 994//994 987//987 986//986
f 971//971 970//970 995//995
f 995//995 970//970 969//969
f 995//995 969//969 991//991
f 991//991 969//969 968//968
f 991//991 968//968 963//963
f 975//975 972//972 993//993
f 993//993 972//972 973//973
f 993//993 973//973 995//995
f 995//995 973//973 974//974
f 995//995 974//974 971//971
f 983//983 980//980 996//996
f 996//996 980//980 981//981
f 981//981 979//979 996//996
f 996//996 979//979 978//978
f 996//996 978//978 993//993
f 993//993 978//978 977//977
f 993//993 977//977 976//976
f 986//986 985//985 994//994
f 994//994 985//985 984//984
f 994//994 984//984 996//996
f 996//996 984//984 982//982
f 996//996 982//982 983//983
f 900//900 960//960 997//997
f 900//900 997//997 899//899
f 907//907 904//904 997//997
f 997//997 904//904 902//902
f 997//997 902//902 899//899
f 919//919 916//916 997//997
f 997//997 916//916 912//912
f 997//997 912//912 907//907
f 927//927 924//924 997//997
f 997//997 924//924 922//922
f 997//997 922//922 919//919
f 940//940 935//935 997//997
f 997//997 935//935 930//930
f 997//997 930//930 927//927
f 950//950 945//945 997//997
f 997//997 945//945 938//938
f 997//997 938//938 940//940
f 960//960 955//955 997//997
f 997//997 955//955 948//948
f 997//997 948//948 950//950
f 998//998 999//999 993//993
f 993//993 999//999 996//996
f 999//999 1000//1000 996//996
f 996//996 1000//1000 994//994
f 1000//1000 1001//1001 994//994
f 994//994 1001//1001 992//992
f 1001//1001 1002//1002 992//992
f 992//992 1002//1002 991//991
f 1002//1002 1003//1003 991//991
f 991//991 1003//1003 995//995
f 1003//1003 998//998 995//995
f 995//995 998//998 993//993
f 1003//1003 1002//1002 998//998
f 998//998 1002//1002 1001//1001
f 998//998 1001//1001 999//999
f 999//999 1001//1001 1000//1000
f 1004//1004 1005//1005 1006//1006
f 1007//1007 1008//1008 1009//1009
f 1009//1009 1008//1008 1010//1010
f 1009//1009 1010//1010 1011//1011
f 1011//1011 1010//1010 1012//1012
f 1011//1011 1012//1012 1013//1013
f 1013//1013 1012//1012 1014//1014
f 1013//1013 1014//1014 1015//1015
f 1015//1015 1014//1014 1016//1016
f 1015//1015 1016//1016 1017//1017
f 1017//1017 1016//1016 1018//1018
f 1017//1017 1018//1018 1019//1019
f 1019//1019 1018//1018 1020//1020
f 1019//1019 1020//1020 1021//1021
f 1004//1004 1022//1022 1005//1005
f 1005//1005 1022//1022 1023//1023
f 1005//1005 1023//1023 1024//1024
f 1024//1024 1023//1023 1025//1025
f 1024//1024 1025//1025 1026//1026
f 1026//1026 1025//1025 1027//1027
f 1026//1026 1027//1027 1028//1028
f 1028//1028 1027//1027 1029//1029
f 1028//1028 1029//1029 1030//1030
f 1030//1030 1029//1029 1031//1031
f 1030//1030 1031//1031 1032//1032
f 1032//1032 1031//1031 1033//1033
f 1032//1032 1033//1033 1034//1034
f 1035//1035 1036//1036 1037//1037
f 1037//1037 1036//1036 1038//1038
f 1037//1037 1038//1038 1039//1039
f 1039//1039 1038//1038 1040//1040
f 1039//1039 1040//1040 1041//1041
f 1041//1041 1040//1040 1042//1042
f 1041//1041 1042//1042 1043//1043
f 1043//1043 1042//1042 1044//1044
f 1043//1043 1044//1044 1045//1045
f 1045//1045 1044//1044 1046//1046
f 1045//1045 1046//1046 1006//1006
f 1006//1006 1046//1046 1047//1047
f 1006//1006 1047//1047 1004//1004
f 1020//1020 1048//1048 1021//1021
f 1021//1021 1048//1048 1049//1049
f 1021//1021 1049//1049 1050//1050
f 1050//1050 1049//1049 1051//1051
f 1050//1050 1051//1051 1052//1052
f 1052//1052 1051//1051 1053//1053
f 1052//1052 1053//1053 1054//1054
f 1054//1054 1053//1053 1055//1055
f 1054//1054 1055//1055 1056//1056
f 1056//1056 1055//1055 1057//1057
f 1056//1056 1057//1057 1058//1058
f 1058//1058 1057//1057 1059//1059
f 1058//1058 1059//1059 1060//1060
f 1060//1060 1059//1059 1061//1061
f 1060//1060 1061//1061 1035//1035
f 1035//1035 1061//1061 1062//1062
f 1035//1035 1062//1062 1036//1036
f 1033//1033 1063//1063 1034//1034
f 1034//1034 1063//1063 1064//1064
f 1034//1034 1064//1064 1065//1065
f 1065//1065 1064//1064 1066//1066
f 1065//1065 1066//1066 1067//1067
f 1067//1067 1066//1066 1068//1068
f 1067//1067 1068//1068 1069//1069
f 1069//1069 1068//1068 1070//1070
f 1069//1069 1070//1070 1071//1071
f 1071//1071 1070//1070 1072//1072
f 1071//1071 1072//1072 1073//1073
f 1073//1073 1072//1072 1074//1074
f 1073//1073 1074//1074 1075//1075
f 1075//1075 1074//1074 1076//1076
f 1075//1075 1076//1076 1007//1007
f 1007//1007 1076//1076 1077//1077
f 1007//1007 1077//1077 1008//1008
f 1078//1078 1079//1079 1080//1080
f 1080//1080 1079//1079 1081//1081
f 1080//1080 1081//1081 1082//1082
f 1082//1082 1081//1081 1083//1083
f 1082//1082 1083//1083 1084//1084
f 1084//1084 1083//1083 1085//1085
f 1084//1084 1085//1085 1086//1086
f 1086//1086 1085//1085 1087//1087
f 1086//1086 1087//1087 1088//1088
f 1088//1088 1087//1087 1089//1089
f 1088//1088 1089//1089 1090//1090
f 1090//1090 1089//1089 1091//1091
f 1090//1090 1091//1091 1092//1092
f 1091//1091 1093//1093 1092//1092
f 1092//1092 1093//1093 1094//1094
f 1092//1092 1094//1094 1095//1095
f 1095//1095 1094//1094 1096//1096
f 1095//1095 1096//1096 1097//1097
f 1097//1097 1096//1096 1098//1098
f 1097//1097 1098//1098 1099//1099
f 1099//1099 1098//1098 1100//1100
f 1099//1099 1100//1100 1101//1101
f 1101//1101 1100//1100 1102//1102
f 1101//1101 1102//1102 1103//1103
f 1103//1103 1102//1102 1104//1104
f 1103//1103 1104//1104 1105//1105
f 1105//1105 1104//1104 1106//1106
f 1105//1105 1106//1106 1107//1107
f 1108//1108 1109//1109 1110//1110
f 1110//1110 1109//1109 1111//1111
f 1110//1110 1111//1111 1112//1112
f 1112//1112 1111//1111 1113//1113
f 1112//1112 1113//1113 1114//1114
f 1114//1114 1113//1113 1115//1115
f 1114//1114 1115//1115 1116//1116
f 1116//1116 1115//1115 1117//1117
f 1116//1116 1117//1117 1118//1118
f 1118//1118 1117//1117 1119//1119
f 1118//1118 1119//1119 1120//1120
f 1106//1106 1121//1121 1107//1107
f 1107//1107 1121//1121 1122//1122
f 1107//1107 1122//1122 1123//1123
f 1123//1123 1122//1122 1124//1124
f 1123//1123 1124//1124 1125//1125
f 1125//1125 1124//1124 1126//1126
f 1125//1125 1126//1126 1127//1127
f 1127//1127 1126//1126 1128//1128
f 1127//1127 1128//1128 1129//1129
f 1129//1129 1128//1128 1130//1130
f 1129//1129 1130//1130 1131//1131
f 1131//1131 1130//1130 1132//1132
f 1131//1131 1132//1132 1133//1133
f 1133//1133 1132//1132 1134//1134
f 1133//1133 1134//1134 1108//1108
f 1108//1108 1134//1134 1135//1135
f 1108//1108 1135//1135 1109//1109
f 1119//1119 1136//1136 1120//1120
f 1120//1120 1136//1136 1137//1137
f 1120//1120 1137//1137 1138//1138
f 1137//1137 1139//1139 1138//1138
f 1138//1138 1139//1139 1140//1140
f 1138//1138 1140//1140 1141//1141
f 1141//1141 1140//1140 1142//1142
f 1141//1141 1142//1142 1143//1143
f 1143//1143 1142//1142 1144//1144
f 1143//1143 1144//1144 1145//1145
f 1145//1145 1144//1144 1146//1146
f 1145//1145 1146//1146 1147//1147
f 1147//1147 1146//1146 1148//1148
f 1147//1147 1148//1148 1149//1149
f 1149//1149 1148//1148 1150//1150
f 1149//1149 1150//1150 1078//1078
f 1078//1078 1150//1150 1151//1151
f 1078//1078 1151//1151 1079//1079
f 1023//1023 1152//1152 1153//1153
f 1153//1153 1152//1152 1140//1140
f 1152//1152 1004//1004 1140//1140
f 1140//1140 1004//1004 1047//1047
f 1140//1140 1047//1047 1142//1142
f 1142//1142 1047//1047 1046//1046
f 1142//1142 1046//1046 1144//1144
f 1144//1144 1046//1046 1044//1044
f 1144//1144 1044//1044 1146//1146
f 1146//1146 1044//1044 1042//1042
f 1146//1146 1042//1042 1148//1148
f 1148//1148 1042//1042 1040//1040
f 1148//1148 1040//1040 1150//1150
f 1150//1150 1040//1040 1038//1038
f 1150//1150 1038//1038 1151//1151
f 1151//1151 1038//1038 1036//1036
f 1151//1151 1036//1036 1079//1079
f 1079//1079 1036//1036 1062//1062
f 1079//1079 1062//1062 1081//1081
f 1081//1081 1062//1062 1061//1061
f 1081//1081 1061//1061 1083//1083
f 1083//1083 1061//1061 1059//1059
f 1083//1083 1059//1059 1085//1085
f 1085//1085 1059//1059 1057//1057
f 1085//1085 1057//1057 1087//1087
f 1087//1087 1057//1057 1055//1055
f 1087//1087 1055//1055 1089//1089
f 1089//1089 1055//1055 1053//1053
f 1089//1089 1053//1053 1091//1091
f 1091//1091 1053//1053 1051//1051
f 1091//1091 1051//1051 1093//1093
f 1093//1093 1051//1051 1049//1049
f 1093//1093 1049//1049 1094//1094
f 1094//1094 1049//1049 1048//1048
f 1094//1094 1048//1048 1096//1096
f 1096//1096 1048//1048 1020//1020
f 1096//1096 1020//1020 1098//1098
f 1098//1098 1020//1020 1018//1018
f 1098//1098 1018//1018 1100//1100
f 1100//1100 1018//1018 1016//1016
f 1100//1100 1016//1016 1102//1102
f 1102//1102 1016//1016 1014//1014
f 1102//1102 1014//1014 1104//1104
f 1104//1104 1014//1014 1012//1012
f 1104//1104 1012//1012 1106//1106
f 1106//1106 1012//1012 1010//1010
f 1106//1106 1010//1010 1121//1121
f 1121//1121 1010//1010 1008//1008
f 1121//1121 1008//1008 1122//1122
f 1122//1122 1008//1008 1077//1077
f 1122//1122 1077//1077 1124//1124
f 1124//1124 1077//1077 1076//1076
f 1124//1124 1076//1076 1126//1126
f 1126//1126 1076//1076 1074//1074
f 1126//1126 1074//1074 1128//1128
f 1128//1128 1074//1074 1072//1072
f 1128//1128 1072//1072 1130//1130
f 1130//1130 1072//1072 1070//1070
f 1130//1130 1070//1070 1132//1132
f 1132//1132 1070//1070 1068//1068
f 1132//1132 1068//1068 1134//1134
f 1134//1134 1068//1068 1066//1066
f 1134//1134 1066//1066 1135//1135
f 1135//1135 1066//1066 1064//1064
f 1135//1135 1064//1064 1109//1109
f 1109//1109 1064//1064 1063//1063
f 1109//1109 1063//1063 1111//1111
f 1111//1111 1063//1063 1033//1033
f 1111//1111 1033//1033 1113//1113
f 1113//1113 1033//1033 1031//1031
f 1113//1113 1031//1031 1115//1115
f 1115//1115 1031//1031 1029//1029
f 1115//1115 1029//1029 1117//1117
f 1117//1117 1029//1029 1027//1027
f 1117//1117 1027//1027 1119//1119
f 1119//1119 1027//1027 1025//1025
f 1119//1119 1025//1025 1136//1136
f 1136//1136 1025//1025 1023//1023
f 1136//1136 1023//1023 1137//1137
f 1137//1137 1023//1023 1153//1153
f 1154//1154 1155//1155 1013//1013
f 1013//1013 1155//1155 1103//1103
f 1013//1013 1103//1103 1011//1011
f 1011//1011 1103//1103 1105//1105
f 1011//1011 1105//1105 1009//1009
f 1009//1009 1105//1105 1107//1107
f 1009//1009 1107//1107 1007//1007
f 1007//1007 1107//1107 1123//1123
f 1007//1007 1123//1123 1075//1075
f 1075//1075 1123//1123 1125//1125
f 1075//1075 1125//1125 1073//1073
f 1073//1073 1125//1125 1127//1127
f 1073//1073 1127//1127 1071//1071
f 1071//1071 1127//1127 1129//1129
f 1071//1071 1129//1129 1069//1069
f 1069//1069 1129//1129 1131//1131
f 1069//1069 1131//1131 1067//1067
f 1067//1067 1131//1131 1133//1133
f 1067//1067 1133//1133 1065//1065
f 1065//1065 1133//1133 1108//1108
f 1065//1065 1108//1108 1034//1034
f 1034//1034 1108//1108 1110//1110
f 1034//1034 1110//1110 1032//1032
f 1032//1032 1110//1110 1112//1112
f 1032//1032 1112//1112 1030//1030
f 1030//1030 1112//1112 1114//1114
f 1030//1030 1114//1114 1028//1028
f 1028//1028 1114//1114 1116//1116
f 1028//1028 1116//1116 1026//1026
f 1026//1026 1116//1116 1118//1118
f 1026//1026 1118//1118 1024//1024
f 1024//1024 1118//1118 1120//1120
f 1024//1024 1120//1120 1156//1156
f 1156//1156 1120//1120 1138//1138
f 1156//1156 1138//1138 1006//1006
f 1006//1006 1138//1138 1141//1141
f 1006//1006 1141//1141 1045//1045
f 1045//1045 1141//1141 1143//1143
f 1045//1045 1143//1143 1043//1043
f 1043//1043 1143//1143 1145//1145
f 1043//1043 1145//1145 1041//1041
f 1041//1041 1145//1145 1147//1147
f 1041//1041 1147//1147 1039//1039
f 1039//1039 1147//1147 1149//1149
f 1039//1039 1149//1149 1037//1037
f 1037//1037 1149//1149 1078//1078
f 1037//1037 1078//1078 1035//1035
f 1035//1035 1078//1078 1080//1080
f 1035//1035 1080//1080 1060//1060
f 1060//1060 1080//1080 1082//1082
f 1060//1060 1082//1082 1058//1058
f 1058//1058 1082//1082 1084//1084
f 1058//1058 1084//1084 1056//1056
f 1056//1056 1084//1084 1086//1086
f 1056//1056 1086//1086 1054//1054
f 1054//1054 1086//1086 1088//1088
f 1054//1054 1088//1088 1052//1052
f 1052//1052 1088//1088 1090//1090
f 1052//1052 1090//1090 1050//1050
f 1050//1050 1090//1090 1092//1092
f 1050//1050 1092//1092 1021//1021
f 1021//1021 1092//1092 1095//1095
f 1021//1021 1095//1095 1019//1019
f 1019//1019 1095//1095 1097//1097
f 1019//1019 1097//1097 1017//1017
f 1017//1017 1097//1097 1099//1099
f 1017//1017 1099//1099 1154//1154
f 1154//1154 1099//1099 1155//1155
f 1157//1157 1158//1158 1159//1159
f 1159//1159 1158//1158 1160//1160
f 1159//1159 1160//1160 1161//1161
f 1161//1161 1160//1160 1162//1162
f 1161//1161 1162//1162 1163//1163
f 1162//1162 1164//1164 1163//1163
f 1163//1163 1164//1164 1165//1165
f 1163//1163 1165//1165 1166//1166
f 1166//1166 1165//1165 1167//1167
f 1166//1166 1167//1167 1168//1168
f 1168//1168 1167//1167 1169//1169
f 1168//1168 1169//1169 1170//1170
f 1171//1171 1172//1172 1173//1173
f 1173//1173 1172//1172 1174//1174
f 1173//1173 1174//1174 1175//1175
f 1175//1175 1174//1174 1176//1176
f 1175//1175 1176//1176 1177//1177
f 1178//1178 1179//1179 1180//1180
f 1180//1180 1179//1179 1181//1181
f 1180//1180 1181//1181 1157//1157
f 1157//1157 1181//1181 1182//1182
f 1157//1157 1182//1182 1158//1158
f 1176//1176 1183//1183 1177//1177
f 1177//1177 1183//1183 1184//1184
f 1177//1177 1184//1184 1185//1185
f 1185//1185 1184//1184 1186//1186
f 1185//1185 1186//1186 1187//1187
f 1187//1187 1186//1186 1188//1188
f 1187//1187 1188//1188 1178//1178
f 1178//1178 1188//1188 1189//1189
f 1178//1178 1189//1189 1179//1179
f 1169//1169 1190//1190 1170//1170
f 1170//1170 1190//1190 1191//1191
f 1170//1170 1191//1191 1192//1192
f 1192//1192 1191//1191 1193//1193
f 1192//1192 1193//1193 1171//1171
f 1171//1171 1193//1193 1194//1194
f 1171//1171 1194//1194 1172//1172
f 1195//1195 1174//1174 1196//1196
f 1196//1196 1174//1174 1172//1172
f 1196//1196 1172//1172 1197//1197
f 1197//1197 1172//1172 1194//1194
f 1197//1197 1194//1194 1198//1198
f 1198//1198 1194//1194 1193//1193
f 1198//1198 1193//1193 1199//1199
f 1199//1199 1193//1193 1191//1191
f 1199//1199 1191//1191 1200//1200
f 1200//1200 1191//1191 1190//1190
f 1200//1200 1190//1190 1201//1201
f 1201//1201 1190//1190 1169//1169
f 1201//1201 1169//1169 1202//1202
f 1202//1202 1169//1169 1167//1167
f 1202//1202 1167//1167 1203//1203
f 1203//1203 1167//1167 1165//1165
f 1203//1203 1165//1165 1204//1204
f 1204//1204 1165//1165 1164//1164
f 1204//1204 1164//1164 1205//1205
f 1205//1205 1164//1164 1162//1162
f 1205//1205 1162//1162 1206//1206
f 1206//1206 1162//1162 1160//1160
f 1206//1206 1160//1160 1207//1207
f 1207//1207 1160//1160 1158//1158
f 1207//1207 1158//1158 1208//1208
f 1208//1208 1158//1158 1182//1182
f 1208//1208 1182//1182 1209//1209
f 1209//1209 1182//1182 1181//1181
f 1209//1209 1181//1181 1210//1210
f 1210//1210 1181//1181 1179//1179
f 1210//1210 1179//1179 1211//1211
f 1211//1211 1179//1179 1189//1189
f 1211//1211 1189//1189 1212//1212
f 1212//1212 1189//1189 1188//1188
f 1212//1212 1188//1188 1213//1213
f 1213//1213 1188//1188 1186//1186
f 1213//1213 1186//1186 1214//1214
f 1214//1214 1186//1186 1184//1184
f 1214//1214 1184//1184 1215//1215
f 1215//1215 1184//1184 1183//1183
f 1215//1215 1183//1183 1216//1216
f 1216//1216 1183//1183 1176//1176
f 1216//1216 1176//1176 1195//1195
f 1195//1195 1176//1176 1174//1174
f 1195//1195 1196//1196 1217//1217
f 1214//1214 1215//1215 1217//1217
f 1217//1217 1215//1215 1216//1216
f 1217//1217 1216//1216 1195//1195
f 1211//1211 1212//1212 1217//1217
f 1217//1217 1212//1212 1213//1213
f 1217//1217 1213//1213 1214//1214
f 1208//1208 1209//1209 1217//1217
f 1217//1217 1209//1209 1210//1210
f 1217//1217 1210//1210 1211//1211
f 1205//1205 1206//1206 1217//1217
f 1217//1217 1206//1206 1207//1207
f 1217//1217 1207//1207 1208//1208
f 1202//1202 1203//1203 1217//1217
f 1217//1217 1203//1203 1204//1204
f 1217//1217 1204//1204 1205//1205
f 1199//1199 1200//1200 1217//1217
f 1217//1217 1200//1200 1201//1201
f 1217//1217 1201//1201 1202//1202
f 1196//1196 1197//1197 1217//1217
f 1217//1217 1197//1197 1198//1198
f 1217//1217 1198//1198 1199//1199
f 1218//1218 1219//1219 1220//1220
f 1221//1221 1222//1222 1220//1220
f 1220//1220 1222//1222 1223//1223
f 1220//1220 1223//1223 1218//1218
f 1224//1224 1225//1225 1220//1220
f 1220//1220 1225//1225 1226//1226
f 1220//1220 1226//1226 1221//1221
f 1227//1227 1228//1228 1220//1220
f 1220//1220 1228//1228 1229//1229
f 1220//1220 1229//1229 1224//1224
f 1230//1230 1231//1231 1220//1220
f 1220//1220 1231//1231 1232//1232
f 1220//1220 1232//1232 1227//1227
f 1219//1219 1233//1233 1220//1220
f 1220//1220 1233//1233 1234//1234
f 1220//1220 1234//1234 1230//1230
f 1175//1175 1223//1223 1173//1173
f 1173//1173 1223//1223 1222//1222
f 1173//1173 1222//1222 1171//1171
f 1171//1171 1222//1222 1221//1221
f 1171//1171 1221//1221 1192//1192
f 1192//1192 1221//1221 1226//1226
f 1192//1192 1226//1226 1170//1170
f 1170//1170 1226//1226 1225//1225
f 1170//1170 1225//1225 1168//1168
f 1168//1168 1225//1225 1224//1224
f 1168//1168 1224//1224 1166//1166
f 1166//1166 1224//1224 1229//1229
f 1166//1166 1229//1229 1163//1163
f 1163//1163 1229//1229 1228//1228
f 1163//1163 1228//1228 1161//1161
f 1161//1161 1228//1228 1227//1227
f 1161//1161 1227//1227 1159//1159
f 1159//1159 1227//1227 1232//1232
f 1159//1159 1232//1232 1157//1157
f 1157//1157 1232//1232 1231//1231
f 1157//1157 1231//1231 1180//1180
f 1180//1180 1231//1231 1230//1230
f 1180//1180 1230//1230 1178//1178
f 1178//1178 1230//1230 1234//1234
f 1178//1178 1234//1234 1187//1187
f 1187//1187 1234//1234 1233//1233
f 1187//1187 1233//1233 1185//1185
f 1185//1185 1233//1233 1219//1219
f 1185//1185 1219//1219 1177//1177
f 1177//1177 1219//1219 1218//1218
f 1177//1177 1218//1218 1175//1175
f 1175//1175 1218//1218 1223//1223
f 1235//1235 1236//1236 1237//1237
f 1235//1235 1238//1238 1236//1236
f 1236//1236 1238//1238 1239//1239
f 1236//1236 1239//1239 1240//1240
f 1240//1240 1241//1241 1236//1236
f 1236//1236 1241//1241 1242//1242
f 1236//1236 1242//1242 1243//1243
f 1244//1244 1245//1245 1246//1246
f 1247//1247 1248//1248 1244//1244
f 1244//1244 1248//1248 1249//1249
f 1244//1244 1249//1249 1245//1245
f 1237//1237 1250//1250 1235//1235
f 1235//1235 1250//1250 1244//1244
f 1235//1235 1244//1244 1251//1251
f 1251//1251 1244//1244 1246//1246
f 1244//1244 1252//1252 1247//1247
f 1247//1247 1252//1252 1253//1253
f 1247//1247 1253//1253 1254//1254
f 1255//1255 1256//1256 1257//1257
f 1257//1257 1256//1256 1258//1258
f 1257//1257 1258//1258 1259//1259
f 1259//1259 1258//1258 1260//1260
f 1259//1259 1260//1260 1261//1261
f 1261//1261 1260//1260 1262//1262
f 1263//1263 1264//1264 1265//1265
f 1265//1265 1264//1264 1261//1261
f 1265//1265 1261//1261 1262//1262
f 1264//1264 1263//1263 1266//1266
f 1264//1264 1266//1266 1267//1267
f 1267//1267 1266//1266 1268//1268
f 1267//1267 1268//1268 1269//1269
f 1269//1269 1268//1268 1270//1270
f 1269//1269 1270//1270 1271//1271
f 1271//1271 1270//1270 1272//1272
f 1271//1271 1272//1272 1273//1273
f 1273//1273 1272//1272 1274//1274
f 1273//1273 1274//1274 1275//1275
f 1275//1275 1274//1274 1276//1276
f 1275//1275 1276//1276 1277//1277
f 1277//1277 1276//1276 1278//1278
f 1277//1277 1278//1278 1279//1279
f 1279//1279 1278//1278 1280//1280
f 1279//1279 1280//1280 1281//1281
f 1281//1281 1280//1280 1282//1282
f 1281//1281 1282//1282 1283//1283
f 1283//1283 1282//1282 1284//1284
f 1283//1283 1284//1284 1285//1285
f 1285//1285 1284//1284 1286//1286
f 1285//1285 1286//1286 1287//1287
f 1287//1287 1286//1286 1288//1288
f 1287//1287 1288//1288 1289//1289
f 1289//1289 1288//1288 1290//1290
f 1290//1290 1288//1288 1291//1291
f 1290//1290 1291//1291 1292//1292
f 1290//1290 1292//1292 1293//1293
f 1293//1293 1292//1292 1294//1294
f 1293//1293 1294//1294 1295//1295
f 1295//1295 1294//1294 1296//1296
f 1295//1295 1296//1296 1297//1297
f 1297//1297 1296//1296 1298//1298
f 1297//1297 1298//1298 1299//1299
f 1300//1300 1256//1256 1255//1255
f 1248//1248 1247//1247 1301//1301
f 1301//1301 1302//1302 1248//1248
f 1248//1248 1302//1302 1303//1303
f 1248//1248 1303//1303 1249//1249
f 1249//1249 1303//1303 1304//1304
f 1249//1249 1304//1304 1245//1245
f 1245//1245 1304//1304 1305//1305
f 1245//1245 1305//1305 1246//1246
f 1246//1246 1305//1305 1306//1306
f 1246//1246 1306//1306 1251//1251
f 1306//1306 1307//1307 1251//1251
f 1251//1251 1307//1307 1308//1308
f 1251//1251 1308//1308 1235//1235
f 1235//1235 1308//1308 1309//1309
f 1235//1235 1309//1309 1238//1238
f 1238//1238 1309//1309 1310//1310
f 1238//1238 1310//1310 1239//1239
f 1239//1239 1310//1310 1311//1311
f 1239//1239 1311//1311 1240//1240
f 1240//1240 1311//1311 1312//1312
f 1240//1240 1312//1312 1241//1241
f 1241//1241 1312//1312 1313//1313
f 1314//1314 1243//1243 1313//1313
f 1313//1313 1243//1243 1242//1242
f 1313//1313 1242//1242 1241//1241
f 1315//1315 1316//1316 1317//1317
f 1317//1317 1316//1316 1297//1297
f 1297//1297 1299//1299 1317//1317
f 1317//1317 1299//1299 1318//1318
f 1317//1317 1318//1318 1319//1319
f 1319//1319 1318//1318 1320//1320
f 1319//1319 1320//1320 1321//1321
f 1321//1321 1320//1320 1322//1322
f 1321//1321 1322//1322 1323//1323
f 1323//1323 1322//1322 1324//1324
f 1324//1324 1322//1322 1325//1325
f 1324//1324 1325//1325 1326//1326
f 1325//1325 1327//1327 1326//1326
f 1326//1326 1327//1327 1328//1328
f 1326//1326 1328//1328 1329//1329
f 1329//1329 1328//1328 1330//1330
f 1329//1329 1330//1330 1314//1314
f 1314//1314 1330//1330 1331//1331
f 1314//1314 1331//1331 1243//1243
f 1332//1332 1333//1333 1334//1334
f 1334//1334 1333//1333 1301//1301
f 1334//1334 1301//1301 1335//1335
f 1335//1335 1301//1301 1247//1247
f 1335//1335 1247//1247 1254//1254
f 1336//1336 1337//1337 1255//1255
f 1255//1255 1337//1337 1338//1338
f 1255//1255 1338//1338 1300//1300
f 1300//1300 1338//1338 1339//1339
f 1300//1300 1339//1339 1340//1340
f 1340//1340 1339//1339 1341//1341
f 1340//1340 1341//1341 1342//1342
f 1342//1342 1341//1341 1343//1343
f 1342//1342 1343//1343 1344//1344
f 1344//1344 1343//1343 1345//1345
f 1344//1344 1345//1345 1332//1332
f 1332//1332 1345//1345 1346//1346
f 1332//1332 1346//1346 1333//1333
f 1347//1347 1236//1236 1348//1348
f 1348//1348 1236//1236 1243//1243
f 1348//1348 1243//1243 1331//1331
f 1237//1237 1236//1236 1349//1349
f 1349//1349 1236//1236 1347//1347
f 1350//1350 1351//1351 1250//1250
f 1349//1349 1352//1352 1237//1237
f 1237//1237 1352//1352 1353//1353
f 1237//1237 1353//1353 1250//1250
f 1250//1250 1353//1353 1354//1354
f 1250//1250 1354//1354 1350//1350
f 1244//1244 1250//1250 1252//1252
f 1252//1252 1250//1250 1351//1351
f 1355//1355 1356//1356 1261//1261
f 1336//1336 1255//1255 1257//1257
f 1261//1261 1356//1356 1259//1259
f 1259//1259 1356//1356 1357//1357
f 1259//1259 1357//1357 1257//1257
f 1358//1358 1359//1359 1357//1357
f 1360//1360 1361//1361 1362//1362
f 1363//1363 1273//1273 1364//1364
f 1364//1364 1273//1273 1275//1275
f 1364//1364 1275//1275 1365//1365
f 1365//1365 1275//1275 1277//1277
f 1365//1365 1277//1277 1366//1366
f 1362//1362 1361//1361 1367//1367
f 1368//1368 1369//1369 1370//1370
f 1370//1370 1369//1369 1371//1371
f 1370//1370 1371//1371 1372//1372
f 1373//1373 1374//1374 1375//1375
f 1376//1376 1264//1264 1377//1377
f 1377//1377 1264//1264 1267//1267
f 1377//1377 1267//1267 1378//1378
f 1378//1378 1267//1267 1269//1269
f 1378//1378 1269//1269 1363//1363
f 1363//1363 1269//1269 1271//1271
f 1363//1363 1271//1271 1273//1273
f 1357//1357 1359//1359 1257//1257
f 1257//1257 1359//1359 1379//1379
f 1257//1257 1379//1379 1336//1336
f 1380//1380 1289//1289 1381//1381
f 1381//1381 1289//1289 1290//1290
f 1381//1381 1290//1290 1374//1374
f 1374//1374 1290//1290 1293//1293
f 1374//1374 1293//1293 1295//1295
f 1382//1382 1383//1383 1384//1384
f 1384//1384 1383//1383 1385//1385
f 1386//1386 1387//1387 1370//1370
f 1370//1370 1387//1387 1388//1388
f 1388//1388 1389//1389 1370//1370
f 1370//1370 1389//1389 1390//1390
f 1370//1370 1390//1390 1368//1368
f 1295//1295 1297//1297 1316//1316
f 1316//1316 1391//1391 1295//1295
f 1295//1295 1391//1391 1392//1392
f 1295//1295 1392//1392 1374//1374
f 1374//1374 1392//1392 1393//1393
f 1374//1374 1393//1393 1375//1375
f 1361//1361 1394//1394 1367//1367
f 1367//1367 1394//1394 1395//1395
f 1367//1367 1395//1395 1357//1357
f 1357//1357 1395//1395 1396//1396
f 1357//1357 1396//1396 1358//1358
f 1385//1385 1360//1360 1384//1384
f 1384//1384 1360//1360 1362//1362
f 1384//1384 1362//1362 1397//1397
f 1397//1397 1362//1362 1370//1370
f 1397//1397 1370//1370 1398//1398
f 1398//1398 1370//1370 1372//1372
f 1375//1375 1399//1399 1373//1373
f 1373//1373 1399//1399 1400//1400
f 1373//1373 1400//1400 1386//1386
f 1386//1386 1400//1400 1401//1401
f 1386//1386 1401//1401 1387//1387
f 1387//1387 1401//1401 1402//1402
f 1387//1387 1402//1402 1403//1403
f 1403//1403 1402//1402 1404//1404
f 1403//1403 1404//1404 1405//1405
f 1261//1261 1264//1264 1355//1355
f 1355//1355 1264//1264 1376//1376
f 1355//1355 1376//1376 1406//1406
f 1406//1406 1376//1376 1407//1407
f 1406//1406 1407//1407 1408//1408
f 1409//1409 1380//1380 1410//1410
f 1410//1410 1380//1380 1406//1406
f 1410//1410 1406//1406 1411//1411
f 1411//1411 1406//1406 1408//1408
f 1277//1277 1279//1279 1366//1366
f 1366//1366 1279//1279 1281//1281
f 1366//1366 1281//1281 1412//1412
f 1412//1412 1281//1281 1283//1283
f 1412//1412 1283//1283 1413//1413
f 1413//1413 1283//1283 1285//1285
f 1413//1413 1285//1285 1414//1414
f 1414//1414 1285//1285 1287//1287
f 1414//1414 1287//1287 1415//1415
f 1415//1415 1287//1287 1289//1289
f 1415//1415 1289//1289 1416//1416
f 1416//1416 1289//1289 1380//1380
f 1416//1416 1380//1380 1417//1417
f 1417//1417 1380//1380 1409//1409
f 1418//1418 1419//1419 1420//1420
f 1421//1421 1422//1422 1348//1348
f 1288//1288 1286//1286 1423//1423
f 1424//1424 1335//1335 1425//1425
f 1425//1425 1335//1335 1254//1254
f 1425//1425 1254//1254 1426//1426
f 1426//1426 1254//1254 1253//1253
f 1426//1426 1253//1253 1427//1427
f 1428//1428 1429//1429 1430//1430
f 1431//1431 1432//1432 1433//1433
f 1433//1433 1432//1432 1434//1434
f 1433//1433 1434//1434 1435//1435
f 1434//1434 1436//1436 1435//1435
f 1435//1435 1436//1436 1437//1437
f 1435//1435 1437//1437 1428//1428
f 1428//1428 1437//1437 1438//1438
f 1428//1428 1438//1438 1429//1429
f 1424//1424 1431//1431 1335//1335
f 1335//1335 1431//1431 1433//1433
f 1335//1335 1433//1433 1334//1334
f 1334//1334 1433//1433 1332//1332
f 1439//1439 1342//1342 1433//1433
f 1433//1433 1342//1342 1344//1344
f 1433//1433 1344//1344 1332//1332
f 1300//1300 1340//1340 1440//1440
f 1439//1439 1441//1441 1342//1342
f 1342//1342 1441//1441 1442//1442
f 1342//1342 1442//1442 1340//1340
f 1340//1340 1442//1442 1443//1443
f 1340//1340 1443//1443 1440//1440
f 1444//1444 1445//1445 1446//1446
f 1445//1445 1447//1447 1446//1446
f 1446//1446 1447//1447 1448//1448
f 1446//1446 1448//1448 1435//1435
f 1448//1448 1449//1449 1435//1435
f 1435//1435 1449//1449 1450//1450
f 1435//1435 1450//1450 1433//1433
f 1433//1433 1450//1450 1451//1451
f 1433//1433 1451//1451 1439//1439
f 1262//1262 1260//1260 1446//1446
f 1446//1446 1260//1260 1258//1258
f 1440//1440 1444//1444 1300//1300
f 1300//1300 1444//1444 1446//1446
f 1300//1300 1446//1446 1256//1256
f 1256//1256 1446//1446 1258//1258
f 1266//1266 1263//1263 1452//1452
f 1452//1452 1263//1263 1265//1265
f 1452//1452 1265//1265 1262//1262
f 1452//1452 1453//1453 1454//1454
f 1454//1454 1455//1455 1452//1452
f 1452//1452 1455//1455 1456//1456
f 1452//1452 1456//1456 1266//1266
f 1266//1266 1456//1456 1457//1457
f 1266//1266 1457//1457 1268//1268
f 1268//1268 1457//1457 1458//1458
f 1268//1268 1458//1458 1270//1270
f 1270//1270 1458//1458 1459//1459
f 1270//1270 1459//1459 1272//1272
f 1272//1272 1459//1459 1274//1274
f 1274//1274 1459//1459 1460//1460
f 1274//1274 1460//1460 1276//1276
f 1276//1276 1460//1460 1461//1461
f 1276//1276 1461//1461 1278//1278
f 1461//1461 1462//1462 1278//1278
f 1278//1278 1462//1462 1463//1463
f 1278//1278 1463//1463 1280//1280
f 1464//1464 1423//1423 1465//1465
f 1465//1465 1423//1423 1286//1286
f 1465//1465 1286//1286 1466//1466
f 1466//1466 1286//1286 1284//1284
f 1466//1466 1284//1284 1463//1463
f 1463//1463 1284//1284 1282//1282
f 1463//1463 1282//1282 1280//1280
f 1296//1296 1467//1467 1298//1298
f 1298//1298 1467//1467 1299//1299
f 1296//1296 1294//1294 1467//1467
f 1467//1467 1294//1294 1292//1292
f 1467//1467 1292//1292 1423//1423
f 1423//1423 1292//1292 1291//1291
f 1423//1423 1291//1291 1288//1288
f 1468//1468 1467//1467 1469//1469
f 1469//1469 1467//1467 1470//1470
f 1320//1320 1318//1318 1471//1471
f 1468//1468 1472//1472 1467//1467
f 1467//1467 1472//1472 1473//1473
f 1467//1467 1473//1473 1299//1299
f 1299//1299 1473//1473 1474//1474
f 1299//1299 1474//1474 1318//1318
f 1318//1318 1474//1474 1475//1475
f 1318//1318 1475//1475 1471//1471
f 1471//1471 1476//1476 1320//1320
f 1320//1320 1476//1476 1477//1477
f 1320//1320 1477//1477 1322//1322
f 1322//1322 1477//1477 1478//1478
f 1322//1322 1478//1478 1325//1325
f 1325//1325 1478//1478 1479//1479
f 1325//1325 1479//1479 1470//1470
f 1470//1470 1479//1479 1480//1480
f 1470//1470 1480//1480 1469//1469
f 1422//1422 1481//1481 1482//1482
f 1481//1481 1483//1483 1482//1482
f 1482//1482 1483//1483 1484//1484
f 1482//1482 1484//1484 1470//1470
f 1421//1421 1348//1348 1485//1485
f 1485//1485 1348//1348 1331//1331
f 1485//1485 1331//1331 1486//1486
f 1486//1486 1331//1331 1330//1330
f 1486//1486 1330//1330 1487//1487
f 1487//1487 1330//1330 1328//1328
f 1487//1487 1328//1328 1488//1488
f 1488//1488 1328//1328 1327//1327
f 1488//1488 1327//1327 1325//1325
f 1484//1484 1489//1489 1470//1470
f 1470//1470 1489//1489 1490//1490
f 1470//1470 1490//1490 1325//1325
f 1325//1325 1490//1490 1491//1491
f 1325//1325 1491//1491 1488//1488
f 1422//1422 1482//1482 1348//1348
f 1348//1348 1482//1482 1492//1492
f 1348//1348 1492//1492 1347//1347
f 1347//1347 1492//1492 1352//1352
f 1347//1347 1352//1352 1349//1349
f 1493//1493 1252//1252 1351//1351
f 1252//1252 1428//1428 1253//1253
f 1253//1253 1428//1428 1430//1430
f 1253//1253 1430//1430 1427//1427
f 1494//1494 1495//1495 1496//1496
f 1496//1496 1495//1495 1497//1497
f 1496//1496 1497//1497 1453//1453
f 1453//1453 1497//1497 1498//1498
f 1453//1453 1498//1498 1454//1454
f 1428//1428 1499//1499 1435//1435
f 1435//1435 1499//1499 1500//1500
f 1435//1435 1500//1500 1446//1446
f 1446//1446 1500//1500 1420//1420
f 1419//1419 1501//1501 1420//1420
f 1420//1420 1501//1501 1502//1502
f 1420//1420 1502//1502 1503//1503
f 1262//1262 1446//1446 1452//1452
f 1452//1452 1446//1446 1420//1420
f 1452//1452 1420//1420 1453//1453
f 1453//1453 1420//1420 1503//1503
f 1453//1453 1503//1503 1504//1504
f 1505//1505 1506//1506 1507//1507
f 1507//1507 1506//1506 1496//1496
f 1507//1507 1496//1496 1508//1508
f 1504//1504 1509//1509 1453//1453
f 1453//1453 1509//1509 1510//1510
f 1453//1453 1510//1510 1496//1496
f 1496//1496 1510//1510 1511//1511
f 1496//1496 1511//1511 1508//1508
f 1512//1512 1513//1513 1514//1514
f 1515//1515 1516//1516 1517//1517
f 1517//1517 1516//1516 1518//1518
f 1499//1499 1519//1519 1520//1520
f 1521//1521 1522//1522 1517//1517
f 1517//1517 1522//1522 1523//1523
f 1517//1517 1523//1523 1515//1515
f 1252//1252 1493//1493 1428//1428
f 1428//1428 1493//1493 1517//1517
f 1428//1428 1517//1517 1499//1499
f 1499//1499 1517//1517 1518//1518
f 1499//1499 1518//1518 1519//1519
f 1513//1513 1524//1524 1514//1514
f 1514//1514 1524//1524 1525//1525
f 1514//1514 1525//1525 1521//1521
f 1521//1521 1525//1525 1526//1526
f 1521//1521 1526//1526 1522//1522
f 1520//1520 1512//1512 1499//1499
f 1499//1499 1512//1512 1514//1514
f 1499//1499 1514//1514 1500//1500
f 1500//1500 1514//1514 1527//1527
f 1500//1500 1527//1527 1420//1420
f 1420//1420 1527//1527 1506//1506
f 1420//1420 1506//1506 1418//1418
f 1418//1418 1506//1506 1505//1505
f 1351//1351 1350//1350 1493//1493
f 1493//1493 1350//1350 1354//1354
f 1493//1493 1354//1354 1517//1517
f 1517//1517 1354//1354 1353//1353
f 1517//1517 1353//1353 1521//1521
f 1353//1353 1352//1352 1521//1521
f 1521//1521 1352//1352 1492//1492
f 1521//1521 1492//1492 1514//1514
f 1514//1514 1492//1492 1482//1482
f 1514//1514 1482//1482 1527//1527
f 1527//1527 1482//1482 1470//1470
f 1527//1527 1470//1470 1506//1506
f 1506//1506 1470//1470 1467//1467
f 1506//1506 1467//1467 1496//1496
f 1496//1496 1467//1467 1423//1423
f 1496//1496 1423//1423 1494//1494
f 1494//1494 1423//1423 1464//1464
f 1528//1528 1360//1360 1529//1529
f 1529//1529 1360//1360 1385//1385
f 1529//1529 1385//1385 1530//1530
f 1530//1530 1385//1385 1383//1383
f 1530//1530 1383//1383 1531//1531
f 1531//1531 1383//1383 1382//1382
f 1372//1372 1532//1532 1398//1398
f 1398//1398 1532//1532 1533//1533
f 1398//1398 1533//1533 1397//1397
f 1397//1397 1533//1533 1534//1534
f 1397//1397 1534//1534 1384//1384
f 1384//1384 1534//1534 1535//1535
f 1384//1384 1535//1535 1382//1382
f 1382//1382 1535//1535 1536//1536
f 1382//1382 1536//1536 1531//1531
f 1405//1405 1537//1537 1403//1403
f 1403//1403 1537//1537 1538//1538
f 1403//1403 1538//1538 1387//1387
f 1387//1387 1538//1538 1539//1539
f 1387//1387 1539//1539 1388//1388
f 1388//1388 1539//1539 1540//1540
f 1388//1388 1540//1540 1389//1389
f 1389//1389 1540//1540 1541//1541
f 1389//1389 1541//1541 1390//1390
f 1390//1390 1541//1541 1542//1542
f 1390//1390 1542//1542 1368//1368
f 1368//1368 1542//1542 1543//1543
f 1368//1368 1543//1543 1369//1369
f 1369//1369 1543//1543 1544//1544
f 1369//1369 1544//1544 1371//1371
f 1371//1371 1544//1544 1545//1545
f 1371//1371 1545//1545 1372//1372
f 1372//1372 1545//1545 1546//1546
f 1372//1372 1546//1546 1532//1532
f 1402//1402 1547//1547 1404//1404
f 1404//1404 1547//1547 1548//1548
f 1404//1404 1548//1548 1405//1405
f 1405//1405 1548//1548 1549//1549
f 1405//1405 1549//1549 1537//1537
f 1400//1400 1399//1399 1550//1550
f 1550//1550 1399//1399 1551//1551
f 1552//1552 1553//1553 1394//1394
f 1394//1394 1553//1553 1395//1395
f 1554//1554 1555//1555 1537//1537
f 1341//1341 1339//1339 1556//1556
f 1557//1557 1558//1558 1337//1337
f 1337//1337 1558//1558 1559//1559
f 1337//1337 1559//1559 1338//1338
f 1338//1338 1559//1559 1560//1560
f 1338//1338 1560//1560 1339//1339
f 1339//1339 1560//1560 1561//1561
f 1339//1339 1561//1561 1556//1556
f 1552//1552 1562//1562 1553//1553
f 1553//1553 1562//1562 1563//1563
f 1553//1553 1563//1563 1564//1564
f 1564//1564 1563//1563 1559//1559
f 1564//1564 1559//1559 1565//1565
f 1565//1565 1559//1559 1558//1558
f 1552//1552 1566//1566 1562//1562
f 1562//1562 1566//1566 1528//1528
f 1562//1562 1528//1528 1567//1567
f 1567//1567 1528//1528 1529//1529
f 1567//1567 1529//1529 1568//1568
f 1568//1568 1529//1529 1530//1530
f 1568//1568 1530//1530 1569//1569
f 1569//1569 1530//1530 1531//1531
f 1569//1569 1531//1531 1570//1570
f 1571//1571 1572//1572 1345//1345
f 1302//1302 1301//1301 1573//1573
f 1573//1573 1301//1301 1574//1574
f 1574//1574 1301//1301 1333//1333
f 1574//1574 1333//1333 1572//1572
f 1572//1572 1333//1333 1346//1346
f 1572//1572 1346//1346 1345//1345
f 1573//1573 1575//1575 1302//1302
f 1302//1302 1575//1575 1576//1576
f 1302//1302 1576//1576 1303//1303
f 1303//1303 1576//1576 1577//1577
f 1303//1303 1577//1577 1304//1304
f 1304//1304 1577//1577 1578//1578
f 1304//1304 1578//1578 1579//1579
f 1532//1532 1306//1306 1305//1305
f 1305//1305 1304//1304 1532//1532
f 1532//1532 1304//1304 1579//1579
f 1532//1532 1579//1579 1533//1533
f 1533//1533 1579//1579 1580//1580
f 1533//1533 1580//1580 1534//1534
f 1534//1534 1580//1580 1581//1581
f 1534//1534 1581//1581 1535//1535
f 1535//1535 1581//1581 1582//1582
f 1535//1535 1582//1582 1536//1536
f 1536//1536 1582//1582 1571//1571
f 1536//1536 1571//1571 1531//1531
f 1531//1531 1571//1571 1345//1345
f 1531//1531 1345//1345 1570//1570
f 1570//1570 1345//1345 1343//1343
f 1570//1570 1343//1343 1583//1583
f 1583//1583 1343//1343 1341//1341
f 1583//1583 1341//1341 1584//1584
f 1584//1584 1341//1341 1556//1556
f 1585//1585 1586//1586 1543//1543
f 1543//1543 1586//1586 1587//1587
f 1543//1543 1587//1587 1544//1544
f 1544//1544 1587//1587 1588//1588
f 1544//1544 1588//1588 1545//1545
f 1545//1545 1588//1588 1589//1589
f 1545//1545 1589//1589 1546//1546
f 1546//1546 1589//1589 1590//1590
f 1546//1546 1590//1590 1532//1532
f 1532//1532 1590//1590 1306//1306
f 1306//1306 1590//1590 1591//1591
f 1306//1306 1591//1591 1307//1307
f 1592//1592 1593//1593 1594//1594
f 1585//1585 1543//1543 1595//1595
f 1595//1595 1543//1543 1542//1542
f 1595//1595 1542//1542 1541//1541
f 1309//1309 1308//1308 1592//1592
f 1313//1313 1596//1596 1314//1314
f 1314//1314 1596//1596 1597//1597
f 1314//1314 1597//1597 1329//1329
f 1329//1329 1597//1597 1598//1598
f 1329//1329 1598//1598 1326//1326
f 1326//1326 1598//1598 1554//1554
f 1326//1326 1554//1554 1324//1324
f 1324//1324 1554//1554 1537//1537
f 1592//1592 1595//1595 1593//1593
f 1593//1593 1595//1595 1541//1541
f 1593//1593 1541//1541 1599//1599
f 1599//1599 1541//1541 1540//1540
f 1599//1599 1540//1540 1600//1600
f 1600//1600 1540//1540 1539//1539
f 1600//1600 1539//1539 1555//1555
f 1555//1555 1539//1539 1538//1538
f 1555//1555 1538//1538 1537//1537
f 1591//1591 1601//1601 1307//1307
f 1307//1307 1601//1601 1602//1602
f 1307//1307 1602//1602 1308//1308
f 1308//1308 1602//1602 1603//1603
f 1308//1308 1603//1603 1592//1592
f 1309//1309 1592//1592 1310//1310
f 1310//1310 1592//1592 1594//1594
f 1310//1310 1594//1594 1311//1311
f 1311//1311 1594//1594 1604//1604
f 1311//1311 1604//1604 1312//1312
f 1312//1312 1604//1604 1605//1605
f 1312//1312 1605//1605 1313//1313
f 1313//1313 1605//1605 1606//1606
f 1313//1313 1606//1606 1596//1596
f 1319//1319 1607//1607 1317//1317
f 1317//1317 1607//1607 1608//1608
f 1317//1317 1608//1608 1315//1315
f 1315//1315 1608//1608 1609//1609
f 1315//1315 1609//1609 1610//1610
f 1610//1610 1609//1609 1611//1611
f 1612//1612 1611//1611 1613//1613
f 1613//1613 1611//1611 1609//1609
f 1613//1613 1609//1609 1551//1551
f 1551//1551 1609//1609 1614//1614
f 1551//1551 1614//1614 1550//1550
f 1550//1550 1614//1614 1615//1615
f 1616//1616 1617//1617 1321//1321
f 1321//1321 1617//1617 1618//1618
f 1321//1321 1618//1618 1319//1319
f 1319//1319 1618//1618 1619//1619
f 1319//1319 1619//1619 1607//1607
f 1620//1620 1550//1550 1547//1547
f 1547//1547 1550//1550 1615//1615
f 1547//1547 1615//1615 1548//1548
f 1548//1548 1615//1615 1621//1621
f 1548//1548 1621//1621 1549//1549
f 1549//1549 1621//1621 1622//1622
f 1549//1549 1622//1622 1537//1537
f 1537//1537 1622//1622 1623//1623
f 1537//1537 1623//1623 1324//1324
f 1324//1324 1623//1623 1616//1616
f 1324//1324 1616//1616 1323//1323
f 1323//1323 1616//1616 1321//1321
f 1552//1552 1394//1394 1361//1361
f 1552//1552 1361//1361 1566//1566
f 1566//1566 1361//1361 1360//1360
f 1566//1566 1360//1360 1528//1528
f 1547//1547 1402//1402 1401//1401
f 1547//1547 1401//1401 1620//1620
f 1620//1620 1401//1401 1400//1400
f 1620//1620 1400//1400 1550//1550
f 1337//1337 1336//1336 1379//1379
f 1337//1337 1379//1379 1557//1557
f 1557//1557 1379//1379 1359//1359
f 1557//1557 1359//1359 1558//1558
f 1558//1558 1359//1359 1358//1358
f 1558//1558 1358//1358 1565//1565
f 1565//1565 1358//1358 1396//1396
f 1565//1565 1396//1396 1564//1564
f 1564//1564 1396//1396 1395//1395
f 1564//1564 1395//1395 1553//1553
f 1551//1551 1399//1399 1375//1375
f 1551//1551 1375//1375 1613//1613
f 1613//1613 1375//1375 1393//1393
f 1613//1613 1393//1393 1612//1612
f 1612//1612 1393//1393 1392//1392
f 1612//1612 1392//1392 1611//1611
f 1611//1611 1392//1392 1391//1391
f 1611//1611 1391//1391 1610//1610
f 1610//1610 1391//1391 1316//1316
f 1610//1610 1316//1316 1315//1315
f 1624//1624 1625//1625 1626//1626
f 1626//1626 1625//1625 1366//1366
f 1626//1626 1366//1366 1627//1627
f 1627//1627 1366//1366 1412//1412
f 1627//1627 1412//1412 1628//1628
f 1628//1628 1412//1412 1413//1413
f 1628//1628 1413//1413 1629//1629
f 1629//1629 1413//1413 1414//1414
f 1629//1629 1414//1414 1630//1630
f 1630//1630 1414//1414 1415//1415
f 1630//1630 1415//1415 1631//1631
f 1631//1631 1415//1415 1416//1416
f 1631//1631 1416//1416 1632//1632
f 1632//1632 1416//1416 1417//1417
f 1632//1632 1417//1417 1633//1633
f 1633//1633 1417//1417 1409//1409
f 1633//1633 1409//1409 1634//1634
f 1634//1634 1409//1409 1410//1410
f 1634//1634 1410//1410 1635//1635
f 1635//1635 1410//1410 1411//1411
f 1635//1635 1411//1411 1636//1636
f 1636//1636 1411//1411 1408//1408
f 1636//1636 1408//1408 1637//1637
f 1637//1637 1408//1408 1407//1407
f 1637//1637 1407//1407 1638//1638
f 1638//1638 1407//1407 1376//1376
f 1638//1638 1376//1376 1639//1639
f 1639//1639 1376//1376 1377//1377
f 1639//1639 1377//1377 1640//1640
f 1640//1640 1377//1377 1378//1378
f 1640//1640 1378//1378 1641//1641
f 1641//1641 1378//1378 1363//1363
f 1641//1641 1363//1363 1642//1642
f 1642//1642 1363//1363 1364//1364
f 1642//1642 1364//1364 1624//1624
f 1624//1624 1364//1364 1625//1625
f 1632//1632 1633//1633 1643//1643
f 1643//1643 1633//1633 1634//1634
f 1643//1643 1634//1634 1644//1644
f 1644//1644 1634//1634 1635//1635
f 1644//1644 1635//1635 1645//1645
f 1645//1645 1635//1635 1636//1636
f 1645//1645 1636//1636 1646//1646
f 1646//1646 1636//1636 1637//1637
f 1646//1646 1637//1637 1647//1647
f 1647//1647 1637//1637 1638//1638
f 1647//1647 1638//1638 1648//1648
f 1648//1648 1638//1638 1639//1639
f 1648//1648 1639//1639 1649//1649
f 1649//1649 1639//1639 1640//1640
f 1649//1649 1640//1640 1650//1650
f 1650//1650 1640//1640 1641//1641
f 1650//1650 1641//1641 1651//1651
f 1651//1651 1641//1641 1642//1642
f 1651//1651 1642//1642 1652//1652
f 1652//1652 1642//1642 1624//1624
f 1652//1652 1624//1624 1653//1653
f 1653//1653 1624//1624 1626//1626
f 1653//1653 1626//1626 1654//1654
f 1654//1654 1626//1626 1627//1627
f 1654//1654 1627//1627 1655//1655
f 1655//1655 1627//1627 1628//1628
f 1655//1655 1628//1628 1656//1656
f 1656//1656 1628//1628 1629//1629
f 1656//1656 1629//1629 1657//1657
f 1657//1657 1629//1629 1630//1630
f 1657//1657 1630//1630 1658//1658
f 1658//1658 1630//1630 1631//1631
f 1658//1658 1631//1631 1659//1659
f 1659//1659 1631//1631 1632//1632
f 1659//1659 1632//1632 1643//1643
f 1461//1461 1660//1660 1462//1462
f 1462//1462 1660//1660 1653//1653
f 1462//1462 1653//1653 1463//1463
f 1463//1463 1653//1653 1654//1654
f 1463//1463 1654//1654 1466//1466
f 1466//1466 1654//1654 1655//1655
f 1466//1466 1655//1655 1465//1465
f 1465//1465 1655//1655 1656//1656
f 1465//1465 1656//1656 1464//1464
f 1464//1464 1656//1656 1657//1657
f 1464//1464 1657//1657 1494//1494
f 1494//1494 1657//1657 1658//1658
f 1494//1494 1658//1658 1495//1495
f 1495//1495 1658//1658 1659//1659
f 1495//1495 1659//1659 1497//1497
f 1497//1497 1659//1659 1643//1643
f 1497//1497 1643//1643 1498//1498
f 1498//1498 1643//1643 1644//1644
f 1498//1498 1644//1644 1454//1454
f 1454//1454 1644//1644 1645//1645
f 1454//1454 1645//1645 1455//1455
f 1455//1455 1645//1645 1646//1646
f 1455//1455 1646//1646 1456//1456
f 1456//1456 1646//1646 1647//1647
f 1456//1456 1647//1647 1457//1457
f 1457//1457 1647//1647 1648//1648
f 1457//1457 1648//1648 1458//1458
f 1458//1458 1648//1648 1649//1649
f 1458//1458 1649//1649 1459//1459
f 1459//1459 1649//1649 1650//1650
f 1459//1459 1650//1650 1460//1460
f 1460//1460 1650//1650 1651//1651
f 1460//1460 1651//1651 1461//1461
f 1461//1461 1651//1651 1660//1660
f 1603//1603 1661//1661 1592//1592
f 1592//1592 1661//1661 1662//1662
f 1592//1592 1662//1662 1595//1595
f 1595//1595 1662//1662 1663//1663
f 1595//1595 1663//1663 1585//1585
f 1585//1585 1663//1663 1664//1664
f 1585//1585 1664//1664 1586//1586
f 1586//1586 1664//1664 1665//1665
f 1586//1586 1665//1665 1587//1587
f 1587//1587 1665//1665 1666//1666
f 1587//1587 1666//1666 1667//1667
f 1667//1667 1666//1666 1668//1668
f 1667//1667 1668//1668 1589//1589
f 1589//1589 1668//1668 1669//1669
f 1589//1589 1669//1669 1590//1590
f 1590//1590 1669//1669 1670//1670
f 1590//1590 1670//1670 1591//1591
f 1591//1591 1670//1670 1671//1671
f 1591//1591 1671//1671 1601//1601
f 1601//1601 1671//1671 1672//1672
f 1601//1601 1672//1672 1602//1602
f 1602//1602 1672//1672 1673//1673
f 1602//1602 1673//1673 1603//1603
f 1603//1603 1673//1673 1661//1661
f 1662//1662 1522//1522 1663//1663
f 1663//1663 1522//1522 1526//1526
f 1663//1663 1526//1526 1664//1664
f 1664//1664 1526//1526 1525//1525
f 1664//1664 1525//1525 1665//1665
f 1665//1665 1525//1525 1524//1524
f 1665//1665 1524//1524 1666//1666
f 1666//1666 1524//1524 1513//1513
f 1666//1666 1513//1513 1674//1674
f 1674//1674 1513//1513 1675//1675
f 1674//1674 1675//1675 1669//1669
f 1669//1669 1675//1675 1520//1520
f 1669//1669 1520//1520 1670//1670
f 1670//1670 1520//1520 1519//1519
f 1670//1670 1519//1519 1671//1671
f 1671//1671 1519//1519 1518//1518
f 1671//1671 1518//1518 1672//1672
f 1672//1672 1518//1518 1516//1516
f 1672//1672 1516//1516 1673//1673
f 1673//1673 1516//1516 1515//1515
f 1673//1673 1515//1515 1676//1676
f 1676//1676 1515//1515 1523//1523
f 1676//1676 1523//1523 1662//1662
f 1662//1662 1523//1523 1522//1522
f 1577//1577 1677//1677 1578//1578
f 1578//1578 1677//1677 1678//1678
f 1578//1578 1678//1678 1579//1579
f 1579//1579 1678//1678 1679//1679
f 1579//1579 1679//1679 1580//1580
f 1580//1580 1679//1679 1680//1680
f 1580//1580 1680//1680 1581//1581
f 1581//1581 1680//1680 1681//1681
f 1581//1581 1681//1681 1582//1582
f 1582//1582 1681//1681 1682//1682
f 1582//1582 1682//1682 1571//1571
f 1571//1571 1682//1682 1683//1683
f 1571//1571 1683//1683 1572//1572
f 1572//1572 1683//1683 1684//1684
f 1572//1572 1684//1684 1574//1574
f 1574//1574 1684//1684 1685//1685
f 1574//1574 1685//1685 1573//1573
f 1573//1573 1685//1685 1686//1686
f 1573//1573 1686//1686 1575//1575
f 1575//1575 1686//1686 1687//1687
f 1575//1575 1687//1687 1576//1576
f 1576//1576 1687//1687 1688//1688
f 1576//1576 1688//1688 1577//1577
f 1577//1577 1688//1688 1677//1677
f 1569//1569 1689//1689 1568//1568
f 1568//1568 1689//1689 1690//1690
f 1568//1568 1690//1690 1567//1567
f 1567//1567 1690//1690 1691//1691
f 1567//1567 1691//1691 1562//1562
f 1562//1562 1691//1691 1692//1692
f 1562//1562 1692//1692 1563//1563
f 1563//1563 1692//1692 1693//1693
f 1563//1563 1693//1693 1559//1559
f 1559//1559 1693//1693 1694//1694
f 1559//1559 1694//1694 1560//1560
f 1560//1560 1694//1694 1695//1695
f 1560//1560 1695//1695 1561//1561
f 1561//1561 1695//1695 1696//1696
f 1561//1561 1696//1696 1556//1556
f 1556//1556 1696//1696 1697//1697
f 1556//1556 1697//1697 1584//1584
f 1584//1584 1697//1697 1698//1698
f 1584//1584 1698//1698 1583//1583
f 1583//1583 1698//1698 1699//1699
f 1583//1583 1699//1699 1570//1570
f 1570//1570 1699//1699 1700//1700
f 1570//1570 1700//1700 1569//1569
f 1569//1569 1700//1700 1689//1689
f 1623//1623 1701//1701 1616//1616
f 1616//1616 1701//1701 1702//1702
f 1616//1616 1702//1702 1617//1617
f 1617//1617 1702//1702 1703//1703
f 1617//1617 1703//1703 1618//1618
f 1618//1618 1703//1703 1704//1704
f 1618//1618 1704//1704 1619//1619
f 1619//1619 1704//1704 1705//1705
f 1619//1619 1705//1705 1607//1607
f 1607//1607 1705//1705 1706//1706
f 1607//1607 1706//1706 1608//1608
f 1608//1608 1706//1706 1707//1707
f 1608//1608 1707//1707 1609//1609
f 1609//1609 1707//1707 1708//1708
f 1609//1609 1708//1708 1614//1614
f 1614//1614 1708//1708 1709//1709
f 1614//1614 1709//1709 1615//1615
f 1615//1615 1709//1709 1710//1710
f 1615//1615 1710//1710 1621//1621
f 1621//1621 1710//1710 1711//1711
f 1621//1621 1711//1711 1622//1622
f 1622//1622 1711//1711 1712//1712
f 1622//1622 1712//1712 1623//1623
f 1623//1623 1712//1712 1701//1701
f 1605//1605 1713//1713 1606//1606
f 1606//1606 1713//1713 1714//1714
f 1606//1606 1714//1714 1596//1596
f 1596//1596 1714//1714 1715//1715
f 1596//1596 1715//1715 1597//1597
f 1597//1597 1715//1715 1716//1716
f 1597//1597 1716//1716 1598//1598
f 1598//1598 1716//1716 1717//1717
f 1598//1598 1717//1717 1554//1554
f 1554//1554 1717//1717 1718//1718
f 1554//1554 1718//1718 1555//1555
f 1555//1555 1718//1718 1719//1719
f 1555//1555 1719//1719 1600//1600
f 1600//1600 1719//1719 1720//1720
f 1600//1600 1720//1720 1599//1599
f 1599//1599 1720//1720 1721//1721
f 1599//1599 1721//1721 1593//1593
f 1593//1593 1721//1721 1722//1722
f 1593//1593 1722//1722 1594//1594
f 1594//1594 1722//1722 1723//1723
f 1594//1594 1723//1723 1604//1604
f 1604//1604 1723//1723 1724//1724
f 1604//1604 1724//1724 1605//1605
f 1605//1605 1724//1724 1713//1713
f 1725//1725 1726//1726 1386//1386
f 1386//1386 1726//1726 1727//1727
f 1386//1386 1727//1727 1373//1373
f 1373//1373 1727//1727 1728//1728
f 1373//1373 1728//1728 1374//1374
f 1374//1374 1728//1728 1729//1729
f 1374//1374 1729//1729 1381//1381
f 1381//1381 1729//1729 1730//1730
f 1381//1381 1730//1730 1380//1380
f 1380//1380 1730//1730 1731//1731
f 1380//1380 1731//1731 1732//1732
f 1732//1732 1731//1731 1733//1733
f 1732//1732 1733//1733 1355//1355
f 1355//1355 1733//1733 1734//1734
f 1355//1355 1734//1734 1356//1356
f 1356//1356 1734//1734 1735//1735
f 1356//1356 1735//1735 1357//1357
f 1357//1357 1735//1735 1736//1736
f 1357//1357 1736//1736 1367//1367
f 1367//1367 1736//1736 1737//1737
f 1367//1367 1737//1737 1362//1362
f 1362//1362 1737//1737 1738//1738
f 1362//1362 1738//1738 1725//1725
f 1725//1725 1738//1738 1726//1726
f 1678//1678 1430//1430 1679//1679
f 1679//1679 1430//1430 1429//1429
f 1679//1679 1429//1429 1680//1680
f 1680//1680 1429//1429 1438//1438
f 1680//1680 1438//1438 1681//1681
f 1681//1681 1438//1438 1437//1437
f 1681//1681 1437//1437 1682//1682
f 1682//1682 1437//1437 1436//1436
f 1682//1682 1436//1436 1683//1683
f 1683//1683 1436//1436 1434//1434
f 1683//1683 1434//1434 1684//1684
f 1684//1684 1434//1434 1432//1432
f 1684//1684 1432//1432 1685//1685
f 1685//1685 1432//1432 1431//1431
f 1685//1685 1431//1431 1686//1686
f 1686//1686 1431//1431 1424//1424
f 1686//1686 1424//1424 1687//1687
f 1687//1687 1424//1424 1425//1425
f 1687//1687 1425//1425 1688//1688
f 1688//1688 1425//1425 1426//1426
f 1688//1688 1426//1426 1677//1677
f 1677//1677 1426//1426 1427//1427
f 1677//1677 1427//1427 1678//1678
f 1678//1678 1427//1427 1430//1430
f 1690//1690 1450//1450 1691//1691
f 1691//1691 1450//1450 1449//1449
f 1691//1691 1449//1449 1692//1692
f 1692//1692 1449//1449 1448//1448
f 1692//1692 1448//1448 1693//1693
f 1693//1693 1448//1448 1447//1447
f 1693//1693 1447//1447 1694//1694
f 1694//1694 1447//1447 1445//1445
f 1694//1694 1445//1445 1695//1695
f 1695//1695 1445//1445 1444//1444
f 1695//1695 1444//1444 1696//1696
f 1696//1696 1444//1444 1440//1440
f 1696//1696 1440//1440 1697//1697
f 1697//1697 1440//1440 1443//1443
f 1697//1697 1443//1443 1698//1698
f 1698//1698 1443//1443 1442//1442
f 1698//1698 1442//1442 1699//1699
f 1699//1699 1442//1442 1441//1441
f 1699//1699 1441//1441 1700//1700
f 1700//1700 1441//1441 1439//1439
f 1700//1700 1439//1439 1689//1689
f 1689//1689 1439//1439 1451//1451
f 1689//1689 1451//1451 1690//1690
f 1690//1690 1451//1451 1450//1450
f 1727//1727 1418//1418 1728//1728
f 1728//1728 1418//1418 1505//1505
f 1728//1728 1505//1505 1729//1729
f 1729//1729 1505//1505 1507//1507
f 1729//1729 1507//1507 1730//1730
f 1730//1730 1507//1507 1508//1508
f 1730//1730 1508//1508 1731//1731
f 1731//1731 1508//1508 1511//1511
f 1731//1731 1511//1511 1739//1739
f 1739//1739 1511//1511 1740//1740
f 1739//1739 1740//1740 1734//1734
f 1734//1734 1740//1740 1509//1509
f 1734//1734 1509//1509 1735//1735
f 1735//1735 1509//1509 1504//1504
f 1735//1735 1504//1504 1736//1736
f 1736//1736 1504//1504 1503//1503
f 1736//1736 1503//1503 1737//1737
f 1737//1737 1503//1503 1502//1502
f 1737//1737 1502//1502 1738//1738
f 1738//1738 1502//1502 1501//1501
f 1738//1738 1501//1501 1741//1741
f 1741//1741 1501//1501 1419//1419
f 1741//1741 1419//1419 1727//1727
f 1727//1727 1419//1419 1418//1418
f 1702//1702 1478//1478 1703//1703
f 1703//1703 1478//1478 1477//1477
f 1703//1703 1477//1477 1704//1704
f 1704//1704 1477//1477 1476//1476
f 1704//1704 1476//1476 1705//1705
f 1705//1705 1476//1476 1471//1471
f 1705//1705 1471//1471 1706//1706
f 1706//1706 1471//1471 1475//1475
f 1706//1706 1475//1475 1707//1707
f 1707//1707 1475//1475 1474//1474
f 1707//1707 1474//1474 1708//1708
f 1708//1708 1474//1474 1473//1473
f 1708//1708 1473//1473 1709//1709
f 1709//1709 1473//1473 1472//1472
f 1709//1709 1472//1472 1710//1710
f 1710//1710 1472//1472 1468//1468
f 1710//1710 1468//1468 1711//1711
f 1711//1711 1468//1468 1469//1469
f 1711//1711 1469//1469 1712//1712
f 1712//1712 1469//1469 1480//1480
f 1712//1712 1480//1480 1701//1701
f 1701//1701 1480//1480 1479//1479
f 1701//1701 1479//1479 1702//1702
f 1702//1702 1479//1479 1478//1478
f 1714//1714 1421//1421 1715//1715
f 1715//1715 1421//1421 1485//1485
f 1715//1715 1485//1485 1716//1716
f 1716//1716 1485//1485 1486//1486
f 1716//1716 1486//1486 1717//1717
f 1717//1717 1486//1486 1487//1487
f 1717//1717 1487//1487 1718//1718
f 1718//1718 1487//1487 1488//1488
f 1718//1718 1488//1488 1719//1719
f 1719//1719 1488//1488 1491//1491
f 1719//1719 1491//1491 1720//1720
f 1720//1720 1491//1491 1490//1490
f 1720//1720 1490//1490 1721//1721
f 1721//1721 1490//1490 1489//1489
f 1721//1721 1489//1489 1722//1722
f 1722//1722 1489//1489 1484//1484
f 1722//1722 1484//1484 1723//1723
f 1723//1723 1484//1484 1483//1483
f 1723//1723 1483//1483 1724//1724
f 1724//1724 1483//1483 1481//1481
f 1724//1724 1481//1481 1713//1713
f 1713//1713 1481//1481 1422//1422
f 1713//1713 1422//1422 1714//1714
f 1714//1714 1422//1422 1421//1421
f 1742//1742 1743//1743 1744//1744
f 1744//1744 1743//1743 1745//1745
f 1744//1744 1745//1745 1746//1746
f 1746//1746 1745//1745 1747//1747
f 1746//1746 1747//1747 1748//1748
f 1748//1748 1747//1747 1749//1749
f 1748//1748 1749//1749 1750//1750
f 1750//1750 1749//1749 1751//1751
f 1750//1750 1751//1751 1752//1752
f 1752//1752 1751//1751 1753//1753
f 1752//1752 1753//1753 1754//1754
f 1754//1754 1753//1753 1755//1755
f 1754//1754 1755//1755 1756//1756
f 1756//1756 1755//1755 1757//1757
f 1756//1756 1757//1757 1758//1758
f 1758//1758 1757//1757 1759//1759
f 1758//1758 1759//1759 1760//1760
f 1760//1760 1759//1759 1761//1761
f 1760//1760 1761//1761 1762//1762
f 1762//1762 1761//1761 1763//1763
f 1762//1762 1763//1763 1764//1764
f 1764//1764 1763//1763 1765//1765
f 1764//1764 1765//1765 1766//1766
f 1766//1766 1765//1765 1767//1767
f 1766//1766 1767//1767 1768//1768
f 1768//1768 1767//1767 1769//1769
f 1768//1768 1769//1769 1770//1770
f 1770//1770 1769//1769 1771//1771
f 1770//1770 1771//1771 1772//1772
f 1772//1772 1771//1771 1773//1773
f 1772//1772 1773//1773 1774//1774
f 1774//1774 1773//1773 1775//1775
f 1774//1774 1775//1775 1776//1776
f 1776//1776 1775//1775 1777//1777
f 1776//1776 1777//1777 1778//1778
f 1778//1778 1777//1777 1779//1779
f 1778//1778 1779//1779 1780//1780
f 1780//1780 1779//1779 1781//1781
f 1780//1780 1781//1781 1782//1782
f 1782//1782 1781//1781 1783//1783
f 1782//1782 1783//1783 1784//1784
f 1784//1784 1783//1783 1785//1785
f 1784//1784 1785//1785 1786//1786
f 1786//1786 1785//1785 1787//1787
f 1786//1786 1787//1787 1788//1788
f 1788//1788 1787//1787 1789//1789
f 1788//1788 1789//1789 1790//1790
f 1790//1790 1789//1789 1791//1791
f 1790//1790 1791//1791 1792//1792
f 1792//1792 1791//1791 1793//1793
f 1792//1792 1793//1793 1794//1794
f 1794//1794 1793//1793 1795//1795
f 1794//1794 1795//1795 1796//1796
f 1796//1796 1795//1795 1797//1797
f 1796//1796 1797//1797 1798//1798
f 1798//1798 1797//1797 1799//1799
f 1798//1798 1799//1799 1800//1800
f 1800//1800 1799//1799 1801//1801
f 1800//1800 1801//1801 1802//1802
f 1802//1802 1801//1801 1803//1803
f 1802//1802 1803//1803 1804//1804
f 1804//1804 1803//1803 1805//1805
f 1804//1804 1805//1805 1806//1806
f 1806//1806 1805//1805 1807//1807
f 1806//1806 1807//1807 1808//1808
f 1808//1808 1807//1807 1809//1809
f 1808//1808 1809//1809 1810//1810
f 1810//1810 1809//1809 1811//1811
f 1810//1810 1811//1811 1812//1812
f 1812//1812 1811//1811 1813//1813
f 1812//1812 1813//1813 1814//1814
f 1814//1814 1813//1813 1815//1815
f 1814//1814 1815//1815 1816//1816
f 1816//1816 1815//1815 1817//1817
f 1816//1816 1817//1817 1742//1742
f 1742//1742 1817//1817 1743//1743
f 1818//1818 1819//1819 1820//1820
f 1820//1820 1819//1819 1821//1821
f 1820//1820 1821//1821 1822//1822
f 1822//1822 1821//1821 1823//1823
f 1822//1822 1823//1823 1824//1824
f 1824//1824 1823//1823 1825//1825
f 1824//1824 1825//1825 1826//1826
f 1826//1826 1825//1825 1827//1827
f 1826//1826 1827//1827 1828//1828
f 1828//1828 1827//1827 1829//1829
f 1828//1828 1829//1829 1830//1830
f 1830//1830 1829//1829 1831//1831
f 1830//1830 1831//1831 1832//1832
f 1832//1832 1831//1831 1833//1833
f 1832//1832 1833//1833 1834//1834
f 1834//1834 1833//1833 1835//1835
f 1834//1834 1835//1835 1836//1836
f 1836//1836 1835//1835 1837//1837
f 1836//1836 1837//1837 1838//1838
f 1838//1838 1837//1837 1839//1839
f 1838//1838 1839//1839 1840//1840
f 1840//1840 1839//1839 1841//1841
f 1840//1840 1841//1841 1842//1842
f 1842//1842 1841//1841 1843//1843
f 1842//1842 1843//1843 1844//1844
f 1844//1844 1843//1843 1845//1845
f 1844//1844 1845//1845 1846//1846
f 1846//1846 1845//1845 1847//1847
f 1846//1846 1847//1847 1848//1848
f 1848//1848 1847//1847 1849//1849
f 1848//1848 1849//1849 1850//1850
f 1850//1850 1849//1849 1851//1851
f 1850//1850 1851//1851 1852//1852
f 1852//1852 1851//1851 1853//1853
f 1852//1852 1853//1853 1854//1854
f 1854//1854 1853//1853 1855//1855
f 1854//1854 1855//1855 1856//1856
f 1856//1856 1855//1855 1857//1857
f 1856//1856 1857//1857 1858//1858
f 1858//1858 1857//1857 1859//1859
f 1858//1858 1859//1859 1860//1860
f 1860//1860 1859//1859 1861//1861
f 1860//1860 1861//1861 1862//1862
f 1862//1862 1861//1861 1863//1863
f 1862//1862 1863//1863 1864//1864
f 1864//1864 1863//1863 1865//1865
f 1864//1864 1865//1865 1866//1866
f 1866//1866 1865//1865 1867//1867
f 1866//1866 1867//1867 1868//1868
f 1868//1868 1867//1867 1869//1869
f 1868//1868 1869//1869 1870//1870
f 1870//1870 1869//1869 1871//1871
f 1870//1870 1871//1871 1872//1872
f 1872//1872 1871//1871 1873//1873
f 1872//1872 1873//1873 1874//1874
f 1874//1874 1873//1873 1875//1875
f 1874//1874 1875//1875 1876//1876
f 1876//1876 1875//1875 1877//1877
f 1876//1876 1877//1877 1878//1878
f 1878//1878 1877//1877 1879//1879
f 1878//1878 1879//1879 1880//1880
f 1880//1880 1879//1879 1881//1881
f 1880//1880 1881//1881 1882//1882
f 1882//1882 1881//1881 1883//1883
f 1882//1882 1883//1883 1884//1884
f 1884//1884 1883//1883 1885//1885
f 1884//1884 1885//1885 1886//1886
f 1886//1886 1885//1885 1887//1887
f 1886//1886 1887//1887 1888//1888
f 1888//1888 1887//1887 1889//1889
f 1888//1888 1889//1889 1890//1890
f 1890//1890 1889//1889 1891//1891
f 1890//1890 1891//1891 1892//1892
f 1892//1892 1891//1891 1893//1893
f 1892//1892 1893//1893 1818//1818
f 1818//1818 1893//1893 1819//1819
f 1894//1894 1895//1895 1896//1896
f 1896//1896 1895//1895 1897//1897
f 1895//1895 1898//1898 1897//1897
f 1897//1897 1898//1898 1899//1899
f 1897//1897 1899//1899 1900//1900
f 1900//1900 1899//1899 1901//1901
f 1900//1900 1901//1901 1902//1902
f 1902//1902 1901//1901 1903//1903
f 1902//1902 1903//1903 1904//1904
f 1904//1904 1903//1903 1905//1905
f 1904//1904 1905//1905 1906//1906
f 1906//1906 1905//1905 1907//1907
f 1906//1906 1907//1907 1908//1908
f 1908//1908 1907//1907 1909//1909
f 1908//1908 1909//1909 1910//1910
f 1910//1910 1909//1909 1911//1911
f 1910//1910 1911//1911 1912//1912
f 1912//1912 1911//1911 1913//1913
f 1912//1912 1913//1913 1914//1914
f 1914//1914 1913//1913 1915//1915
f 1914//1914 1915//1915 1916//1916
f 1916//1916 1915//1915 1917//1917
f 1916//1916 1917//1917 1918//1918
f 1918//1918 1917//1917 1919//1919
f 1918//1918 1919//1919 1920//1920
f 1920//1920 1919//1919 1921//1921
f 1920//1920 1921//1921 1922//1922
f 1922//1922 1921//1921 1923//1923
f 1922//1922 1923//1923 1924//1924
f 1924//1924 1923//1923 1925//1925
f 1924//1924 1925//1925 1926//1926
f 1926//1926 1925//1925 1927//1927
f 1926//1926 1927//1927 1928//1928
f 1928//1928 1927//1927 1929//1929
f 1928//1928 1929//1929 1930//1930
f 1930//1930 1929//1929 1931//1931
f 1930//1930 1931//1931 1932//1932
f 1932//1932 1931//1931 1933//1933
f 1932//1932 1933//1933 1934//1934
f 1934//1934 1933//1933 1935//1935
f 1934//1934 1935//1935 1936//1936
f 1936//1936 1935//1935 1937//1937
f 1936//1936 1937//1937 1938//1938
f 1938//1938 1937//1937 1939//1939
f 1938//1938 1939//1939 1940//1940
f 1940//1940 1939//1939 1941//1941
f 1940//1940 1941//1941 1942//1942
f 1942//1942 1941//1941 1943//1943
f 1942//1942 1943//1943 1944//1944
f 1944//1944 1943//1943 1945//1945
f 1944//1944 1945//1945 1946//1946
f 1946//1946 1945//1945 1947//1947
f 1946//1946 1947//1947 1948//1948
f 1948//1948 1947//1947 1949//1949
f 1948//1948 1949//1949 1950//1950
f 1950//1950 1949//1949 1951//1951
f 1950//1950 1951//1951 1952//1952
f 1952//1952 1951//1951 1953//1953
f 1952//1952 1953//1953 1954//1954
f 1954//1954 1953//1953 1955//1955
f 1954//1954 1955//1955 1956//1956
f 1956//1956 1955//1955 1957//1957
f 1956//1956 1957//1957 1958//1958
f 1958//1958 1957//1957 1959//1959
f 1958//1958 1959//1959 1960//1960
f 1960//1960 1959//1959 1961//1961
f 1960//1960 1961//1961 1962//1962
f 1962//1962 1961//1961 1963//1963
f 1962//1962 1963//1963 1964//1964
f 1964//1964 1963//1963 1965//1965
f 1964//1964 1965//1965 1966//1966
f 1966//1966 1965//1965 1967//1967
f 1966//1966 1967//1967 1968//1968
f 1968//1968 1967//1967 1969//1969
f 1968//1968 1969//1969 1970//1970
f 1970//1970 1969//1969 1971//1971
f 1970//1970 1971//1971 1972//1972
f 1972//1972 1971//1971 1894//1894
f 1972//1972 1894//1894 1973//1973
f 1973//1973 1894//1894 1896//1896
f 1836//1836 1953//1953 1834//1834
f 1834//1834 1953//1953 1951//1951
f 1834//1834 1951//1951 1832//1832
f 1832//1832 1951//1951 1949//1949
f 1832//1832 1949//1949 1830//1830
f 1830//1830 1949//1949 1947//1947
f 1830//1830 1947//1947 1828//1828
f 1828//1828 1947//1947 1945//1945
f 1828//1828 1945//1945 1826//1826
f 1826//1826 1945//1945 1943//1943
f 1826//1826 1943//1943 1824//1824
f 1824//1824 1943//1943 1941//1941
f 1824//1824 1941//1941 1822//1822
f 1822//1822 1941//1941 1939//1939
f 1822//1822 1939//1939 1820//1820
f 1820//1820 1939//1939 1937//1937
f 1820//1820 1937//1937 1818//1818
f 1818//1818 1937//1937 1935//1935
f 1818//1818 1935//1935 1892//1892
f 1892//1892 1935//1935 1933//1933
f 1892//1892 1933//1933 1890//1890
f 1890//1890 1933//1933 1931//1931
f 1890//1890 1931//1931 1888//1888
f 1888//1888 1931//1931 1929//1929
f 1888//1888 1929//1929 1886//1886
f 1886//1886 1929//1929 1927//1927
f 1886//1886 1927//1927 1884//1884
f 1884//1884 1927//1927 1925//1925
f 1884//1884 1925//1925 1882//1882
f 1882//1882 1925//1925 1923//1923
f 1882//1882 1923//1923 1880//1880
f 1880//1880 1923//1923 1921//1921
f 1880//1880 1921//1921 1878//1878
f 1878//1878 1921//1921 1919//1919
f 1878//1878 1919//1919 1876//1876
f 1919//1919 1917//1917 1876//1876
f 1876//1876 1917//1917 1915//1915
f 1876//1876 1915//1915 1874//1874
f 1874//1874 1915//1915 1913//1913
f 1874//1874 1913//1913 1872//1872
f 1872//1872 1913//1913 1911//1911
f 1872//1872 1911//1911 1870//1870
f 1870//1870 1911//1911 1909//1909
f 1870//1870 1909//1909 1868//1868
f 1868//1868 1909//1909 1907//1907
f 1868//1868 1907//1907 1866//1866
f 1866//1866 1907//1907 1905//1905
f 1866//1866 1905//1905 1864//1864
f 1864//1864 1905//1905 1903//1903
f 1864//1864 1903//1903 1862//1862
f 1862//1862 1903//1903 1901//1901
f 1862//1862 1901//1901 1860//1860
f 1860//1860 1901//1901 1899//1899
f 1860//1860 1899//1899 1858//1858
f 1858//1858 1899//1899 1898//1898
f 1858//1858 1898//1898 1856//1856
f 1856//1856 1898//1898 1895//1895
f 1856//1856 1895//1895 1854//1854
f 1854//1854 1895//1895 1894//1894
f 1854//1854 1894//1894 1852//1852
f 1852//1852 1894//1894 1971//1971
f 1852//1852 1971//1971 1850//1850
f 1850//1850 1971//1971 1969//1969
f 1850//1850 1969//1969 1848//1848
f 1848//1848 1969//1969 1967//1967
f 1848//1848 1967//1967 1846//1846
f 1846//1846 1967//1967 1965//1965
f 1846//1846 1965//1965 1844//1844
f 1844//1844 1965//1965 1963//1963
f 1844//1844 1963//1963 1842//1842
f 1842//1842 1963//1963 1961//1961
f 1842//1842 1961//1961 1840//1840
f 1840//1840 1961//1961 1959//1959
f 1840//1840 1959//1959 1838//1838
f 1838//1838 1959//1959 1957//1957
f 1838//1838 1957//1957 1836//1836
f 1836//1836 1957//1957 1955//1955
f 1836//1836 1955//1955 1953//1953
f 1761//1761 1956//1956 1763//1763
f 1763//1763 1956//1956 1958//1958
f 1763//1763 1958//1958 1765//1765
f 1765//1765 1958//1958 1960//1960
f 1765//1765 1960//1960 1767//1767
f 1767//1767 1960//1960 1962//1962
f 1767//1767 1962//1962 1769//1769
f 1769//1769 1962//1962 1964//1964
f 1769//1769 1964//1964 1771//1771
f 1771//1771 1964//1964 1966//1966
f 1771//1771 1966//1966 1773//1773
f 1773//1773 1966//1966 1968//1968
f 1773//1773 1968//1968 1775//1775
f 1775//1775 1968//1968 1970//1970
f 1775//1775 1970//1970 1777//1777
f 1777//1777 1970//1970 1972//1972
f 1777//1777 1972//1972 1779//1779
f 1779//1779 1972//1972 1973//1973
f 1779//1779 1973//1973 1781//1781
f 1781//1781 1973//1973 1896//1896
f 1781//1781 1896//1896 1783//1783
f 1783//1783 1896//1896 1897//1897
f 1783//1783 1897//1897 1785//1785
f 1785//1785 1897//1897 1900//1900
f 1785//1785 1900//1900 1787//1787
f 1787//1787 1900//1900 1902//1902
f 1787//1787 1902//1902 1789//1789
f 1789//1789 1902//1902 1904//1904
f 1789//1789 1904//1904 1791//1791
f 1791//1791 1904//1904 1906//1906
f 1791//1791 1906//1906 1793//1793
f 1793//1793 1906//1906 1908//1908
f 1793//1793 1908//1908 1795//1795
f 1795//1795 1908//1908 1910//1910
f 1795//1795 1910//1910 1797//1797
f 1797//1797 1910//1910 1912//1912
f 1797//1797 1912//1912 1799//1799
f 1799//1799 1912//1912 1914//1914
f 1799//1799 1914//1914 1801//1801
f 1914//1914 1916//1916 1801//1801
f 1801//1801 1916//1916 1918//1918
f 1801//1801 1918//1918 1803//1803
f 1803//1803 1918//1918 1920//1920
f 1803//1803 1920//1920 1805//1805
f 1805//1805 1920//1920 1922//1922
f 1805//1805 1922//1922 1807//1807
f 1807//1807 1922//1922 1924//1924
f 1807//1807 1924//1924 1809//1809
f 1809//1809 1924//1924 1926//1926
f 1809//1809 1926//1926 1811//1811
f 1811//1811 1926//1926 1928//1928
f 1811//1811 1928//1928 1813//1813
f 1813//1813 1928//1928 1930//1930
f 1813//1813 1930//1930 1815//1815
f 1815//1815 1930//1930 1932//1932
f 1815//1815 1932//1932 1817//1817
f 1817//1817 1932//1932 1934//1934
f 1817//1817 1934//1934 1743//1743
f 1743//1743 1934//1934 1936//1936
f 1743//1743 1936//1936 1745//1745
f 1745//1745 1936//1936 1938//1938
f 1745//1745 1938//1938 1747//1747
f 1747//1747 1938//1938 1940//1940
f 1747//1747 1940//1940 1749//1749
f 1749//1749 1940//1940 1942//1942
f 1749//1749 1942//1942 1751//1751
f 1751//1751 1942//1942 1944//1944
f 1751//1751 1944//1944 1753//1753
f 1753//1753 1944//1944 1946//1946
f 1753//1753 1946//1946 1755//1755
f 1755//1755 1946//1946 1948//1948
f 1755//1755 1948//1948 1757//1757
f 1757//1757 1948//1948 1950//1950
f 1757//1757 1950//1950 1759//1759
f 1759//1759 1950//1950 1952//1952
f 1759//1759 1952//1952 1761//1761
f 1761//1761 1952//1952 1954//1954
f 1761//1761 1954//1954 1956//1956
f 1974//1974 1869//1869 1975//1975
f 1975//1975 1869//1869 1867//1867
f 1975//1975 1867//1867 1976//1976
f 1976//1976 1867//1867 1865//1865
f 1976//1976 1865//1865 1977//1977
f 1978//1978 1853//1853 1979//1979
f 1979//1979 1853//1853 1851//1851
f 1979//1979 1851//1851 1980//1980
f 1980//1980 1851//1851 1849//1849
f 1980//1980 1849//1849 1981//1981
f 1865//1865 1863//1863 1977//1977
f 1977//1977 1863//1863 1861//1861
f 1977//1977 1861//1861 1982//1982
f 1982//1982 1861//1861 1859//1859
f 1982//1982 1859//1859 1983//1983
f 1983//1983 1859//1859 1857//1857
f 1983//1983 1857//1857 1978//1978
f 1978//1978 1857//1857 1855//1855
f 1978//1978 1855//1855 1853//1853
f 1984//1984 1877//1877 1985//1985
f 1985//1985 1877//1877 1875//1875
f 1985//1985 1875//1875 1986//1986
f 1986//1986 1875//1875 1873//1873
f 1986//1986 1873//1873 1974//1974
f 1974//1974 1873//1873 1871//1871
f 1974//1974 1871//1871 1869//1869
f 1987//1987 1883//1883 1988//1988
f 1988//1988 1883//1883 1881//1881
f 1988//1988 1881//1881 1984//1984
f 1984//1984 1881//1881 1879//1879
f 1984//1984 1879//1879 1877//1877
f 1989//1989 1891//1891 1990//1990
f 1990//1990 1891//1891 1889//1889
f 1990//1990 1889//1889 1991//1991
f 1991//1991 1889//1889 1887//1887
f 1991//1991 1887//1887 1987//1987
f 1987//1987 1887//1887 1885//1885
f 1987//1987 1885//1885 1883//1883
f 1992//1992 1823//1823 1993//1993
f 1993//1993 1823//1823 1821//1821
f 1993//1993 1821//1821 1994//1994
f 1994//1994 1821//1821 1819//1819
f 1994//1994 1819//1819 1989//1989
f 1989//1989 1819//1819 1893//1893
f 1989//1989 1893//1893 1891//1891
f 1995//1995 1831//1831 1996//1996
f 1996//1996 1831//1831 1829//1829
f 1996//1996 1829//1829 1997//1997
f 1997//1997 1829//1829 1827//1827
f 1997//1997 1827//1827 1992//1992
f 1992//1992 1827//1827 1825//1825
f 1992//1992 1825//1825 1823//1823
f 1998//1998 1837//1837 1999//1999
f 1999//1999 1837//1837 1835//1835
f 1999//1999 1835//1835 1995//1995
f 1995//1995 1835//1835 1833//1833
f 1995//1995 1833//1833 1831//1831
f 1849//1849 1847//1847 1981//1981
f 1981//1981 1847//1847 1845//1845
f 1981//1981 1845//1845 2000//2000
f 2000//2000 1845//1845 1843//1843
f 2000//2000 1843//1843 2001//2001
f 2001//2001 1843//1843 1841//1841
f 2001//2001 1841//1841 1998//1998
f 1998//1998 1841//1841 1839//1839
f 1998//1998 1839//1839 1837//1837
f 2002//2002 1814//1814 2003//2003
f 2003//2003 1814//1814 1816//1816
f 2003//2003 1816//1816 2004//2004
f 2004//2004 1816//1816 1742//1742
f 2004//2004 1742//1742 2005//2005
f 2006//2006 1806//1806 2007//2007
f 2007//2007 1806//1806 1808//1808
f 2007//2007 1808//1808 2008//2008
f 2008//2008 1808//1808 1810//1810
f 2008//2008 1810//1810 2002//2002
f 2002//2002 1810//1810 1812//1812
f 2002//2002 1812//1812 1814//1814
f 2009//2009 1760//1760 2010//2010
f 2010//2010 1760//1760 1762//1762
f 2010//2010 1762//1762 2011//2011
f 2011//2011 1762//1762 1764//1764
f 2011//2011 1764//1764 2012//2012
f 2013//2013 1754//1754 2014//2014
f 2014//2014 1754//1754 1756//1756
f 2014//2014 1756//1756 2009//2009
f 2009//2009 1756//1756 1758//1758
f 2009//2009 1758//1758 1760//1760
f 1742//1742 1744//1744 2005//2005
f 2005//2005 1744//1744 1746//1746
f 2005//2005 1746//1746 2015//2015
f 2015//2015 1746//1746 1748//1748
f 2015//2015 1748//1748 2016//2016
f 2016//2016 1748//1748 1750//1750
f 2016//2016 1750//1750 2013//2013
f 2013//2013 1750//1750 1752//1752
f 2013//2013 1752//1752 1754//1754
f 2017//2017 1800//1800 2018//2018
f 2018//2018 1800//1800 1802//1802
f 2018//2018 1802//1802 2006//2006
f 2006//2006 1802//1802 1804//1804
f 2006//2006 1804//1804 1806//1806
f 2019//2019 1792//1792 2020//2020
f 2020//2020 1792//1792 1794//1794
f 2020//2020 1794//1794 2021//2021
f 2021//2021 1794//1794 1796//1796
f 2021//2021 1796//1796 2017//2017
f 2017//2017 1796//1796 1798//1798
f 2017//2017 1798//1798 1800//1800
f 1764//1764 1766//1766 2012//2012
f 2012//2012 1766//1766 1768//1768
f 2012//2012 1768//1768 2022//2022
f 2022//2022 1768//1768 1770//1770
f 2022//2022 1770//1770 2023//2023
f 2023//2023 1770//1770 1772//1772
f 2023//2023 1772//1772 2024//2024
f 2025//2025 1784//1784 2026//2026
f 2026//2026 1784//1784 1786//1786
f 2026//2026 1786//1786 2027//2027
f 2027//2027 1786//1786 1788//1788
f 2027//2027 1788//1788 2019//2019
f 2019//2019 1788//1788 1790//1790
f 2019//2019 1790//1790 1792//1792
f 1772//1772 1774//1774 2024//2024
f 2024//2024 1774//1774 1776//1776
f 2024//2024 1776//1776 2028//2028
f 2028//2028 1776//1776 1778//1778
f 2028//2028 1778//1778 2029//2029
f 2029//2029 1778//1778 1780//1780
f 2029//2029 1780//1780 2025//2025
f 2025//2025 1780//1780 1782//1782
f 2025//2025 1782//1782 1784//1784
f 2028//2028 2029//2029 2030//2030
f 2030//2030 2029//2029 2031//2031
f 2029//2029 2025//2025 2031//2031
f 2031//2031 2025//2025 2026//2026
f 2031//2031 2026//2026 2032//2032
f 2032//2032 2026//2026 2027//2027
f 2032//2032 2027//2027 2033//2033
f 2033//2033 2027//2027 2019//2019
f 2033//2033 2019//2019 2034//2034
f 2034//2034 2019//2019 2020//2020
f 2034//2034 2020//2020 2035//2035
f 2035//2035 2020//2020 2021//2021
f 2035//2035 2021//2021 2036//2036
f 2036//2036 2021//2021 2017//2017
f 2036//2036 2017//2017 2037//2037
f 2037//2037 2017//2017 2018//2018
f 2037//2037 2018//2018 2038//2038
f 2038//2038 2018//2018 2006//2006
f 2038//2038 2006//2006 2039//2039
f 2039//2039 2006//2006 2007//2007
f 2039//2039 2007//2007 2040//2040
f 2040//2040 2007//2007 2008//2008
f 2040//2040 2008//2008 2041//2041
f 2041//2041 2008//2008 2002//2002
f 2041//2041 2002//2002 2042//2042
f 2042//2042 2002//2002 2003//2003
f 2042//2042 2003//2003 2043//2043
f 2043//2043 2003//2003 2004//2004
f 2043//2043 2004//2004 2044//2044
f 2044//2044 2004//2004 2005//2005
f 2044//2044 2005//2005 2045//2045
f 2045//2045 2005//2005 2015//2015
f 2045//2045 2015//2015 2046//2046
f 2046//2046 2015//2015 2016//2016
f 2046//2046 2016//2016 2047//2047
f 2047//2047 2016//2016 2013//2013
f 2047//2047 2013//2013 2048//2048
f 2048//2048 2013//2013 2014//2014
f 2048//2048 2014//2014 2049//2049
f 2049//2049 2014//2014 2009//2009
f 2049//2049 2009//2009 2050//2050
f 2050//2050 2009//2009 2010//2010
f 2050//2050 2010//2010 2051//2051
f 2051//2051 2010//2010 2011//2011
f 2051//2051 2011//2011 2052//2052
f 2052//2052 2011//2011 2012//2012
f 2052//2052 2012//2012 2053//2053
f 2053//2053 2012//2012 2022//2022
f 2053//2053 2022//2022 2054//2054
f 2054//2054 2022//2022 2023//2023
f 2054//2054 2023//2023 2055//2055
f 2055//2055 2023//2023 2024//2024
f 2055//2055 2024//2024 2056//2056
f 2056//2056 2024//2024 2028//2028
f 2056//2056 2028//2028 2057//2057
f 2057//2057 2028//2028 2030//2030
f 2058//2058 2059//2059 2060//2060
f 2060//2060 2059//2059 2061//2061
f 2060//2060 2061//2061 2062//2062
f 2062//2062 2061//2061 2063//2063
f 2062//2062 2063//2063 2064//2064
f 2064//2064 2063//2063 2065//2065
f 2064//2064 2065//2065 2066//2066
f 2066//2066 2065//2065 2067//2067
f 2066//2066 2067//2067 2068//2068
f 2068//2068 2067//2067 2069//2069
f 2068//2068 2069//2069 2070//2070
f 2070//2070 2069//2069 2071//2071
f 2070//2070 2071//2071 2072//2072
f 2072//2072 2071//2071 2073//2073
f 2072//2072 2073//2073 2074//2074
f 2074//2074 2073//2073 2075//2075
f 2074//2074 2075//2075 2076//2076
f 2076//2076 2075//2075 2077//2077
f 2076//2076 2077//2077 2078//2078
f 2078//2078 2077//2077 2079//2079
f 2078//2078 2079//2079 2080//2080
f 2080//2080 2079//2079 2081//2081
f 2080//2080 2081//2081 2082//2082
f 2082//2082 2081//2081 2083//2083
f 2082//2082 2083//2083 2084//2084
f 2084//2084 2083//2083 2085//2085
f 2084//2084 2085//2085 2086//2086
f 2086//2086 2085//2085 2087//2087
f 2086//2086 2087//2087 2088//2088
f 2088//2088 2087//2087 2089//2089
f 2088//2088 2089//2089 2090//2090
f 2090//2090 2089//2089 2091//2091
f 2090//2090 2091//2091 2092//2092
f 2092//2092 2091//2091 2093//2093
f 2092//2092 2093//2093 2094//2094
f 2094//2094 2093//2093 2095//2095
f 2094//2094 2095//2095 2096//2096
f 2096//2096 2095//2095 2097//2097
f 2096//2096 2097//2097 2098//2098
f 2098//2098 2097//2097 2099//2099
f 2098//2098 2099//2099 2100//2100
f 2100//2100 2099//2099 2101//2101
f 2100//2100 2101//2101 2102//2102
f 2102//2102 2101//2101 2103//2103
f 2102//2102 2103//2103 2104//2104
f 2104//2104 2103//2103 2105//2105
f 2104//2104 2105//2105 2106//2106
f 2106//2106 2105//2105 2107//2107
f 2106//2106 2107//2107 2108//2108
f 2108//2108 2107//2107 2109//2109
f 2108//2108 2109//2109 2058//2058
f 2058//2058 2109//2109 2059//2059
f 2110//2110 2111//2111 1983//1983
f 1983//1983 2111//2111 1982//1982
f 2111//2111 2112//2112 1982//1982
f 1982//1982 2112//2112 2113//2113
f 1982//1982 2113//2113 1977//1977
f 1977//1977 2113//2113 2114//2114
f 1977//1977 2114//2114 1976//1976
f 1976//1976 2114//2114 2115//2115
f 1976//1976 2115//2115 1975//1975
f 1975//1975 2115//2115 2116//2116
f 1975//1975 2116//2116 1974//1974
f 1974//1974 2116//2116 2117//2117
f 1974//1974 2117//2117 1986//1986
f 1986//1986 2117//2117 2118//2118
f 1986//1986 2118//2118 1985//1985
f 1985//1985 2118//2118 2119//2119
f 1985//1985 2119//2119 1984//1984
f 1984//1984 2119//2119 2120//2120
f 1984//1984 2120//2120 1988//1988
f 1988//1988 2120//2120 2121//2121
f 1988//1988 2121//2121 1987//1987
f 1987//1987 2121//2121 2122//2122
f 1987//1987 2122//2122 1991//1991
f 1991//1991 2122//2122 2123//2123
f 1991//1991 2123//2123 1990//1990
f 1990//1990 2123//2123 2124//2124
f 1990//1990 2124//2124 1989//1989
f 1989//1989 2124//2124 2125//2125
f 1989//1989 2125//2125 1994//1994
f 1994//1994 2125//2125 2126//2126
f 1994//1994 2126//2126 1993//1993
f 1993//1993 2126//2126 2127//2127
f 1993//1993 2127//2127 1992//1992
f 1992//1992 2127//2127 2128//2128
f 1992//1992 2128//2128 1997//1997
f 1997//1997 2128//2128 2129//2129
f 1997//1997 2129//2129 1996//1996
f 1996//1996 2129//2129 2130//2130
f 1996//1996 2130//2130 1995//1995
f 1995//1995 2130//2130 2131//2131
f 1995//1995 2131//2131 1999//1999
f 1999//1999 2131//2131 2132//2132
f 1999//1999 2132//2132 1998//1998
f 1998//1998 2132//2132 2133//2133
f 1998//1998 2133//2133 2001//2001
f 2001//2001 2133//2133 2134//2134
f 2001//2001 2134//2134 2000//2000
f 2000//2000 2134//2134 2135//2135
f 2000//2000 2135//2135 1981//1981
f 1981//1981 2135//2135 2136//2136
f 1981//1981 2136//2136 1980//1980
f 1980//1980 2136//2136 2137//2137
f 1980//1980 2137//2137 1979//1979
f 1979//1979 2137//2137 2110//2110
f 1979//1979 2110//2110 1978//1978
f 1978//1978 2110//2110 1983//1983
f 2070//2070 2131//2131 2068//2068
f 2068//2068 2131//2131 2130//2130
f 2068//2068 2130//2130 2066//2066
f 2066//2066 2130//2130 2129//2129
f 2066//2066 2129//2129 2064//2064
f 2064//2064 2129//2129 2128//2128
f 2064//2064 2128//2128 2062//2062
f 2062//2062 2128//2128 2127//2127
f 2062//2062 2127//2127 2060//2060
f 2060//2060 2127//2127 2126//2126
f 2060//2060 2126//2126 2058//2058
f 2058//2058 2126//2126 2125//2125
f 2058//2058 2125//2125 2108//2108
f 2108//2108 2125//2125 2124//2124
f 2108//2108 2124//2124 2106//2106
f 2106//2106 2124//2124 2123//2123
f 2106//2106 2123//2123 2104//2104
f 2104//2104 2123//2123 2122//2122
f 2104//2104 2122//2122 2102//2102
f 2102//2102 2122//2122 2121//2121
f 2102//2102 2121//2121 2100//2100
f 2100//2100 2121//2121 2120//2120
f 2100//2100 2120//2120 2098//2098
f 2120//2120 2119//2119 2098//2098
f 2098//2098 2119//2119 2118//2118
f 2098//2098 2118//2118 2096//2096
f 2096//2096 2118//2118 2117//2117
f 2096//2096 2117//2117 2094//2094
f 2094//2094 2117//2117 2116//2116
f 2094//2094 2116//2116 2092//2092
f 2092//2092 2116//2116 2115//2115
f 2092//2092 2115//2115 2090//2090
f 2090//2090 2115//2115 2114//2114
f 2090//2090 2114//2114 2088//2088
f 2088//2088 2114//2114 2113//2113
f 2088//2088 2113//2113 2086//2086
f 2086//2086 2113//2113 2112//2112
f 2086//2086 2112//2112 2084//2084
f 2084//2084 2112//2112 2111//2111
f 2084//2084 2111//2111 2082//2082
f 2082//2082 2111//2111 2110//2110
f 2082//2082 2110//2110 2080//2080
f 2080//2080 2110//2110 2137//2137
f 2080//2080 2137//2137 2078//2078
f 2078//2078 2137//2137 2136//2136
f 2078//2078 2136//2136 2076//2076
f 2076//2076 2136//2136 2135//2135
f 2076//2076 2135//2135 2074//2074
f 2074//2074 2135//2135 2134//2134
f 2074//2074 2134//2134 2072//2072
f 2072//2072 2134//2134 2133//2133
f 2072//2072 2133//2133 2070//2070
f 2070//2070 2133//2133 2132//2132
f 2070//2070 2132//2132 2131//2131
f 2099//2099 2038//2038 2101//2101
f 2101//2101 2038//2038 2039//2039
f 2101//2101 2039//2039 2103//2103
f 2103//2103 2039//2039 2040//2040
f 2103//2103 2040//2040 2105//2105
f 2105//2105 2040//2040 2041//2041
f 2105//2105 2041//2041 2107//2107
f 2107//2107 2041//2041 2042//2042
f 2107//2107 2042//2042 2109//2109
f 2109//2109 2042//2042 2043//2043
f 2109//2109 2043//2043 2059//2059
f 2059//2059 2043//2043 2044//2044
f 2059//2059 2044//2044 2061//2061
f 2061//2061 2044//2044 2045//2045
f 2061//2061 2045//2045 2063//2063
f 2063//2063 2045//2045 2046//2046
f 2063//2063 2046//2046 2065//2065
f 2065//2065 2046//2046 2047//2047
f 2065//2065 2047//2047 2067//2067
f 2067//2067 2047//2047 2048//2048
f 2067//2067 2048//2048 2069//2069
f 2069//2069 2048//2048 2049//2049
f 2069//2069 2049//2049 2071//2071
f 2049//2049 2050//2050 2071//2071
f 2071//2071 2050//2050 2051//2051
f 2071//2071 2051//2051 2073//2073
f 2073//2073 2051//2051 2052//2052
f 2073//2073 2052//2052 2075//2075
f 2075//2075 2052//2052 2053//2053
f 2075//2075 2053//2053 2077//2077
f 2077//2077 2053//2053 2054//2054
f 2077//2077 2054//2054 2079//2079
f 2079//2079 2054//2054 2055//2055
f 2079//2079 2055//2055 2081//2081
f 2081//2081 2055//2055 2056//2056
f 2081//2081 2056//2056 2083//2083
f 2083//2083 2056//2056 2057//2057
f 2083//2083 2057//2057 2085//2085
f 2085//2085 2057//2057 2030//2030
f 2085//2085 2030//2030 2087//2087
f 2087//2087 2030//2030 2031//2031
f 2087//2087 2031//2031 2089//2089
f 2089//2089 2031//2031 2032//2032
f 2089//2089 2032//2032 2091//2091
f 2091//2091 2032//2032 2033//2033
f 2091//2091 2033//2033 2093//2093
f 2093//2093 2033//2033 2034//2034
f 2093//2093 2034//2034 2095//2095
f 2095//2095 2034//2034 2035//2035
f 2095//2095 2035//2035 2097//2097
f 2097//2097 2035//2035 2036//2036
f 2097//2097 2036//2036 2099//2099
f 2099//2099 2036//2036 2037//2037
f 2099//2099 2037//2037 2038//2038
f 2138//2138 2139//2139 2140//2140
f 2140//2140 2139//2139 2141//2141
f 2140//2140 2141//2141 2142//2142
f 2142//2142 2141//2141 2143//2143
f 2142//2142 2143//2143 2144//2144
f 2144//2144 2143//2143 2145//2145
f 2144//2144 2145//2145 2146//2146
f 2145//2145 2147//2147 2146//2146
f 2146//2146 2147//2147 2148//2148
f 2146//2146 2148//2148 2149//2149
f 2149//2149 2148//2148 2150//2150
f 2149//2149 2150//2150 2151//2151
f 2151//2151 2150//2150 2152//2152
f 2151//2151 2152//2152 2153//2153
f 2153//2153 2152//2152 2154//2154
f 2153//2153 2154//2154 2155//2155
f 2155//2155 2154//2154 2156//2156
f 2155//2155 2156//2156 2157//2157
f 2157//2157 2156//2156 2158//2158
f 2157//2157 2158//2158 2159//2159
f 2159//2159 2158//2158 2160//2160
f 2159//2159 2160//2160 2161//2161
f 2161//2161 2160//2160 2162//2162
f 2161//2161 2162//2162 2163//2163
f 2163//2163 2162//2162 2164//2164
f 2163//2163 2164//2164 2165//2165
f 2165//2165 2164//2164 2166//2166
f 2165//2165 2166//2166 2167//2167
f 2167//2167 2166//2166 2168//2168
f 2167//2167 2168//2168 2169//2169
f 2169//2169 2168//2168 2170//2170
f 2169//2169 2170//2170 2171//2171
f 2171//2171 2170//2170 2172//2172
f 2171//2171 2172//2172 2173//2173
f 2173//2173 2172//2172 2174//2174
f 2173//2173 2174//2174 2175//2175
f 2175//2175 2174//2174 2176//2176
f 2175//2175 2176//2176 2177//2177
f 2177//2177 2176//2176 2178//2178
f 2177//2177 2178//2178 2179//2179
f 2179//2179 2178//2178 2180//2180
f 2179//2179 2180//2180 2181//2181
f 2181//2181 2180//2180 2182//2182
f 2181//2181 2182//2182 2183//2183
f 2183//2183 2182//2182 2184//2184
f 2183//2183 2184//2184 2185//2185
f 2185//2185 2184//2184 2186//2186
f 2185//2185 2186//2186 2187//2187
f 2187//2187 2186//2186 2188//2188
f 2187//2187 2188//2188 2189//2189
f 2189//2189 2188//2188 2190//2190
f 2189//2189 2190//2190 2191//2191
f 2191//2191 2190//2190 2192//2192
f 2191//2191 2192//2192 2193//2193
f 2193//2193 2192//2192 2194//2194
f 2193//2193 2194//2194 2195//2195
f 2195//2195 2194//2194 2196//2196
f 2195//2195 2196//2196 2197//2197
f 2197//2197 2196//2196 2198//2198
f 2197//2197 2198//2198 2199//2199
f 2199//2199 2198//2198 2200//2200
f 2199//2199 2200//2200 2201//2201
f 2201//2201 2200//2200 2202//2202
f 2201//2201 2202//2202 2203//2203
f 2203//2203 2202//2202 2204//2204
f 2203//2203 2204//2204 2205//2205
f 2205//2205 2204//2204 2206//2206
f 2205//2205 2206//2206 2207//2207
f 2207//2207 2206//2206 2208//2208
f 2207//2207 2208//2208 2209//2209
f 2209//2209 2208//2208 2210//2210
f 2209//2209 2210//2210 2211//2211
f 2211//2211 2210//2210 2212//2212
f 2211//2211 2212//2212 2213//2213
f 2213//2213 2212//2212 2214//2214
f 2213//2213 2214//2214 2138//2138
f 2138//2138 2214//2214 2215//2215
f 2138//2138 2215//2215 2139//2139
f 2186//2186 2184//2184 2216//2216
f 2217//2217 2218//2218 2219//2219
f 2220//2220 2221//2221 2204//2204
f 2204//2204 2221//2221 2222//2222
f 2204//2204 2222//2222 2206//2206
f 2223//2223 2224//2224 2225//2225
f 2225//2225 2224//2224 2206//2206
f 2225//2225 2206//2206 2226//2226
f 2226//2226 2206//2206 2222//2222
f 2227//2227 2228//2228 2229//2229
f 2229//2229 2228//2228 2224//2224
f 2229//2229 2224//2224 2230//2230
f 2230//2230 2224//2224 2223//2223
f 2227//2227 2231//2231 2228//2228
f 2228//2228 2231//2231 2232//2232
f 2228//2228 2232//2232 2198//2198
f 2232//2232 2233//2233 2198//2198
f 2198//2198 2233//2233 2234//2234
f 2198//2198 2234//2234 2200//2200
f 2200//2200 2234//2234 2220//2220
f 2200//2200 2220//2220 2202//2202
f 2202//2202 2220//2220 2204//2204
f 2212//2212 2210//2210 2224//2224
f 2224//2224 2210//2210 2208//2208
f 2224//2224 2208//2208 2206//2206
f 2235//2235 2236//2236 2237//2237
f 2238//2238 2239//2239 2224//2224
f 2235//2235 2237//2237 2240//2240
f 2239//2239 2241//2241 2224//2224
f 2224//2224 2241//2241 2242//2242
f 2224//2224 2242//2242 2212//2212
f 2212//2212 2242//2242 2243//2243
f 2212//2212 2243//2243 2214//2214
f 2214//2214 2243//2243 2244//2244
f 2214//2214 2244//2244 2245//2245
f 2246//2246 2247//2247 2145//2145
f 2145//2145 2247//2247 2248//2248
f 2145//2145 2248//2248 2147//2147
f 2141//2141 2139//2139 2215//2215
f 2245//2245 2246//2246 2214//2214
f 2214//2214 2246//2246 2145//2145
f 2214//2214 2145//2145 2215//2215
f 2215//2215 2145//2145 2143//2143
f 2215//2215 2143//2143 2141//2141
f 2237//2237 2152//2152 2150//2150
f 2248//2248 2240//2240 2147//2147
f 2147//2147 2240//2240 2237//2237
f 2147//2147 2237//2237 2148//2148
f 2148//2148 2237//2237 2150//2150
f 2158//2158 2156//2156 2249//2249
f 2249//2249 2156//2156 2250//2250
f 2249//2249 2250//2250 2251//2251
f 2252//2252 2253//2253 2254//2254
f 2255//2255 2237//2237 2256//2256
f 2256//2256 2237//2237 2254//2254
f 2256//2256 2254//2254 2257//2257
f 2257//2257 2254//2254 2253//2253
f 2255//2255 2258//2258 2237//2237
f 2237//2237 2258//2258 2259//2259
f 2237//2237 2259//2259 2152//2152
f 2259//2259 2260//2260 2152//2152
f 2152//2152 2260//2260 2261//2261
f 2152//2152 2261//2261 2154//2154
f 2154//2154 2261//2261 2262//2262
f 2154//2154 2262//2262 2156//2156
f 2156//2156 2262//2262 2263//2263
f 2156//2156 2263//2263 2250//2250
f 2164//2164 2162//2162 2249//2249
f 2249//2249 2162//2162 2160//2160
f 2249//2249 2160//2160 2158//2158
f 2264//2264 2265//2265 2254//2254
f 2254//2254 2265//2265 2249//2249
f 2254//2254 2249//2249 2252//2252
f 2252//2252 2249//2249 2251//2251
f 2219//2219 2218//2218 2254//2254
f 2254//2254 2218//2218 2266//2266
f 2254//2254 2266//2266 2264//2264
f 2265//2265 2267//2267 2249//2249
f 2249//2249 2267//2267 2268//2268
f 2249//2249 2268//2268 2164//2164
f 2164//2164 2268//2268 2269//2269
f 2164//2164 2269//2269 2166//2166
f 2168//2168 2270//2270 2219//2219
f 2219//2219 2270//2270 2271//2271
f 2219//2219 2271//2271 2217//2217
f 2269//2269 2272//2272 2166//2166
f 2166//2166 2272//2272 2273//2273
f 2166//2166 2273//2273 2168//2168
f 2168//2168 2273//2273 2274//2274
f 2168//2168 2274//2274 2270//2270
f 2174//2174 2172//2172 2219//2219
f 2219//2219 2172//2172 2170//2170
f 2219//2219 2170//2170 2168//2168
f 2275//2275 2276//2276 2219//2219
f 2276//2276 2277//2277 2219//2219
f 2219//2219 2277//2277 2278//2278
f 2219//2219 2278//2278 2174//2174
f 2174//2174 2278//2278 2279//2279
f 2174//2174 2279//2279 2176//2176
f 2176//2176 2279//2279 2280//2280
f 2176//2176 2280//2280 2178//2178
f 2178//2178 2280//2280 2281//2281
f 2178//2178 2281//2281 2180//2180
f 2281//2281 2282//2282 2180//2180
f 2180//2180 2282//2282 2283//2283
f 2180//2180 2283//2283 2182//2182
f 2182//2182 2283//2283 2284//2284
f 2182//2182 2284//2284 2184//2184
f 2184//2184 2284//2284 2285//2285
f 2184//2184 2285//2285 2216//2216
f 2216//2216 2285//2285 2286//2286
f 2216//2216 2286//2286 2287//2287
f 2288//2288 2289//2289 2216//2216
f 2289//2289 2190//2190 2216//2216
f 2216//2216 2190//2190 2188//2188
f 2216//2216 2188//2188 2186//2186
f 2289//2289 2290//2290 2190//2190
f 2190//2190 2290//2290 2291//2291
f 2190//2190 2291//2291 2192//2192
f 2192//2192 2291//2291 2292//2292
f 2192//2192 2292//2292 2194//2194
f 2194//2194 2292//2292 2293//2293
f 2194//2194 2293//2293 2196//2196
f 2196//2196 2293//2293 2294//2294
f 2196//2196 2294//2294 2198//2198
f 2294//2294 2295//2295 2198//2198
f 2198//2198 2295//2295 2296//2296
f 2198//2198 2296//2296 2228//2228
f 2228//2228 2296//2296 2297//2297
f 2297//2297 2298//2298 2228//2228
f 2228//2228 2298//2298 2299//2299
f 2228//2228 2299//2299 2216//2216
f 2216//2216 2299//2299 2300//2300
f 2216//2216 2300//2300 2288//2288
f 2287//2287 2275//2275 2216//2216
f 2216//2216 2275//2275 2219//2219
f 2216//2216 2219//2219 2228//2228
f 2228//2228 2219//2219 2254//2254
f 2228//2228 2254//2254 2224//2224
f 2224//2224 2254//2254 2237//2237
f 2224//2224 2237//2237 2238//2238
f 2238//2238 2237//2237 2236//2236
f 2199//2199 2201//2201 2301//2301
f 2199//2199 2301//2301 2197//2197
f 2191//2191 2193//2193 2301//2301
f 2301//2301 2193//2193 2195//2195
f 2301//2301 2195//2195 2197//2197
f 2185//2185 2187//2187 2301//2301
f 2301//2301 2187//2187 2189//2189
f 2301//2301 2189//2189 2191//2191
f 2179//2179 2181//2181 2301//2301
f 2301//2301 2181//2181 2183//2183
f 2301//2301 2183//2183 2185//2185
f 2173//2173 2175//2175 2301//2301
f 2301//2301 2175//2175 2177//2177
f 2301//2301 2177//2177 2179//2179
f 2167//2167 2169//2169 2301//2301
f 2301//2301 2169//2169 2171//2171
f 2301//2301 2171//2171 2173//2173
f 2161//2161 2163//2163 2301//2301
f 2301//2301 2163//2163 2165//2165
f 2301//2301 2165//2165 2167//2167
f 2155//2155 2157//2157 2301//2301
f 2301//2301 2157//2157 2159//2159
f 2301//2301 2159//2159 2161//2161
f 2149//2149 2151//2151 2301//2301
f 2301//2301 2151//2151 2153//2153
f 2301//2301 2153//2153 2155//2155
f 2142//2142 2144//2144 2301//2301
f 2301//2301 2144//2144 2146//2146
f 2301//2301 2146//2146 2149//2149
f 2213//2213 2138//2138 2301//2301
f 2301//2301 2138//2138 2140//2140
f 2301//2301 2140//2140 2142//2142
f 2207//2207 2209//2209 2301//2301
f 2301//2301 2209//2209 2211//2211
f 2301//2301 2211//2211 2213//2213
f 2201//2201 2203//2203 2301//2301
f 2301//2301 2203//2203 2205//2205
f 2301//2301 2205//2205 2207//2207
f 2302//2302 2285//2285 2303//2303
f 2303//2303 2285//2285 2284//2284
f 2303//2303 2284//2284 2304//2304
f 2304//2304 2284//2284 2283//2283
f 2304//2304 2283//2283 2305//2305
f 2305//2305 2283//2283 2282//2282
f 2305//2305 2282//2282 2306//2306
f 2306//2306 2282//2282 2281//2281
f 2306//2306 2281//2281 2307//2307
f 2307//2307 2281//2281 2280//2280
f 2307//2307 2280//2280 2308//2308
f 2308//2308 2280//2280 2279//2279
f 2308//2308 2279//2279 2309//2309
f 2309//2309 2279//2279 2278//2278
f 2309//2309 2278//2278 2310//2310
f 2310//2310 2278//2278 2277//2277
f 2310//2310 2277//2277 2311//2311
f 2311//2311 2277//2277 2276//2276
f 2311//2311 2276//2276 2312//2312
f 2312//2312 2276//2276 2275//2275
f 2312//2312 2275//2275 2313//2313
f 2313//2313 2275//2275 2287//2287
f 2313//2313 2287//2287 2314//2314
f 2314//2314 2287//2287 2286//2286
f 2314//2314 2286//2286 2302//2302
f 2302//2302 2286//2286 2285//2285
f 2302//2302 2303//2303 2315//2315
f 2312//2312 2313//2313 2315//2315
f 2315//2315 2313//2313 2314//2314
f 2315//2315 2314//2314 2302//2302
f 2309//2309 2310//2310 2315//2315
f 2315//2315 2310//2310 2311//2311
f 2315//2315 2311//2311 2312//2312
f 2306//2306 2307//2307 2315//2315
f 2315//2315 2307//2307 2308//2308
f 2315//2315 2308//2308 2309//2309
f 2303//2303 2304//2304 2315//2315
f 2315//2315 2304//2304 2305//2305
f 2315//2315 2305//2305 2306//2306
f 2316//2316 2295//2295 2317//2317
f 2317//2317 2295//2295 2294//2294
f 2317//2317 2294//2294 2318//2318
f 2318//2318 2294//2294 2293//2293
f 2318//2318 2293//2293 2319//2319
f 2319//2319 2293//2293 2292//2292
f 2319//2319 2292//2292 2320//2320
f 2320//2320 2292//2292 2291//2291
f 2320//2320 2291//2291 2321//2321
f 2321//2321 2291//2291 2290//2290
f 2321//2321 2290//2290 2322//2322
f 2322//2322 2290//2290 2289//2289
f 2322//2322 2289//2289 2323//2323
f 2323//2323 2289//2289 2288//2288
f 2323//2323 2288//2288 2324//2324
f 2324//2324 2288//2288 2300//2300
f 2324//2324 2300//2300 2325//2325
f 2325//2325 2300//2300 2299//2299
f 2325//2325 2299//2299 2326//2326
f 2326//2326 2299//2299 2298//2298
f 2326//2326 2298//2298 2327//2327
f 2327//2327 2298//2298 2297//2297
f 2327//2327 2297//2297 2328//2328
f 2328//2328 2297//2297 2296//2296
f 2328//2328 2296//2296 2316//2316
f 2316//2316 2296//2296 2295//2295
f 2316//2316 2317//2317 2329//2329
f 2326//2326 2327//2327 2329//2329
f 2329//2329 2327//2327 2328//2328
f 2329//2329 2328//2328 2316//2316
f 2323//2323 2324//2324 2329//2329
f 2329//2329 2324//2324 2325//2325
f 2329//2329 2325//2325 2326//2326
f 2320//2320 2321//2321 2329//2329
f 2329//2329 2321//2321 2322//2322
f 2329//2329 2322//2322 2323//2323
f 2317//2317 2318//2318 2329//2329
f 2329//2329 2318//2318 2319//2319
f 2329//2329 2319//2319 2320//2320
f 2330//2330 2223//2223 2331//2331
f 2331//2331 2223//2223 2225//2225
f 2331//2331 2225//2225 2332//2332
f 2332//2332 2225//2225 2226//2226
f 2332//2332 2226//2226 2333//2333
f 2333//2333 2226//2226 2222//2222
f 2333//2333 2222//2222 2334//2334
f 2334//2334 2222//2222 2221//2221
f 2334//2334 2221//2221 2335//2335
f 2335//2335 2221//2221 2220//2220
f 2335//2335 2220//2220 2336//2336
f 2336//2336 2220//2220 2234//2234
f 2336//2336 2234//2234 2337//2337
f 2337//2337 2234//2234 2233//2233
f 2337//2337 2233//2233 2338//2338
f 2338//2338 2233//2233 2232//2232
f 2338//2338 2232//2232 2339//2339
f 2339//2339 2232//2232 2231//2231
f 2339//2339 2231//2231 2340//2340
f 2340//2340 2231//2231 2227//2227
f 2340//2340 2227//2227 2341//2341
f 2341//2341 2227//2227 2229//2229
f 2341//2341 2229//2229 2342//2342
f 2342//2342 2229//2229 2230//2230
f 2342//2342 2230//2230 2330//2330
f 2330//2330 2230//2230 2223//2223
f 2330//2330 2331//2331 2343//2343
f 2340//2340 2341//2341 2343//2343
f 2343//2343 2341//2341 2342//2342
f 2343//2343 2342//2342 2330//2330
f 2337//2337 2338//2338 2343//2343
f 2343//2343 2338//2338 2339//2339
f 2343//2343 2339//2339 2340//2340
f 2334//2334 2335//2335 2343//2343
f 2343//2343 2335//2335 2336//2336
f 2343//2343 2336//2336 2337//2337
f 2331//2331 2332//2332 2343//2343
f 2343//2343 2332//2332 2333//2333
f 2343//2343 2333//2333 2334//2334
f 2344//2344 2240//2240 2345//2345
f 2345//2345 2240//2240 2248//2248
f 2345//2345 2248//2248 2346//2346
f 2346//2346 2248//2248 2247//2247
f 2346//2346 2247//2247 2347//2347
f 2347//2347 2247//2247 2246//2246
f 2347//2347 2246//2246 2348//2348
f 2348//2348 2246//2246 2245//2245
f 2348//2348 2245//2245 2349//2349
f 2349//2349 2245//2245 2244//2244
f 2349//2349 2244//2244 2350//2350
f 2350//2350 2244//2244 2243//2243
f 2350//2350 2243//2243 2351//2351
f 2351//2351 2243//2243 2242//2242
f 2351//2351 2242//2242 2352//2352
f 2352//2352 2242//2242 2241//2241
f 2352//2352 2241//2241 2353//2353
f 2353//2353 2241//2241 2239//2239
f 2353//2353 2239//2239 2354//2354
f 2354//2354 2239//2239 2238//2238
f 2354//2354 2238//2238 2355//2355
f 2355//2355 2238//2238 2236//2236
f 2355//2355 2236//2236 2356//2356
f 2356//2356 2236//2236 2235//2235
f 2356//2356 2235//2235 2344//2344
f 2344//2344 2235//2235 2240//2240
f 2344//2344 2345//2345 2357//2357
f 2354//2354 2355//2355 2357//2357
f 2357//2357 2355//2355 2356//2356
f 2357//2357 2356//2356 2344//2344
f 2351//2351 2352//2352 2357//2357
f 2357//2357 2352//2352 2353//2353
f 2357//2357 2353//2353 2354//2354
f 2348//2348 2349//2349 2357//2357
f 2357//2357 2349//2349 2350//2350
f 2357//2357 2350//2350 2351//2351
f 2345//2345 2346//2346 2357//2357
f 2357//2357 2346//2346 2347//2347
f 2357//2357 2347//2347 2348//2348
f 2358//2358 2251//2251 2359//2359
f 2359//2359 2251//2251 2250//2250
f 2359//2359 2250//2250 2360//2360
f 2360//2360 2250//2250 2263//2263
f 2360//2360 2263//2263 2361//2361
f 2361//2361 2263//2263 2262//2262
f 2361//2361 2262//2262 2362//2362
f 2362//2362 2262//2262 2261//2261
f 2362//2362 2261//2261 2363//2363
f 2363//2363 2261//2261 2260//2260
f 2363//2363 2260//2260 2364//2364
f 2364//2364 2260//2260 2259//2259
f 2364//2364 2259//2259 2365//2365
f 2365//2365 2259//2259 2258//2258
f 2365//2365 2258//2258 2366//2366
f 2366//2366 2258//2258 2255//2255
f 2366//2366 2255//2255 2367//2367
f 2367//2367 2255//2255 2256//2256
f 2367//2367 2256//2256 2368//2368
f 2368//2368 2256//2256 2257//2257
f 2368//2368 2257//2257 2369//2369
f 2369//2369 2257//2257 2253//2253
f 2369//2369 2253//2253 2370//2370
f 2370//2370 2253//2253 2252//2252
f 2370//2370 2252//2252 2358//2358
f 2358//2358 2252//2252 2251//2251
f 2358//2358 2359//2359 2371//2371
f 2368//2368 2369//2369 2371//2371
f 2371//2371 2369//2369 2370//2370
f 2371//2371 2370//2370 2358//2358
f 2365//2365 2366//2366 2371//2371
f 2371//2371 2366//2366 2367//2367
f 2371//2371 2367//2367 2368//2368
f 2362//2362 2363//2363 2371//2371
f 2371//2371 2363//2363 2364//2364
f 2371//2371 2364//2364 2365//2365
f 2359//2359 2360//2360 2371//2371
f 2371//2371 2360//2360 2361//2361
f 2371//2371 2361//2361 2362//2362
f 2372//2372 2271//2271 2373//2373
f 2373//2373 2271//2271 2270//2270
f 2373//2373 2270//2270 2374//2374
f 2374//2374 2270//2270 2274//2274
f 2374//2374 2274//2274 2375//2375
f 2375//2375 2274//2274 2273//2273
f 2375//2375 2273//2273 2376//2376
f 2376//2376 2273//2273 2272//2272
f 2376//2376 2272//2272 2377//2377
f 2377//2377 2272//2272 2269//2269
f 2377//2377 2269//2269 2378//2378
f 2378//2378 2269//2269 2268//2268
f 2378//2378 2268//2268 2379//2379
f 2379//2379 2268//2268 2267//2267
f 2379//2379 2267//2267 2380//2380
f 2380//2380 2267//2267 2265//2265
f 2380//2380 2265//2265 2381//2381
f 2381//2381 2265//2265 2264//2264
f 2381//2381 2264//2264 2382//2382
f 2382//2382 2264//2264 2266//2266
f 2382//2382 2266//2266 2383//2383
f 2383//2383 2266//2266 2218//2218
f 2383//2383 2218//2218 2384//2384
f 2384//2384 2218//2218 2217//2217
f 2384//2384 2217//2217 2372//2372
f 2372//2372 2217//2217 2271//2271
f 2372//2372 2373//2373 2385//2385
f 2382//2382 2383//2383 2385//2385
f 2385//2385 2383//2383 2384//2384
f 2385//2385 2384//2384 2372//2372
f 2379//2379 2380//2380 2385//2385
f 2385//2385 2380//2380 2381//2381
f 2385//2385 2381//2381 2382//2382
f 2376//2376 2377//2377 2385//2385
f 2385//2385 2377//2377 2378//2378
f 2385//2385 2378//2378 2379//2379
f 2373//2373 2374//2374 2385//2385
f 2385//2385 2374//2374 2375//2375
f 2385//2385 2375//2375 2376//2376
f 2386//2386 2387//2387 2388//2388
f 2388//2388 2387//2387 2389//2389
f 2388//2388 2389//2389 2390//2390
f 2390//2390 2389//2389 2391//2391
f 2390//2390 2391//2391 2392//2392
f 2392//2392 2391//2391 2393//2393
f 2392//2392 2393//2393 2394//2394
f 2394//2394 2393//2393 2395//2395
f 2394//2394 2395//2395 2396//2396
f 2396//2396 2395//2395 2397//2397
f 2396//2396 2397//2397 2398//2398
f 2398//2398 2397//2397 2399//2399
f 2398//2398 2399//2399 2400//2400
f 2400//2400 2399//2399 2401//2401
f 2400//2400 2401//2401 2402//2402
f 2402//2402 2401//2401 2403//2403
f 2402//2402 2403//2403 2404//2404
f 2404//2404 2403//2403 2405//2405
f 2404//2404 2405//2405 2406//2406
f 2406//2406 2405//2405 2407//2407
f 2406//2406 2407//2407 2408//2408
f 2408//2408 2407//2407 2409//2409
f 2408//2408 2409//2409 2410//2410
f 2410//2410 2409//2409 2411//2411
f 2410//2410 2411//2411 2412//2412
f 2412//2412 2411//2411 2413//2413
f 2412//2412 2413//2413 2414//2414
f 2414//2414 2413//2413 2415//2415
f 2414//2414 2415//2415 2416//2416
f 2416//2416 2415//2415 2417//2417
f 2416//2416 2417//2417 2418//2418
f 2418//2418 2417//2417 2419//2419
f 2418//2418 2419//2419 2420//2420
f 2420//2420 2419//2419 2421//2421
f 2420//2420 2421//2421 2422//2422
f 2422//2422 2421//2421 2423//2423
f 2422//2422 2423//2423 2424//2424
f 2424//2424 2423//2423 2425//2425
f 2424//2424 2425//2425 2426//2426
f 2426//2426 2425//2425 2427//2427
f 2426//2426 2427//2427 2428//2428
f 2428//2428 2427//2427 2429//2429
f 2428//2428 2429//2429 2430//2430
f 2430//2430 2429//2429 2431//2431
f 2430//2430 2431//2431 2432//2432
f 2432//2432 2431//2431 2433//2433
f 2432//2432 2433//2433 2434//2434
f 2434//2434 2433//2433 2435//2435
f 2434//2434 2435//2435 2436//2436
f 2436//2436 2435//2435 2437//2437
f 2436//2436 2437//2437 2438//2438
f 2438//2438 2437//2437 2439//2439
f 2438//2438 2439//2439 2440//2440
f 2440//2440 2439//2439 2441//2441
f 2440//2440 2441//2441 2442//2442
f 2442//2442 2441//2441 2443//2443
f 2442//2442 2443//2443 2444//2444
f 2444//2444 2443//2443 2445//2445
f 2444//2444 2445//2445 2446//2446
f 2446//2446 2445//2445 2447//2447
f 2446//2446 2447//2447 2448//2448
f 2448//2448 2447//2447 2449//2449
f 2448//2448 2449//2449 2450//2450
f 2450//2450 2449//2449 2451//2451
f 2450//2450 2451//2451 2452//2452
f 2452//2452 2451//2451 2453//2453
f 2452//2452 2453//2453 2454//2454
f 2454//2454 2453//2453 2455//2455
f 2454//2454 2455//2455 2456//2456
f 2456//2456 2455//2455 2457//2457
f 2456//2456 2457//2457 2458//2458
f 2458//2458 2457//2457 2459//2459
f 2458//2458 2459//2459 2460//2460
f 2460//2460 2459//2459 2461//2461
f 2460//2460 2461//2461 2386//2386
f 2386//2386 2461//2461 2387//2387
f 2411//2411 2409//2409 2462//2462
f 2393//2393 2463//2463 2395//2395
f 2459//2459 2457//2457 2464//2464
f 2449//2449 2447//2447 2465//2465
f 2431//2431 2466//2466 2433//2433
f 2467//2467 2468//2468 2423//2423
f 2469//2469 2431//2431 2470//2470
f 2470//2470 2431//2431 2429//2429
f 2470//2470 2429//2429 2471//2471
f 2471//2471 2429//2429 2472//2472
f 2472//2472 2429//2429 2427//2427
f 2472//2472 2427//2427 2468//2468
f 2468//2468 2427//2427 2425//2425
f 2468//2468 2425//2425 2423//2423
f 2473//2473 2474//2474 2475//2475
f 2474//2474 2476//2476 2475//2475
f 2475//2475 2476//2476 2477//2477
f 2475//2475 2477//2477 2478//2478
f 2478//2478 2477//2477 2479//2479
f 2478//2478 2479//2479 2480//2480
f 2433//2433 2466//2466 2435//2435
f 2435//2435 2466//2466 2481//2481
f 2435//2435 2481//2481 2437//2437
f 2441//2441 2482//2482 2443//2443
f 2443//2443 2482//2482 2483//2483
f 2443//2443 2483//2483 2445//2445
f 2445//2445 2483//2483 2484//2484
f 2445//2445 2484//2484 2447//2447
f 2447//2447 2484//2484 2485//2485
f 2447//2447 2485//2485 2465//2465
f 2465//2465 2485//2485 2486//2486
f 2486//2486 2487//2487 2465//2465
f 2465//2465 2487//2487 2488//2488
f 2465//2465 2488//2488 2481//2481
f 2488//2488 2489//2489 2481//2481
f 2481//2481 2489//2489 2490//2490
f 2481//2481 2490//2490 2437//2437
f 2437//2437 2490//2490 2491//2491
f 2437//2437 2491//2491 2439//2439
f 2439//2439 2491//2491 2492//2492
f 2439//2439 2492//2492 2441//2441
f 2441//2441 2492//2492 2493//2493
f 2441//2441 2493//2493 2482//2482
f 2494//2494 2495//2495 2451//2451
f 2451//2451 2495//2495 2453//2453
f 2496//2496 2497//2497 2498//2498
f 2498//2498 2497//2497 2499//2499
f 2498//2498 2499//2499 2495//2495
f 2499//2499 2500//2500 2495//2495
f 2495//2495 2500//2500 2501//2501
f 2495//2495 2501//2501 2453//2453
f 2501//2501 2502//2502 2453//2453
f 2453//2453 2502//2502 2503//2503
f 2453//2453 2503//2503 2455//2455
f 2503//2503 2504//2504 2455//2455
f 2455//2455 2504//2504 2505//2505
f 2455//2455 2505//2505 2457//2457
f 2457//2457 2505//2505 2506//2506
f 2457//2457 2506//2506 2464//2464
f 2464//2464 2506//2506 2507//2507
f 2464//2464 2507//2507 2498//2498
f 2498//2498 2507//2507 2508//2508
f 2498//2498 2508//2508 2496//2496
f 2389//2389 2387//2387 2464//2464
f 2464//2464 2387//2387 2461//2461
f 2464//2464 2461//2461 2459//2459
f 2509//2509 2510//2510 2498//2498
f 2511//2511 2512//2512 2513//2513
f 2513//2513 2512//2512 2514//2514
f 2513//2513 2514//2514 2509//2509
f 2391//2391 2515//2515 2393//2393
f 2393//2393 2515//2515 2516//2516
f 2510//2510 2517//2517 2498//2498
f 2498//2498 2517//2517 2518//2518
f 2498//2498 2518//2518 2464//2464
f 2464//2464 2518//2518 2519//2519
f 2464//2464 2519//2519 2389//2389
f 2389//2389 2519//2519 2520//2520
f 2389//2389 2520//2520 2391//2391
f 2391//2391 2520//2520 2521//2521
f 2391//2391 2521//2521 2515//2515
f 2395//2395 2463//2463 2397//2397
f 2397//2397 2463//2463 2522//2522
f 2397//2397 2522//2522 2399//2399
f 2522//2522 2462//2462 2523//2523
f 2523//2523 2462//2462 2524//2524
f 2403//2403 2525//2525 2405//2405
f 2405//2405 2525//2525 2526//2526
f 2405//2405 2526//2526 2407//2407
f 2407//2407 2526//2526 2527//2527
f 2407//2407 2527//2527 2409//2409
f 2409//2409 2527//2527 2528//2528
f 2409//2409 2528//2528 2462//2462
f 2462//2462 2528//2528 2529//2529
f 2462//2462 2529//2529 2524//2524
f 2523//2523 2530//2530 2522//2522
f 2522//2522 2530//2530 2531//2531
f 2522//2522 2531//2531 2399//2399
f 2399//2399 2531//2531 2532//2532
f 2399//2399 2532//2532 2401//2401
f 2401//2401 2532//2532 2533//2533
f 2401//2401 2533//2533 2403//2403
f 2403//2403 2533//2533 2534//2534
f 2403//2403 2534//2534 2525//2525
f 2535//2535 2536//2536 2413//2413
f 2413//2413 2536//2536 2415//2415
f 2537//2537 2538//2538 2478//2478
f 2478//2478 2538//2538 2539//2539
f 2478//2478 2539//2539 2540//2540
f 2417//2417 2541//2541 2419//2419
f 2419//2419 2541//2541 2542//2542
f 2419//2419 2542//2542 2421//2421
f 2421//2421 2542//2542 2537//2537
f 2421//2421 2537//2537 2423//2423
f 2423//2423 2537//2537 2478//2478
f 2423//2423 2478//2478 2467//2467
f 2467//2467 2478//2478 2480//2480
f 2415//2415 2543//2543 2417//2417
f 2417//2417 2543//2543 2544//2544
f 2417//2417 2544//2544 2541//2541
f 2545//2545 2546//2546 2536//2536
f 2536//2536 2546//2546 2547//2547
f 2536//2536 2547//2547 2415//2415
f 2415//2415 2547//2547 2548//2548
f 2415//2415 2548//2548 2543//2543
f 2549//2549 2550//2550 2536//2536
f 2536//2536 2550//2550 2551//2551
f 2536//2536 2551//2551 2552//2552
f 2552//2552 2553//2553 2536//2536
f 2536//2536 2553//2553 2478//2478
f 2536//2536 2478//2478 2545//2545
f 2545//2545 2478//2478 2540//2540
f 2554//2554 2462//2462 2555//2555
f 2555//2555 2462//2462 2556//2556
f 2556//2556 2462//2462 2557//2557
f 2557//2557 2462//2462 2522//2522
f 2557//2557 2522//2522 2558//2558
f 2509//2509 2498//2498 2513//2513
f 2513//2513 2498//2498 2559//2559
f 2513//2513 2559//2559 2560//2560
f 2560//2560 2561//2561 2513//2513
f 2513//2513 2561//2561 2562//2562
f 2513//2513 2562//2562 2563//2563
f 2563//2563 2562//2562 2564//2564
f 2565//2565 2566//2566 2495//2495
f 2565//2565 2495//2495 2567//2567
f 2566//2566 2568//2568 2495//2495
f 2495//2495 2568//2568 2569//2569
f 2495//2495 2569//2569 2498//2498
f 2498//2498 2569//2569 2570//2570
f 2498//2498 2570//2570 2559//2559
f 2571//2571 2465//2465 2572//2572
f 2572//2572 2465//2465 2573//2573
f 2573//2573 2465//2465 2574//2574
f 2574//2574 2465//2465 2481//2481
f 2574//2574 2481//2481 2575//2575
f 2576//2576 2577//2577 2578//2578
f 2578//2578 2577//2577 2475//2475
f 2578//2578 2475//2475 2579//2579
f 2553//2553 2580//2580 2478//2478
f 2478//2478 2580//2580 2581//2581
f 2478//2478 2581//2581 2475//2475
f 2475//2475 2581//2581 2582//2582
f 2475//2475 2582//2582 2579//2579
f 2413//2413 2411//2411 2535//2535
f 2535//2535 2411//2411 2462//2462
f 2535//2535 2462//2462 2536//2536
f 2536//2536 2462//2462 2554//2554
f 2536//2536 2554//2554 2549//2549
f 2549//2549 2554//2554 2555//2555
f 2516//2516 2511//2511 2393//2393
f 2393//2393 2511//2511 2513//2513
f 2393//2393 2513//2513 2463//2463
f 2463//2463 2513//2513 2563//2563
f 2463//2463 2563//2563 2522//2522
f 2522//2522 2563//2563 2564//2564
f 2522//2522 2564//2564 2558//2558
f 2469//2469 2473//2473 2431//2431
f 2431//2431 2473//2473 2475//2475
f 2431//2431 2475//2475 2466//2466
f 2466//2466 2475//2475 2577//2577
f 2466//2466 2577//2577 2481//2481
f 2481//2481 2577//2577 2576//2576
f 2481//2481 2576//2576 2575//2575
f 2572//2572 2567//2567 2571//2571
f 2571//2571 2567//2567 2495//2495
f 2571//2571 2495//2495 2465//2465
f 2465//2465 2495//2495 2494//2494
f 2465//2465 2494//2494 2449//2449
f 2449//2449 2494//2494 2451//2451
f 2583//2583 2584//2584 2585//2585
f 2388//2388 2390//2390 2586//2586
f 2418//2418 2420//2420 2587//2587
f 2588//2588 2589//2589 2424//2424
f 2587//2587 2420//2420 2589//2589
f 2589//2589 2420//2420 2422//2422
f 2589//2589 2422//2422 2424//2424
f 2414//2414 2590//2590 2412//2412
f 2412//2412 2590//2590 2410//2410
f 2404//2404 2591//2591 2402//2402
f 2402//2402 2591//2591 2592//2592
f 2402//2402 2592//2592 2400//2400
f 2593//2593 2594//2594 2595//2595
f 2594//2594 2596//2596 2595//2595
f 2595//2595 2596//2596 2597//2597
f 2595//2595 2597//2597 2590//2590
f 2597//2597 2598//2598 2590//2590
f 2590//2590 2598//2598 2599//2599
f 2590//2590 2599//2599 2410//2410
f 2410//2410 2599//2599 2600//2600
f 2410//2410 2600//2600 2408//2408
f 2408//2408 2600//2600 2601//2601
f 2408//2408 2601//2601 2406//2406
f 2406//2406 2601//2601 2602//2602
f 2406//2406 2602//2602 2404//2404
f 2404//2404 2602//2602 2603//2603
f 2404//2404 2603//2603 2591//2591
f 2392//2392 2604//2604 2390//2390
f 2390//2390 2604//2604 2605//2605
f 2390//2390 2605//2605 2586//2586
f 2586//2586 2605//2605 2606//2606
f 2586//2586 2606//2606 2607//2607
f 2607//2607 2606//2606 2608//2608
f 2607//2607 2608//2608 2609//2609
f 2610//2610 2394//2394 2611//2611
f 2611//2611 2394//2394 2396//2396
f 2611//2611 2396//2396 2612//2612
f 2612//2612 2396//2396 2398//2398
f 2612//2612 2398//2398 2400//2400
f 2609//2609 2613//2613 2607//2607
f 2607//2607 2613//2613 2614//2614
f 2607//2607 2614//2614 2611//2611
f 2611//2611 2614//2614 2615//2615
f 2611//2611 2615//2615 2610//2610
f 2610//2610 2616//2616 2394//2394
f 2394//2394 2616//2616 2617//2617
f 2394//2394 2617//2617 2392//2392
f 2392//2392 2617//2617 2618//2618
f 2392//2392 2618//2618 2604//2604
f 2458//2458 2460//2460 2586//2586
f 2586//2586 2460//2460 2386//2386
f 2586//2586 2386//2386 2388//2388
f 2456//2456 2619//2619 2454//2454
f 2454//2454 2619//2619 2620//2620
f 2621//2621 2622//2622 2623//2623
f 2624//2624 2607//2607 2625//2625
f 2625//2625 2607//2607 2623//2623
f 2625//2625 2623//2623 2626//2626
f 2626//2626 2623//2623 2622//2622
f 2624//2624 2627//2627 2607//2607
f 2607//2607 2627//2627 2628//2628
f 2607//2607 2628//2628 2586//2586
f 2586//2586 2628//2628 2629//2629
f 2586//2586 2629//2629 2458//2458
f 2458//2458 2629//2629 2630//2630
f 2458//2458 2630//2630 2456//2456
f 2456//2456 2630//2630 2631//2631
f 2456//2456 2631//2631 2619//2619
f 2632//2632 2452//2452 2454//2454
f 2452//2452 2632//2632 2450//2450
f 2450//2450 2632//2632 2633//2633
f 2450//2450 2633//2633 2448//2448
f 2442//2442 2634//2634 2440//2440
f 2440//2440 2634//2634 2635//2635
f 2440//2440 2635//2635 2438//2438
f 2636//2636 2637//2637 2638//2638
f 2637//2637 2639//2639 2638//2638
f 2638//2638 2639//2639 2640//2640
f 2638//2638 2640//2640 2633//2633
f 2640//2640 2641//2641 2633//2633
f 2633//2633 2641//2641 2642//2642
f 2633//2633 2642//2642 2448//2448
f 2448//2448 2642//2642 2643//2643
f 2448//2448 2643//2643 2446//2446
f 2446//2446 2643//2643 2644//2644
f 2446//2446 2644//2644 2444//2444
f 2444//2444 2644//2644 2645//2645
f 2444//2444 2645//2645 2442//2442
f 2442//2442 2645//2645 2646//2646
f 2442//2442 2646//2646 2634//2634
f 2635//2635 2636//2636 2438//2438
f 2438//2438 2636//2636 2638//2638
f 2438//2438 2638//2638 2436//2436
f 2436//2436 2638//2638 2434//2434
f 2430//2430 2647//2647 2648//2648
f 2595//2595 2649//2649 2650//2650
f 2416//2416 2651//2651 2414//2414
f 2414//2414 2651//2651 2652//2652
f 2414//2414 2652//2652 2590//2590
f 2590//2590 2652//2652 2653//2653
f 2653//2653 2654//2654 2590//2590
f 2590//2590 2654//2654 2655//2655
f 2590//2590 2655//2655 2595//2595
f 2595//2595 2655//2655 2656//2656
f 2595//2595 2656//2656 2649//2649
f 2587//2587 2657//2657 2418//2418
f 2418//2418 2657//2657 2658//2658
f 2418//2418 2658//2658 2416//2416
f 2416//2416 2658//2658 2659//2659
f 2416//2416 2659//2659 2651//2651
f 2651//2651 2659//2659 2660//2660
f 2651//2651 2660//2660 2652//2652
f 2585//2585 2661//2661 2662//2662
f 2660//2660 2663//2663 2652//2652
f 2652//2652 2663//2663 2664//2664
f 2652//2652 2664//2664 2665//2665
f 2665//2665 2664//2664 2666//2666
f 2648//2648 2667//2667 2430//2430
f 2430//2430 2667//2667 2668//2668
f 2430//2430 2668//2668 2428//2428
f 2428//2428 2668//2668 2669//2669
f 2428//2428 2669//2669 2426//2426
f 2426//2426 2669//2669 2583//2583
f 2426//2426 2583//2583 2424//2424
f 2424//2424 2583//2583 2585//2585
f 2424//2424 2585//2585 2588//2588
f 2588//2588 2585//2585 2662//2662
f 2588//2588 2662//2662 2670//2670
f 2670//2670 2662//2662 2671//2671
f 2670//2670 2671//2671 2672//2672
f 2672//2672 2671//2671 2666//2666
f 2672//2672 2666//2666 2673//2673
f 2673//2673 2666//2666 2664//2664
f 2661//2661 2585//2585 2674//2674
f 2674//2674 2585//2585 2584//2584
f 2674//2674 2584//2584 2675//2675
f 2675//2675 2584//2584 2676//2676
f 2675//2675 2676//2676 2677//2677
f 2676//2676 2678//2678 2677//2677
f 2677//2677 2678//2678 2679//2679
f 2677//2677 2679//2679 2680//2680
f 2680//2680 2679//2679 2681//2681
f 2680//2680 2681//2681 2682//2682
f 2682//2682 2681//2681 2683//2683
f 2682//2682 2683//2683 2647//2647
f 2647//2647 2683//2683 2684//2684
f 2647//2647 2684//2684 2648//2648
f 2430//2430 2432//2432 2647//2647
f 2647//2647 2432//2432 2434//2434
f 2647//2647 2434//2434 2682//2682
f 2682//2682 2434//2434 2638//2638
f 2682//2682 2638//2638 2685//2685
f 2685//2685 2638//2638 2686//2686
f 2686//2686 2638//2638 2687//2687
f 2687//2687 2638//2638 2633//2633
f 2687//2687 2633//2633 2688//2688
f 2620//2620 2621//2621 2454//2454
f 2454//2454 2621//2621 2623//2623
f 2454//2454 2623//2623 2632//2632
f 2632//2632 2623//2623 2689//2689
f 2632//2632 2689//2689 2633//2633
f 2633//2633 2689//2689 2690//2690
f 2633//2633 2690//2690 2688//2688
f 2592//2592 2593//2593 2400//2400
f 2400//2400 2593//2593 2595//2595
f 2400//2400 2595//2595 2612//2612
f 2612//2612 2595//2595 2650//2650
f 2612//2612 2650//2650 2611//2611
f 2611//2611 2650//2650 2691//2691
f 2611//2611 2691//2691 2607//2607
f 2607//2607 2691//2691 2692//2692
f 2607//2607 2692//2692 2623//2623
f 2623//2623 2692//2692 2693//2693
f 2623//2623 2693//2693 2689//2689
f 2694//2694 2693//2693 2695//2695
f 2695//2695 2693//2693 2692//2692
f 2695//2695 2692//2692 2691//2691
f 2695//2695 2691//2691 2650//2650
f 2695//2695 2650//2650 2696//2696
f 2696//2696 2650//2650 2649//2649
f 2696//2696 2649//2649 2697//2697
f 2697//2697 2649//2649 2656//2656
f 2697//2697 2656//2656 2698//2698
f 2698//2698 2656//2656 2655//2655
f 2698//2698 2655//2655 2699//2699
f 2699//2699 2655//2655 2654//2654
f 2699//2699 2654//2654 2700//2700
f 2700//2700 2654//2654 2653//2653
f 2700//2700 2653//2653 2701//2701
f 2701//2701 2653//2653 2652//2652
f 2701//2701 2652//2652 2702//2702
f 2702//2702 2652//2652 2665//2665
f 2702//2702 2665//2665 2703//2703
f 2703//2703 2665//2665 2666//2666
f 2703//2703 2666//2666 2704//2704
f 2704//2704 2666//2666 2671//2671
f 2704//2704 2671//2671 2705//2705
f 2705//2705 2671//2671 2662//2662
f 2705//2705 2662//2662 2706//2706
f 2706//2706 2662//2662 2661//2661
f 2706//2706 2661//2661 2707//2707
f 2707//2707 2661//2661 2674//2674
f 2707//2707 2674//2674 2708//2708
f 2708//2708 2674//2674 2675//2675
f 2708//2708 2675//2675 2709//2709
f 2709//2709 2675//2675 2677//2677
f 2709//2709 2677//2677 2710//2710
f 2710//2710 2677//2677 2680//2680
f 2710//2710 2680//2680 2711//2711
f 2711//2711 2680//2680 2682//2682
f 2711//2711 2682//2682 2712//2712
f 2712//2712 2682//2682 2685//2685
f 2712//2712 2685//2685 2713//2713
f 2713//2713 2685//2685 2686//2686
f 2713//2713 2686//2686 2714//2714
f 2714//2714 2686//2686 2687//2687
f 2714//2714 2687//2687 2715//2715
f 2715//2715 2687//2687 2688//2688
f 2715//2715 2688//2688 2716//2716
f 2716//2716 2688//2688 2690//2690
f 2716//2716 2690//2690 2717//2717
f 2717//2717 2690//2690 2689//2689
f 2717//2717 2689//2689 2718//2718
f 2718//2718 2689//2689 2693//2693
f 2718//2718 2693//2693 2694//2694
f 2715//2715 2716//2716 2698//2698
f 2694//2694 2695//2695 2718//2718
f 2718//2718 2695//2695 2696//2696
f 2716//2716 2717//2717 2698//2698
f 2698//2698 2717//2717 2718//2718
f 2698//2698 2718//2718 2697//2697
f 2697//2697 2718//2718 2696//2696
f 2715//2715 2698//2698 2714//2714
f 2714//2714 2698//2698 2699//2699
f 2714//2714 2699//2699 2700//2700
f 2700//2700 2701//2701 2714//2714
f 2714//2714 2701//2701 2702//2702
f 2714//2714 2702//2702 2703//2703
f 2703//2703 2704//2704 2714//2714
f 2714//2714 2704//2704 2705//2705
f 2714//2714 2705//2705 2706//2706
f 2706//2706 2707//2707 2714//2714
f 2714//2714 2707//2707 2708//2708
f 2714//2714 2708//2708 2709//2709
f 2709//2709 2710//2710 2714//2714
f 2714//2714 2710//2710 2711//2711
f 2714//2714 2711//2711 2713//2713
f 2713//2713 2711//2711 2712//2712
f 2570//2570 2719//2719 2559//2559
f 2559//2559 2719//2719 2720//2720
f 2559//2559 2720//2720 2560//2560
f 2560//2560 2720//2720 2721//2721
f 2560//2560 2721//2721 2561//2561
f 2561//2561 2721//2721 2722//2722
f 2561//2561 2722//2722 2562//2562
f 2562//2562 2722//2722 2723//2723
f 2562//2562 2723//2723 2564//2564
f 2564//2564 2723//2723 2724//2724
f 2564//2564 2724//2724 2558//2558
f 2558//2558 2724//2724 2725//2725
f 2558//2558 2725//2725 2557//2557
f 2557//2557 2725//2725 2726//2726
f 2557//2557 2726//2726 2556//2556
f 2556//2556 2726//2726 2727//2727
f 2556//2556 2727//2727 2555//2555
f 2555//2555 2727//2727 2728//2728
f 2555//2555 2728//2728 2549//2549
f 2549//2549 2728//2728 2729//2729
f 2549//2549 2729//2729 2550//2550
f 2550//2550 2729//2729 2730//2730
f 2550//2550 2730//2730 2551//2551
f 2551//2551 2730//2730 2731//2731
f 2551//2551 2731//2731 2552//2552
f 2552//2552 2731//2731 2732//2732
f 2552//2552 2732//2732 2553//2553
f 2553//2553 2732//2732 2733//2733
f 2553//2553 2733//2733 2580//2580
f 2580//2580 2733//2733 2734//2734
f 2580//2580 2734//2734 2581//2581
f 2581//2581 2734//2734 2735//2735
f 2581//2581 2735//2735 2582//2582
f 2582//2582 2735//2735 2736//2736
f 2582//2582 2736//2736 2579//2579
f 2579//2579 2736//2736 2737//2737
f 2579//2579 2737//2737 2578//2578
f 2578//2578 2737//2737 2738//2738
f 2578//2578 2738//2738 2576//2576
f 2576//2576 2738//2738 2739//2739
f 2576//2576 2739//2739 2575//2575
f 2575//2575 2739//2739 2740//2740
f 2575//2575 2740//2740 2574//2574
f 2574//2574 2740//2740 2741//2741
f 2574//2574 2741//2741 2573//2573
f 2573//2573 2741//2741 2742//2742
f 2573//2573 2742//2742 2572//2572
f 2572//2572 2742//2742 2743//2743
f 2572//2572 2743//2743 2567//2567
f 2567//2567 2743//2743 2744//2744
f 2567//2567 2744//2744 2565//2565
f 2565//2565 2744//2744 2745//2745
f 2565//2565 2745//2745 2566//2566
f 2566//2566 2745//2745 2746//2746
f 2566//2566 2746//2746 2568//2568
f 2568//2568 2746//2746 2747//2747
f 2568//2568 2747//2747 2569//2569
f 2569//2569 2747//2747 2748//2748
f 2569//2569 2748//2748 2570//2570
f 2570//2570 2748//2748 2719//2719
f 2749//2749 2735//2735 2750//2750
f 2750//2750 2735//2735 2734//2734
f 2750//2750 2734//2734 2751//2751
f 2751//2751 2734//2734 2733//2733
f 2751//2751 2733//2733 2752//2752
f 2753//2753 2738//2738 2754//2754
f 2754//2754 2738//2738 2737//2737
f 2754//2754 2737//2737 2749//2749
f 2749//2749 2737//2737 2736//2736
f 2749//2749 2736//2736 2735//2735
f 2755//2755 2745//2745 2756//2756
f 2756//2756 2745//2745 2744//2744
f 2756//2756 2744//2744 2757//2757
f 2757//2757 2744//2744 2743//2743
f 2757//2757 2743//2743 2758//2758
f 2759//2759 2748//2748 2760//2760
f 2760//2760 2748//2748 2747//2747
f 2760//2760 2747//2747 2755//2755
f 2755//2755 2747//2747 2746//2746
f 2755//2755 2746//2746 2745//2745
f 2761//2761 2721//2721 2762//2762
f 2762//2762 2721//2721 2720//2720
f 2762//2762 2720//2720 2759//2759
f 2759//2759 2720//2720 2719//2719
f 2759//2759 2719//2719 2748//2748
f 2743//2743 2742//2742 2758//2758
f 2758//2758 2742//2742 2741//2741
f 2758//2758 2741//2741 2763//2763
f 2763//2763 2741//2741 2740//2740
f 2763//2763 2740//2740 2753//2753
f 2753//2753 2740//2740 2739//2739
f 2753//2753 2739//2739 2738//2738
f 2764//2764 2725//2725 2765//2765
f 2765//2765 2725//2725 2724//2724
f 2765//2765 2724//2724 2766//2766
f 2766//2766 2724//2724 2723//2723
f 2766//2766 2723//2723 2761//2761
f 2761//2761 2723//2723 2722//2722
f 2761//2761 2722//2722 2721//2721
f 2767//2767 2728//2728 2768//2768
f 2768//2768 2728//2728 2727//2727
f 2768//2768 2727//2727 2764//2764
f 2764//2764 2727//2727 2726//2726
f 2764//2764 2726//2726 2725//2725
f 2733//2733 2732//2732 2752//2752
f 2752//2752 2732//2732 2731//2731
f 2752//2752 2731//2731 2769//2769
f 2769//2769 2731//2731 2730//2730
f 2769//2769 2730//2730 2767//2767
f 2767//2767 2730//2730 2729//2729
f 2767//2767 2729//2729 2728//2728
f 2770//2770 2751//2751 2771//2771
f 2771//2771 2751//2751 2752//2752
f 2771//2771 2752//2752 2772//2772
f 2772//2772 2752//2752 2769//2769
f 2772//2772 2769//2769 2773//2773
f 2773//2773 2769//2769 2767//2767
f 2773//2773 2767//2767 2774//2774
f 2774//2774 2767//2767 2768//2768
f 2774//2774 2768//2768 2775//2775
f 2775//2775 2768//2768 2764//2764
f 2775//2775 2764//2764 2776//2776
f 2776//2776 2764//2764 2765//2765
f 2776//2776 2765//2765 2777//2777
f 2777//2777 2765//2765 2766//2766
f 2777//2777 2766//2766 2778//2778
f 2778//2778 2766//2766 2761//2761
f 2778//2778 2761//2761 2779//2779
f 2779//2779 2761//2761 2762//2762
f 2779//2779 2762//2762 2780//2780
f 2780//2780 2762//2762 2759//2759
f 2780//2780 2759//2759 2781//2781
f 2781//2781 2759//2759 2760//2760
f 2781//2781 2760//2760 2782//2782
f 2782//2782 2760//2760 2755//2755
f 2782//2782 2755//2755 2783//2783
f 2783//2783 2755//2755 2756//2756
f 2783//2783 2756//2756 2784//2784
f 2784//2784 2756//2756 2757//2757
f 2784//2784 2757//2757 2785//2785
f 2785//2785 2757//2757 2758//2758
f 2785//2785 2758//2758 2786//2786
f 2786//2786 2758//2758 2763//2763
f 2786//2786 2763//2763 2787//2787
f 2787//2787 2763//2763 2753//2753
f 2787//2787 2753//2753 2788//2788
f 2788//2788 2753//2753 2754//2754
f 2788//2788 2754//2754 2789//2789
f 2789//2789 2754//2754 2749//2749
f 2789//2789 2749//2749 2790//2790
f 2790//2790 2749//2749 2750//2750
f 2790//2790 2750//2750 2770//2770
f 2770//2770 2750//2750 2751//2751
f 2789//2789 2790//2790 2791//2791
f 2791//2791 2790//2790 2770//2770
f 2791//2791 2770//2770 2771//2771
f 2786//2786 2787//2787 2791//2791
f 2791//2791 2787//2787 2788//2788
f 2791//2791 2788//2788 2789//2789
f 2783//2783 2784//2784 2791//2791
f 2791//2791 2784//2784 2785//2785
f 2791//2791 2785//2785 2786//2786
f 2780//2780 2781//2781 2791//2791
f 2791//2791 2781//2781 2782//2782
f 2791//2791 2782//2782 2783//2783
f 2777//2777 2778//2778 2791//2791
f 2791//2791 2778//2778 2779//2779
f 2791//2791 2779//2779 2780//2780
f 2774//2774 2775//2775 2791//2791
f 2791//2791 2775//2775 2776//2776
f 2791//2791 2776//2776 2777//2777
f 2771//2771 2772//2772 2791//2791
f 2791//2791 2772//2772 2773//2773
f 2791//2791 2773//2773 2774//2774
f 2792//2792 2528//2528 2793//2793
f 2793//2793 2528//2528 2527//2527
f 2793//2793 2527//2527 2794//2794
f 2794//2794 2527//2527 2526//2526
f 2794//2794 2526//2526 2795//2795
f 2795//2795 2526//2526 2525//2525
f 2795//2795 2525//2525 2796//2796
f 2796//2796 2525//2525 2534//2534
f 2796//2796 2534//2534 2797//2797
f 2797//2797 2534//2534 2533//2533
f 2797//2797 2533//2533 2798//2798
f 2798//2798 2533//2533 2532//2532
f 2798//2798 2532//2532 2799//2799
f 2799//2799 2532//2532 2531//2531
f 2799//2799 2531//2531 2800//2800
f 2800//2800 2531//2531 2530//2530
f 2800//2800 2530//2530 2801//2801
f 2801//2801 2530//2530 2523//2523
f 2801//2801 2523//2523 2802//2802
f 2802//2802 2523//2523 2524//2524
f 2802//2802 2524//2524 2803//2803
f 2803//2803 2524//2524 2529//2529
f 2803//2803 2529//2529 2792//2792
f 2792//2792 2529//2529 2528//2528
f 2802//2802 2803//2803 2804//2804
f 2804//2804 2803//2803 2792//2792
f 2804//2804 2792//2792 2793//2793
f 2799//2799 2800//2800 2804//2804
f 2804//2804 2800//2800 2801//2801
f 2804//2804 2801//2801 2802//2802
f 2796//2796 2797//2797 2804//2804
f 2804//2804 2797//2797 2798//2798
f 2804//2804 2798//2798 2799//2799
f 2793//2793 2794//2794 2804//2804
f 2804//2804 2794//2794 2795//2795
f 2804//2804 2795//2795 2796//2796
f 2805//2805 2593//2593 2806//2806
f 2806//2806 2593//2593 2592//2592
f 2806//2806 2592//2592 2807//2807
f 2807//2807 2592//2592 2591//2591
f 2807//2807 2591//2591 2808//2808
f 2808//2808 2591//2591 2603//2603
f 2808//2808 2603//2603 2809//2809
f 2809//2809 2603//2603 2602//2602
f 2809//2809 2602//2602 2810//2810
f 2810//2810 2602//2602 2601//2601
f 2810//2810 2601//2601 2811//2811
f 2811//2811 2601//2601 2600//2600
f 2811//2811 2600//2600 2812//2812
f 2812//2812 2600//2600 2599//2599
f 2812//2812 2599//2599 2813//2813
f 2813//2813 2599//2599 2598//2598
f 2813//2813 2598//2598 2814//2814
f 2814//2814 2598//2598 2597//2597
f 2814//2814 2597//2597 2815//2815
f 2815//2815 2597//2597 2596//2596
f 2815//2815 2596//2596 2816//2816
f 2816//2816 2596//2596 2594//2594
f 2816//2816 2594//2594 2805//2805
f 2805//2805 2594//2594 2593//2593
f 2809//2809 2810//2810 2817//2817
f 2817//2817 2810//2810 2811//2811
f 2817//2817 2811//2811 2812//2812
f 2806//2806 2807//2807 2817//2817
f 2817//2817 2807//2807 2808//2808
f 2817//2817 2808//2808 2809//2809
f 2815//2815 2816//2816 2817//2817
f 2817//2817 2816//2816 2805//2805
f 2817//2817 2805//2805 2806//2806
f 2812//2812 2813//2813 2817//2817
f 2817//2817 2813//2813 2814//2814
f 2817//2817 2814//2814 2815//2815
f 2818//2818 2537//2537 2819//2819
f 2819//2819 2537//2537 2542//2542
f 2819//2819 2542//2542 2820//2820
f 2820//2820 2542//2542 2541//2541
f 2820//2820 2541//2541 2821//2821
f 2821//2821 2541//2541 2544//2544
f 2821//2821 2544//2544 2822//2822
f 2822//2822 2544//2544 2543//2543
f 2822//2822 2543//2543 2823//2823
f 2823//2823 2543//2543 2548//2548
f 2823//2823 2548//2548 2824//2824
f 2824//2824 2548//2548 2547//2547
f 2824//2824 2547//2547 2825//2825
f 2825//2825 2547//2547 2546//2546
f 2825//2825 2546//2546 2826//2826
f 2826//2826 2546//2546 2545//2545
f 2826//2826 2545//2545 2827//2827
f 2827//2827 2545//2545 2540//2540
f 2827//2827 2540//2540 2828//2828
f 2828//2828 2540//2540 2539//2539
f 2828//2828 2539//2539 2829//2829
f 2829//2829 2539//2539 2538//2538
f 2829//2829 2538//2538 2818//2818
f 2818//2818 2538//2538 2537//2537
f 2828//2828 2829//2829 2830//2830
f 2830//2830 2829//2829 2818//2818
f 2830//2830 2818//2818 2819//2819
f 2825//2825 2826//2826 2830//2830
f 2830//2830 2826//2826 2827//2827
f 2830//2830 2827//2827 2828//2828
f 2822//2822 2823//2823 2830//2830
f 2830//2830 2823//2823 2824//2824
f 2830//2830 2824//2824 2825//2825
f 2819//2819 2820//2820 2830//2830
f 2830//2830 2820//2820 2821//2821
f 2830//2830 2821//2821 2822//2822
f 2831//2831 2474//2474 2832//2832
f 2832//2832 2474//2474 2473//2473
f 2832//2832 2473//2473 2833//2833
f 2833//2833 2473//2473 2469//2469
f 2833//2833 2469//2469 2834//2834
f 2834//2834 2469//2469 2470//2470
f 2834//2834 2470//2470 2835//2835
f 2835//2835 2470//2470 2471//2471
f 2835//2835 2471//2471 2836//2836
f 2836//2836 2471//2471 2472//2472
f 2836//2836 2472//2472 2837//2837
f 2837//2837 2472//2472 2468//2468
f 2837//2837 2468//2468 2838//2838
f 2838//2838 2468//2468 2467//2467
f 2838//2838 2467//2467 2839//2839
f 2839//2839 2467//2467 2480//2480
f 2839//2839 2480//2480 2840//2840
f 2840//2840 2480//2480 2479//2479
f 2840//2840 2479//2479 2841//2841
f 2841//2841 2479//2479 2477//2477
f 2841//2841 2477//2477 2842//2842
f 2842//2842 2477//2477 2476//2476
f 2842//2842 2476//2476 2831//2831
f 2831//2831 2476//2476 2474//2474
f 2841//2841 2842//2842 2843//2843
f 2843//2843 2842//2842 2831//2831
f 2843//2843 2831//2831 2832//2832
f 2838//2838 2839//2839 2843//2843
f 2843//2843 2839//2839 2840//2840
f 2843//2843 2840//2840 2841//2841
f 2835//2835 2836//2836 2843//2843
f 2843//2843 2836//2836 2837//2837
f 2843//2843 2837//2837 2838//2838
f 2832//2832 2833//2833 2843//2843
f 2843//2843 2833//2833 2834//2834
f 2843//2843 2834//2834 2835//2835
f 2844//2844 2485//2485 2845//2845
f 2845//2845 2485//2485 2484//2484
f 2845//2845 2484//2484 2846//2846
f 2846//2846 2484//2484 2483//2483
f 2846//2846 2483//2483 2847//2847
f 2847//2847 2483//2483 2482//2482
f 2847//2847 2482//2482 2848//2848
f 2848//2848 2482//2482 2493//2493
f 2848//2848 2493//2493 2849//2849
f 2849//2849 2493//2493 2492//2492
f 2849//2849 2492//2492 2850//2850
f 2850//2850 2492//2492 2491//2491
f 2850//2850 2491//2491 2851//2851
f 2851//2851 2491//2491 2490//2490
f 2851//2851 2490//2490 2852//2852
f 2852//2852 2490//2490 2489//2489
f 2852//2852 2489//2489 2853//2853
f 2853//2853 2489//2489 2488//2488
f 2853//2853 2488//2488 2854//2854
f 2854//2854 2488//2488 2487//2487
f 2854//2854 2487//2487 2855//2855
f 2855//2855 2487//2487 2486//2486
f 2855//2855 2486//2486 2844//2844
f 2844//2844 2486//2486 2485//2485
f 2854//2854 2855//2855 2856//2856
f 2856//2856 2855//2855 2844//2844
f 2856//2856 2844//2844 2845//2845
f 2851//2851 2852//2852 2856//2856
f 2856//2856 2852//2852 2853//2853
f 2856//2856 2853//2853 2854//2854
f 2848//2848 2849//2849 2856//2856
f 2856//2856 2849//2849 2850//2850
f 2856//2856 2850//2850 2851//2851
f 2845//2845 2846//2846 2856//2856
f 2856//2856 2846//2846 2847//2847
f 2856//2856 2847//2847 2848//2848
f 2857//2857 2507//2507 2858//2858
f 2858//2858 2507//2507 2506//2506
f 2858//2858 2506//2506 2859//2859
f 2859//2859 2506//2506 2505//2505
f 2859//2859 2505//2505 2860//2860
f 2860//2860 2505//2505 2504//2504
f 2860//2860 2504//2504 2861//2861
f 2861//2861 2504//2504 2503//2503
f 2861//2861 2503//2503 2862//2862
f 2862//2862 2503//2503 2502//2502
f 2862//2862 2502//2502 2863//2863
f 2863//2863 2502//2502 2501//2501
f 2863//2863 2501//2501 2864//2864
f 2864//2864 2501//2501 2500//2500
f 2864//2864 2500//2500 2865//2865
f 2865//2865 2500//2500 2499//2499
f 2865//2865 2499//2499 2866//2866
f 2866//2866 2499//2499 2497//2497
f 2866//2866 2497//2497 2867//2867
f 2867//2867 2497//2497 2496//2496
f 2867//2867 2496//2496 2868//2868
f 2868//2868 2496//2496 2508//2508
f 2868//2868 2508//2508 2857//2857
f 2857//2857 2508//2508 2507//2507
f 2867//2867 2868//2868 2869//2869
f 2869//2869 2868//2868 2857//2857
f 2869//2869 2857//2857 2858//2858
f 2864//2864 2865//2865 2869//2869
f 2869//2869 2865//2865 2866//2866
f 2869//2869 2866//2866 2867//2867
f 2861//2861 2862//2862 2869//2869
f 2869//2869 2862//2862 2863//2863
f 2869//2869 2863//2863 2864//2864
f 2858//2858 2859//2859 2869//2869
f 2869//2869 2859//2859 2860//2860
f 2869//2869 2860//2860 2861//2861
f 2870//2870 2512//2512 2871//2871
f 2871//2871 2512//2512 2511//2511
f 2871//2871 2511//2511 2872//2872
f 2872//2872 2511//2511 2516//2516
f 2872//2872 2516//2516 2873//2873
f 2873//2873 2516//2516 2515//2515
f 2873//2873 2515//2515 2874//2874
f 2874//2874 2515//2515 2521//2521
f 2874//2874 2521//2521 2875//2875
f 2875//2875 2521//2521 2520//2520
f 2875//2875 2520//2520 2876//2876
f 2876//2876 2520//2520 2519//2519
f 2876//2876 2519//2519 2877//2877
f 2877//2877 2519//2519 2518//2518
f 2877//2877 2518//2518 2878//2878
f 2878//2878 2518//2518 2517//2517
f 2878//2878 2517//2517 2879//2879
f 2879//2879 2517//2517 2510//2510
f 2879//2879 2510//2510 2880//2880
f 2880//2880 2510//2510 2509//2509
f 2880//2880 2509//2509 2881//2881
f 2881//2881 2509//2509 2514//2514
f 2881//2881 2514//2514 2870//2870
f 2870//2870 2514//2514 2512//2512
f 2880//2880 2881//2881 2882//2882
f 2882//2882 2881//2881 2870//2870
f 2882//2882 2870//2870 2871//2871
f 2877//2877 2878//2878 2882//2882
f 2882//2882 2878//2878 2879//2879
f 2882//2882 2879//2879 2880//2880
f 2874//2874 2875//2875 2882//2882
f 2882//2882 2875//2875 2876//2876
f 2882//2882 2876//2876 2877//2877
f 2871//2871 2872//2872 2882//2882
f 2882//2882 2872//2872 2873//2873
f 2882//2882 2873//2873 2874//2874
f 2883//2883 2663//2663 2884//2884
f 2884//2884 2663//2663 2660//2660
f 2884//2884 2660//2660 2885//2885
f 2885//2885 2660//2660 2659//2659
f 2885//2885 2659//2659 2886//2886
f 2886//2886 2659//2659 2658//2658
f 2886//2886 2658//2658 2887//2887
f 2887//2887 2658//2658 2657//2657
f 2887//2887 2657//2657 2888//2888
f 2888//2888 2657//2657 2587//2587
f 2888//2888 2587//2587 2889//2889
f 2889//2889 2587//2587 2589//2589
f 2889//2889 2589//2589 2890//2890
f 2890//2890 2589//2589 2588//2588
f 2890//2890 2588//2588 2891//2891
f 2891//2891 2588//2588 2670//2670
f 2891//2891 2670//2670 2892//2892
f 2892//2892 2670//2670 2672//2672
f 2892//2892 2672//2672 2893//2893
f 2893//2893 2672//2672 2673//2673
f 2893//2893 2673//2673 2894//2894
f 2894//2894 2673//2673 2664//2664
f 2894//2894 2664//2664 2883//2883
f 2883//2883 2664//2664 2663//2663
f 2887//2887 2888//2888 2895//2895
f 2895//2895 2888//2888 2889//2889
f 2895//2895 2889//2889 2890//2890
f 2884//2884 2885//2885 2895//2895
f 2895//2895 2885//2885 2886//2886
f 2895//2895 2886//2886 2887//2887
f 2893//2893 2894//2894 2895//2895
f 2895//2895 2894//2894 2883//2883
f 2895//2895 2883//2883 2884//2884
f 2890//2890 2891//2891 2895//2895
f 2895//2895 2891//2891 2892//2892
f 2895//2895 2892//2892 2893//2893
f 2896//2896 2583//2583 2897//2897
f 2897//2897 2583//2583 2669//2669
f 2897//2897 2669//2669 2898//2898
f 2898//2898 2669//2669 2668//2668
f 2898//2898 2668//2668 2899//2899
f 2899//2899 2668//2668 2667//2667
f 2899//2899 2667//2667 2900//2900
f 2900//2900 2667//2667 2648//2648
f 2900//2900 2648//2648 2901//2901
f 2901//2901 2648//2648 2684//2684
f 2901//2901 2684//2684 2902//2902
f 2902//2902 2684//2684 2683//2683
f 2902//2902 2683//2683 2903//2903
f 2903//2903 2683//2683 2681//2681
f 2903//2903 2681//2681 2904//2904
f 2904//2904 2681//2681 2679//2679
f 2904//2904 2679//2679 2905//2905
f 2905//2905 2679//2679 2678//2678
f 2905//2905 2678//2678 2906//2906
f 2906//2906 2678//2678 2676//2676
f 2906//2906 2676//2676 2907//2907
f 2907//2907 2676//2676 2584//2584
f 2907//2907 2584//2584 2896//2896
f 2896//2896 2584//2584 2583//2583
f 2900//2900 2901//2901 2908//2908
f 2908//2908 2901//2901 2902//2902
f 2908//2908 2902//2902 2903//2903
f 2897//2897 2898//2898 2908//2908
f 2908//2908 2898//2898 2899//2899
f 2908//2908 2899//2899 2900//2900
f 2906//2906 2907//2907 2908//2908
f 2908//2908 2907//2907 2896//2896
f 2908//2908 2896//2896 2897//2897
f 2903//2903 2904//2904 2908//2908
f 2908//2908 2904//2904 2905//2905
f 2908//2908 2905//2905 2906//2906
f 2909//2909 2636//2636 2910//2910
f 2910//2910 2636//2636 2635//2635
f 2910//2910 2635//2635 2911//2911
f 2911//2911 2635//2635 2634//2634
f 2911//2911 2634//2634 2912//2912
f 2912//2912 2634//2634 2646//2646
f 2912//2912 2646//2646 2913//2913
f 2913//2913 2646//2646 2645//2645
f 2913//2913 2645//2645 2914//2914
f 2914//2914 2645//2645 2644//2644
f 2914//2914 2644//2644 2915//2915
f 2915//2915 2644//2644 2643//2643
f 2915//2915 2643//2643 2916//2916
f 2916//2916 2643//2643 2642//2642
f 2916//2916 2642//2642 2917//2917
f 2917//2917 2642//2642 2641//2641
f 2917//2917 2641//2641 2918//2918
f 2918//2918 2641//2641 2640//2640
f 2918//2918 2640//2640 2919//2919
f 2919//2919 2640//2640 2639//2639
f 2919//2919 2639//2639 2920//2920
f 2920//2920 2639//2639 2637//2637
f 2920//2920 2637//2637 2909//2909
f 2909//2909 2637//2637 2636//2636
f 2913//2913 2914//2914 2921//2921
f 2921//2921 2914//2914 2915//2915
f 2921//2921 2915//2915 2916//2916
f 2910//2910 2911//2911 2921//2921
f 2921//2921 2911//2911 2912//2912
f 2921//2921 2912//2912 2913//2913
f 2919//2919 2920//2920 2921//2921
f 2921//2921 2920//2920 2909//2909
f 2921//2921 2909//2909 2910//2910
f 2916//2916 2917//2917 2921//2921
f 2921//2921 2917//2917 2918//2918
f 2921//2921 2918//2918 2919//2919
f 2922//2922 2622//2622 2923//2923
f 2923//2923 2622//2622 2621//2621
f 2923//2923 2621//2621 2924//2924
f 2924//2924 2621//2621 2620//2620
f 2924//2924 2620//2620 2925//2925
f 2925//2925 2620//2620 2619//2619
f 2925//2925 2619//2619 2926//2926
f 2926//2926 2619//2619 2631//2631
f 2926//2926 2631//2631 2927//2927
f 2927//2927 2631//2631 2630//2630
f 2927//2927 2630//2630 2928//2928
f 2928//2928 2630//2630 2629//2629
f 2928//2928 2629//2629 2929//2929
f 2929//2929 2629//2629 2628//2628
f 2929//2929 2628//2628 2930//2930
f 2930//2930 2628//2628 2627//2627
f 2930//2930 2627//2627 2931//2931
f 2931//2931 2627//2627 2624//2624
f 2931//2931 2624//2624 2932//2932
f 2932//2932 2624//2624 2625//2625
f 2932//2932 2625//2625 2933//2933
f 2933//2933 2625//2625 2626//2626
f 2933//2933 2626//2626 2922//2922
f 2922//2922 2626//2626 2622//2622
f 2926//2926 2927//2927 2934//2934
f 2934//2934 2927//2927 2928//2928
f 2934//2934 2928//2928 2929//2929
f 2923//2923 2924//2924 2934//2934
f 2934//2934 2924//2924 2925//2925
f 2934//2934 2925//2925 2926//2926
f 2932//2932 2933//2933 2934//2934
f 2934//2934 2933//2933 2922//2922
f 2934//2934 2922//2922 2923//2923
f 2929//2929 2930//2930 2934//2934
f 2934//2934 2930//2930 2931//2931
f 2934//2934 2931//2931 2932//2932
f 2935//2935 2606//2606 2936//2936
f 2936//2936 2606//2606 2605//2605
f 2936//2936 2605//2605 2937//2937
f 2937//2937 2605//2605 2604//2604
f 2937//2937 2604//2604 2938//2938
f 2938//2938 2604//2604 2618//2618
f 2938//2938 2618//2618 2939//2939
f 2939//2939 2618//2618 2617//2617
f 2939//2939 2617//2617 2940//2940
f 2940//2940 2617//2617 2616//2616
f 2940//2940 2616//2616 2941//2941
f 2941//2941 2616//2616 2610//2610
f 2941//2941 2610//2610 2942//2942
f 2942//2942 2610//2610 2615//2615
f 2942//2942 2615//2615 2943//2943
f 2943//2943 2615//2615 2614//2614
f 2943//2943 2614//2614 2944//2944
f 2944//2944 2614//2614 2613//2613
f 2944//2944 2613//2613 2945//2945
f 2945//2945 2613//2613 2609//2609
f 2945//2945 2609//2609 2946//2946
f 2946//2946 2609//2609 2608//2608
f 2946//2946 2608//2608 2935//2935
f 2935//2935 2608//2608 2606//2606
f 2939//2939 2940//2940 2947//2947
f 2947//2947 2940//2940 2941//2941
f 2947//2947 2941//2941 2942//2942
f 2936//2936 2937//2937 2947//2947
f 2947//2947 2937//2937 2938//2938
f 2947//2947 2938//2938 2939//2939
f 2945//2945 2946//2946 2947//2947
f 2947//2947 2946//2946 2935//2935
f 2947//2947 2935//2935 2936//2936
f 2942//2942 2943//2943 2947//2947
f 2947//2947 2943//2943 2944//2944
f 2947//2947 2944//2944 2945//2945
f 2948//2948 2949//2949 2950//2950
f 2951//2951 2952//2952 2950//2950
f 2950//2950 2952//2952 2953//2953
f 2950//2950 2953//2953 2948//2948
f 2951//2951 2950//2950 2954//2954
f 2954//2954 2950//2950 2955//2955
f 2954//2954 2955//2955 2956//2956
f 2956//2956 2955//2955 2957//2957
f 2956//2956 2957//2957 2958//2958
f 2958//2958 2957//2957 2959//2959
f 2959//2959 2957//2957 2960//2960
f 2959//2959 2960//2960 2961//2961
f 2961//2961 2960//2960 2962//2962
f 2962//2962 2960//2960 2963//2963
f 2962//2962 2963//2963 2964//2964
f 2965//2965 2966//2966 2963//2963
f 2963//2963 2966//2966 2967//2967
f 2963//2963 2967//2967 2964//2964
f 2968//2968 2969//2969 2965//2965
f 2965//2965 2969//2969 2970//2970
f 2965//2965 2970//2970 2966//2966
f 2971//2971 2972//2972 2968//2968
f 2968//2968 2972//2972 2973//2973
f 2968//2968 2973//2973 2969//2969
f 2974//2974 2975//2975 2971//2971
f 2971//2971 2975//2975 2976//2976
f 2971//2971 2976//2976 2972//2972
f 2977//2977 2978//2978 2974//2974
f 2974//2974 2978//2978 2979//2979
f 2974//2974 2979//2979 2975//2975
f 2980//2980 2981//2981 2977//2977
f 2977//2977 2981//2981 2982//2982
f 2977//2977 2982//2982 2978//2978
f 2983//2983 2984//2984 2985//2985
f 2985//2985 2984//2984 2986//2986
f 2985//2985 2986//2986 2980//2980
f 2980//2980 2986//2986 2987//2987
f 2980//2980 2987//2987 2981//2981
f 2988//2988 2989//2989 2990//2990
f 2990//2990 2989//2989 2991//2991
f 2990//2990 2991//2991 2985//2985
f 2985//2985 2991//2991 2992//2992
f 2985//2985 2992//2992 2983//2983
f 2993//2993 2994//2994 2995//2995
f 2995//2995 2994//2994 2996//2996
f 2995//2995 2996//2996 2988//2988
f 2988//2988 2996//2996 2997//2997
f 2988//2988 2997//2997 2989//2989
f 2948//2948 2998//2998 2949//2949
f 2949//2949 2998//2998 2999//2999
f 2949//2949 2999//2999 3000//3000
f 3000//3000 2999//2999 3001//3001
f 3000//3000 3001//3001 2995//2995
f 2995//2995 3001//3001 3002//3002
f 2995//2995 3002//3002 2993//2993
f 2970//2970 3003//3003 2966//2966
f 2966//2966 3003//3003 3004//3004
f 2966//2966 3004//3004 2967//2967
f 2967//2967 3004//3004 3005//3005
f 2967//2967 3005//3005 2964//2964
f 2964//2964 3005//3005 3006//3006
f 2964//2964 3006//3006 2962//2962
f 3007//3007 2959//2959 3006//3006
f 3006//3006 2959//2959 2961//2961
f 3006//3006 2961//2961 2962//2962
f 2953//2953 2952//2952 3008//3008
f 3008//3008 2952//2952 2951//2951
f 3008//3008 2951//2951 3009//3009
f 3009//3009 2951//2951 2954//2954
f 3009//3009 2954//2954 3010//3010
f 3010//3010 2954//2954 2956//2956
f 3010//3010 2956//2956 3007//3007
f 3007//3007 2956//2956 2958//2958
f 3007//3007 2958//2958 2959//2959
f 2953//2953 3008//3008 2948//2948
f 2948//2948 3008//3008 3011//3011
f 2948//2948 3011//3011 3012//3012
f 3012//3012 3011//3011 3013//3013
f 3012//3012 3013//3013 2999//2999
f 2999//2999 3013//3013 3014//3014
f 2999//2999 3014//3014 3001//3001
f 3001//3001 3014//3014 3015//3015
f 3001//3001 3015//3015 3002//3002
f 3002//3002 3015//3015 3016//3016
f 3002//3002 3016//3016 2993//2993
f 3017//3017 2997//2997 3018//3018
f 3018//3018 2997//2997 2996//2996
f 3018//3018 2996//2996 3016//3016
f 3016//3016 2996//2996 2994//2994
f 3016//3016 2994//2994 2993//2993
f 2984//2984 2983//2983 3019//3019
f 3019//3019 2983//2983 2992//2992
f 3019//3019 2992//2992 3020//3020
f 3020//3020 2992//2992 2991//2991
f 3020//3020 2991//2991 3017//3017
f 3017//3017 2991//2991 2989//2989
f 3017//3017 2989//2989 2997//2997
f 2984//2984 3019//3019 2986//2986
f 2986//2986 3019//3019 3021//3021
f 2986//2986 3021//3021 2987//2987
f 2987//2987 3021//3021 3022//3022
f 2987//2987 3022//3022 2981//2981
f 2981//2981 3022//3022 3023//3023
f 2981//2981 3023//3023 2982//2982
f 2982//2982 3023//3023 3024//3024
f 2982//2982 3024//3024 2978//2978
f 2970//2970 2969//2969 3003//3003
f 3003//3003 2969//2969 2973//2973
f 3003//3003 2973//2973 3025//3025
f 3025//3025 2973//2973 2972//2972
f 3025//3025 2972//2972 3026//3026
f 3026//3026 2972//2972 2976//2976
f 3026//3026 2976//2976 3027//3027
f 3027//3027 2976//2976 3028//3028
f 3027//3027 3028//3028 3024//3024
f 3024//3024 3028//3028 2979//2979
f 3024//3024 2979//2979 2978//2978
f 3022//3022 3021//3021 3029//3029
f 3003//3003 3025//3025 3030//3030
f 3030//3030 3025//3025 3026//3026
f 3030//3030 3026//3026 3031//3031
f 3032//3032 3033//3033 3011//3011
f 3026//3026 3027//3027 3031//3031
f 3031//3031 3027//3027 3024//3024
f 3031//3031 3024//3024 3029//3029
f 3029//3029 3024//3024 3023//3023
f 3029//3029 3023//3023 3022//3022
f 3007//3007 3006//3006 3034//3034
f 3034//3034 3006//3006 3005//3005
f 3034//3034 3005//3005 3030//3030
f 3030//3030 3005//3005 3004//3004
f 3030//3030 3004//3004 3003//3003
f 3011//3011 3008//3008 3032//3032
f 3032//3032 3008//3008 3009//3009
f 3032//3032 3009//3009 3034//3034
f 3034//3034 3009//3009 3010//3010
f 3034//3034 3010//3010 3007//3007
f 3018//3018 3016//3016 3035//3035
f 3035//3035 3016//3016 3015//3015
f 3035//3035 3015//3015 3032//3032
f 3032//3032 3015//3015 3014//3014
f 3032//3032 3014//3014 3033//3033
f 3021//3021 3019//3019 3029//3029
f 3029//3029 3019//3019 3020//3020
f 3029//3029 3020//3020 3035//3035
f 3035//3035 3020//3020 3017//3017
f 3035//3035 3017//3017 3018//3018
f 3036//3036 3000//3000 3037//3037
f 3036//3036 3037//3037 2950//2950
f 2960//2960 2957//2957 3037//3037
f 3037//3037 2957//2957 2955//2955
f 3037//3037 2955//2955 2950//2950
f 2968//2968 2965//2965 3037//3037
f 3037//3037 2965//2965 2963//2963
f 3037//3037 2963//2963 2960//2960
f 2977//2977 2974//2974 3037//3037
f 3037//3037 2974//2974 2971//2971
f 3037//3037 2971//2971 2968//2968
f 2990//2990 2985//2985 3037//3037
f 3037//3037 2985//2985 2980//2980
f 3037//3037 2980//2980 2977//2977
f 3000//3000 2995//2995 3037//3037
f 3037//3037 2995//2995 2988//2988
f 3037//3037 2988//2988 2990//2990
f 3038//3038 3039//3039 3040//3040
f 3040//3040 3039//3039 3035//3035
f 3039//3039 3041//3041 3035//3035
f 3035//3035 3041//3041 3029//3029
f 3041//3041 3042//3042 3029//3029
f 3029//3029 3042//3042 3031//3031
f 3043//3043 3044//3044 3045//3045
f 3045//3045 3044//3044 3030//3030
f 3044//3044 3046//3046 3030//3030
f 3030//3030 3046//3046 3034//3034
f 3046//3046 3038//3038 3034//3034
f 3034//3034 3038//3038 3047//3047
f 3046//3046 3044//3044 3038//3038
f 3038//3038 3044//3044 3042//3042
f 3038//3038 3042//3042 3039//3039
f 3039//3039 3042//3042 3041//3041
f 3048//3048 3049//3049 3050//3050
f 3050//3050 3049//3049 3051//3051
f 3050//3050 3051//3051 3052//3052
f 3052//3052 3051//3051 3053//3053
f 3052//3052 3053//3053 3054//3054
f 3054//3054 3053//3053 3055//3055
f 3054//3054 3055//3055 3056//3056
f 3056//3056 3055//3055 3057//3057
f 3056//3056 3057//3057 3058//3058
f 3058//3058 3057//3057 3059//3059
f 3058//3058 3059//3059 3060//3060
f 3060//3060 3059//3059 3061//3061
f 3060//3060 3061//3061 3062//3062
f 3062//3062 3061//3061 3063//3063
f 3062//3062 3063//3063 3064//3064
f 3064//3064 3063//3063 3065//3065
f 3064//3064 3065//3065 3066//3066
f 3066//3066 3065//3065 3067//3067
f 3068//3068 3066//3066 3069//3069
f 3069//3069 3066//3066 3067//3067
f 3068//3068 3069//3069 3070//3070
f 3070//3070 3069//3069 3071//3071
f 3070//3070 3071//3071 3072//3072
f 3072//3072 3071//3071 3073//3073
f 3072//3072 3073//3073 3074//3074
f 3074//3074 3073//3073 3075//3075
f 3074//3074 3075//3075 3076//3076
f 3076//3076 3075//3075 3077//3077
f 3076//3076 3077//3077 3078//3078
f 3078//3078 3077//3077 3079//3079
f 3078//3078 3079//3079 3080//3080
f 3080//3080 3079//3079 3081//3081
f 3080//3080 3081//3081 3082//3082
f 3082//3082 3081//3081 3083//3083
f 3082//3082 3083//3083 3084//3084
f 3084//3084 3083//3083 3085//3085
f 3084//3084 3085//3085 3086//3086
f 3086//3086 3085//3085 3087//3087
f 3086//3086 3087//3087 3088//3088
f 3088//3088 3087//3087 3089//3089
f 3088//3088 3089//3089 3090//3090
f 3090//3090 3089//3089 3091//3091
f 3090//3090 3091//3091 3092//3092
f 3092//3092 3091//3091 3093//3093
f 3092//3092 3093//3093 3094//3094
f 3094//3094 3093//3093 3095//3095
f 3096//3096 3097//3097 3098//3098
f 3098//3098 3097//3097 3099//3099
f 3096//3096 3098//3098 3100//3100
f 3096//3096 3100//3100 3101//3101
f 3101//3101 3100//3100 3102//3102
f 3101//3101 3102//3102 3103//3103
f 3103//3103 3102//3102 3104//3104
f 3103//3103 3104//3104 3105//3105
f 3105//3105 3104//3104 3106//3106
f 3105//3105 3106//3106 3107//3107
f 3107//3107 3106//3106 3108//3108
f 3107//3107 3108//3108 3109//3109
f 3109//3109 3108//3108 3110//3110
f 3109//3109 3110//3110 3111//3111
f 3111//3111 3110//3110 3112//3112
f 3111//3111 3112//3112 3113//3113
f 3113//3113 3112//3112 3114//3114
f 3113//3113 3114//3114 3115//3115
f 3115//3115 3114//3114 3116//3116
f 3115//3115 3116//3116 3117//3117
f 3117//3117 3116//3116 3118//3118
f 3117//3117 3118//3118 3119//3119
f 3120//3120 3119//3119 3121//3121
f 3121//3121 3119//3119 3118//3118
f 3120//3120 3121//3121 3122//3122
f 3120//3120 3122//3122 3123//3123
f 3123//3123 3122//3122 3124//3124
f 3123//3123 3124//3124 3125//3125
f 3125//3125 3124//3124 3126//3126
f 3125//3125 3126//3126 3127//3127
f 3127//3127 3126//3126 3128//3128
f 3127//3127 3128//3128 3129//3129
f 3129//3129 3128//3128 3130//3130
f 3129//3129 3130//3130 3131//3131
f 3131//3131 3130//3130 3132//3132
f 3131//3131 3132//3132 3133//3133
f 3133//3133 3132//3132 3134//3134
f 3133//3133 3134//3134 3135//3135
f 3135//3135 3134//3134 3136//3136
f 3135//3135 3136//3136 3137//3137
f 3137//3137 3136//3136 3138//3138
f 3137//3137 3138//3138 3139//3139
f 3139//3139 3138//3138 3140//3140
f 3139//3139 3140//3140 3141//3141
f 3141//3141 3140//3140 3142//3142
f 3141//3141 3142//3142 3143//3143
f 3143//3143 3142//3142 3144//3144
f 3143//3143 3144//3144 3145//3145
f 3145//3145 3144//3144 3146//3146
f 3145//3145 3146//3146 3147//3147
f 3147//3147 3146//3146 3148//3148
f 3147//3147 3148//3148 3149//3149
f 3149//3149 3148//3148 3099//3099
f 3149//3149 3099//3099 3097//3097
f 3048//3048 3094//3094 3049//3049
f 3049//3049 3094//3094 3095//3095
f 3088//3088 3129//3129 3086//3086
f 3086//3086 3129//3129 3131//3131
f 3086//3086 3131//3131 3084//3084
f 3084//3084 3131//3131 3133//3133
f 3084//3084 3133//3133 3082//3082
f 3082//3082 3133//3133 3135//3135
f 3082//3082 3135//3135 3080//3080
f 3080//3080 3135//3135 3137//3137
f 3080//3080 3137//3137 3078//3078
f 3078//3078 3137//3137 3139//3139
f 3078//3078 3139//3139 3076//3076
f 3076//3076 3139//3139 3141//3141
f 3076//3076 3141//3141 3074//3074
f 3141//3141 3143//3143 3074//3074
f 3074//3074 3143//3143 3145//3145
f 3074//3074 3145//3145 3072//3072
f 3072//3072 3145//3145 3147//3147
f 3072//3072 3147//3147 3070//3070
f 3070//3070 3147//3147 3149//3149
f 3070//3070 3149//3149 3068//3068
f 3068//3068 3149//3149 3097//3097
f 3068//3068 3097//3097 3066//3066
f 3066//3066 3097//3097 3096//3096
f 3066//3066 3096//3096 3064//3064
f 3064//3064 3096//3096 3101//3101
f 3064//3064 3101//3101 3062//3062
f 3062//3062 3101//3101 3103//3103
f 3062//3062 3103//3103 3060//3060
f 3060//3060 3103//3103 3105//3105
f 3060//3060 3105//3105 3058//3058
f 3105//3105 3107//3107 3058//3058
f 3058//3058 3107//3107 3109//3109
f 3058//3058 3109//3109 3056//3056
f 3056//3056 3109//3109 3111//3111
f 3056//3056 3111//3111 3054//3054
f 3054//3054 3111//3111 3113//3113
f 3054//3054 3113//3113 3052//3052
f 3052//3052 3113//3113 3115//3115
f 3052//3052 3115//3115 3050//3050
f 3050//3050 3115//3115 3117//3117
f 3050//3050 3117//3117 3048//3048
f 3048//3048 3117//3117 3119//3119
f 3048//3048 3119//3119 3094//3094
f 3094//3094 3119//3119 3120//3120
f 3094//3094 3120//3120 3092//3092
f 3092//3092 3120//3120 3123//3123
f 3092//3092 3123//3123 3090//3090
f 3090//3090 3123//3123 3125//3125
f 3090//3090 3125//3125 3088//3088
f 3088//3088 3125//3125 3127//3127
f 3088//3088 3127//3127 3129//3129
f 3089//3089 3126//3126 3091//3091
f 3091//3091 3126//3126 3124//3124
f 3091//3091 3124//3124 3093//3093
f 3093//3093 3124//3124 3122//3122
f 3093//3093 3122//3122 3095//3095
f 3095//3095 3122//3122 3121//3121
f 3095//3095 3121//3121 3049//3049
f 3049//3049 3121//3121 3118//3118
f 3049//3049 3118//3118 3051//3051
f 3051//3051 3118//3118 3116//3116
f 3051//3051 3116//3116 3053//3053
f 3053//3053 3116//3116 3114//3114
f 3053//3053 3114//3114 3055//3055
f 3055//3055 3114//3114 3112//3112
f 3055//3055 3112//3112 3057//3057
f 3057//3057 3112//3112 3110//3110
f 3057//3057 3110//3110 3059//3059
f 3075//3075 3142//3142 3077//3077
f 3077//3077 3142//3142 3140//3140
f 3077//3077 3140//3140 3079//3079
f 3079//3079 3140//3140 3138//3138
f 3079//3079 3138//3138 3081//3081
f 3081//3081 3138//3138 3136//3136
f 3081//3081 3136//3136 3083//3083
f 3083//3083 3136//3136 3134//3134
f 3083//3083 3134//3134 3085//3085
f 3085//3085 3134//3134 3132//3132
f 3085//3085 3132//3132 3087//3087
f 3087//3087 3132//3132 3130//3130
f 3087//3087 3130//3130 3089//3089
f 3089//3089 3130//3130 3128//3128
f 3089//3089 3128//3128 3126//3126
f 3110//3110 3108//3108 3059//3059
f 3059//3059 3108//3108 3106//3106
f 3059//3059 3106//3106 3061//3061
f 3061//3061 3106//3106 3104//3104
f 3061//3061 3104//3104 3063//3063
f 3063//3063 3104//3104 3102//3102
f 3063//3063 3102//3102 3065//3065
f 3065//3065 3102//3102 3100//3100
f 3065//3065 3100//3100 3067//3067
f 3067//3067 3100//3100 3098//3098
f 3067//3067 3098//3098 3069//3069
f 3069//3069 3098//3098 3099//3099
f 3069//3069 3099//3099 3071//3071
f 3071//3071 3099//3099 3148//3148
f 3071//3071 3148//3148 3073//3073
f 3073//3073 3148//3148 3146//3146
f 3073//3073 3146//3146 3075//3075
f 3075//3075 3146//3146 3144//3144
f 3075//3075 3144//3144 3142//3142
f 3150//3150 3151//3151 3152//3152
f 3153//3153 3154//3154 3155//3155
f 3154//3154 3156//3156 3155//3155
f 3155//3155 3156//3156 3157//3157
f 3155//3155 3157//3157 3158//3158
f 3157//3157 3159//3159 3158//3158
f 3158//3158 3159//3159 3160//3160
f 3158//3158 3160//3160 3161//3161
f 3161//3161 3162//3162 3158//3158
f 3158//3158 3162//3162 3163//3163
f 3158//3158 3163//3163 3164//3164
f 3151//3151 3165//3165 3152//3152
f 3152//3152 3165//3165 3166//3166
f 3152//3152 3166//3166 3155//3155
f 3155//3155 3166//3166 3167//3167
f 3155//3155 3167//3167 3153//3153
f 3163//3163 3168//3168 3164//3164
f 3164//3164 3168//3168 3169//3169
f 3164//3164 3169//3169 3170//3170
f 3170//3170 3171//3171 3164//3164
f 3164//3164 3171//3171 3172//3172
f 3164//3164 3172//3172 3173//3173
f 3172//3172 3174//3174 3173//3173
f 3173//3173 3174//3174 3175//3175
f 3173//3173 3175//3175 3176//3176
f 3176//3176 3177//3177 3173//3173
f 3173//3173 3177//3177 3178//3178
f 3173//3173 3178//3178 3179//3179
f 3178//3178 3180//3180 3179//3179
f 3179//3179 3180//3180 3181//3181
f 3179//3179 3181//3181 3182//3182
f 3182//3182 3183//3183 3179//3179
f 3179//3179 3183//3183 3184//3184
f 3179//3179 3184//3184 3152//3152
f 3152//3152 3184//3184 3185//3185
f 3152//3152 3185//3185 3150//3150
f 3186//3186 3187//3187 3188//3188
f 3189//3189 3190//3190 3191//3191
f 3192//3192 3193//3193 3194//3194
f 3187//3187 3195//3195 3188//3188
f 3188//3188 3195//3195 3196//3196
f 3188//3188 3196//3196 3197//3197
f 3196//3196 3198//3198 3197//3197
f 3197//3197 3198//3198 3199//3199
f 3197//3197 3199//3199 3200//3200
f 3200//3200 3201//3201 3197//3197
f 3197//3197 3201//3201 3202//3202
f 3197//3197 3202//3202 3191//3191
f 3191//3191 3202//3202 3203//3203
f 3191//3191 3203//3203 3189//3189
f 3190//3190 3204//3204 3191//3191
f 3191//3191 3204//3204 3205//3205
f 3191//3191 3205//3205 3194//3194
f 3194//3194 3205//3205 3206//3206
f 3194//3194 3206//3206 3192//3192
f 3207//3207 3208//3208 3209//3209
f 3193//3193 3210//3210 3194//3194
f 3194//3194 3210//3210 3211//3211
f 3194//3194 3211//3211 3207//3207
f 3207//3207 3211//3211 3212//3212
f 3207//3207 3212//3212 3208//3208
f 3209//3209 3213//3213 3207//3207
f 3207//3207 3213//3213 3214//3214
f 3207//3207 3214//3214 3215//3215
f 3214//3214 3216//3216 3215//3215
f 3215//3215 3216//3216 3217//3217
f 3215//3215 3217//3217 3218//3218
f 3218//3218 3219//3219 3215//3215
f 3215//3215 3219//3219 3220//3220
f 3215//3215 3220//3220 3188//3188
f 3188//3188 3220//3220 3221//3221
f 3188//3188 3221//3221 3186//3186
f 3164//3164 3173//3173 3188//3188
f 3188//3188 3173//3173 3215//3215
f 3158//3158 3164//3164 3197//3197
f 3197//3197 3164//3164 3188//3188
f 3155//3155 3158//3158 3191//3191
f 3191//3191 3158//3158 3197//3197
f 3222//3222 3155//3155 3223//3223
f 3223//3223 3155//3155 3191//3191
f 3179//3179 3152//3152 3207//3207
f 3207//3207 3152//3152 3194//3194
f 3173//3173 3179//3179 3215//3215
f 3215//3215 3179//3179 3207//3207
f 3224//3224 3225//3225 3171//3171
f 3171//3171 3225//3225 3186//3186
f 3171//3171 3186//3186 3172//3172
f 3172//3172 3186//3186 3221//3221
f 3172//3172 3221//3221 3174//3174
f 3174//3174 3221//3221 3220//3220
f 3174//3174 3220//3220 3175//3175
f 3175//3175 3220//3220 3219//3219
f 3175//3175 3219//3219 3176//3176
f 3176//3176 3219//3219 3218//3218
f 3176//3176 3218//3218 3177//3177
f 3177//3177 3218//3218 3217//3217
f 3177//3177 3217//3217 3178//3178
f 3178//3178 3217//3217 3216//3216
f 3178//3178 3216//3216 3180//3180
f 3180//3180 3216//3216 3214//3214
f 3180//3180 3214//3214 3181//3181
f 3181//3181 3214//3214 3213//3213
f 3181//3181 3213//3213 3182//3182
f 3182//3182 3213//3213 3209//3209
f 3182//3182 3209//3209 3183//3183
f 3183//3183 3209//3209 3208//3208
f 3183//3183 3208//3208 3184//3184
f 3184//3184 3208//3208 3212//3212
f 3184//3184 3212//3212 3185//3185
f 3185//3185 3212//3212 3211//3211
f 3185//3185 3211//3211 3150//3150
f 3150//3150 3211//3211 3210//3210
f 3150//3150 3210//3210 3226//3226
f 3226//3226 3210//3210 3193//3193
f 3226//3226 3193//3193 3165//3165
f 3165//3165 3193//3193 3192//3192
f 3165//3165 3192//3192 3166//3166
f 3166//3166 3192//3192 3206//3206
f 3166//3166 3206//3206 3167//3167
f 3167//3167 3206//3206 3205//3205
f 3167//3167 3205//3205 3153//3153
f 3153//3153 3205//3205 3204//3204
f 3153//3153 3204//3204 3154//3154
f 3154//3154 3204//3204 3190//3190
f 3154//3154 3190//3190 3156//3156
f 3156//3156 3190//3190 3189//3189
f 3156//3156 3189//3189 3157//3157
f 3157//3157 3189//3189 3203//3203
f 3157//3157 3203//3203 3159//3159
f 3159//3159 3203//3203 3202//3202
f 3159//3159 3202//3202 3160//3160
f 3160//3160 3202//3202 3201//3201
f 3160//3160 3201//3201 3161//3161
f 3161//3161 3201//3201 3200//3200
f 3161//3161 3200//3200 3162//3162
f 3162//3162 3200//3200 3199//3199
f 3162//3162 3199//3199 3163//3163
f 3163//3163 3199//3199 3198//3198
f 3163//3163 3198//3198 3168//3168
f 3168//3168 3198//3198 3196//3196
f 3168//3168 3196//3196 3169//3169
f 3169//3169 3196//3196 3195//3195
f 3169//3169 3195//3195 3224//3224
f 3224//3224 3195//3195 3225//3225
f 3227//3227 3228//3228 3229//3229
f 3230//3230 3231//3231 3232//3232
f 3233//3233 3234//3234 3235//3235
f 3236//3236 3237//3237 3238//3238
f 3239//3239 3240//3240 3241//3241
f 3241//3241 3240//3240 3242//3242
f 3243//3243 3244//3244 3245//3245
f 3245//3245 3244//3244 3246//3246
f 3242//3242 3247//3247 3244//3244
f 3244//3244 3247//3247 3248//3248
f 3244//3244 3248//3248 3246//3246
f 3249//3249 3250//3250 3229//3229
f 3229//3229 3250//3250 3251//3251
f 3229//3229 3251//3251 3252//3252
f 3249//3249 3229//3229 3253//3253
f 3253//3253 3229//3229 3228//3228
f 3253//3253 3228//3228 3254//3254
f 3254//3254 3228//3228 3255//3255
f 3254//3254 3255//3255 3256//3256
f 3255//3255 3257//3257 3256//3256
f 3256//3256 3257//3257 3258//3258
f 3256//3256 3258//3258 3259//3259
f 3259//3259 3258//3258 3260//3260
f 3261//3261 3262//3262 3263//3263
f 3263//3263 3262//3262 3264//3264
f 3263//3263 3264//3264 3265//3265
f 3265//3265 3264//3264 3266//3266
f 3265//3265 3266//3266 3260//3260
f 3260//3260 3266//3266 3267//3267
f 3260//3260 3267//3267 3259//3259
f 3268//3268 3269//3269 3270//3270
f 3270//3270 3269//3269 3271//3271
f 3270//3270 3271//3271 3272//3272
f 3272//3272 3271//3271 3273//3273
f 3272//3272 3273//3273 3274//3274
f 3274//3274 3273//3273 3275//3275
f 3274//3274 3275//3275 3276//3276
f 3276//3276 3275//3275 3277//3277
f 3276//3276 3277//3277 3278//3278
f 3278//3278 3277//3277 3279//3279
f 3278//3278 3279//3279 3280//3280
f 3280//3280 3279//3279 3281//3281
f 3280//3280 3281//3281 3261//3261
f 3261//3261 3281//3281 3282//3282
f 3261//3261 3282//3282 3262//3262
f 3236//3236 3238//3238 3283//3283
f 3284//3284 3285//3285 3286//3286
f 3286//3286 3285//3285 3287//3287
f 3285//3285 3288//3288 3287//3287
f 3287//3287 3288//3288 3289//3289
f 3287//3287 3289//3289 3290//3290
f 3290//3290 3289//3289 3291//3291
f 3290//3290 3291//3291 3292//3292
f 3293//3293 3294//3294 3286//3286
f 3286//3286 3294//3294 3295//3295
f 3286//3286 3295//3295 3284//3284
f 3234//3234 3296//3296 3297//3297
f 3234//3234 3297//3297 3235//3235
f 3235//3235 3297//3297 3298//3298
f 3235//3235 3298//3298 3299//3299
f 3300//3300 3301//3301 3302//3302
f 3302//3302 3301//3301 3303//3303
f 3302//3302 3303//3303 3304//3304
f 3304//3304 3303//3303 3305//3305
f 3290//3290 3304//3304 3287//3287
f 3287//3287 3304//3304 3305//3305
f 3287//3287 3305//3305 3286//3286
f 3286//3286 3305//3305 3306//3306
f 3286//3286 3306//3306 3307//3307
f 3307//3307 3306//3306 3308//3308
f 3307//3307 3308//3308 3234//3234
f 3234//3234 3308//3308 3309//3309
f 3234//3234 3309//3309 3296//3296
f 3310//3310 3235//3235 3311//3311
f 3311//3311 3235//3235 3299//3299
f 3311//3311 3299//3299 3312//3312
f 3312//3312 3299//3299 3313//3313
f 3312//3312 3313//3313 3300//3300
f 3300//3300 3313//3313 3314//3314
f 3300//3300 3314//3314 3301//3301
f 3315//3315 3316//3316 3235//3235
f 3235//3235 3316//3316 3317//3317
f 3235//3235 3317//3317 3233//3233
f 3318//3318 3319//3319 3320//3320
f 3310//3310 3318//3318 3235//3235
f 3235//3235 3318//3318 3320//3320
f 3235//3235 3320//3320 3315//3315
f 3315//3315 3320//3320 3321//3321
f 3315//3315 3321//3321 3322//3322
f 3321//3321 3323//3323 3322//3322
f 3322//3322 3323//3323 3324//3324
f 3322//3322 3324//3324 3325//3325
f 3324//3324 3326//3326 3325//3325
f 3325//3325 3326//3326 3327//3327
f 3325//3325 3327//3327 3328//3328
f 3328//3328 3327//3327 3329//3329
f 3319//3319 3318//3318 3330//3330
f 3330//3330 3318//3318 3331//3331
f 3330//3330 3331//3331 3332//3332
f 3332//3332 3331//3331 3333//3333
f 3332//3332 3333//3333 3334//3334
f 3334//3334 3333//3333 3335//3335
f 3335//3335 3333//3333 3336//3336
f 3335//3335 3336//3336 3337//3337
f 3338//3338 3339//3339 3325//3325
f 3325//3325 3339//3339 3340//3340
f 3325//3325 3340//3340 3341//3341
f 3328//3328 3342//3342 3343//3343
f 3343//3343 3344//3344 3328//3328
f 3328//3328 3344//3344 3345//3345
f 3328//3328 3345//3345 3325//3325
f 3325//3325 3345//3345 3346//3346
f 3325//3325 3346//3346 3338//3338
f 3347//3347 3342//3342 3348//3348
f 3348//3348 3342//3342 3328//3328
f 3348//3348 3328//3328 3337//3337
f 3337//3337 3328//3328 3329//3329
f 3337//3337 3329//3329 3335//3335
f 3349//3349 3350//3350 3351//3351
f 3351//3351 3350//3350 3352//3352
f 3351//3351 3352//3352 3353//3353
f 3353//3353 3352//3352 3347//3347
f 3353//3353 3347//3347 3354//3354
f 3354//3354 3347//3347 3348//3348
f 3355//3355 3356//3356 3357//3357
f 3357//3357 3356//3356 3358//3358
f 3357//3357 3358//3358 3359//3359
f 3359//3359 3360//3360 3357//3357
f 3357//3357 3360//3360 3361//3361
f 3357//3357 3361//3361 3231//3231
f 3231//3231 3361//3361 3362//3362
f 3351//3351 3363//3363 3349//3349
f 3349//3349 3363//3363 3232//3232
f 3349//3349 3232//3232 3364//3364
f 3364//3364 3232//3232 3231//3231
f 3364//3364 3231//3231 3365//3365
f 3365//3365 3231//3231 3362//3362
f 3366//3366 3367//3367 3368//3368
f 3368//3368 3367//3367 3369//3369
f 3368//3368 3369//3369 3370//3370
f 3370//3370 3369//3369 3371//3371
f 3370//3370 3371//3371 3230//3230
f 3230//3230 3371//3371 3372//3372
f 3230//3230 3372//3372 3231//3231
f 3231//3231 3372//3372 3373//3373
f 3231//3231 3373//3373 3357//3357
f 3366//3366 3368//3368 3374//3374
f 3374//3374 3368//3368 3375//3375
f 3374//3374 3375//3375 3376//3376
f 3373//3373 3377//3377 3357//3357
f 3357//3357 3377//3377 3378//3378
f 3357//3357 3378//3378 3379//3379
f 3379//3379 3378//3378 3380//3380
f 3379//3379 3380//3380 3375//3375
f 3375//3375 3380//3380 3381//3381
f 3375//3375 3381//3381 3376//3376
f 3382//3382 3383//3383 3384//3384
f 3382//3382 3384//3384 3354//3354
f 3354//3354 3384//3384 3385//3385
f 3354//3354 3385//3385 3353//3353
f 3353//3353 3385//3385 3386//3386
f 3353//3353 3386//3386 3387//3387
f 3383//3383 3382//3382 3388//3388
f 3388//3388 3382//3382 3389//3389
f 3388//3388 3389//3389 3390//3390
f 3390//3390 3389//3389 3363//3363
f 3390//3390 3363//3363 3391//3391
f 3391//3391 3363//3363 3351//3351
f 3391//3391 3351//3351 3392//3392
f 3387//3387 3393//3393 3353//3353
f 3353//3353 3393//3393 3394//3394
f 3353//3353 3394//3394 3351//3351
f 3351//3351 3394//3394 3395//3395
f 3351//3351 3395//3395 3392//3392
f 3396//3396 3397//3397 3238//3238
f 3238//3238 3397//3397 3292//3292
f 3238//3238 3292//3292 3283//3283
f 3283//3283 3292//3292 3291//3291
f 3398//3398 3399//3399 3400//3400
f 3229//3229 3401//3401 3238//3238
f 3238//3238 3401//3401 3402//3402
f 3238//3238 3402//3402 3396//3396
f 3397//3397 3403//3403 3292//3292
f 3292//3292 3403//3403 3404//3404
f 3292//3292 3404//3404 3399//3399
f 3399//3399 3404//3404 3405//3405
f 3399//3399 3405//3405 3400//3400
f 3400//3400 3406//3406 3398//3398
f 3398//3398 3406//3406 3407//3407
f 3398//3398 3407//3407 3252//3252
f 3252//3252 3407//3407 3408//3408
f 3252//3252 3408//3408 3229//3229
f 3229//3229 3408//3408 3409//3409
f 3229//3229 3409//3409 3401//3401
f 3242//3242 3244//3244 3241//3241
f 3241//3241 3244//3244 3410//3410
f 3241//3241 3410//3410 3411//3411
f 3251//3251 3239//3239 3252//3252
f 3252//3252 3239//3239 3241//3241
f 3252//3252 3241//3241 3412//3412
f 3412//3412 3241//3241 3411//3411
f 3412//3412 3411//3411 3413//3413
f 3413//3413 3411//3411 3414//3414
f 3413//3413 3414//3414 3415//3415
f 3415//3415 3414//3414 3416//3416
f 3417//3417 3418//3418 3419//3419
f 3419//3419 3418//3418 3420//3420
f 3419//3419 3420//3420 3244//3244
f 3244//3244 3420//3420 3421//3421
f 3244//3244 3421//3421 3410//3410
f 3416//3416 3422//3422 3415//3415
f 3415//3415 3422//3422 3423//3423
f 3415//3415 3423//3423 3424//3424
f 3423//3423 3425//3425 3424//3424
f 3424//3424 3425//3425 3426//3426
f 3424//3424 3426//3426 3417//3417
f 3417//3417 3426//3426 3427//3427
f 3417//3417 3427//3427 3418//3418
f 3227//3227 3229//3229 3428//3428
f 3428//3428 3229//3229 3238//3238
f 3428//3428 3238//3238 3268//3268
f 3268//3268 3238//3238 3237//3237
f 3268//3268 3237//3237 3269//3269
f 3429//3429 3430//3430 3431//3431
f 3432//3432 3424//3424 3417//3417
f 3379//3379 3375//3375 3433//3433
f 3433//3433 3375//3375 3434//3434
f 3433//3433 3434//3434 3431//3431
f 3431//3431 3434//3434 3435//3435
f 3431//3431 3435//3435 3429//3429
f 3436//3436 3419//3419 3437//3437
f 3437//3437 3419//3419 3244//3244
f 3437//3437 3244//3244 3438//3438
f 3430//3430 3429//3429 3439//3439
f 3439//3439 3429//3429 3440//3440
f 3439//3439 3440//3440 3441//3441
f 3441//3441 3440//3440 3442//3442
f 3441//3441 3442//3442 3443//3443
f 3443//3443 3442//3442 3432//3432
f 3443//3443 3432//3432 3436//3436
f 3436//3436 3432//3432 3417//3417
f 3436//3436 3417//3417 3419//3419
f 3444//3444 3445//3445 3341//3341
f 3341//3341 3445//3445 3446//3446
f 3341//3341 3446//3446 3325//3325
f 3325//3325 3446//3446 3447//3447
f 3325//3325 3447//3447 3322//3322
f 3322//3322 3447//3447 3448//3448
f 3322//3322 3448//3448 3449//3449
f 3322//3322 3449//3449 3315//3315
f 3315//3315 3449//3449 3450//3450
f 3315//3315 3450//3450 3316//3316
f 3316//3316 3450//3450 3451//3451
f 3316//3316 3451//3451 3317//3317
f 3317//3317 3451//3451 3452//3452
f 3317//3317 3452//3452 3233//3233
f 3233//3233 3452//3452 3453//3453
f 3233//3233 3453//3453 3234//3234
f 3234//3234 3453//3453 3454//3454
f 3234//3234 3454//3454 3307//3307
f 3307//3307 3454//3454 3455//3455
f 3307//3307 3455//3455 3286//3286
f 3286//3286 3455//3455 3293//3293
f 3293//3293 3455//3455 3456//3456
f 3457//3457 3293//3293 3458//3458
f 3458//3458 3293//3293 3456//3456
f 3458//3458 3456//3456 3459//3459
f 3459//3459 3456//3456 3460//3460
f 3459//3459 3460//3460 3461//3461
f 3461//3461 3460//3460 3462//3462
f 3271//3271 3463//3463 3461//3461
f 3464//3464 3273//3273 3465//3465
f 3465//3465 3273//3273 3271//3271
f 3465//3465 3271//3271 3462//3462
f 3462//3462 3271//3271 3461//3461
f 3273//3273 3464//3464 3466//3466
f 3273//3273 3466//3466 3275//3275
f 3275//3275 3466//3466 3467//3467
f 3275//3275 3467//3467 3277//3277
f 3277//3277 3467//3467 3468//3468
f 3277//3277 3468//3468 3279//3279
f 3279//3279 3468//3468 3469//3469
f 3279//3279 3469//3469 3281//3281
f 3281//3281 3469//3469 3470//3470
f 3281//3281 3470//3470 3282//3282
f 3282//3282 3470//3470 3471//3471
f 3282//3282 3471//3471 3262//3262
f 3262//3262 3471//3471 3472//3472
f 3262//3262 3472//3472 3264//3264
f 3264//3264 3472//3472 3473//3473
f 3264//3264 3473//3473 3266//3266
f 3266//3266 3473//3473 3474//3474
f 3266//3266 3474//3474 3267//3267
f 3267//3267 3474//3474 3475//3475
f 3267//3267 3475//3475 3259//3259
f 3259//3259 3475//3475 3476//3476
f 3259//3259 3476//3476 3256//3256
f 3477//3477 3478//3478 3479//3479
f 3479//3479 3478//3478 3254//3254
f 3479//3479 3254//3254 3480//3480
f 3480//3480 3254//3254 3256//3256
f 3480//3480 3256//3256 3476//3476
f 3243//3243 3481//3481 3482//3482
f 3483//3483 3438//3438 3244//3244
f 3477//3477 3479//3479 3484//3484
f 3484//3484 3479//3479 3485//3485
f 3484//3484 3485//3485 3482//3482
f 3482//3482 3485//3485 3483//3483
f 3482//3482 3483//3483 3243//3243
f 3243//3243 3483//3483 3244//3244
f 3379//3379 3433//3433 3357//3357
f 3357//3357 3433//3433 3486//3486
f 3357//3357 3486//3486 3355//3355
f 3355//3355 3486//3486 3487//3487
f 3355//3355 3487//3487 3488//3488
f 3488//3488 3487//3487 3489//3489
f 3490//3490 3489//3489 3491//3491
f 3491//3491 3489//3489 3487//3487
f 3492//3492 3493//3493 3490//3490
f 3490//3490 3493//3493 3494//3494
f 3494//3494 3495//3495 3490//3490
f 3490//3490 3495//3495 3496//3496
f 3490//3490 3496//3496 3497//3497
f 3497//3497 3498//3498 3499//3499
f 3499//3499 3498//3498 3500//3500
f 3499//3499 3500//3500 3501//3501
f 3501//3501 3502//3502 3499//3499
f 3499//3499 3502//3502 3503//3503
f 3499//3499 3503//3503 3504//3504
f 3504//3504 3505//3505 3499//3499
f 3499//3499 3505//3505 3506//3506
f 3499//3499 3506//3506 3507//3507
f 3507//3507 3506//3506 3508//3508
f 3507//3507 3508//3508 3509//3509
f 3509//3509 3510//3510 3507//3507
f 3507//3507 3510//3510 3511//3511
f 3507//3507 3511//3511 3512//3512
f 3512//3512 3511//3511 3513//3513
f 3512//3512 3513//3513 3514//3514
f 3515//3515 3490//3490 3491//3491
f 3513//3513 3516//3516 3514//3514
f 3514//3514 3516//3516 3517//3517
f 3514//3514 3517//3517 3518//3518
f 3515//3515 3519//3519 3490//3490
f 3490//3490 3519//3519 3520//3520
f 3490//3490 3520//3520 3492//3492
f 3521//3521 3522//3522 3491//3491
f 3491//3491 3522//3522 3523//3523
f 3491//3491 3523//3523 3515//3515
f 3517//3517 3524//3524 3518//3518
f 3518//3518 3524//3524 3525//3525
f 3518//3518 3525//3525 3526//3526
f 3526//3526 3525//3525 3527//3527
f 3526//3526 3527//3527 3491//3491
f 3491//3491 3527//3527 3528//3528
f 3491//3491 3528//3528 3521//3521
f 3445//3445 3499//3499 3446//3446
f 3446//3446 3499//3499 3507//3507
f 3529//3529 3530//3530 3531//3531
f 3532//3532 3533//3533 3486//3486
f 3476//3476 3475//3475 3534//3534
f 3451//3451 3535//3535 3452//3452
f 3536//3536 3449//3449 3537//3537
f 3537//3537 3449//3449 3448//3448
f 3537//3537 3448//3448 3538//3538
f 3538//3538 3448//3448 3447//3447
f 3538//3538 3447//3447 3539//3539
f 3530//3530 3540//3540 3541//3541
f 3542//3542 3543//3543 3535//3535
f 3544//3544 3545//3545 3529//3529
f 3529//3529 3545//3545 3546//3546
f 3529//3529 3546//3546 3530//3530
f 3530//3530 3546//3546 3547//3547
f 3530//3530 3547//3547 3540//3540
f 3536//3536 3542//3542 3449//3449
f 3449//3449 3542//3542 3535//3535
f 3449//3449 3535//3535 3450//3450
f 3450//3450 3535//3535 3451//3451
f 3548//3548 3549//3549 3529//3529
f 3549//3549 3550//3550 3529//3529
f 3529//3529 3550//3550 3535//3535
f 3529//3529 3535//3535 3544//3544
f 3544//3544 3535//3535 3543//3543
f 3550//3550 3551//3551 3535//3535
f 3535//3535 3551//3551 3552//3552
f 3535//3535 3552//3552 3452//3452
f 3452//3452 3552//3552 3553//3553
f 3452//3452 3553//3553 3453//3453
f 3554//3554 3555//3555 3556//3556
f 3553//3553 3557//3557 3453//3453
f 3453//3453 3557//3557 3558//3558
f 3453//3453 3558//3558 3454//3454
f 3454//3454 3558//3558 3559//3559
f 3454//3454 3559//3559 3455//3455
f 3455//3455 3559//3559 3560//3560
f 3462//3462 3460//3460 3556//3556
f 3560//3560 3554//3554 3455//3455
f 3455//3455 3554//3554 3556//3556
f 3455//3455 3556//3556 3456//3456
f 3456//3456 3556//3556 3460//3460
f 3561//3561 3562//3562 3563//3563
f 3562//3562 3466//3466 3563//3563
f 3563//3563 3466//3466 3464//3464
f 3563//3563 3464//3464 3465//3465
f 3562//3562 3564//3564 3466//3466
f 3466//3466 3564//3564 3565//3565
f 3466//3466 3565//3565 3467//3467
f 3467//3467 3565//3565 3566//3566
f 3467//3467 3566//3566 3468//3468
f 3468//3468 3566//3566 3469//3469
f 3469//3469 3566//3566 3567//3567
f 3469//3469 3567//3567 3470//3470
f 3470//3470 3567//3567 3568//3568
f 3470//3470 3568//3568 3471//3471
f 3471//3471 3568//3568 3569//3569
f 3471//3471 3569//3569 3472//3472
f 3472//3472 3569//3569 3570//3570
f 3472//3472 3570//3570 3473//3473
f 3473//3473 3570//3570 3571//3571
f 3473//3473 3571//3571 3474//3474
f 3474//3474 3571//3571 3475//3475
f 3475//3475 3571//3571 3572//3572
f 3475//3475 3572//3572 3534//3534
f 3573//3573 3438//3438 3483//3483
f 3483//3483 3485//3485 3573//3573
f 3573//3573 3485//3485 3479//3479
f 3573//3573 3479//3479 3534//3534
f 3534//3534 3479//3479 3480//3480
f 3534//3534 3480//3480 3476//3476
f 3573//3573 3574//3574 3575//3575
f 3438//3438 3576//3576 3437//3437
f 3437//3437 3576//3576 3577//3577
f 3437//3437 3577//3577 3436//3436
f 3575//3575 3578//3578 3573//3573
f 3573//3573 3578//3578 3579//3579
f 3573//3573 3579//3579 3438//3438
f 3438//3438 3579//3579 3580//3580
f 3438//3438 3580//3580 3576//3576
f 3577//3577 3581//3581 3436//3436
f 3436//3436 3581//3581 3582//3582
f 3436//3436 3582//3582 3443//3443
f 3443//3443 3582//3582 3583//3583
f 3443//3443 3583//3583 3441//3441
f 3441//3441 3583//3583 3584//3584
f 3441//3441 3584//3584 3439//3439
f 3439//3439 3584//3584 3585//3585
f 3439//3439 3585//3585 3574//3574
f 3574//3574 3585//3585 3586//3586
f 3574//3574 3586//3586 3575//3575
f 3532//3532 3486//3486 3587//3587
f 3587//3587 3486//3486 3433//3433
f 3587//3587 3433//3433 3588//3588
f 3588//3588 3433//3433 3431//3431
f 3588//3588 3431//3431 3589//3589
f 3533//3533 3590//3590 3591//3591
f 3590//3590 3592//3592 3591//3591
f 3591//3591 3592//3592 3593//3593
f 3591//3591 3593//3593 3574//3574
f 3593//3593 3594//3594 3574//3574
f 3574//3574 3594//3594 3595//3595
f 3574//3574 3595//3595 3439//3439
f 3439//3439 3595//3595 3596//3596
f 3439//3439 3596//3596 3597//3597
f 3589//3589 3431//3431 3597//3597
f 3597//3597 3431//3431 3430//3430
f 3597//3597 3430//3430 3439//3439
f 3533//3533 3591//3591 3486//3486
f 3486//3486 3591//3591 3598//3598
f 3486//3486 3598//3598 3487//3487
f 3487//3487 3598//3598 3526//3526
f 3487//3487 3526//3526 3491//3491
f 3599//3599 3446//3446 3507//3507
f 3446//3446 3530//3530 3447//3447
f 3447//3447 3530//3530 3541//3541
f 3447//3447 3541//3541 3539//3539
f 3600//3600 3601//3601 3602//3602
f 3602//3602 3601//3601 3603//3603
f 3602//3602 3603//3603 3604//3604
f 3604//3604 3605//3605 3606//3606
f 3605//3605 3561//3561 3606//3606
f 3606//3606 3561//3561 3563//3563
f 3606//3606 3563//3563 3607//3607
f 3446//3446 3599//3599 3530//3530
f 3530//3530 3599//3599 3608//3608
f 3530//3530 3608//3608 3531//3531
f 3606//3606 3609//3609 3610//3610
f 3611//3611 3612//3612 3607//3607
f 3607//3607 3612//3612 3613//3613
f 3604//3604 3606//3606 3602//3602
f 3602//3602 3606//3606 3610//3610
f 3602//3602 3610//3610 3614//3614
f 3614//3614 3615//3615 3602//3602
f 3602//3602 3615//3615 3616//3616
f 3602//3602 3616//3616 3617//3617
f 3617//3617 3616//3616 3618//3618
f 3613//3613 3619//3619 3607//3607
f 3607//3607 3619//3619 3620//3620
f 3607//3607 3620//3620 3606//3606
f 3606//3606 3620//3620 3621//3621
f 3606//3606 3621//3621 3609//3609
f 3618//3618 3611//3611 3617//3617
f 3617//3617 3611//3611 3607//3607
f 3617//3617 3607//3607 3622//3622
f 3465//3465 3462//3462 3563//3563
f 3563//3563 3462//3462 3556//3556
f 3563//3563 3556//3556 3607//3607
f 3607//3607 3556//3556 3623//3623
f 3607//3607 3623//3623 3622//3622
f 3622//3622 3623//3623 3624//3624
f 3625//3625 3626//3626 3608//3608
f 3608//3608 3626//3626 3627//3627
f 3608//3608 3627//3627 3628//3628
f 3629//3629 3630//3630 3531//3531
f 3628//3628 3631//3631 3608//3608
f 3608//3608 3631//3631 3632//3632
f 3608//3608 3632//3632 3531//3531
f 3531//3531 3632//3632 3633//3633
f 3531//3531 3633//3633 3629//3629
f 3555//3555 3548//3548 3556//3556
f 3556//3556 3548//3548 3529//3529
f 3556//3556 3529//3529 3623//3623
f 3623//3623 3529//3529 3531//3531
f 3623//3623 3531//3531 3624//3624
f 3624//3624 3531//3531 3630//3630
f 3624//3624 3630//3630 3634//3634
f 3634//3634 3635//3635 3624//3624
f 3624//3624 3635//3635 3636//3636
f 3624//3624 3636//3636 3625//3625
f 3625//3625 3636//3636 3637//3637
f 3625//3625 3637//3637 3626//3626
f 3507//3507 3512//3512 3599//3599
f 3599//3599 3512//3512 3514//3514
f 3599//3599 3514//3514 3608//3608
f 3608//3608 3514//3514 3518//3518
f 3608//3608 3518//3518 3625//3625
f 3518//3518 3526//3526 3625//3625
f 3625//3625 3526//3526 3598//3598
f 3625//3625 3598//3598 3624//3624
f 3624//3624 3598//3598 3591//3591
f 3624//3624 3591//3591 3622//3622
f 3622//3622 3591//3591 3574//3574
f 3622//3622 3574//3574 3617//3617
f 3617//3617 3574//3574 3573//3573
f 3617//3617 3573//3573 3602//3602
f 3602//3602 3573//3573 3534//3534
f 3602//3602 3534//3534 3600//3600
f 3600//3600 3534//3534 3572//3572
f 3347//3347 3638//3638 3342//3342
f 3342//3342 3638//3638 3639//3639
f 3342//3342 3639//3639 3640//3640
f 3352//3352 3641//3641 3642//3642
f 3352//3352 3642//3642 3347//3347
f 3642//3642 3643//3643 3347//3347
f 3347//3347 3643//3643 3644//3644
f 3347//3347 3644//3644 3645//3645
f 3645//3645 3646//3646 3347//3347
f 3347//3347 3646//3646 3647//3647
f 3347//3347 3647//3647 3638//3638
f 3648//3648 3649//3649 3650//3650
f 3651//3651 3652//3652 3653//3653
f 3646//3646 3654//3654 3647//3647
f 3647//3647 3654//3654 3655//3655
f 3647//3647 3655//3655 3656//3656
f 3656//3656 3655//3655 3657//3657
f 3656//3656 3657//3657 3658//3658
f 3658//3658 3657//3657 3651//3651
f 3658//3658 3651//3651 3659//3659
f 3659//3659 3651//3651 3653//3653
f 3660//3660 3661//3661 3662//3662
f 3662//3662 3661//3661 3663//3663
f 3662//3662 3663//3663 3664//3664
f 3664//3664 3663//3663 3665//3665
f 3664//3664 3665//3665 3666//3666
f 3667//3667 3666//3666 3668//3668
f 3668//3668 3666//3666 3669//3669
f 3668//3668 3669//3669 3650//3650
f 3650//3650 3669//3669 3670//3670
f 3650//3650 3670//3670 3648//3648
f 3671//3671 3664//3664 3672//3672
f 3672//3672 3664//3664 3666//3666
f 3672//3672 3666//3666 3673//3673
f 3673//3673 3666//3666 3667//3667
f 3671//3671 3674//3674 3664//3664
f 3664//3664 3674//3674 3675//3675
f 3664//3664 3675//3675 3676//3676
f 3676//3676 3675//3675 3677//3677
f 3676//3676 3677//3677 3678//3678
f 3350//3350 3679//3679 3352//3352
f 3352//3352 3679//3679 3680//3680
f 3352//3352 3680//3680 3641//3641
f 3641//3641 3680//3680 3681//3681
f 3641//3641 3681//3681 3682//3682
f 3682//3682 3681//3681 3683//3683
f 3682//3682 3683//3683 3684//3684
f 3684//3684 3683//3683 3685//3685
f 3686//3686 3687//3687 3688//3688
f 3685//3685 3683//3683 3689//3689
f 3689//3689 3683//3683 3690//3690
f 3689//3689 3690//3690 3688//3688
f 3688//3688 3690//3690 3691//3691
f 3688//3688 3691//3691 3686//3686
f 3692//3692 3693//3693 3686//3686
f 3686//3686 3693//3693 3694//3694
f 3686//3686 3694//3694 3687//3687
f 3695//3695 3696//3696 3697//3697
f 3697//3697 3696//3696 3698//3698
f 3697//3697 3698//3698 3699//3699
f 3699//3699 3698//3698 3700//3700
f 3699//3699 3700//3700 3701//3701
f 3678//3678 3702//3702 3703//3703
f 3703//3703 3702//3702 3704//3704
f 3703//3703 3704//3704 3705//3705
f 3695//3695 3697//3697 3706//3706
f 3706//3706 3697//3697 3707//3707
f 3706//3706 3707//3707 3705//3705
f 3705//3705 3707//3707 3708//3708
f 3705//3705 3708//3708 3703//3703
f 3678//3678 3703//3703 3676//3676
f 3676//3676 3703//3703 3709//3709
f 3676//3676 3709//3709 3710//3710
f 3709//3709 3711//3711 3710//3710
f 3710//3710 3711//3711 3712//3712
f 3710//3710 3712//3712 3713//3713
f 3713//3713 3712//3712 3714//3714
f 3714//3714 3715//3715 3713//3713
f 3713//3713 3715//3715 3716//3716
f 3713//3713 3716//3716 3717//3717
f 3718//3718 3719//3719 3720//3720
f 3721//3721 3722//3722 3723//3723
f 3717//3717 3724//3724 3725//3725
f 3725//3725 3724//3724 3726//3726
f 3725//3725 3726//3726 3727//3727
f 3727//3727 3726//3726 3728//3728
f 3727//3727 3728//3728 3729//3729
f 3729//3729 3728//3728 3723//3723
f 3729//3729 3723//3723 3730//3730
f 3730//3730 3723//3723 3722//3722
f 3731//3731 3732//3732 3733//3733
f 3733//3733 3732//3732 3734//3734
f 3733//3733 3734//3734 3720//3720
f 3720//3720 3734//3734 3735//3735
f 3720//3720 3735//3735 3718//3718
f 3736//3736 3349//3349 3737//3737
f 3737//3737 3349//3349 3732//3732
f 3737//3737 3732//3732 3738//3738
f 3738//3738 3732//3732 3731//3731
f 3736//3736 3739//3739 3349//3349
f 3349//3349 3739//3739 3740//3740
f 3349//3349 3740//3740 3350//3350
f 3350//3350 3740//3740 3741//3741
f 3350//3350 3741//3741 3679//3679
f 3649//3649 3652//3652 3650//3650
f 3650//3650 3652//3652 3651//3651
f 3650//3650 3651//3651 3700//3700
f 3700//3700 3651//3651 3693//3693
f 3700//3700 3693//3693 3701//3701
f 3701//3701 3693//3693 3692//3692
f 3701//3701 3692//3692 3742//3742
f 3742//3742 3692//3692 3743//3743
f 3742//3742 3743//3743 3723//3723
f 3723//3723 3743//3743 3720//3720
f 3723//3723 3720//3720 3721//3721
f 3721//3721 3720//3720 3719//3719
f 3717//3717 3725//3725 3713//3713
f 3713//3713 3725//3725 3744//3744
f 3713//3713 3744//3744 3745//3745
f 3745//3745 3744//3744 3746//3746
f 3745//3745 3746//3746 3747//3747
f 3748//3748 3749//3749 3364//3364
f 3364//3364 3749//3749 3750//3750
f 3364//3364 3750//3750 3349//3349
f 3349//3349 3750//3750 3751//3751
f 3349//3349 3751//3751 3732//3732
f 3752//3752 3344//3344 3753//3753
f 3753//3753 3344//3344 3343//3343
f 3753//3753 3343//3343 3662//3662
f 3662//3662 3343//3343 3342//3342
f 3662//3662 3342//3342 3660//3660
f 3660//3660 3342//3342 3640//3640
f 3747//3747 3748//3748 3745//3745
f 3745//3745 3748//3748 3364//3364
f 3745//3745 3364//3364 3754//3754
f 3754//3754 3364//3364 3365//3365
f 3754//3754 3365//3365 3755//3755
f 3755//3755 3365//3365 3362//3362
f 3756//3756 3757//3757 3488//3488
f 3499//3499 3445//3445 3758//3758
f 3758//3758 3445//3445 3489//3489
f 3758//3758 3489//3489 3490//3490
f 3489//3489 3710//3710 3713//3713
f 3753//3753 3445//3445 3752//3752
f 3752//3752 3445//3445 3444//3444
f 3752//3752 3444//3444 3759//3759
f 3753//3753 3662//3662 3445//3445
f 3445//3445 3662//3662 3664//3664
f 3445//3445 3664//3664 3489//3489
f 3489//3489 3664//3664 3676//3676
f 3489//3489 3676//3676 3710//3710
f 3760//3760 3761//3761 3755//3755
f 3755//3755 3761//3761 3762//3762
f 3762//3762 3756//3756 3755//3755
f 3755//3755 3756//3756 3488//3488
f 3755//3755 3488//3488 3754//3754
f 3754//3754 3488//3488 3489//3489
f 3754//3754 3489//3489 3745//3745
f 3745//3745 3489//3489 3713//3713
f 3763//3763 3764//3764 3765//3765
f 3765//3765 3764//3764 3759//3759
f 3765//3765 3759//3759 3766//3766
f 3766//3766 3759//3759 3444//3444
f 3484//3484 3482//3482 3767//3767
f 3767//3767 3482//3482 3481//3481
f 3768//3768 3478//3478 3769//3769
f 3769//3769 3478//3478 3477//3477
f 3769//3769 3477//3477 3770//3770
f 3770//3770 3477//3477 3484//3484
f 3770//3770 3484//3484 3771//3771
f 3771//3771 3484//3484 3767//3767
f 3481//3481 3772//3772 3773//3773
f 3774//3774 3767//3767 3775//3775
f 3775//3775 3767//3767 3481//3481
f 3775//3775 3481//3481 3776//3776
f 3776//3776 3481//3481 3773//3773
f 3767//3767 3240//3240 3771//3771
f 3771//3771 3240//3240 3239//3239
f 3253//3253 3254//3254 3768//3768
f 3768//3768 3254//3254 3478//3478
f 3253//3253 3768//3768 3249//3249
f 3249//3249 3768//3768 3769//3769
f 3249//3249 3769//3769 3250//3250
f 3771//3771 3239//3239 3251//3251
f 3771//3771 3251//3251 3770//3770
f 3770//3770 3251//3251 3250//3250
f 3770//3770 3250//3250 3769//3769
f 3461//3461 3463//3463 3777//3777
f 3778//3778 3779//3779 3457//3457
f 3780//3780 3781//3781 3782//3782
f 3782//3782 3778//3778 3780//3780
f 3780//3780 3778//3778 3457//3457
f 3780//3780 3457//3457 3783//3783
f 3783//3783 3457//3457 3458//3458
f 3783//3783 3458//3458 3784//3784
f 3784//3784 3458//3458 3459//3459
f 3784//3784 3459//3459 3785//3785
f 3785//3785 3459//3459 3461//3461
f 3785//3785 3461//3461 3786//3786
f 3786//3786 3461//3461 3777//3777
f 3784//3784 3291//3291 3783//3783
f 3783//3783 3291//3291 3289//3289
f 3786//3786 3236//3236 3283//3283
f 3786//3786 3283//3283 3785//3785
f 3785//3785 3283//3283 3291//3291
f 3785//3785 3291//3291 3784//3784
f 3236//3236 3786//3786 3237//3237
f 3237//3237 3786//3786 3777//3777
f 3237//3237 3777//3777 3269//3269
f 3271//3271 3269//3269 3463//3463
f 3463//3463 3269//3269 3777//3777
f 3481//3481 3243//3243 3245//3245
f 3481//3481 3245//3245 3772//3772
f 3772//3772 3245//3245 3246//3246
f 3772//3772 3246//3246 3773//3773
f 3773//3773 3246//3246 3248//3248
f 3773//3773 3248//3248 3776//3776
f 3776//3776 3248//3248 3247//3247
f 3776//3776 3247//3247 3775//3775
f 3775//3775 3247//3247 3242//3242
f 3775//3775 3242//3242 3774//3774
f 3774//3774 3242//3242 3240//3240
f 3774//3774 3240//3240 3767//3767
f 3783//3783 3289//3289 3288//3288
f 3783//3783 3288//3288 3780//3780
f 3780//3780 3288//3288 3285//3285
f 3780//3780 3285//3285 3781//3781
f 3781//3781 3285//3285 3284//3284
f 3781//3781 3284//3284 3782//3782
f 3782//3782 3284//3284 3295//3295
f 3782//3782 3295//3295 3778//3778
f 3778//3778 3295//3295 3294//3294
f 3778//3778 3294//3294 3779//3779
f 3779//3779 3294//3294 3293//3293
f 3779//3779 3293//3293 3457//3457
f 3444//3444 3341//3341 3340//3340
f 3444//3444 3340//3340 3766//3766
f 3766//3766 3340//3340 3339//3339
f 3766//3766 3339//3339 3765//3765
f 3765//3765 3339//3339 3338//3338
f 3765//3765 3338//3338 3763//3763
f 3763//3763 3338//3338 3346//3346
f 3763//3763 3346//3346 3764//3764
f 3764//3764 3346//3346 3345//3345
f 3764//3764 3345//3345 3759//3759
f 3759//3759 3345//3345 3344//3344
f 3759//3759 3344//3344 3752//3752
f 3755//3755 3362//3362 3361//3361
f 3755//3755 3361//3361 3760//3760
f 3760//3760 3361//3361 3360//3360
f 3760//3760 3360//3360 3761//3761
f 3761//3761 3360//3360 3359//3359
f 3761//3761 3359//3359 3762//3762
f 3762//3762 3359//3359 3358//3358
f 3762//3762 3358//3358 3756//3756
f 3756//3756 3358//3358 3356//3356
f 3756//3756 3356//3356 3757//3757
f 3757//3757 3356//3356 3355//3355
f 3757//3757 3355//3355 3488//3488
f 3787//3787 3415//3415 3432//3432
f 3432//3432 3415//3415 3424//3424
f 3788//3788 3434//3434 3368//3368
f 3368//3368 3434//3434 3375//3375
f 3435//3435 3434//3434 3788//3788
f 3787//3787 3788//3788 3789//3789
f 3789//3789 3788//3788 3790//3790
f 3791//3791 3792//3792 3788//3788
f 3788//3788 3792//3792 3793//3793
f 3788//3788 3793//3793 3790//3790
f 3791//3791 3794//3794 3792//3792
f 3792//3792 3794//3794 3795//3795
f 3792//3792 3795//3795 3796//3796
f 3797//3797 3798//3798 3792//3792
f 3792//3792 3798//3798 3799//3799
f 3792//3792 3799//3799 3800//3800
f 3432//3432 3442//3442 3787//3787
f 3787//3787 3442//3442 3440//3440
f 3787//3787 3440//3440 3788//3788
f 3788//3788 3440//3440 3429//3429
f 3788//3788 3429//3429 3435//3435
f 3796//3796 3801//3801 3792//3792
f 3792//3792 3801//3801 3802//3802
f 3792//3792 3802//3802 3803//3803
f 3800//3800 3804//3804 3792//3792
f 3792//3792 3804//3804 3805//3805
f 3792//3792 3805//3805 3806//3806
f 3806//3806 3805//3805 3807//3807
f 3806//3806 3807//3807 3808//3808
f 3803//3803 3809//3809 3792//3792
f 3792//3792 3809//3809 3810//3810
f 3792//3792 3810//3810 3797//3797
f 3788//3788 3368//3368 3791//3791
f 3791//3791 3368//3368 3370//3370
f 3791//3791 3370//3370 3794//3794
f 3794//3794 3370//3370 3230//3230
f 3794//3794 3230//3230 3795//3795
f 3230//3230 3232//3232 3795//3795
f 3795//3795 3232//3232 3363//3363
f 3795//3795 3363//3363 3796//3796
f 3796//3796 3363//3363 3389//3389
f 3796//3796 3389//3389 3801//3801
f 3801//3801 3389//3389 3382//3382
f 3801//3801 3382//3382 3802//3802
f 3802//3802 3382//3382 3354//3354
f 3802//3802 3354//3354 3803//3803
f 3354//3354 3348//3348 3803//3803
f 3803//3803 3348//3348 3337//3337
f 3803//3803 3337//3337 3809//3809
f 3809//3809 3337//3337 3336//3336
f 3809//3809 3336//3336 3810//3810
f 3810//3810 3336//3336 3333//3333
f 3810//3810 3333//3333 3797//3797
f 3797//3797 3333//3333 3331//3331
f 3797//3797 3331//3331 3798//3798
f 3331//3331 3318//3318 3798//3798
f 3798//3798 3318//3318 3310//3310
f 3798//3798 3310//3310 3799//3799
f 3799//3799 3310//3310 3311//3311
f 3799//3799 3311//3311 3800//3800
f 3800//3800 3311//3311 3312//3312
f 3800//3800 3312//3312 3804//3804
f 3804//3804 3312//3312 3300//3300
f 3804//3804 3300//3300 3805//3805
f 3300//3300 3302//3302 3805//3805
f 3805//3805 3302//3302 3304//3304
f 3805//3805 3304//3304 3807//3807
f 3807//3807 3304//3304 3290//3290
f 3807//3807 3290//3290 3808//3808
f 3808//3808 3290//3290 3292//3292
f 3808//3808 3292//3292 3806//3806
f 3806//3806 3292//3292 3399//3399
f 3806//3806 3399//3399 3792//3792
f 3792//3792 3399//3399 3398//3398
f 3792//3792 3398//3398 3793//3793
f 3793//3793 3398//3398 3252//3252
f 3793//3793 3252//3252 3790//3790
f 3790//3790 3252//3252 3412//3412
f 3790//3790 3412//3412 3789//3789
f 3789//3789 3412//3412 3413//3413
f 3789//3789 3413//3413 3787//3787
f 3787//3787 3413//3413 3415//3415
f 3811//3811 3812//3812 3813//3813
f 3811//3811 3813//3813 3814//3814
f 3813//3813 3815//3815 3814//3814
f 3814//3814 3815//3815 3816//3816
f 3814//3814 3816//3816 3817//3817
f 3817//3817 3816//3816 3818//3818
f 3818//3818 3819//3819 3817//3817
f 3817//3817 3819//3819 3820//3820
f 3817//3817 3820//3820 3821//3821
f 3821//3821 3820//3820 3822//3822
f 3822//3822 3823//3823 3821//3821
f 3821//3821 3823//3823 3824//3824
f 3821//3821 3824//3824 3825//3825
f 3824//3824 3826//3826 3825//3825
f 3825//3825 3826//3826 3827//3827
f 3825//3825 3827//3827 3828//3828
f 3828//3828 3827//3827 3829//3829
f 3829//3829 3830//3830 3828//3828
f 3828//3828 3830//3830 3831//3831
f 3828//3828 3831//3831 3832//3832
f 3831//3831 3833//3833 3832//3832
f 3832//3832 3833//3833 3834//3834
f 3832//3832 3834//3834 3835//3835
f 3835//3835 3834//3834 3836//3836
f 3836//3836 3837//3837 3835//3835
f 3835//3835 3837//3837 3838//3838
f 3835//3835 3838//3838 3839//3839
f 3838//3838 3840//3840 3839//3839
f 3839//3839 3840//3840 3841//3841
f 3839//3839 3841//3841 3842//3842
f 3842//3842 3841//3841 3843//3843
f 3842//3842 3843//3843 3844//3844
f 3843//3843 3845//3845 3844//3844
f 3844//3844 3845//3845 3846//3846
f 3844//3844 3846//3846 3847//3847
f 3847//3847 3846//3846 3848//3848
f 3848//3848 3849//3849 3847//3847
f 3847//3847 3849//3849 3850//3850
f 3847//3847 3850//3850 3851//3851
f 3850//3850 3852//3852 3851//3851
f 3851//3851 3852//3852 3853//3853
f 3851//3851 3853//3853 3854//3854
f 3854//3854 3853//3853 3855//3855
f 3855//3855 3856//3856 3854//3854
f 3854//3854 3856//3856 3857//3857
f 3854//3854 3857//3857 3858//3858
f 3857//3857 3859//3859 3858//3858
f 3858//3858 3859//3859 3860//3860
f 3858//3858 3860//3860 3861//3861
f 3861//3861 3860//3860 3862//3862
f 3861//3861 3862//3862 3863//3863
f 3862//3862 3864//3864 3863//3863
f 3863//3863 3864//3864 3865//3865
f 3863//3863 3865//3865 3866//3866
f 3866//3866 3865//3865 3867//3867
f 3867//3867 3868//3868 3866//3866
f 3866//3866 3868//3868 3869//3869
f 3866//3866 3869//3869 3870//3870
f 3869//3869 3871//3871 3870//3870
f 3870//3870 3871//3871 3872//3872
f 3870//3870 3872//3872 3873//3873
f 3873//3873 3872//3872 3874//3874
f 3874//3874 3875//3875 3873//3873
f 3873//3873 3875//3875 3876//3876
f 3873//3873 3876//3876 3877//3877
f 3877//3877 3876//3876 3878//3878
f 3877//3877 3878//3878 3811//3811
f 3811//3811 3878//3878 3879//3879
f 3811//3811 3879//3879 3812//3812
f 3870//3870 3873//3873 3880//3880
f 3814//3814 3817//3817 3881//3881
f 3882//3882 3883//3883 3884//3884
f 3882//3882 3884//3884 3885//3885
f 3886//3886 3887//3887 3888//3888
f 3883//3883 3889//3889 3847//3847
f 3847//3847 3889//3889 3890//3890
f 3847//3847 3890//3890 3844//3844
f 3844//3844 3890//3890 3891//3891
f 3844//3844 3891//3891 3842//3842
f 3842//3842 3891//3891 3892//3892
f 3842//3842 3892//3892 3839//3839
f 3839//3839 3892//3892 3893//3893
f 3839//3839 3893//3893 3835//3835
f 3835//3835 3893//3893 3894//3894
f 3835//3835 3894//3894 3895//3895
f 3828//3828 3832//3832 3896//3896
f 3896//3896 3832//3832 3835//3835
f 3896//3896 3835//3835 3886//3886
f 3886//3886 3835//3835 3895//3895
f 3886//3886 3895//3895 3887//3887
f 3817//3817 3821//3821 3881//3881
f 3881//3881 3821//3821 3825//3825
f 3881//3881 3825//3825 3897//3897
f 3897//3897 3825//3825 3828//3828
f 3898//3898 3899//3899 3900//3900
f 3861//3861 3901//3901 3900//3900
f 3900//3900 3901//3901 3902//3902
f 3900//3900 3902//3902 3898//3898
f 3903//3903 3904//3904 3905//3905
f 3905//3905 3904//3904 3866//3866
f 3905//3905 3866//3866 3870//3870
f 3899//3899 3906//3906 3905//3905
f 3905//3905 3906//3906 3907//3907
f 3905//3905 3907//3907 3903//3903
f 3904//3904 3908//3908 3866//3866
f 3866//3866 3908//3908 3909//3909
f 3866//3866 3909//3909 3863//3863
f 3863//3863 3909//3909 3910//3910
f 3863//3863 3910//3910 3861//3861
f 3861//3861 3910//3910 3911//3911
f 3861//3861 3911//3911 3901//3901
f 3883//3883 3847//3847 3884//3884
f 3884//3884 3847//3847 3851//3851
f 3884//3884 3851//3851 3912//3912
f 3854//3854 3913//3913 3851//3851
f 3851//3851 3913//3913 3914//3914
f 3851//3851 3914//3914 3912//3912
f 3912//3912 3915//3915 3884//3884
f 3884//3884 3915//3915 3916//3916
f 3884//3884 3916//3916 3917//3917
f 3888//3888 3885//3885 3886//3886
f 3886//3886 3885//3885 3884//3884
f 3886//3886 3884//3884 3900//3900
f 3900//3900 3884//3884 3917//3917
f 3900//3900 3917//3917 3918//3918
f 3918//3918 3919//3919 3900//3900
f 3900//3900 3919//3919 3920//3920
f 3900//3900 3920//3920 3861//3861
f 3861//3861 3920//3920 3921//3921
f 3861//3861 3921//3921 3858//3858
f 3858//3858 3921//3921 3922//3922
f 3858//3858 3922//3922 3854//3854
f 3854//3854 3922//3922 3923//3923
f 3854//3854 3923//3923 3913//3913
f 3905//3905 3924//3924 3925//3925
f 3926//3926 3927//3927 3905//3905
f 3870//3870 3880//3880 3905//3905
f 3905//3905 3880//3880 3928//3928
f 3905//3905 3928//3928 3926//3926
f 3927//3927 3929//3929 3905//3905
f 3905//3905 3929//3929 3930//3930
f 3905//3905 3930//3930 3924//3924
f 3924//3924 3930//3930 3931//3931
f 3931//3931 3932//3932 3924//3924
f 3924//3924 3932//3932 3933//3933
f 3924//3924 3933//3933 3934//3934
f 3934//3934 3933//3933 3935//3935
f 3935//3935 3936//3936 3934//3934
f 3934//3934 3936//3936 3937//3937
f 3934//3934 3937//3937 3880//3880
f 3880//3880 3937//3937 3938//3938
f 3880//3880 3938//3938 3928//3928
f 3939//3939 3940//3940 3896//3896
f 3828//3828 3896//3896 3897//3897
f 3897//3897 3896//3896 3940//3940
f 3897//3897 3940//3940 3941//3941
f 3886//3886 3942//3942 3943//3943
f 3941//3941 3944//3944 3897//3897
f 3897//3897 3944//3944 3945//3945
f 3897//3897 3945//3945 3925//3925
f 3925//3925 3945//3945 3946//3946
f 3925//3925 3946//3946 3947//3947
f 3899//3899 3905//3905 3900//3900
f 3900//3900 3905//3905 3925//3925
f 3900//3900 3925//3925 3886//3886
f 3886//3886 3925//3925 3947//3947
f 3886//3886 3947//3947 3942//3942
f 3943//3943 3948//3948 3886//3886
f 3886//3886 3948//3948 3949//3949
f 3886//3886 3949//3949 3896//3896
f 3896//3896 3949//3949 3950//3950
f 3896//3896 3950//3950 3939//3939
f 3951//3951 3952//3952 3881//3881
f 3953//3953 3954//3954 3924//3924
f 3954//3954 3955//3955 3924//3924
f 3924//3924 3955//3955 3956//3956
f 3924//3924 3956//3956 3925//3925
f 3952//3952 3953//3953 3881//3881
f 3881//3881 3953//3953 3924//3924
f 3881//3881 3924//3924 3814//3814
f 3814//3814 3924//3924 3934//3934
f 3814//3814 3934//3934 3811//3811
f 3811//3811 3934//3934 3880//3880
f 3811//3811 3880//3880 3877//3877
f 3877//3877 3880//3880 3873//3873
f 3957//3957 3897//3897 3958//3958
f 3958//3958 3897//3897 3925//3925
f 3958//3958 3925//3925 3959//3959
f 3959//3959 3925//3925 3956//3956
f 3957//3957 3960//3960 3897//3897
f 3897//3897 3960//3960 3961//3961
f 3897//3897 3961//3961 3881//3881
f 3881//3881 3961//3961 3962//3962
f 3881//3881 3962//3962 3951//3951
f 3963//3963 3964//3964 3840//3840
f 3840//3840 3838//3838 3963//3963
f 3963//3963 3838//3838 3837//3837
f 3963//3963 3837//3837 3965//3965
f 3965//3965 3837//3837 3836//3836
f 3965//3965 3836//3836 3966//3966
f 3836//3836 3834//3834 3966//3966
f 3966//3966 3834//3834 3833//3833
f 3966//3966 3833//3833 3967//3967
f 3967//3967 3833//3833 3831//3831
f 3967//3967 3831//3831 3968//3968
f 3831//3831 3830//3830 3968//3968
f 3968//3968 3830//3830 3829//3829
f 3968//3968 3829//3829 3969//3969
f 3829//3829 3827//3827 3969//3969
f 3969//3969 3827//3827 3826//3826
f 3969//3969 3826//3826 3970//3970
f 3970//3970 3826//3826 3824//3824
f 3970//3970 3824//3824 3971//3971
f 3824//3824 3823//3823 3971//3971
f 3971//3971 3823//3823 3822//3822
f 3971//3971 3822//3822 3972//3972
f 3822//3822 3820//3820 3972//3972
f 3972//3972 3820//3820 3819//3819
f 3972//3972 3819//3819 3973//3973
f 3973//3973 3819//3819 3818//3818
f 3973//3973 3818//3818 3974//3974
f 3818//3818 3816//3816 3974//3974
f 3974//3974 3816//3816 3815//3815
f 3974//3974 3815//3815 3975//3975
f 3815//3815 3813//3813 3975//3975
f 3975//3975 3813//3813 3812//3812
f 3975//3975 3812//3812 3976//3976
f 3976//3976 3812//3812 3879//3879
f 3976//3976 3879//3879 3977//3977
f 3977//3977 3879//3879 3878//3878
f 3977//3977 3878//3878 3978//3978
f 3978//3978 3878//3878 3876//3876
f 3978//3978 3876//3876 3979//3979
f 3876//3876 3875//3875 3979//3979
f 3979//3979 3875//3875 3874//3874
f 3979//3979 3874//3874 3980//3980
f 3874//3874 3872//3872 3980//3980
f 3980//3980 3872//3872 3871//3871
f 3980//3980 3871//3871 3981//3981
f 3981//3981 3871//3871 3869//3869
f 3981//3981 3869//3869 3982//3982
f 3869//3869 3868//3868 3982//3982
f 3982//3982 3868//3868 3867//3867
f 3982//3982 3867//3867 3983//3983
f 3867//3867 3865//3865 3983//3983
f 3983//3983 3865//3865 3864//3864
f 3983//3983 3864//3864 3984//3984
f 3984//3984 3864//3864 3862//3862
f 3984//3984 3862//3862 3985//3985
f 3862//3862 3860//3860 3985//3985
f 3985//3985 3860//3860 3859//3859
f 3985//3985 3859//3859 3986//3986
f 3859//3859 3857//3857 3986//3986
f 3986//3986 3857//3857 3856//3856
f 3986//3986 3856//3856 3987//3987
f 3987//3987 3856//3856 3855//3855
f 3987//3987 3855//3855 3988//3988
f 3855//3855 3853//3853 3988//3988
f 3988//3988 3853//3853 3852//3852
f 3988//3988 3852//3852 3989//3989
f 3989//3989 3852//3852 3850//3850
f 3989//3989 3850//3850 3990//3990
f 3850//3850 3849//3849 3990//3990
f 3990//3990 3849//3849 3848//3848
f 3990//3990 3848//3848 3991//3991
f 3848//3848 3846//3846 3991//3991
f 3991//3991 3846//3846 3845//3845
f 3991//3991 3845//3845 3992//3992
f 3992//3992 3845//3845 3843//3843
f 3992//3992 3843//3843 3964//3964
f 3964//3964 3843//3843 3841//3841
f 3964//3964 3841//3841 3840//3840
f 3991//3991 3993//3993 3990//3990
f 3990//3990 3993//3993 3994//3994
f 3990//3990 3994//3994 3989//3989
f 3989//3989 3994//3994 3995//3995
f 3989//3989 3995//3995 3988//3988
f 3988//3988 3995//3995 3996//3996
f 3988//3988 3996//3996 3987//3987
f 3987//3987 3996//3996 3997//3997
f 3987//3987 3997//3997 3986//3986
f 3986//3986 3997//3997 3998//3998
f 3986//3986 3998//3998 3985//3985
f 3985//3985 3998//3998 3999//3999
f 3985//3985 3999//3999 3984//3984
f 3984//3984 3999//3999 4000//4000
f 3984//3984 4000//4000 3983//3983
f 3983//3983 4000//4000 4001//4001
f 3983//3983 4001//4001 3982//3982
f 3982//3982 4001//4001 4002//4002
f 3982//3982 4002//4002 3981//3981
f 3981//3981 4002//4002 4003//4003
f 3981//3981 4003//4003 3980//3980
f 3980//3980 4003//4003 4004//4004
f 3980//3980 4004//4004 3979//3979
f 3979//3979 4004//4004 4005//4005
f 3979//3979 4005//4005 3978//3978
f 3978//3978 4005//4005 4006//4006
f 3978//3978 4006//4006 3977//3977
f 3977//3977 4006//4006 4007//4007
f 3977//3977 4007//4007 3976//3976
f 3976//3976 4007//4007 4008//4008
f 3976//3976 4008//4008 3975//3975
f 3975//3975 4008//4008 4009//4009
f 3975//3975 4009//4009 3974//3974
f 3974//3974 4009//4009 4010//4010
f 3974//3974 4010//4010 3973//3973
f 3973//3973 4010//4010 4011//4011
f 3973//3973 4011//4011 3972//3972
f 3972//3972 4011//4011 4012//4012
f 3972//3972 4012//4012 3971//3971
f 3971//3971 4012//4012 4013//4013
f 3971//3971 4013//4013 3970//3970
f 3970//3970 4013//4013 4014//4014
f 3970//3970 4014//4014 3969//3969
f 3969//3969 4014//4014 4015//4015
f 3969//3969 4015//4015 3968//3968
f 3968//3968 4015//4015 4016//4016
f 3968//3968 4016//4016 3967//3967
f 3967//3967 4016//4016 4017//4017
f 3967//3967 4017//4017 3966//3966
f 3966//3966 4017//4017 4018//4018
f 3966//3966 4018//4018 3965//3965
f 3965//3965 4018//4018 4019//4019
f 3965//3965 4019//4019 3963//3963
f 3963//3963 4019//4019 4020//4020
f 3963//3963 4020//4020 3964//3964
f 3964//3964 4020//4020 4021//4021
f 3964//3964 4021//4021 3992//3992
f 3992//3992 4021//4021 4022//4022
f 3992//3992 4022//4022 3991//3991
f 3991//3991 4022//4022 3993//3993
f 3993//3993 4023//4023 3994//3994
f 3994//3994 4023//4023 4024//4024
f 3994//3994 4024//4024 3995//3995
f 3995//3995 4024//4024 4025//4025
f 3995//3995 4025//4025 3996//3996
f 3996//3996 4025//4025 4026//4026
f 3996//3996 4026//4026 3997//3997
f 3997//3997 4026//4026 4027//4027
f 3997//3997 4027//4027 3998//3998
f 3998//3998 4027//4027 4028//4028
f 3998//3998 4028//4028 3999//3999
f 3999//3999 4028//4028 4029//4029
f 3999//3999 4029//4029 4000//4000
f 4000//4000 4029//4029 4030//4030
f 4000//4000 4030//4030 4001//4001
f 4001//4001 4030//4030 4031//4031
f 4001//4001 4031//4031 4002//4002
f 4002//4002 4031//4031 4032//4032
f 4002//4002 4032//4032 4003//4003
f 4003//4003 4032//4032 4033//4033
f 4003//4003 4033//4033 4004//4004
f 4004//4004 4033//4033 4034//4034
f 4004//4004 4034//4034 4005//4005
f 4005//4005 4034//4034 4035//4035
f 4005//4005 4035//4035 4006//4006
f 4006//4006 4035//4035 4036//4036
f 4006//4006 4036//4036 4007//4007
f 4007//4007 4036//4036 4037//4037
f 4007//4007 4037//4037 4008//4008
f 4008//4008 4037//4037 4038//4038
f 4008//4008 4038//4038 4009//4009
f 4009//4009 4038//4038 4039//4039
f 4009//4009 4039//4039 4010//4010
f 4010//4010 4039//4039 4040//4040
f 4010//4010 4040//4040 4011//4011
f 4011//4011 4040//4040 4041//4041
f 4011//4011 4041//4041 4012//4012
f 4012//4012 4041//4041 4042//4042
f 4012//4012 4042//4042 4013//4013
f 4013//4013 4042//4042 4043//4043
f 4013//4013 4043//4043 4014//4014
f 4014//4014 4043//4043 4044//4044
f 4014//4014 4044//4044 4015//4015
f 4015//4015 4044//4044 4045//4045
f 4015//4015 4045//4045 4016//4016
f 4016//4016 4045//4045 4046//4046
f 4016//4016 4046//4046 4017//4017
f 4017//4017 4046//4046 4047//4047
f 4017//4017 4047//4047 4018//4018
f 4018//4018 4047//4047 4048//4048
f 4018//4018 4048//4048 4019//4019
f 4019//4019 4048//4048 4049//4049
f 4019//4019 4049//4049 4020//4020
f 4020//4020 4049//4049 4050//4050
f 4020//4020 4050//4050 4021//4021
f 4021//4021 4050//4050 4051//4051
f 4021//4021 4051//4051 4022//4022
f 4022//4022 4051//4051 4052//4052
f 4022//4022 4052//4052 3993//3993
f 3993//3993 4052//4052 4023//4023
f 3498//3498 3497//3497 4030//4030
f 4030//4030 3497//3497 3496//3496
f 4030//4030 3496//3496 4031//4031
f 4031//4031 3496//3496 3495//3495
f 4031//4031 3495//3495 4032//4032
f 4032//4032 3495//3495 3494//3494
f 4032//4032 3494//3494 4033//4033
f 4033//4033 3494//3494 3493//3493
f 4033//4033 3493//3493 4034//4034
f 4034//4034 3493//3493 3492//3492
f 4034//4034 3492//3492 4035//4035
f 4035//4035 3492//3492 3520//3520
f 4035//4035 3520//3520 4036//4036
f 4036//4036 3520//3520 3519//3519
f 4036//4036 3519//3519 4037//4037
f 4037//4037 3519//3519 3515//3515
f 4037//4037 3515//3515 4038//4038
f 4038//4038 3515//3515 3523//3523
f 4038//4038 3523//3523 4039//4039
f 4039//4039 3523//3523 3522//3522
f 4039//4039 3522//3522 4040//4040
f 4040//4040 3522//3522 3521//3521
f 4040//4040 3521//3521 4041//4041
f 4041//4041 3521//3521 3528//3528
f 4041//4041 3528//3528 4042//4042
f 4042//4042 3528//3528 3527//3527
f 4042//4042 3527//3527 4043//4043
f 4043//4043 3527//3527 3525//3525
f 4043//4043 3525//3525 4044//4044
f 4044//4044 3525//3525 3524//3524
f 4044//4044 3524//3524 4045//4045
f 4045//4045 3524//3524 3517//3517
f 4045//4045 3517//3517 4046//4046
f 4046//4046 3517//3517 3516//3516
f 4046//4046 3516//3516 4047//4047
f 4047//4047 3516//3516 3513//3513
f 4047//4047 3513//3513 4048//4048
f 4048//4048 3513//3513 3511//3511
f 4048//4048 3511//3511 4049//4049
f 4049//4049 3511//3511 3510//3510
f 4049//4049 3510//3510 4050//4050
f 4050//4050 3510//3510 3509//3509
f 4050//4050 3509//3509 4051//4051
f 4051//4051 3509//3509 3508//3508
f 4051//4051 3508//3508 4052//4052
f 4052//4052 3508//3508 3506//3506
f 4052//4052 3506//3506 4023//4023
f 4023//4023 3506//3506 3505//3505
f 4023//4023 3505//3505 4024//4024
f 4024//4024 3505//3505 3504//3504
f 4024//4024 3504//3504 4025//4025
f 4025//4025 3504//3504 3503//3503
f 4025//4025 3503//3503 4026//4026
f 4026//4026 3503//3503 3502//3502
f 4026//4026 3502//3502 4027//4027
f 4027//4027 3502//3502 3501//3501
f 4027//4027 3501//3501 4028//4028
f 4028//4028 3501//3501 3500//3500
f 4028//4028 3500//3500 4029//4029
f 4029//4029 3500//3500 3498//3498
f 4029//4029 3498//3498 4030//4030
f 4053//4053 3892//3892 4054//4054
f 4054//4054 3892//3892 3891//3891
f 4054//4054 3891//3891 4055//4055
f 4055//4055 3891//3891 3890//3890
f 4055//4055 3890//3890 4056//4056
f 4056//4056 3890//3890 3889//3889
f 4056//4056 3889//3889 4057//4057
f 4057//4057 3889//3889 3883//3883
f 4057//4057 3883//3883 4058//4058
f 4058//4058 3883//3883 3882//3882
f 4058//4058 3882//3882 4059//4059
f 4059//4059 3882//3882 3885//3885
f 4059//4059 3885//3885 4060//4060
f 4060//4060 3885//3885 3888//3888
f 4060//4060 3888//3888 4061//4061
f 4061//4061 3888//3888 3887//3887
f 4061//4061 3887//3887 4062//4062
f 4062//4062 3887//3887 3895//3895
f 4062//4062 3895//3895 4063//4063
f 4063//4063 3895//3895 3894//3894
f 4063//4063 3894//3894 4064//4064
f 4064//4064 3894//3894 3893//3893
f 4064//4064 3893//3893 4053//4053
f 4053//4053 3893//3893 3892//3892
f 4063//4063 4065//4065 4062//4062
f 4062//4062 4065//4065 4066//4066
f 4062//4062 4066//4066 4061//4061
f 4061//4061 4066//4066 4067//4067
f 4061//4061 4067//4067 4060//4060
f 4060//4060 4067//4067 4068//4068
f 4060//4060 4068//4068 4059//4059
f 4059//4059 4068//4068 4069//4069
f 4059//4059 4069//4069 4058//4058
f 4058//4058 4069//4069 4070//4070
f 4058//4058 4070//4070 4057//4057
f 4057//4057 4070//4070 4071//4071
f 4057//4057 4071//4071 4056//4056
f 4056//4056 4071//4071 4072//4072
f 4056//4056 4072//4072 4055//4055
f 4055//4055 4072//4072 4073//4073
f 4055//4055 4073//4073 4054//4054
f 4054//4054 4073//4073 4074//4074
f 4054//4054 4074//4074 4053//4053
f 4053//4053 4074//4074 4075//4075
f 4053//4053 4075//4075 4064//4064
f 4064//4064 4075//4075 4076//4076
f 4064//4064 4076//4076 4063//4063
f 4063//4063 4076//4076 4065//4065
f 3661//3661 4075//4075 4074//4074
f 3661//3661 4074//4074 3663//3663
f 3663//3663 4074//4074 4073//4073
f 3663//3663 4073//4073 3665//3665
f 3665//3665 4073//4073 4072//4072
f 3665//3665 4072//4072 3666//3666
f 3666//3666 4072//4072 4071//4071
f 3666//3666 4071//4071 3669//3669
f 4070//4070 3648//3648 4071//4071
f 4071//4071 3648//3648 3670//3670
f 4071//4071 3670//3670 3669//3669
f 4068//4068 3653//3653 4069//4069
f 4069//4069 3653//3653 3652//3652
f 4069//4069 3652//3652 4070//4070
f 4070//4070 3652//3652 3649//3649
f 4070//4070 3649//3649 3648//3648
f 4076//4076 3638//3638 4065//4065
f 4065//4065 3638//3638 3647//3647
f 4065//4065 3647//3647 4066//4066
f 4066//4066 3647//3647 3656//3656
f 4066//4066 3656//3656 4067//4067
f 4067//4067 3656//3656 3658//3658
f 4067//4067 3658//3658 4068//4068
f 4068//4068 3658//3658 3659//3659
f 4068//4068 3659//3659 3653//3653
f 3661//3661 3660//3660 4075//4075
f 4075//4075 3660//3660 3640//3640
f 4075//4075 3640//3640 4076//4076
f 4076//4076 3640//3640 3639//3639
f 4076//4076 3639//3639 3638//3638
f 4077//4077 3912//3912 4078//4078
f 4078//4078 3912//3912 3914//3914
f 4078//4078 3914//3914 4079//4079
f 4079//4079 3914//3914 3913//3913
f 4079//4079 3913//3913 4080//4080
f 4080//4080 3913//3913 3923//3923
f 4080//4080 3923//3923 4081//4081
f 4081//4081 3923//3923 3922//3922
f 4081//4081 3922//3922 4082//4082
f 4082//4082 3922//3922 3921//3921
f 4082//4082 3921//3921 4083//4083
f 4083//4083 3921//3921 3920//3920
f 4083//4083 3920//3920 4084//4084
f 4084//4084 3920//3920 3919//3919
f 4084//4084 3919//3919 4085//4085
f 4085//4085 3919//3919 3918//3918
f 4085//4085 3918//3918 4086//4086
f 4086//4086 3918//3918 3917//3917
f 4086//4086 3917//3917 4087//4087
f 4087//4087 3917//3917 3916//3916
f 4087//4087 3916//3916 4088//4088
f 4088//4088 3916//3916 3915//3915
f 4088//4088 3915//3915 4077//4077
f 4077//4077 3915//3915 3912//3912
f 4089//4089 3902//3902 4090//4090
f 4090//4090 3902//3902 3901//3901
f 4090//4090 3901//3901 4091//4091
f 4091//4091 3901//3901 3911//3911
f 4091//4091 3911//3911 4092//4092
f 4092//4092 3911//3911 3910//3910
f 4092//4092 3910//3910 4093//4093
f 4093//4093 3910//3910 3909//3909
f 4093//4093 3909//3909 4094//4094
f 4094//4094 3909//3909 3908//3908
f 4094//4094 3908//3908 4095//4095
f 4095//4095 3908//3908 3904//3904
f 4095//4095 3904//3904 4096//4096
f 4096//4096 3904//3904 3903//3903
f 4096//4096 3903//3903 4097//4097
f 4097//4097 3903//3903 3907//3907
f 4097//4097 3907//3907 4098//4098
f 4098//4098 3907//3907 3906//3906
f 4098//4098 3906//3906 4099//4099
f 4099//4099 3906//3906 3899//3899
f 4099//4099 3899//3899 4100//4100
f 4100//4100 3899//3899 3898//3898
f 4100//4100 3898//3898 4089//4089
f 4089//4089 3898//3898 3902//3902
f 4101//4101 3930//3930 4102//4102
f 4102//4102 3930//3930 3929//3929
f 4102//4102 3929//3929 4103//4103
f 4103//4103 3929//3929 3927//3927
f 4103//4103 3927//3927 4104//4104
f 4104//4104 3927//3927 3926//3926
f 4104//4104 3926//3926 4105//4105
f 4105//4105 3926//3926 3928//3928
f 4105//4105 3928//3928 4106//4106
f 4106//4106 3928//3928 3938//3938
f 4106//4106 3938//3938 4107//4107
f 4107//4107 3938//3938 3937//3937
f 4107//4107 3937//3937 4108//4108
f 4108//4108 3937//3937 3936//3936
f 4108//4108 3936//3936 4109//4109
f 4109//4109 3936//3936 3935//3935
f 4109//4109 3935//3935 4110//4110
f 4110//4110 3935//3935 3933//3933
f 4110//4110 3933//3933 4111//4111
f 4111//4111 3933//3933 3932//3932
f 4111//4111 3932//3932 4112//4112
f 4112//4112 3932//3932 3931//3931
f 4112//4112 3931//3931 4101//4101
f 4101//4101 3931//3931 3930//3930
f 4113//4113 3957//3957 4114//4114
f 4114//4114 3957//3957 3958//3958
f 4114//4114 3958//3958 4115//4115
f 4115//4115 3958//3958 3959//3959
f 4115//4115 3959//3959 4116//4116
f 4116//4116 3959//3959 3956//3956
f 4116//4116 3956//3956 4117//4117
f 4117//4117 3956//3956 3955//3955
f 4117//4117 3955//3955 4118//4118
f 4118//4118 3955//3955 3954//3954
f 4118//4118 3954//3954 4119//4119
f 4119//4119 3954//3954 3953//3953
f 4119//4119 3953//3953 4120//4120
f 4120//4120 3953//3953 3952//3952
f 4120//4120 3952//3952 4121//4121
f 4121//4121 3952//3952 3951//3951
f 4121//4121 3951//3951 4122//4122
f 4122//4122 3951//3951 3962//3962
f 4122//4122 3962//3962 4123//4123
f 4123//4123 3962//3962 3961//3961
f 4123//4123 3961//3961 4124//4124
f 4124//4124 3961//3961 3960//3960
f 4124//4124 3960//3960 4113//4113
f 4113//4113 3960//3960 3957//3957
f 4125//4125 3949//3949 4126//4126
f 4126//4126 3949//3949 3948//3948
f 4126//4126 3948//3948 4127//4127
f 4127//4127 3948//3948 3943//3943
f 4127//4127 3943//3943 4128//4128
f 4128//4128 3943//3943 3942//3942
f 4128//4128 3942//3942 4129//4129
f 4129//4129 3942//3942 3947//3947
f 4129//4129 3947//3947 4130//4130
f 4130//4130 3947//3947 3946//3946
f 4130//4130 3946//3946 4131//4131
f 4131//4131 3946//3946 3945//3945
f 4131//4131 3945//3945 4132//4132
f 4132//4132 3945//3945 3944//3944
f 4132//4132 3944//3944 4133//4133
f 4133//4133 3944//3944 3941//3941
f 4133//4133 3941//3941 4134//4134
f 4134//4134 3941//3941 3940//3940
f 4134//4134 3940//3940 4135//4135
f 4135//4135 3940//3940 3939//3939
f 4135//4135 3939//3939 4136//4136
f 4136//4136 3939//3939 3950//3950
f 4136//4136 3950//3950 4125//4125
f 4125//4125 3950//3950 3949//3949
f 4127//4127 4137//4137 4126//4126
f 4126//4126 4137//4137 4138//4138
f 4126//4126 4138//4138 4125//4125
f 4125//4125 4138//4138 4139//4139
f 4125//4125 4139//4139 4136//4136
f 4136//4136 4139//4139 4140//4140
f 4136//4136 4140//4140 4135//4135
f 4135//4135 4140//4140 4141//4141
f 4135//4135 4141//4141 4134//4134
f 4134//4134 4141//4141 4142//4142
f 4134//4134 4142//4142 4133//4133
f 4133//4133 4142//4142 4143//4143
f 4133//4133 4143//4143 4132//4132
f 4132//4132 4143//4143 4144//4144
f 4132//4132 4144//4144 4131//4131
f 4131//4131 4144//4144 4145//4145
f 4131//4131 4145//4145 4130//4130
f 4130//4130 4145//4145 4146//4146
f 4130//4130 4146//4146 4129//4129
f 4129//4129 4146//4146 4147//4147
f 4129//4129 4147//4147 4128//4128
f 4128//4128 4147//4147 4148//4148
f 4128//4128 4148//4148 4127//4127
f 4127//4127 4148//4148 4137//4137
f 3654//3654 4139//4139 4138//4138
f 3654//3654 4138//4138 3655//3655
f 3655//3655 4138//4138 4137//4137
f 3655//3655 4137//4137 3657//3657
f 3657//3657 4137//4137 4148//4148
f 3657//3657 4148//4148 3651//3651
f 3651//3651 4148//4148 4147//4147
f 3651//3651 4147//4147 3693//3693
f 4146//4146 3687//3687 4147//4147
f 4147//4147 3687//3687 3694//3694
f 4147//4147 3694//3694 3693//3693
f 4144//4144 3685//3685 4145//4145
f 4145//4145 3685//3685 3689//3689
f 4145//4145 3689//3689 4146//4146
f 4146//4146 3689//3689 3688//3688
f 4146//4146 3688//3688 3687//3687
f 4140//4140 3643//3643 4141//4141
f 4141//4141 3643//3643 3642//3642
f 4141//4141 3642//3642 4142//4142
f 4142//4142 3642//3642 3641//3641
f 4142//4142 3641//3641 4143//4143
f 4143//4143 3641//3641 3682//3682
f 4143//4143 3682//3682 4144//4144
f 4144//4144 3682//3682 3684//3684
f 4144//4144 3684//3684 3685//3685
f 3654//3654 3646//3646 4139//4139
f 4139//4139 3646//3646 3645//3645
f 4139//4139 3645//3645 4140//4140
f 4140//4140 3645//3645 3644//3644
f 4140//4140 3644//3644 3643//3643
f 4117//4117 4149//4149 4116//4116
f 4116//4116 4149//4149 4150//4150
f 4116//4116 4150//4150 4115//4115
f 4115//4115 4150//4150 4151//4151
f 4115//4115 4151//4151 4114//4114
f 4114//4114 4151//4151 4152//4152
f 4114//4114 4152//4152 4113//4113
f 4113//4113 4152//4152 4153//4153
f 4113//4113 4153//4153 4124//4124
f 4124//4124 4153//4153 4154//4154
f 4124//4124 4154//4154 4123//4123
f 4123//4123 4154//4154 4155//4155
f 4123//4123 4155//4155 4122//4122
f 4122//4122 4155//4155 4156//4156
f 4122//4122 4156//4156 4121//4121
f 4121//4121 4156//4156 4157//4157
f 4121//4121 4157//4157 4120//4120
f 4120//4120 4157//4157 4158//4158
f 4120//4120 4158//4158 4119//4119
f 4119//4119 4158//4158 4159//4159
f 4119//4119 4159//4159 4118//4118
f 4118//4118 4159//4159 4160//4160
f 4118//4118 4160//4160 4117//4117
f 4117//4117 4160//4160 4149//4149
f 4152//4152 4151//4151 3692//3692
f 3692//3692 4151//4151 3743//3743
f 3743//3743 4151//4151 4150//4150
f 3743//3743 4150//4150 3720//3720
f 3720//3720 4150//4150 4149//4149
f 3720//3720 4149//4149 3733//3733
f 3733//3733 4149//4149 4160//4160
f 3733//3733 4160//4160 3731//3731
f 3731//3731 4160//4160 3738//3738
f 3738//3738 4160//4160 4159//4159
f 3738//3738 4159//4159 3737//3737
f 3737//3737 4159//4159 3736//3736
f 3736//3736 4159//4159 4158//4158
f 3736//3736 4158//4158 3739//3739
f 3739//3739 4158//4158 4157//4157
f 3739//3739 4157//4157 3740//3740
f 3740//3740 4157//4157 4156//4156
f 3740//3740 4156//4156 3741//3741
f 3741//3741 4156//4156 4155//4155
f 3741//3741 4155//4155 3679//3679
f 4154//4154 3681//3681 4155//4155
f 4155//4155 3681//3681 3680//3680
f 4155//4155 3680//3680 3679//3679
f 3692//3692 3686//3686 4152//4152
f 4152//4152 3686//3686 3691//3691
f 4152//4152 3691//3691 4153//4153
f 4153//4153 3691//3691 3690//3690
f 4153//4153 3690//3690 4154//4154
f 4154//4154 3690//3690 3683//3683
f 4154//4154 3683//3683 3681//3681
f 4111//4111 4161//4161 4110//4110
f 4110//4110 4161//4161 4162//4162
f 4110//4110 4162//4162 4109//4109
f 4109//4109 4162//4162 4163//4163
f 4109//4109 4163//4163 4108//4108
f 4108//4108 4163//4163 4164//4164
f 4108//4108 4164//4164 4107//4107
f 4107//4107 4164//4164 4165//4165
f 4107//4107 4165//4165 4106//4106
f 4106//4106 4165//4165 4166//4166
f 4106//4106 4166//4166 4105//4105
f 4105//4105 4166//4166 4167//4167
f 4105//4105 4167//4167 4104//4104
f 4104//4104 4167//4167 4168//4168
f 4104//4104 4168//4168 4103//4103
f 4103//4103 4168//4168 4169//4169
f 4103//4103 4169//4169 4102//4102
f 4102//4102 4169//4169 4170//4170
f 4102//4102 4170//4170 4101//4101
f 4101//4101 4170//4170 4171//4171
f 4101//4101 4171//4171 4112//4112
f 4112//4112 4171//4171 4172//4172
f 4112//4112 4172//4172 4111//4111
f 4111//4111 4172//4172 4161//4161
f 4170//4170 4169//4169 3729//3729
f 3729//3729 4169//4169 3727//3727
f 3727//3727 4169//4169 4168//4168
f 3727//3727 4168//4168 3725//3725
f 3725//3725 4168//4168 4167//4167
f 3725//3725 4167//4167 3744//3744
f 3744//3744 4167//4167 4166//4166
f 3744//3744 4166//4166 3746//3746
f 3746//3746 4166//4166 3747//3747
f 3747//3747 4166//4166 4165//4165
f 3747//3747 4165//4165 3748//3748
f 3748//3748 4165//4165 3749//3749
f 3749//3749 4165//4165 4164//4164
f 3749//3749 4164//4164 3750//3750
f 3750//3750 4164//4164 4163//4163
f 3750//3750 4163//4163 3751//3751
f 3751//3751 4163//4163 4162//4162
f 3751//3751 4162//4162 3732//3732
f 3732//3732 4162//4162 4161//4161
f 3732//3732 4161//4161 3734//3734
f 4172//4172 3718//3718 4161//4161
f 4161//4161 3718//3718 3735//3735
f 4161//4161 3735//3735 3734//3734
f 3729//3729 3730//3730 4170//4170
f 4170//4170 3730//3730 3722//3722
f 4170//4170 3722//3722 4171//4171
f 4171//4171 3722//3722 3721//3721
f 4171//4171 3721//3721 4172//4172
f 4172//4172 3721//3721 3719//3719
f 4172//4172 3719//3719 3718//3718
f 4093//4093 4173//4173 4092//4092
f 4092//4092 4173//4173 4174//4174
f 4092//4092 4174//4174 4091//4091
f 4091//4091 4174//4174 4175//4175
f 4091//4091 4175//4175 4090//4090
f 4090//4090 4175//4175 4176//4176
f 4090//4090 4176//4176 4089//4089
f 4089//4089 4176//4176 4177//4177
f 4089//4089 4177//4177 4100//4100
f 4100//4100 4177//4177 4178//4178
f 4100//4100 4178//4178 4099//4099
f 4099//4099 4178//4178 4179//4179
f 4099//4099 4179//4179 4098//4098
f 4098//4098 4179//4179 4180//4180
f 4098//4098 4180//4180 4097//4097
f 4097//4097 4180//4180 4181//4181
f 4097//4097 4181//4181 4096//4096
f 4096//4096 4181//4181 4182//4182
f 4096//4096 4182//4182 4095//4095
f 4095//4095 4182//4182 4183//4183
f 4095//4095 4183//4183 4094//4094
f 4094//4094 4183//4183 4184//4184
f 4094//4094 4184//4184 4093//4093
f 4093//4093 4184//4184 4173//4173
f 4176//4176 4175//4175 3709//3709
f 3709//3709 4175//4175 3711//3711
f 3711//3711 4175//4175 4174//4174
f 3711//3711 4174//4174 3712//3712
f 3712//3712 4174//4174 4173//4173
f 3712//3712 4173//4173 3714//3714
f 3714//3714 4173//4173 4184//4184
f 3714//3714 4184//4184 3715//3715
f 3715//3715 4184//4184 3716//3716
f 3716//3716 4184//4184 4183//4183
f 3716//3716 4183//4183 3717//3717
f 3717//3717 4183//4183 3724//3724
f 3724//3724 4183//4183 4182//4182
f 3724//3724 4182//4182 3726//3726
f 3726//3726 4182//4182 4181//4181
f 3726//3726 4181//4181 3728//3728
f 3728//3728 4181//4181 4180//4180
f 3728//3728 4180//4180 3723//3723
f 3723//3723 4180//4180 4179//4179
f 3723//3723 4179//4179 3742//3742
f 4178//4178 3699//3699 4179//4179
f 4179//4179 3699//3699 3701//3701
f 4179//4179 3701//3701 3742//3742
f 3709//3709 3703//3703 4176//4176
f 4176//4176 3703//3703 3708//3708
f 4176//4176 3708//3708 4177//4177
f 4177//4177 3708//3708 3707//3707
f 4177//4177 3707//3707 4178//4178
f 4178//4178 3707//3707 3697//3697
f 4178//4178 3697//3697 3699//3699
f 4080//4080 4185//4185 4079//4079
f 4079//4079 4185//4185 4186//4186
f 4079//4079 4186//4186 4078//4078
f 4078//4078 4186//4186 4187//4187
f 4078//4078 4187//4187 4077//4077
f 4077//4077 4187//4187 4188//4188
f 4077//4077 4188//4188 4088//4088
f 4088//4088 4188//4188 4189//4189
f 4088//4088 4189//4189 4087//4087
f 4087//4087 4189//4189 4190//4190
f 4087//4087 4190//4190 4086//4086
f 4086//4086 4190//4190 4191//4191
f 4086//4086 4191//4191 4085//4085
f 4085//4085 4191//4191 4192//4192
f 4085//4085 4192//4192 4084//4084
f 4084//4084 4192//4192 4193//4193
f 4084//4084 4193//4193 4083//4083
f 4083//4083 4193//4193 4194//4194
f 4083//4083 4194//4194 4082//4082
f 4082//4082 4194//4194 4195//4195
f 4082//4082 4195//4195 4081//4081
f 4081//4081 4195//4195 4196//4196
f 4081//4081 4196//4196 4080//4080
f 4080//4080 4196//4196 4185//4185
f 3671//3671 4188//4188 4187//4187
f 3671//3671 4187//4187 3674//3674
f 3674//3674 4187//4187 4186//4186
f 3674//3674 4186//4186 3675//3675
f 3675//3675 4186//4186 4185//4185
f 3675//3675 4185//4185 3677//3677
f 3677//3677 4185//4185 4196//4196
f 3677//3677 4196//4196 3678//3678
f 4195//4195 3704//3704 4196//4196
f 4196//4196 3704//3704 3702//3702
f 4196//4196 3702//3702 3678//3678
f 4193//4193 3695//3695 4194//4194
f 4194//4194 3695//3695 3706//3706
f 4194//4194 3706//3706 4195//4195
f 4195//4195 3706//3706 3705//3705
f 4195//4195 3705//3705 3704//3704
f 4189//4189 3668//3668 4190//4190
f 4190//4190 3668//3668 3650//3650
f 4190//4190 3650//3650 4191//4191
f 4191//4191 3650//3650 3700//3700
f 4191//4191 3700//3700 4192//4192
f 4192//4192 3700//3700 3698//3698
f 4192//4192 3698//3698 4193//4193
f 4193//4193 3698//3698 3696//3696
f 4193//4193 3696//3696 3695//3695
f 3671//3671 3672//3672 4188//4188
f 4188//4188 3672//3672 3673//3673
f 4188//4188 3673//3673 4189//4189
f 4189//4189 3673//3673 3667//3667
f 4189//4189 3667//3667 3668//3668
f 4197//4197 4198//4198 4199//4199
f 4199//4199 4198//4198 3263//3263
f 4199//4199 3263//3263 4200//4200
f 4200//4200 3263//3263 3265//3265
f 4200//4200 3265//3265 4201//4201
f 4201//4201 3265//3265 3260//3260
f 4201//4201 3260//3260 4202//4202
f 4202//4202 3260//3260 3258//3258
f 4202//4202 3258//3258 4203//4203
f 4203//4203 3258//3258 3257//3257
f 4203//4203 3257//3257 4204//4204
f 4204//4204 3257//3257 3255//3255
f 4204//4204 3255//3255 4205//4205
f 4205//4205 3255//3255 3228//3228
f 4205//4205 3228//3228 4206//4206
f 4206//4206 3228//3228 3227//3227
f 4206//4206 3227//3227 4207//4207
f 4207//4207 3227//3227 3428//3428
f 4207//4207 3428//3428 4208//4208
f 4208//4208 3428//3428 3268//3268
f 4208//4208 3268//3268 4209//4209
f 4209//4209 3268//3268 3270//3270
f 4209//4209 3270//3270 4210//4210
f 4210//4210 3270//3270 3272//3272
f 4210//4210 3272//3272 4211//4211
f 4211//4211 3272//3272 3274//3274
f 4211//4211 3274//3274 4212//4212
f 4212//4212 3274//3274 3276//3276
f 4212//4212 3276//3276 4213//4213
f 4213//4213 3276//3276 3278//3278
f 4213//4213 3278//3278 4214//4214
f 4214//4214 3278//3278 3280//3280
f 4214//4214 3280//3280 4197//4197
f 4197//4197 3280//3280 4198//4198
f 4205//4205 4206//4206 4215//4215
f 4215//4215 4206//4206 4207//4207
f 4215//4215 4207//4207 4216//4216
f 4216//4216 4207//4207 4208//4208
f 4216//4216 4208//4208 4217//4217
f 4217//4217 4208//4208 4209//4209
f 4217//4217 4209//4209 4218//4218
f 4218//4218 4209//4209 4210//4210
f 4218//4218 4210//4210 4219//4219
f 4219//4219 4210//4210 4211//4211
f 4219//4219 4211//4211 4220//4220
f 4220//4220 4211//4211 4212//4212
f 4220//4220 4212//4212 4221//4221
f 4221//4221 4212//4212 4213//4213
f 4221//4221 4213//4213 4222//4222
f 4222//4222 4213//4213 4214//4214
f 4222//4222 4214//4214 4223//4223
f 4223//4223 4214//4214 4197//4197
f 4223//4223 4197//4197 4224//4224
f 4224//4224 4197//4197 4199//4199
f 4224//4224 4199//4199 4225//4225
f 4225//4225 4199//4199 4200//4200
f 4225//4225 4200//4200 4226//4226
f 4226//4226 4200//4200 4201//4201
f 4226//4226 4201//4201 4227//4227
f 4227//4227 4201//4201 4202//4202
f 4227//4227 4202//4202 4228//4228
f 4228//4228 4202//4202 4203//4203
f 4228//4228 4203//4203 4229//4229
f 4229//4229 4203//4203 4204//4204
f 4229//4229 4204//4204 4230//4230
f 4230//4230 4204//4204 4205//4205
f 4230//4230 4205//4205 4215//4215
f 3568//3568 4231//4231 3569//3569
f 3569//3569 4231//4231 4224//4224
f 3569//3569 4224//4224 3570//3570
f 3570//3570 4224//4224 4225//4225
f 3570//3570 4225//4225 3571//3571
f 3571//3571 4225//4225 4226//4226
f 3571//3571 4226//4226 3572//3572
f 3572//3572 4226//4226 4227//4227
f 3572//3572 4227//4227 3600//3600
f 3600//3600 4227//4227 4228//4228
f 3600//3600 4228//4228 3601//3601
f 3601//3601 4228//4228 4229//4229
f 3601//3601 4229//4229 3603//3603
f 3603//3603 4229//4229 4230//4230
f 3603//3603 4230//4230 3604//3604
f 3604//3604 4230//4230 4215//4215
f 3604//3604 4215//4215 3605//3605
f 3605//3605 4215//4215 4216//4216
f 3605//3605 4216//4216 3561//3561
f 3561//3561 4216//4216 4217//4217
f 3561//3561 4217//4217 3562//3562
f 3562//3562 4217//4217 4218//4218
f 3562//3562 4218//4218 3564//3564
f 3564//3564 4218//4218 4219//4219
f 3564//3564 4219//4219 3565//3565
f 3565//3565 4219//4219 4220//4220
f 3565//3565 4220//4220 3566//3566
f 3566//3566 4220//4220 4221//4221
f 3566//3566 4221//4221 3567//3567
f 3567//3567 4221//4221 4222//4222
f 3567//3567 4222//4222 3568//3568
f 3568//3568 4222//4222 4231//4231
f 3394//3394 4232//4232 3395//3395
f 3395//3395 4232//4232 4233//4233
f 3395//3395 4233//4233 3392//3392
f 3392//3392 4233//4233 4234//4234
f 3392//3392 4234//4234 3391//3391
f 3391//3391 4234//4234 4235//4235
f 3391//3391 4235//4235 3390//3390
f 3390//3390 4235//4235 4236//4236
f 3390//3390 4236//4236 3388//3388
f 3388//3388 4236//4236 4237//4237
f 3388//3388 4237//4237 4238//4238
f 4238//4238 4237//4237 4239//4239
f 4238//4238 4239//4239 3384//3384
f 3384//3384 4239//4239 4240//4240
f 3384//3384 4240//4240 3385//3385
f 3385//3385 4240//4240 4241//4241
f 3385//3385 4241//4241 3386//3386
f 3386//3386 4241//4241 4242//4242
f 3386//3386 4242//4242 3387//3387
f 3387//3387 4242//4242 4243//4243
f 3387//3387 4243//4243 3393//3393
f 3393//3393 4243//4243 4244//4244
f 3393//3393 4244//4244 3394//3394
f 3394//3394 4244//4244 4232//4232
f 4233//4233 3626//3626 4234//4234
f 4234//4234 3626//3626 3637//3637
f 4234//4234 3637//3637 4235//4235
f 4235//4235 3637//3637 3636//3636
f 4235//4235 3636//3636 4236//4236
f 4236//4236 3636//3636 3635//3635
f 4236//4236 3635//3635 4237//4237
f 4237//4237 3635//3635 3634//3634
f 4237//4237 3634//3634 4245//4245
f 4245//4245 3634//3634 4246//4246
f 4245//4245 4246//4246 4240//4240
f 4240//4240 4246//4246 3629//3629
f 4240//4240 3629//3629 4241//4241
f 4241//4241 3629//3629 3633//3633
f 4241//4241 3633//3633 4242//4242
f 4242//4242 3633//3633 3632//3632
f 4242//4242 3632//3632 4243//4243
f 4243//4243 3632//3632 3631//3631
f 4243//4243 3631//3631 4244//4244
f 4244//4244 3631//3631 3628//3628
f 4244//4244 3628//3628 4247//4247
f 4247//4247 3628//3628 3627//3627
f 4247//4247 3627//3627 4233//4233
f 4233//4233 3627//3627 3626//3626
f 3327//3327 4248//4248 3329//3329
f 3329//3329 4248//4248 4249//4249
f 3329//3329 4249//4249 3335//3335
f 3335//3335 4249//4249 4250//4250
f 3335//3335 4250//4250 3334//3334
f 3334//3334 4250//4250 4251//4251
f 3334//3334 4251//4251 3332//3332
f 3332//3332 4251//4251 4252//4252
f 3332//3332 4252//4252 3330//3330
f 3330//3330 4252//4252 4253//4253
f 3330//3330 4253//4253 3319//3319
f 3319//3319 4253//4253 4254//4254
f 3319//3319 4254//4254 3320//3320
f 3320//3320 4254//4254 4255//4255
f 3320//3320 4255//4255 3321//3321
f 3321//3321 4255//4255 4256//4256
f 3321//3321 4256//4256 3323//3323
f 3323//3323 4256//4256 4257//4257
f 3323//3323 4257//4257 3324//3324
f 3324//3324 4257//4257 4258//4258
f 3324//3324 4258//4258 3326//3326
f 3326//3326 4258//4258 4259//4259
f 3326//3326 4259//4259 3327//3327
f 3327//3327 4259//4259 4248//4248
f 3299//3299 4260//4260 3313//3313
f 3313//3313 4260//4260 4261//4261
f 3313//3313 4261//4261 3314//3314
f 3314//3314 4261//4261 4262//4262
f 3314//3314 4262//4262 3301//3301
f 3301//3301 4262//4262 4263//4263
f 3301//3301 4263//4263 3303//3303
f 3303//3303 4263//4263 4264//4264
f 3303//3303 4264//4264 3305//3305
f 3305//3305 4264//4264 4265//4265
f 3305//3305 4265//4265 3306//3306
f 3306//3306 4265//4265 4266//4266
f 3306//3306 4266//4266 3308//3308
f 3308//3308 4266//4266 4267//4267
f 3308//3308 4267//4267 3309//3309
f 3309//3309 4267//4267 4268//4268
f 3309//3309 4268//4268 3296//3296
f 3296//3296 4268//4268 4269//4269
f 3296//3296 4269//4269 3297//3297
f 3297//3297 4269//4269 4270//4270
f 3297//3297 4270//4270 3298//3298
f 3298//3298 4270//4270 4271//4271
f 3298//3298 4271//4271 3299//3299
f 3299//3299 4271//4271 4260//4260
f 3400//3400 4272//4272 3406//3406
f 3406//3406 4272//4272 4273//4273
f 3406//3406 4273//4273 3407//3407
f 3407//3407 4273//4273 4274//4274
f 3407//3407 4274//4274 3408//3408
f 3408//3408 4274//4274 4275//4275
f 3408//3408 4275//4275 3409//3409
f 3409//3409 4275//4275 4276//4276
f 3409//3409 4276//4276 3401//3401
f 3401//3401 4276//4276 4277//4277
f 3401//3401 4277//4277 4278//4278
f 4278//4278 4277//4277 4279//4279
f 4278//4278 4279//4279 3396//3396
f 3396//3396 4279//4279 4280//4280
f 3396//3396 4280//4280 3397//3397
f 3397//3397 4280//4280 4281//4281
f 3397//3397 4281//4281 3403//3403
f 3403//3403 4281//4281 4282//4282
f 3403//3403 4282//4282 3404//3404
f 3404//3404 4282//4282 4283//4283
f 3404//3404 4283//4283 3405//3405
f 3405//3405 4283//4283 4284//4284
f 3405//3405 4284//4284 3400//3400
f 3400//3400 4284//4284 4272//4272
f 3423//3423 4285//4285 3425//3425
f 3425//3425 4285//4285 4286//4286
f 3425//3425 4286//4286 3426//3426
f 3426//3426 4286//4286 4287//4287
f 3426//3426 4287//4287 3427//3427
f 3427//3427 4287//4287 4288//4288
f 3427//3427 4288//4288 3418//3418
f 3418//3418 4288//4288 4289//4289
f 3418//3418 4289//4289 3420//3420
f 3420//3420 4289//4289 4290//4290
f 3420//3420 4290//4290 3421//3421
f 3421//3421 4290//4290 4291//4291
f 3421//3421 4291//4291 3410//3410
f 3410//3410 4291//4291 4292//4292
f 3410//3410 4292//4292 3411//3411
f 3411//3411 4292//4292 4293//4293
f 3411//3411 4293//4293 3414//3414
f 3414//3414 4293//4293 4294//4294
f 3414//3414 4294//4294 3416//3416
f 3416//3416 4294//4294 4295//4295
f 3416//3416 4295//4295 3422//3422
f 3422//3422 4295//4295 4296//4296
f 3422//3422 4296//4296 3423//3423
f 3423//3423 4296//4296 4285//4285
f 3377//3377 4297//4297 3378//3378
f 3378//3378 4297//4297 4298//4298
f 3378//3378 4298//4298 3380//3380
f 3380//3380 4298//4298 4299//4299
f 3380//3380 4299//4299 3381//3381
f 3381//3381 4299//4299 4300//4300
f 3381//3381 4300//4300 3376//3376
f 3376//3376 4300//4300 4301//4301
f 3376//3376 4301//4301 3374//3374
f 3374//3374 4301//4301 4302//4302
f 3374//3374 4302//4302 3366//3366
f 3366//3366 4302//4302 4303//4303
f 3366//3366 4303//4303 3367//3367
f 3367//3367 4303//4303 4304//4304
f 3367//3367 4304//4304 3369//3369
f 3369//3369 4304//4304 4305//4305
f 3369//3369 4305//4305 3371//3371
f 3371//3371 4305//4305 4306//4306
f 3371//3371 4306//4306 3372//3372
f 3372//3372 4306//4306 4307//4307
f 3372//3372 4307//4307 3373//3373
f 3373//3373 4307//4307 4308//4308
f 3373//3373 4308//4308 3377//3377
f 3377//3377 4308//4308 4297//4297
f 4249//4249 3541//3541 4250//4250
f 4250//4250 3541//3541 3540//3540
f 4250//4250 3540//3540 4251//4251
f 4251//4251 3540//3540 3547//3547
f 4251//4251 3547//3547 4252//4252
f 4252//4252 3547//3547 3546//3546
f 4252//4252 3546//3546 4253//4253
f 4253//4253 3546//3546 3545//3545
f 4253//4253 3545//3545 4254//4254
f 4254//4254 3545//3545 3544//3544
f 4254//4254 3544//3544 4255//4255
f 4255//4255 3544//3544 3543//3543
f 4255//4255 3543//3543 4256//4256
f 4256//4256 3543//3543 3542//3542
f 4256//4256 3542//3542 4257//4257
f 4257//4257 3542//3542 3536//3536
f 4257//4257 3536//3536 4258//4258
f 4258//4258 3536//3536 3537//3537
f 4258//4258 3537//3537 4259//4259
f 4259//4259 3537//3537 3538//3538
f 4259//4259 3538//3538 4248//4248
f 4248//4248 3538//3538 3539//3539
f 4248//4248 3539//3539 4249//4249
f 4249//4249 3539//3539 3541//3541
f 4261//4261 3550//3550 4262//4262
f 4262//4262 3550//3550 3549//3549
f 4262//4262 3549//3549 4263//4263
f 4263//4263 3549//3549 3548//3548
f 4263//4263 3548//3548 4264//4264
f 4264//4264 3548//3548 3555//3555
f 4264//4264 3555//3555 4265//4265
f 4265//4265 3555//3555 3554//3554
f 4265//4265 3554//3554 4266//4266
f 4266//4266 3554//3554 3560//3560
f 4266//4266 3560//3560 4267//4267
f 4267//4267 3560//3560 3559//3559
f 4267//4267 3559//3559 4268//4268
f 4268//4268 3559//3559 3558//3558
f 4268//4268 3558//3558 4269//4269
f 4269//4269 3558//3558 3557//3557
f 4269//4269 3557//3557 4270//4270
f 4270//4270 3557//3557 3553//3553
f 4270//4270 3553//3553 4271//4271
f 4271//4271 3553//3553 3552//3552
f 4271//4271 3552//3552 4260//4260
f 4260//4260 3552//3552 3551//3551
f 4260//4260 3551//3551 4261//4261
f 4261//4261 3551//3551 3550//3550
f 4273//4273 3611//3611 4274//4274
f 4274//4274 3611//3611 3618//3618
f 4274//4274 3618//3618 4275//4275
f 4275//4275 3618//3618 3616//3616
f 4275//4275 3616//3616 4276//4276
f 4276//4276 3616//3616 3615//3615
f 4276//4276 3615//3615 4277//4277
f 4277//4277 3615//3615 3614//3614
f 4277//4277 3614//3614 4309//4309
f 4309//4309 3614//3614 4310//4310
f 4309//4309 4310//4310 4280//4280
f 4280//4280 4310//4310 3609//3609
f 4280//4280 3609//3609 4281//4281
f 4281//4281 3609//3609 3621//3621
f 4281//4281 3621//3621 4282//4282
f 4282//4282 3621//3621 3620//3620
f 4282//4282 3620//3620 4283//4283
f 4283//4283 3620//3620 3619//3619
f 4283//4283 3619//3619 4284//4284
f 4284//4284 3619//3619 3613//3613
f 4284//4284 3613//3613 4311//4311
f 4311//4311 3613//3613 3612//3612
f 4311//4311 3612//3612 4273//4273
f 4273//4273 3612//3612 3611//3611
f 4286//4286 3584//3584 4287//4287
f 4287//4287 3584//3584 3583//3583
f 4287//4287 3583//3583 4288//4288
f 4288//4288 3583//3583 3582//3582
f 4288//4288 3582//3582 4289//4289
f 4289//4289 3582//3582 3581//3581
f 4289//4289 3581//3581 4290//4290
f 4290//4290 3581//3581 3577//3577
f 4290//4290 3577//3577 4291//4291
f 4291//4291 3577//3577 3576//3576
f 4291//4291 3576//3576 4292//4292
f 4292//4292 3576//3576 3580//3580
f 4292//4292 3580//3580 4293//4293
f 4293//4293 3580//3580 3579//3579
f 4293//4293 3579//3579 4294//4294
f 4294//4294 3579//3579 3578//3578
f 4294//4294 3578//3578 4295//4295
f 4295//4295 3578//3578 3575//3575
f 4295//4295 3575//3575 4296//4296
f 4296//4296 3575//3575 3586//3586
f 4296//4296 3586//3586 4285//4285
f 4285//4285 3586//3586 3585//3585
f 4285//4285 3585//3585 4286//4286
f 4286//4286 3585//3585 3584//3584
f 4298//4298 3532//3532 4299//4299
f 4299//4299 3532//3532 3587//3587
f 4299//4299 3587//3587 4300//4300
f 4300//4300 3587//3587 3588//3588
f 4300//4300 3588//3588 4301//4301
f 4301//4301 3588//3588 3589//3589
f 4301//4301 3589//3589 4302//4302
f 4302//4302 3589//3589 3597//3597
f 4302//4302 3597//3597 4303//4303
f 4303//4303 3597//3597 3596//3596
f 4303//4303 3596//3596 4304//4304
f 4304//4304 3596//3596 3595//3595
f 4304//4304 3595//3595 4305//4305
f 4305//4305 3595//3595 3594//3594
f 4305//4305 3594//3594 4306//4306
f 4306//4306 3594//3594 3593//3593
f 4306//4306 3593//3593 4307//4307
f 4307//4307 3593//3593 3592//3592
f 4307//4307 3592//3592 4308//4308
f 4308//4308 3592//3592 3590//3590
f 4308//4308 3590//3590 4297//4297
f 4297//4297 3590//3590 3533//3533
f 4297//4297 3533//3533 4298//4298
f 4298//4298 3533//3533 3532//3532
f 4312//4312 4313//4313 4314//4314
f 4314//4314 4313//4313 4315//4315
f 4314//4314 4315//4315 4316//4316
f 4316//4316 4315//4315 4317//4317
f 4316//4316 4317//4317 4318//4318
f 4318//4318 4317//4317 4319//4319
f 4318//4318 4319//4319 4320//4320
f 4320//4320 4319//4319 4321//4321
f 4320//4320 4321//4321 4322//4322
f 4322//4322 4321//4321 4323//4323
f 4322//4322 4323//4323 4324//4324
f 4324//4324 4323//4323 4325//4325
f 4324//4324 4325//4325 4326//4326
f 4326//4326 4325//4325 4327//4327
f 4326//4326 4327//4327 4328//4328
f 4328//4328 4327//4327 4329//4329
f 4328//4328 4329//4329 4330//4330
f 4330//4330 4329//4329 4331//4331
f 4330//4330 4331//4331 4332//4332
f 4332//4332 4331//4331 4333//4333
f 4332//4332 4333//4333 4334//4334
f 4334//4334 4333//4333 4335//4335
f 4334//4334 4335//4335 4336//4336
f 4336//4336 4335//4335 4337//4337
f 4336//4336 4337//4337 4338//4338
f 4338//4338 4337//4337 4339//4339
f 4338//4338 4339//4339 4340//4340
f 4340//4340 4339//4339 4341//4341
f 4340//4340 4341//4341 4342//4342
f 4342//4342 4341//4341 4343//4343
f 4342//4342 4343//4343 4344//4344
f 4344//4344 4343//4343 4345//4345
f 4344//4344 4345//4345 4346//4346
f 4346//4346 4345//4345 4347//4347
f 4346//4346 4347//4347 4348//4348
f 4348//4348 4347//4347 4349//4349
f 4348//4348 4349//4349 4350//4350
f 4350//4350 4349//4349 4351//4351
f 4350//4350 4351//4351 4352//4352
f 4352//4352 4351//4351 4353//4353
f 4352//4352 4353//4353 4354//4354
f 4354//4354 4353//4353 4355//4355
f 4354//4354 4355//4355 4356//4356
f 4356//4356 4355//4355 4357//4357
f 4356//4356 4357//4357 4358//4358
f 4358//4358 4357//4357 4359//4359
f 4358//4358 4359//4359 4360//4360
f 4360//4360 4359//4359 4361//4361
f 4360//4360 4361//4361 4362//4362
f 4362//4362 4361//4361 4363//4363
f 4362//4362 4363//4363 4364//4364
f 4364//4364 4363//4363 4365//4365
f 4364//4364 4365//4365 4366//4366
f 4366//4366 4365//4365 4367//4367
f 4366//4366 4367//4367 4368//4368
f 4368//4368 4367//4367 4369//4369
f 4368//4368 4369//4369 4370//4370
f 4370//4370 4369//4369 4371//4371
f 4370//4370 4371//4371 4372//4372
f 4372//4372 4371//4371 4373//4373
f 4372//4372 4373//4373 4374//4374
f 4374//4374 4373//4373 4375//4375
f 4374//4374 4375//4375 4376//4376
f 4376//4376 4375//4375 4377//4377
f 4376//4376 4377//4377 4378//4378
f 4378//4378 4377//4377 4379//4379
f 4378//4378 4379//4379 4380//4380
f 4380//4380 4379//4379 4381//4381
f 4380//4380 4381//4381 4382//4382
f 4382//4382 4381//4381 4383//4383
f 4382//4382 4383//4383 4384//4384
f 4384//4384 4383//4383 4385//4385
f 4384//4384 4385//4385 4386//4386
f 4386//4386 4385//4385 4387//4387
f 4386//4386 4387//4387 4312//4312
f 4312//4312 4387//4387 4313//4313
f 4388//4388 4389//4389 4390//4390
f 4390//4390 4389//4389 4391//4391
f 4390//4390 4391//4391 4392//4392
f 4392//4392 4391//4391 4393//4393
f 4392//4392 4393//4393 4394//4394
f 4394//4394 4393//4393 4395//4395
f 4394//4394 4395//4395 4396//4396
f 4396//4396 4395//4395 4397//4397
f 4396//4396 4397//4397 4398//4398
f 4398//4398 4397//4397 4399//4399
f 4398//4398 4399//4399 4400//4400
f 4400//4400 4399//4399 4401//4401
f 4400//4400 4401//4401 4402//4402
f 4402//4402 4401//4401 4403//4403
f 4402//4402 4403//4403 4404//4404
f 4404//4404 4403//4403 4405//4405
f 4404//4404 4405//4405 4406//4406
f 4406//4406 4405//4405 4407//4407
f 4406//4406 4407//4407 4408//4408
f 4408//4408 4407//4407 4409//4409
f 4408//4408 4409//4409 4410//4410
f 4410//4410 4409//4409 4411//4411
f 4410//4410 4411//4411 4412//4412
f 4412//4412 4411//4411 4413//4413
f 4412//4412 4413//4413 4414//4414
f 4414//4414 4413//4413 4415//4415
f 4414//4414 4415//4415 4416//4416
f 4416//4416 4415//4415 4417//4417
f 4416//4416 4417//4417 4418//4418
f 4418//4418 4417//4417 4419//4419
f 4418//4418 4419//4419 4420//4420
f 4420//4420 4419//4419 4421//4421
f 4420//4420 4421//4421 4422//4422
f 4422//4422 4421//4421 4423//4423
f 4422//4422 4423//4423 4424//4424
f 4424//4424 4423//4423 4425//4425
f 4424//4424 4425//4425 4426//4426
f 4426//4426 4425//4425 4427//4427
f 4426//4426 4427//4427 4428//4428
f 4428//4428 4427//4427 4429//4429
f 4428//4428 4429//4429 4430//4430
f 4430//4430 4429//4429 4431//4431
f 4430//4430 4431//4431 4432//4432
f 4432//4432 4431//4431 4433//4433
f 4432//4432 4433//4433 4434//4434
f 4434//4434 4433//4433 4435//4435
f 4434//4434 4435//4435 4436//4436
f 4436//4436 4435//4435 4437//4437
f 4436//4436 4437//4437 4438//4438
f 4438//4438 4437//4437 4439//4439
f 4438//4438 4439//4439 4440//4440
f 4440//4440 4439//4439 4441//4441
f 4440//4440 4441//4441 4442//4442
f 4442//4442 4441//4441 4443//4443
f 4442//4442 4443//4443 4444//4444
f 4444//4444 4443//4443 4445//4445
f 4444//4444 4445//4445 4446//4446
f 4446//4446 4445//4445 4447//4447
f 4446//4446 4447//4447 4448//4448
f 4448//4448 4447//4447 4449//4449
f 4448//4448 4449//4449 4450//4450
f 4450//4450 4449//4449 4451//4451
f 4450//4450 4451//4451 4452//4452
f 4452//4452 4451//4451 4453//4453
f 4452//4452 4453//4453 4454//4454
f 4454//4454 4453//4453 4455//4455
f 4454//4454 4455//4455 4456//4456
f 4456//4456 4455//4455 4457//4457
f 4456//4456 4457//4457 4458//4458
f 4458//4458 4457//4457 4459//4459
f 4458//4458 4459//4459 4460//4460
f 4460//4460 4459//4459 4461//4461
f 4460//4460 4461//4461 4462//4462
f 4462//4462 4461//4461 4463//4463
f 4462//4462 4463//4463 4388//4388
f 4388//4388 4463//4463 4389//4389
f 4464//4464 4465//4465 4466//4466
f 4466//4466 4465//4465 4467//4467
f 4465//4465 4468//4468 4467//4467
f 4467//4467 4468//4468 4469//4469
f 4467//4467 4469//4469 4470//4470
f 4470//4470 4469//4469 4471//4471
f 4470//4470 4471//4471 4472//4472
f 4472//4472 4471//4471 4473//4473
f 4472//4472 4473//4473 4474//4474
f 4474//4474 4473//4473 4475//4475
f 4474//4474 4475//4475 4476//4476
f 4476//4476 4475//4475 4477//4477
f 4476//4476 4477//4477 4478//4478
f 4478//4478 4477//4477 4479//4479
f 4478//4478 4479//4479 4480//4480
f 4480//4480 4479//4479 4481//4481
f 4480//4480 4481//4481 4482//4482
f 4482//4482 4481//4481 4483//4483
f 4482//4482 4483//4483 4484//4484
f 4484//4484 4483//4483 4485//4485
f 4484//4484 4485//4485 4486//4486
f 4486//4486 4485//4485 4487//4487
f 4486//4486 4487//4487 4488//4488
f 4488//4488 4487//4487 4489//4489
f 4488//4488 4489//4489 4490//4490
f 4490//4490 4489//4489 4491//4491
f 4490//4490 4491//4491 4492//4492
f 4492//4492 4491//4491 4493//4493
f 4492//4492 4493//4493 4494//4494
f 4494//4494 4493//4493 4495//4495
f 4494//4494 4495//4495 4496//4496
f 4496//4496 4495//4495 4497//4497
f 4496//4496 4497//4497 4498//4498
f 4498//4498 4497//4497 4499//4499
f 4498//4498 4499//4499 4500//4500
f 4500//4500 4499//4499 4501//4501
f 4500//4500 4501//4501 4502//4502
f 4502//4502 4501//4501 4503//4503
f 4502//4502 4503//4503 4504//4504
f 4504//4504 4503//4503 4505//4505
f 4504//4504 4505//4505 4506//4506
f 4506//4506 4505//4505 4507//4507
f 4506//4506 4507//4507 4508//4508
f 4508//4508 4507//4507 4509//4509
f 4508//4508 4509//4509 4510//4510
f 4510//4510 4509//4509 4511//4511
f 4510//4510 4511//4511 4512//4512
f 4512//4512 4511//4511 4513//4513
f 4512//4512 4513//4513 4514//4514
f 4514//4514 4513//4513 4515//4515
f 4514//4514 4515//4515 4516//4516
f 4516//4516 4515//4515 4517//4517
f 4516//4516 4517//4517 4518//4518
f 4518//4518 4517//4517 4519//4519
f 4518//4518 4519//4519 4520//4520
f 4520//4520 4519//4519 4521//4521
f 4520//4520 4521//4521 4522//4522
f 4522//4522 4521//4521 4523//4523
f 4522//4522 4523//4523 4524//4524
f 4524//4524 4523//4523 4525//4525
f 4524//4524 4525//4525 4526//4526
f 4526//4526 4525//4525 4527//4527
f 4526//4526 4527//4527 4528//4528
f 4528//4528 4527//4527 4529//4529
f 4528//4528 4529//4529 4530//4530
f 4530//4530 4529//4529 4531//4531
f 4530//4530 4531//4531 4532//4532
f 4532//4532 4531//4531 4533//4533
f 4532//4532 4533//4533 4534//4534
f 4534//4534 4533//4533 4535//4535
f 4534//4534 4535//4535 4536//4536
f 4536//4536 4535//4535 4537//4537
f 4536//4536 4537//4537 4538//4538
f 4538//4538 4537//4537 4539//4539
f 4538//4538 4539//4539 4540//4540
f 4540//4540 4539//4539 4541//4541
f 4540//4540 4541//4541 4542//4542
f 4542//4542 4541//4541 4464//4464
f 4542//4542 4464//4464 4543//4543
f 4543//4543 4464//4464 4466//4466
f 4406//4406 4523//4523 4404//4404
f 4404//4404 4523//4523 4521//4521
f 4404//4404 4521//4521 4402//4402
f 4402//4402 4521//4521 4519//4519
f 4402//4402 4519//4519 4400//4400
f 4400//4400 4519//4519 4517//4517
f 4400//4400 4517//4517 4398//4398
f 4398//4398 4517//4517 4515//4515
f 4398//4398 4515//4515 4396//4396
f 4396//4396 4515//4515 4513//4513
f 4396//4396 4513//4513 4394//4394
f 4394//4394 4513//4513 4511//4511
f 4394//4394 4511//4511 4392//4392
f 4392//4392 4511//4511 4509//4509
f 4392//4392 4509//4509 4390//4390
f 4390//4390 4509//4509 4507//4507
f 4390//4390 4507//4507 4388//4388
f 4388//4388 4507//4507 4505//4505
f 4388//4388 4505//4505 4462//4462
f 4462//4462 4505//4505 4503//4503
f 4462//4462 4503//4503 4460//4460
f 4460//4460 4503//4503 4501//4501
f 4460//4460 4501//4501 4458//4458
f 4458//4458 4501//4501 4499//4499
f 4458//4458 4499//4499 4456//4456
f 4456//4456 4499//4499 4497//4497
f 4456//4456 4497//4497 4454//4454
f 4454//4454 4497//4497 4495//4495
f 4454//4454 4495//4495 4452//4452
f 4452//4452 4495//4495 4493//4493
f 4452//4452 4493//4493 4450//4450
f 4450//4450 4493//4493 4491//4491
f 4450//4450 4491//4491 4448//4448
f 4448//4448 4491//4491 4489//4489
f 4448//4448 4489//4489 4446//4446
f 4489//4489 4487//4487 4446//4446
f 4446//4446 4487//4487 4485//4485
f 4446//4446 4485//4485 4444//4444
f 4444//4444 4485//4485 4483//4483
f 4444//4444 4483//4483 4442//4442
f 4442//4442 4483//4483 4481//4481
f 4442//4442 4481//4481 4440//4440
f 4440//4440 4481//4481 4479//4479
f 4440//4440 4479//4479 4438//4438
f 4438//4438 4479//4479 4477//4477
f 4438//4438 4477//4477 4436//4436
f 4436//4436 4477//4477 4475//4475
f 4436//4436 4475//4475 4434//4434
f 4434//4434 4475//4475 4473//4473
f 4434//4434 4473//4473 4432//4432
f 4432//4432 4473//4473 4471//4471
f 4432//4432 4471//4471 4430//4430
f 4430//4430 4471//4471 4469//4469
f 4430//4430 4469//4469 4428//4428
f 4428//4428 4469//4469 4468//4468
f 4428//4428 4468//4468 4426//4426
f 4426//4426 4468//4468 4465//4465
f 4426//4426 4465//4465 4424//4424
f 4424//4424 4465//4465 4464//4464
f 4424//4424 4464//4464 4422//4422
f 4422//4422 4464//4464 4541//4541
f 4422//4422 4541//4541 4420//4420
f 4420//4420 4541//4541 4539//4539
f 4420//4420 4539//4539 4418//4418
f 4418//4418 4539//4539 4537//4537
f 4418//4418 4537//4537 4416//4416
f 4416//4416 4537//4537 4535//4535
f 4416//4416 4535//4535 4414//4414
f 4414//4414 4535//4535 4533//4533
f 4414//4414 4533//4533 4412//4412
f 4412//4412 4533//4533 4531//4531
f 4412//4412 4531//4531 4410//4410
f 4410//4410 4531//4531 4529//4529
f 4410//4410 4529//4529 4408//4408
f 4408//4408 4529//4529 4527//4527
f 4408//4408 4527//4527 4406//4406
f 4406//4406 4527//4527 4525//4525
f 4406//4406 4525//4525 4523//4523
f 4331//4331 4526//4526 4333//4333
f 4333//4333 4526//4526 4528//4528
f 4333//4333 4528//4528 4335//4335
f 4335//4335 4528//4528 4530//4530
f 4335//4335 4530//4530 4337//4337
f 4337//4337 4530//4530 4532//4532
f 4337//4337 4532//4532 4339//4339
f 4339//4339 4532//4532 4534//4534
f 4339//4339 4534//4534 4341//4341
f 4341//4341 4534//4534 4536//4536
f 4341//4341 4536//4536 4343//4343
f 4343//4343 4536//4536 4538//4538
f 4343//4343 4538//4538 4345//4345
f 4345//4345 4538//4538 4540//4540
f 4345//4345 4540//4540 4347//4347
f 4347//4347 4540//4540 4542//4542
f 4347//4347 4542//4542 4349//4349
f 4349//4349 4542//4542 4543//4543
f 4349//4349 4543//4543 4351//4351
f 4351//4351 4543//4543 4466//4466
f 4351//4351 4466//4466 4353//4353
f 4353//4353 4466//4466 4467//4467
f 4353//4353 4467//4467 4355//4355
f 4355//4355 4467//4467 4470//4470
f 4355//4355 4470//4470 4357//4357
f 4357//4357 4470//4470 4472//4472
f 4357//4357 4472//4472 4359//4359
f 4359//4359 4472//4472 4474//4474
f 4359//4359 4474//4474 4361//4361
f 4361//4361 4474//4474 4476//4476
f 4361//4361 4476//4476 4363//4363
f 4363//4363 4476//4476 4478//4478
f 4363//4363 4478//4478 4365//4365
f 4365//4365 4478//4478 4480//4480
f 4365//4365 4480//4480 4367//4367
f 4367//4367 4480//4480 4482//4482
f 4367//4367 4482//4482 4369//4369
f 4369//4369 4482//4482 4484//4484
f 4369//4369 4484//4484 4371//4371
f 4484//4484 4486//4486 4371//4371
f 4371//4371 4486//4486 4488//4488
f 4371//4371 4488//4488 4373//4373
f 4373//4373 4488//4488 4490//4490
f 4373//4373 4490//4490 4375//4375
f 4375//4375 4490//4490 4492//4492
f 4375//4375 4492//4492 4377//4377
f 4377//4377 4492//4492 4494//4494
f 4377//4377 4494//4494 4379//4379
f 4379//4379 4494//4494 4496//4496
f 4379//4379 4496//4496 4381//4381
f 4381//4381 4496//4496 4498//4498
f 4381//4381 4498//4498 4383//4383
f 4383//4383 4498//4498 4500//4500
f 4383//4383 4500//4500 4385//4385
f 4385//4385 4500//4500 4502//4502
f 4385//4385 4502//4502 4387//4387
f 4387//4387 4502//4502 4504//4504
f 4387//4387 4504//4504 4313//4313
f 4313//4313 4504//4504 4506//4506
f 4313//4313 4506//4506 4315//4315
f 4315//4315 4506//4506 4508//4508
f 4315//4315 4508//4508 4317//4317
f 4317//4317 4508//4508 4510//4510
f 4317//4317 4510//4510 4319//4319
f 4319//4319 4510//4510 4512//4512
f 4319//4319 4512//4512 4321//4321
f 4321//4321 4512//4512 4514//4514
f 4321//4321 4514//4514 4323//4323
f 4323//4323 4514//4514 4516//4516
f 4323//4323 4516//4516 4325//4325
f 4325//4325 4516//4516 4518//4518
f 4325//4325 4518//4518 4327//4327
f 4327//4327 4518//4518 4520//4520
f 4327//4327 4520//4520 4329//4329
f 4329//4329 4520//4520 4522//4522
f 4329//4329 4522//4522 4331//4331
f 4331//4331 4522//4522 4524//4524
f 4331//4331 4524//4524 4526//4526
f 4544//4544 4439//4439 4545//4545
f 4545//4545 4439//4439 4437//4437
f 4545//4545 4437//4437 4546//4546
f 4546//4546 4437//4437 4435//4435
f 4546//4546 4435//4435 4547//4547
f 4548//4548 4423//4423 4549//4549
f 4549//4549 4423//4423 4421//4421
f 4549//4549 4421//4421 4550//4550
f 4550//4550 4421//4421 4419//4419
f 4550//4550 4419//4419 4551//4551
f 4435//4435 4433//4433 4547//4547
f 4547//4547 4433//4433 4431//4431
f 4547//4547 4431//4431 4552//4552
f 4552//4552 4431//4431 4429//4429
f 4552//4552 4429//4429 4553//4553
f 4553//4553 4429//4429 4427//4427
f 4553//4553 4427//4427 4548//4548
f 4548//4548 4427//4427 4425//4425
f 4548//4548 4425//4425 4423//4423
f 4554//4554 4447//4447 4555//4555
f 4555//4555 4447//4447 4445//4445
f 4555//4555 4445//4445 4556//4556
f 4556//4556 4445//4445 4443//4443
f 4556//4556 4443//4443 4544//4544
f 4544//4544 4443//4443 4441//4441
f 4544//4544 4441//4441 4439//4439
f 4557//4557 4453//4453 4558//4558
f 4558//4558 4453//4453 4451//4451
f 4558//4558 4451//4451 4554//4554
f 4554//4554 4451//4451 4449//4449
f 4554//4554 4449//4449 4447//4447
f 4559//4559 4461//4461 4560//4560
f 4560//4560 4461//4461 4459//4459
f 4560//4560 4459//4459 4561//4561
f 4561//4561 4459//4459 4457//4457
f 4561//4561 4457//4457 4557//4557
f 4557//4557 4457//4457 4455//4455
f 4557//4557 4455//4455 4453//4453
f 4562//4562 4393//4393 4563//4563
f 4563//4563 4393//4393 4391//4391
f 4563//4563 4391//4391 4564//4564
f 4564//4564 4391//4391 4389//4389
f 4564//4564 4389//4389 4559//4559
f 4559//4559 4389//4389 4463//4463
f 4559//4559 4463//4463 4461//4461
f 4565//4565 4401//4401 4566//4566
f 4566//4566 4401//4401 4399//4399
f 4566//4566 4399//4399 4567//4567
f 4567//4567 4399//4399 4397//4397
f 4567//4567 4397//4397 4562//4562
f 4562//4562 4397//4397 4395//4395
f 4562//4562 4395//4395 4393//4393
f 4568//4568 4407//4407 4569//4569
f 4569//4569 4407//4407 4405//4405
f 4569//4569 4405//4405 4565//4565
f 4565//4565 4405//4405 4403//4403
f 4565//4565 4403//4403 4401//4401
f 4419//4419 4417//4417 4551//4551
f 4551//4551 4417//4417 4415//4415
f 4551//4551 4415//4415 4570//4570
f 4570//4570 4415//4415 4413//4413
f 4570//4570 4413//4413 4571//4571
f 4571//4571 4413//4413 4411//4411
f 4571//4571 4411//4411 4568//4568
f 4568//4568 4411//4411 4409//4409
f 4568//4568 4409//4409 4407//4407
f 4572//4572 4384//4384 4573//4573
f 4573//4573 4384//4384 4386//4386
f 4573//4573 4386//4386 4574//4574
f 4574//4574 4386//4386 4312//4312
f 4574//4574 4312//4312 4575//4575
f 4576//4576 4376//4376 4577//4577
f 4577//4577 4376//4376 4378//4378
f 4577//4577 4378//4378 4578//4578
f 4578//4578 4378//4378 4380//4380
f 4578//4578 4380//4380 4572//4572
f 4572//4572 4380//4380 4382//4382
f 4572//4572 4382//4382 4384//4384
f 4579//4579 4330//4330 4580//4580
f 4580//4580 4330//4330 4332//4332
f 4580//4580 4332//4332 4581//4581
f 4581//4581 4332//4332 4334//4334
f 4581//4581 4334//4334 4582//4582
f 4583//4583 4324//4324 4584//4584
f 4584//4584 4324//4324 4326//4326
f 4584//4584 4326//4326 4579//4579
f 4579//4579 4326//4326 4328//4328
f 4579//4579 4328//4328 4330//4330
f 4312//4312 4314//4314 4575//4575
f 4575//4575 4314//4314 4316//4316
f 4575//4575 4316//4316 4585//4585
f 4585//4585 4316//4316 4318//4318
f 4585//4585 4318//4318 4586//4586
f 4586//4586 4318//4318 4320//4320
f 4586//4586 4320//4320 4583//4583
f 4583//4583 4320//4320 4322//4322
f 4583//4583 4322//4322 4324//4324
f 4587//4587 4370//4370 4588//4588
f 4588//4588 4370//4370 4372//4372
f 4588//4588 4372//4372 4576//4576
f 4576//4576 4372//4372 4374//4374
f 4576//4576 4374//4374 4376//4376
f 4589//4589 4362//4362 4590//4590
f 4590//4590 4362//4362 4364//4364
f 4590//4590 4364//4364 4591//4591
f 4591//4591 4364//4364 4366//4366
f 4591//4591 4366//4366 4587//4587
f 4587//4587 4366//4366 4368//4368
f 4587//4587 4368//4368 4370//4370
f 4334//4334 4336//4336 4582//4582
f 4582//4582 4336//4336 4338//4338
f 4582//4582 4338//4338 4592//4592
f 4592//4592 4338//4338 4340//4340
f 4592//4592 4340//4340 4593//4593
f 4593//4593 4340//4340 4342//4342
f 4593//4593 4342//4342 4594//4594
f 4595//4595 4354//4354 4596//4596
f 4596//4596 4354//4354 4356//4356
f 4596//4596 4356//4356 4597//4597
f 4597//4597 4356//4356 4358//4358
f 4597//4597 4358//4358 4589//4589
f 4589//4589 4358//4358 4360//4360
f 4589//4589 4360//4360 4362//4362
f 4342//4342 4344//4344 4594//4594
f 4594//4594 4344//4344 4346//4346
f 4594//4594 4346//4346 4598//4598
f 4598//4598 4346//4346 4348//4348
f 4598//4598 4348//4348 4599//4599
f 4599//4599 4348//4348 4350//4350
f 4599//4599 4350//4350 4595//4595
f 4595//4595 4350//4350 4352//4352
f 4595//4595 4352//4352 4354//4354
f 4598//4598 4599//4599 4600//4600
f 4600//4600 4599//4599 4601//4601
f 4599//4599 4595//4595 4601//4601
f 4601//4601 4595//4595 4596//4596
f 4601//4601 4596//4596 4602//4602
f 4602//4602 4596//4596 4597//4597
f 4602//4602 4597//4597 4603//4603
f 4603//4603 4597//4597 4589//4589
f 4603//4603 4589//4589 4604//4604
f 4604//4604 4589//4589 4590//4590
f 4604//4604 4590//4590 4605//4605
f 4605//4605 4590//4590 4591//4591
f 4605//4605 4591//4591 4606//4606
f 4606//4606 4591//4591 4587//4587
f 4606//4606 4587//4587 4607//4607
f 4607//4607 4587//4587 4588//4588
f 4607//4607 4588//4588 4608//4608
f 4608//4608 4588//4588 4576//4576
f 4608//4608 4576//4576 4609//4609
f 4609//4609 4576//4576 4577//4577
f 4609//4609 4577//4577 4610//4610
f 4610//4610 4577//4577 4578//4578
f 4610//4610 4578//4578 4611//4611
f 4611//4611 4578//4578 4572//4572
f 4611//4611 4572//4572 4612//4612
f 4612//4612 4572//4572 4573//4573
f 4612//4612 4573//4573 4613//4613
f 4613//4613 4573//4573 4574//4574
f 4613//4613 4574//4574 4614//4614
f 4614//4614 4574//4574 4575//4575
f 4614//4614 4575//4575 4615//4615
f 4615//4615 4575//4575 4585//4585
f 4615//4615 4585//4585 4616//4616
f 4616//4616 4585//4585 4586//4586
f 4616//4616 4586//4586 4617//4617
f 4617//4617 4586//4586 4583//4583
f 4617//4617 4583//4583 4618//4618
f 4618//4618 4583//4583 4584//4584
f 4618//4618 4584//4584 4619//4619
f 4619//4619 4584//4584 4579//4579
f 4619//4619 4579//4579 4620//4620
f 4620//4620 4579//4579 4580//4580
f 4620//4620 4580//4580 4621//4621
f 4621//4621 4580//4580 4581//4581
f 4621//4621 4581//4581 4622//4622
f 4622//4622 4581//4581 4582//4582
f 4622//4622 4582//4582 4623//4623
f 4623//4623 4582//4582 4592//4592
f 4623//4623 4592//4592 4624//4624
f 4624//4624 4592//4592 4593//4593
f 4624//4624 4593//4593 4625//4625
f 4625//4625 4593//4593 4594//4594
f 4625//4625 4594//4594 4626//4626
f 4626//4626 4594//4594 4598//4598
f 4626//4626 4598//4598 4627//4627
f 4627//4627 4598//4598 4600//4600
f 4628//4628 4629//4629 4630//4630
f 4630//4630 4629//4629 4631//4631
f 4630//4630 4631//4631 4632//4632
f 4632//4632 4631//4631 4633//4633
f 4632//4632 4633//4633 4634//4634
f 4634//4634 4633//4633 4635//4635
f 4634//4634 4635//4635 4636//4636
f 4636//4636 4635//4635 4637//4637
f 4636//4636 4637//4637 4638//4638
f 4638//4638 4637//4637 4639//4639
f 4638//4638 4639//4639 4640//4640
f 4640//4640 4639//4639 4641//4641
f 4640//4640 4641//4641 4642//4642
f 4642//4642 4641//4641 4643//4643
f 4642//4642 4643//4643 4644//4644
f 4644//4644 4643//4643 4645//4645
f 4644//4644 4645//4645 4646//4646
f 4646//4646 4645//4645 4647//4647
f 4646//4646 4647//4647 4648//4648
f 4648//4648 4647//4647 4649//4649
f 4648//4648 4649//4649 4650//4650
f 4650//4650 4649//4649 4651//4651
f 4650//4650 4651//4651 4652//4652
f 4652//4652 4651//4651 4653//4653
f 4652//4652 4653//4653 4654//4654
f 4654//4654 4653//4653 4655//4655
f 4654//4654 4655//4655 4656//4656
f 4656//4656 4655//4655 4657//4657
f 4656//4656 4657//4657 4658//4658
f 4658//4658 4657//4657 4659//4659
f 4658//4658 4659//4659 4660//4660
f 4660//4660 4659//4659 4661//4661
f 4660//4660 4661//4661 4662//4662
f 4662//4662 4661//4661 4663//4663
f 4662//4662 4663//4663 4664//4664
f 4664//4664 4663//4663 4665//4665
f 4664//4664 4665//4665 4666//4666
f 4666//4666 4665//4665 4667//4667
f 4666//4666 4667//4667 4668//4668
f 4668//4668 4667//4667 4669//4669
f 4668//4668 4669//4669 4670//4670
f 4670//4670 4669//4669 4671//4671
f 4670//4670 4671//4671 4672//4672
f 4672//4672 4671//4671 4673//4673
f 4672//4672 4673//4673 4674//4674
f 4674//4674 4673//4673 4675//4675
f 4674//4674 4675//4675 4676//4676
f 4676//4676 4675//4675 4677//4677
f 4676//4676 4677//4677 4678//4678
f 4678//4678 4677//4677 4679//4679
f 4678//4678 4679//4679 4628//4628
f 4628//4628 4679//4679 4629//4629
f 4680//4680 4681//4681 4553//4553
f 4553//4553 4681//4681 4552//4552
f 4681//4681 4682//4682 4552//4552
f 4552//4552 4682//4682 4683//4683
f 4552//4552 4683//4683 4547//4547
f 4547//4547 4683//4683 4684//4684
f 4547//4547 4684//4684 4546//4546
f 4546//4546 4684//4684 4685//4685
f 4546//4546 4685//4685 4545//4545
f 4545//4545 4685//4685 4686//4686
f 4545//4545 4686//4686 4544//4544
f 4544//4544 4686//4686 4687//4687
f 4544//4544 4687//4687 4556//4556
f 4556//4556 4687//4687 4688//4688
f 4556//4556 4688//4688 4555//4555
f 4555//4555 4688//4688 4689//4689
f 4555//4555 4689//4689 4554//4554
f 4554//4554 4689//4689 4690//4690
f 4554//4554 4690//4690 4558//4558
f 4558//4558 4690//4690 4691//4691
f 4558//4558 4691//4691 4557//4557
f 4557//4557 4691//4691 4692//4692
f 4557//4557 4692//4692 4561//4561
f 4561//4561 4692//4692 4693//4693
f 4561//4561 4693//4693 4560//4560
f 4560//4560 4693//4693 4694//4694
f 4560//4560 4694//4694 4559//4559
f 4559//4559 4694//4694 4695//4695
f 4559//4559 4695//4695 4564//4564
f 4564//4564 4695//4695 4696//4696
f 4564//4564 4696//4696 4563//4563
f 4563//4563 4696//4696 4697//4697
f 4563//4563 4697//4697 4562//4562
f 4562//4562 4697//4697 4698//4698
f 4562//4562 4698//4698 4567//4567
f 4567//4567 4698//4698 4699//4699
f 4567//4567 4699//4699 4566//4566
f 4566//4566 4699//4699 4700//4700
f 4566//4566 4700//4700 4565//4565
f 4565//4565 4700//4700 4701//4701
f 4565//4565 4701//4701 4569//4569
f 4569//4569 4701//4701 4702//4702
f 4569//4569 4702//4702 4568//4568
f 4568//4568 4702//4702 4703//4703
f 4568//4568 4703//4703 4571//4571
f 4571//4571 4703//4703 4704//4704
f 4571//4571 4704//4704 4570//4570
f 4570//4570 4704//4704 4705//4705
f 4570//4570 4705//4705 4551//4551
f 4551//4551 4705//4705 4706//4706
f 4551//4551 4706//4706 4550//4550
f 4550//4550 4706//4706 4707//4707
f 4550//4550 4707//4707 4549//4549
f 4549//4549 4707//4707 4680//4680
f 4549//4549 4680//4680 4548//4548
f 4548//4548 4680//4680 4553//4553
f 4640//4640 4701//4701 4638//4638
f 4638//4638 4701//4701 4700//4700
f 4638//4638 4700//4700 4636//4636
f 4636//4636 4700//4700 4699//4699
f 4636//4636 4699//4699 4634//4634
f 4634//4634 4699//4699 4698//4698
f 4634//4634 4698//4698 4632//4632
f 4632//4632 4698//4698 4697//4697
f 4632//4632 4697//4697 4630//4630
f 4630//4630 4697//4697 4696//4696
f 4630//4630 4696//4696 4628//4628
f 4628//4628 4696//4696 4695//4695
f 4628//4628 4695//4695 4678//4678
f 4678//4678 4695//4695 4694//4694
f 4678//4678 4694//4694 4676//4676
f 4676//4676 4694//4694 4693//4693
f 4676//4676 4693//4693 4674//4674
f 4674//4674 4693//4693 4692//4692
f 4674//4674 4692//4692 4672//4672
f 4672//4672 4692//4692 4691//4691
f 4672//4672 4691//4691 4670//4670
f 4670//4670 4691//4691 4690//4690
f 4670//4670 4690//4690 4668//4668
f 4690//4690 4689//4689 4668//4668
f 4668//4668 4689//4689 4688//4688
f 4668//4668 4688//4688 4666//4666
f 4666//4666 4688//4688 4687//4687
f 4666//4666 4687//4687 4664//4664
f 4664//4664 4687//4687 4686//4686
f 4664//4664 4686//4686 4662//4662
f 4662//4662 4686//4686 4685//4685
f 4662//4662 4685//4685 4660//4660
f 4660//4660 4685//4685 4684//4684
f 4660//4660 4684//4684 4658//4658
f 4658//4658 4684//4684 4683//4683
f 4658//4658 4683//4683 4656//4656
f 4656//4656 4683//4683 4682//4682
f 4656//4656 4682//4682 4654//4654
f 4654//4654 4682//4682 4681//4681
f 4654//4654 4681//4681 4652//4652
f 4652//4652 4681//4681 4680//4680
f 4652//4652 4680//4680 4650//4650
f 4650//4650 4680//4680 4707//4707
f 4650//4650 4707//4707 4648//4648
f 4648//4648 4707//4707 4706//4706
f 4648//4648 4706//4706 4646//4646
f 4646//4646 4706//4706 4705//4705
f 4646//4646 4705//4705 4644//4644
f 4644//4644 4705//4705 4704//4704
f 4644//4644 4704//4704 4642//4642
f 4642//4642 4704//4704 4703//4703
f 4642//4642 4703//4703 4640//4640
f 4640//4640 4703//4703 4702//4702
f 4640//4640 4702//4702 4701//4701
f 4669//4669 4608//4608 4671//4671
f 4671//4671 4608//4608 4609//4609
f 4671//4671 4609//4609 4673//4673
f 4673//4673 4609//4609 4610//4610
f 4673//4673 4610//4610 4675//4675
f 4675//4675 4610//4610 4611//4611
f 4675//4675 4611//4611 4677//4677
f 4677//4677 4611//4611 4612//4612
f 4677//4677 4612//4612 4679//4679
f 4679//4679 4612//4612 4613//4613
f 4679//4679 4613//4613 4629//4629
f 4629//4629 4613//4613 4614//4614
f 4629//4629 4614//4614 4631//4631
f 4631//4631 4614//4614 4615//4615
f 4631//4631 4615//4615 4633//4633
f 4633//4633 4615//4615 4616//4616
f 4633//4633 4616//4616 4635//4635
f 4635//4635 4616//4616 4617//4617
f 4635//4635 4617//4617 4637//4637
f 4637//4637 4617//4617 4618//4618
f 4637//4637 4618//4618 4639//4639
f 4639//4639 4618//4618 4619//4619
f 4639//4639 4619//4619 4641//4641
f 4619//4619 4620//4620 4641//4641
f 4641//4641 4620//4620 4621//4621
f 4641//4641 4621//4621 4643//4643
f 4643//4643 4621//4621 4622//4622
f 4643//4643 4622//4622 4645//4645
f 4645//4645 4622//4622 4623//4623
f 4645//4645 4623//4623 4647//4647
f 4647//4647 4623//4623 4624//4624
f 4647//4647 4624//4624 4649//4649
f 4649//4649 4624//4624 4625//4625
f 4649//4649 4625//4625 4651//4651
f 4651//4651 4625//4625 4626//4626
f 4651//4651 4626//4626 4653//4653
f 4653//4653 4626//4626 4627//4627
f 4653//4653 4627//4627 4655//4655
f 4655//4655 4627//4627 4600//4600
f 4655//4655 4600//4600 4657//4657
f 4657//4657 4600//4600 4601//4601
f 4657//4657 4601//4601 4659//4659
f 4659//4659 4601//4601 4602//4602
f 4659//4659 4602//4602 4661//4661
f 4661//4661 4602//4602 4603//4603
f 4661//4661 4603//4603 4663//4663
f 4663//4663 4603//4603 4604//4604
f 4663//4663 4604//4604 4665//4665
f 4665//4665 4604//4604 4605//4605
f 4665//4665 4605//4605 4667//4667
f 4667//4667 4605//4605 4606//4606
f 4667//4667 4606//4606 4669//4669
f 4669//4669 4606//4606 4607//4607
f 4669//4669 4607//4607 4608//4608
f 4708//4708 4709//4709 4710//4710
f 4711//4711 4712//4712 4713//4713
f 4713//4713 4712//4712 4714//4714
f 4713//4713 4714//4714 4715//4715
f 4715//4715 4714//4714 4716//4716
f 4715//4715 4716//4716 4710//4710
f 4710//4710 4716//4716 4717//4717
f 4710//4710 4717//4717 4708//4708
f 4718//4718 4719//4719 4720//4720
f 4720//4720 4719//4719 4721//4721
f 4720//4720 4721//4721 4722//4722
f 4722//4722 4721//4721 4723//4723
f 4722//4722 4723//4723 4711//4711
f 4711//4711 4723//4723 4724//4724
f 4711//4711 4724//4724 4712//4712
f 4725//4725 4726//4726 4727//4727
f 4727//4727 4726//4726 4728//4728
f 4727//4727 4728//4728 4729//4729
f 4729//4729 4728//4728 4730//4730
f 4729//4729 4730//4730 4731//4731
f 4731//4731 4730//4730 4732//4732
f 4731//4731 4732//4732 4733//4733
f 4732//4732 4734//4734 4733//4733
f 4733//4733 4734//4734 4735//4735
f 4733//4733 4735//4735 4736//4736
f 4736//4736 4735//4735 4737//4737
f 4736//4736 4737//4737 4738//4738
f 4738//4738 4737//4737 4739//4739
f 4738//4738 4739//4739 4718//4718
f 4718//4718 4739//4739 4740//4740
f 4718//4718 4740//4740 4719//4719
f 4741//4741 4742//4742 4743//4743
f 4743//4743 4742//4742 4744//4744
f 4743//4743 4744//4744 4745//4745
f 4745//4745 4744//4744 4746//4746
f 4745//4745 4746//4746 4747//4747
f 4747//4747 4746//4746 4748//4748
f 4747//4747 4748//4748 4749//4749
f 4750//4750 4751//4751 4752//4752
f 4752//4752 4751//4751 4753//4753
f 4752//4752 4753//4753 4754//4754
f 4754//4754 4753//4753 4755//4755
f 4754//4754 4755//4755 4725//4725
f 4725//4725 4755//4755 4756//4756
f 4725//4725 4756//4756 4726//4726
f 4748//4748 4757//4757 4749//4749
f 4749//4749 4757//4757 4758//4758
f 4749//4749 4758//4758 4759//4759
f 4759//4759 4758//4758 4760//4760
f 4759//4759 4760//4760 4761//4761
f 4761//4761 4760//4760 4762//4762
f 4761//4761 4762//4762 4750//4750
f 4750//4750 4762//4762 4763//4763
f 4750//4750 4763//4763 4751//4751
f 4764//4764 4765//4765 4766//4766
f 4766//4766 4765//4765 4767//4767
f 4766//4766 4767//4767 4768//4768
f 4768//4768 4767//4767 4769//4769
f 4768//4768 4769//4769 4741//4741
f 4741//4741 4769//4769 4770//4770
f 4741//4741 4770//4770 4742//4742
f 4708//4708 4771//4771 4709//4709
f 4709//4709 4771//4771 4772//4772
f 4709//4709 4772//4772 4773//4773
f 4773//4773 4772//4772 4774//4774
f 4773//4773 4774//4774 4775//4775
f 4775//4775 4774//4774 4776//4776
f 4775//4775 4776//4776 4764//4764
f 4764//4764 4776//4776 4777//4777
f 4764//4764 4777//4777 4765//4765
f 4778//4778 4779//4779 4780//4780
f 4780//4780 4779//4779 4781//4781
f 4780//4780 4781//4781 4782//4782
f 4782//4782 4781//4781 4783//4783
f 4782//4782 4783//4783 4784//4784
f 4785//4785 4786//4786 4787//4787
f 4787//4787 4786//4786 4788//4788
f 4787//4787 4788//4788 4789//4789
f 4789//4789 4788//4788 4790//4790
f 4789//4789 4790//4790 4791//4791
f 4792//4792 4793//4793 4794//4794
f 4794//4794 4793//4793 4795//4795
f 4794//4794 4795//4795 4796//4796
f 4796//4796 4795//4795 4797//4797
f 4796//4796 4797//4797 4785//4785
f 4785//4785 4797//4797 4798//4798
f 4785//4785 4798//4798 4786//4786
f 4790//4790 4799//4799 4791//4791
f 4791//4791 4799//4799 4800//4800
f 4791//4791 4800//4800 4801//4801
f 4801//4801 4800//4800 4802//4802
f 4801//4801 4802//4802 4803//4803
f 4803//4803 4802//4802 4804//4804
f 4803//4803 4804//4804 4805//4805
f 4805//4805 4804//4804 4806//4806
f 4805//4805 4806//4806 4778//4778
f 4778//4778 4806//4806 4807//4807
f 4778//4778 4807//4807 4779//4779
f 4808//4808 4809//4809 4810//4810
f 4811//4811 4812//4812 4813//4813
f 4813//4813 4812//4812 4814//4814
f 4813//4813 4814//4814 4815//4815
f 4815//4815 4814//4814 4816//4816
f 4815//4815 4816//4816 4817//4817
f 4817//4817 4816//4816 4818//4818
f 4817//4817 4818//4818 4819//4819
f 4820//4820 4821//4821 4822//4822
f 4822//4822 4821//4821 4823//4823
f 4822//4822 4823//4823 4824//4824
f 4824//4824 4823//4823 4825//4825
f 4824//4824 4825//4825 4810//4810
f 4810//4810 4825//4825 4826//4826
f 4810//4810 4826//4826 4808//4808
f 4808//4808 4827//4827 4809//4809
f 4809//4809 4827//4827 4828//4828
f 4809//4809 4828//4828 4829//4829
f 4829//4829 4828//4828 4830//4830
f 4829//4829 4830//4830 4831//4831
f 4831//4831 4830//4830 4832//4832
f 4831//4831 4832//4832 4792//4792
f 4792//4792 4832//4832 4833//4833
f 4792//4792 4833//4833 4793//4793
f 4818//4818 4834//4834 4819//4819
f 4819//4819 4834//4834 4835//4835
f 4819//4819 4835//4835 4836//4836
f 4836//4836 4835//4835 4837//4837
f 4836//4836 4837//4837 4838//4838
f 4838//4838 4837//4837 4839//4839
f 4838//4838 4839//4839 4820//4820
f 4820//4820 4839//4839 4840//4840
f 4820//4820 4840//4840 4821//4821
f 4783//4783 4841//4841 4784//4784
f 4784//4784 4841//4841 4842//4842
f 4784//4784 4842//4842 4843//4843
f 4843//4843 4842//4842 4844//4844
f 4843//4843 4844//4844 4845//4845
f 4845//4845 4844//4844 4846//4846
f 4845//4845 4846//4846 4811//4811
f 4811//4811 4846//4846 4847//4847
f 4811//4811 4847//4847 4812//4812
f 4772//4772 4848//4848 4849//4849
f 4849//4849 4848//4848 4828//4828
f 4848//4848 4708//4708 4828//4828
f 4828//4828 4708//4708 4717//4717
f 4828//4828 4717//4717 4830//4830
f 4830//4830 4717//4717 4716//4716
f 4830//4830 4716//4716 4832//4832
f 4832//4832 4716//4716 4714//4714
f 4832//4832 4714//4714 4833//4833
f 4833//4833 4714//4714 4712//4712
f 4833//4833 4712//4712 4793//4793
f 4793//4793 4712//4712 4724//4724
f 4793//4793 4724//4724 4795//4795
f 4795//4795 4724//4724 4723//4723
f 4795//4795 4723//4723 4797//4797
f 4797//4797 4723//4723 4721//4721
f 4797//4797 4721//4721 4798//4798
f 4798//4798 4721//4721 4719//4719
f 4798//4798 4719//4719 4786//4786
f 4786//4786 4719//4719 4740//4740
f 4786//4786 4740//4740 4788//4788
f 4788//4788 4740//4740 4739//4739
f 4788//4788 4739//4739 4790//4790
f 4790//4790 4739//4739 4737//4737
f 4790//4790 4737//4737 4799//4799
f 4799//4799 4737//4737 4735//4735
f 4799//4799 4735//4735 4800//4800
f 4800//4800 4735//4735 4734//4734
f 4800//4800 4734//4734 4802//4802
f 4802//4802 4734//4734 4732//4732
f 4802//4802 4732//4732 4804//4804
f 4804//4804 4732//4732 4730//4730
f 4804//4804 4730//4730 4806//4806
f 4806//4806 4730//4730 4728//4728
f 4806//4806 4728//4728 4807//4807
f 4807//4807 4728//4728 4726//4726
f 4807//4807 4726//4726 4779//4779
f 4779//4779 4726//4726 4756//4756
f 4779//4779 4756//4756 4781//4781
f 4781//4781 4756//4756 4755//4755
f 4781//4781 4755//4755 4783//4783
f 4783//4783 4755//4755 4753//4753
f 4783//4783 4753//4753 4841//4841
f 4841//4841 4753//4753 4751//4751
f 4841//4841 4751//4751 4842//4842
f 4842//4842 4751//4751 4763//4763
f 4842//4842 4763//4763 4844//4844
f 4844//4844 4763//4763 4762//4762
f 4844//4844 4762//4762 4846//4846
f 4846//4846 4762//4762 4760//4760
f 4846//4846 4760//4760 4847//4847
f 4847//4847 4760//4760 4758//4758
f 4847//4847 4758//4758 4812//4812
f 4812//4812 4758//4758 4757//4757
f 4812//4812 4757//4757 4814//4814
f 4814//4814 4757//4757 4748//4748
f 4814//4814 4748//4748 4816//4816
f 4816//4816 4748//4748 4746//4746
f 4816//4816 4746//4746 4818//4818
f 4818//4818 4746//4746 4744//4744
f 4818//4818 4744//4744 4834//4834
f 4834//4834 4744//4744 4742//4742
f 4834//4834 4742//4742 4835//4835
f 4835//4835 4742//4742 4770//4770
f 4835//4835 4770//4770 4837//4837
f 4837//4837 4770//4770 4769//4769
f 4837//4837 4769//4769 4839//4839
f 4839//4839 4769//4769 4767//4767
f 4839//4839 4767//4767 4840//4840
f 4840//4840 4767//4767 4765//4765
f 4840//4840 4765//4765 4821//4821
f 4821//4821 4765//4765 4777//4777
f 4821//4821 4777//4777 4823//4823
f 4823//4823 4777//4777 4776//4776
f 4823//4823 4776//4776 4825//4825
f 4825//4825 4776//4776 4774//4774
f 4825//4825 4774//4774 4826//4826
f 4826//4826 4774//4774 4772//4772
f 4826//4826 4772//4772 4808//4808
f 4808//4808 4772//4772 4849//4849
f 4850//4850 4851//4851 4752//4752
f 4752//4752 4851//4851 4784//4784
f 4752//4752 4784//4784 4750//4750
f 4750//4750 4784//4784 4843//4843
f 4750//4750 4843//4843 4761//4761
f 4761//4761 4843//4843 4845//4845
f 4761//4761 4845//4845 4759//4759
f 4759//4759 4845//4845 4811//4811
f 4759//4759 4811//4811 4749//4749
f 4749//4749 4811//4811 4813//4813
f 4749//4749 4813//4813 4747//4747
f 4747//4747 4813//4813 4815//4815
f 4747//4747 4815//4815 4745//4745
f 4745//4745 4815//4815 4817//4817
f 4745//4745 4817//4817 4743//4743
f 4743//4743 4817//4817 4819//4819
f 4743//4743 4819//4819 4741//4741
f 4741//4741 4819//4819 4836//4836
f 4741//4741 4836//4836 4768//4768
f 4768//4768 4836//4836 4838//4838
f 4768//4768 4838//4838 4766//4766
f 4766//4766 4838//4838 4820//4820
f 4766//4766 4820//4820 4764//4764
f 4764//4764 4820//4820 4822//4822
f 4764//4764 4822//4822 4775//4775
f 4775//4775 4822//4822 4824//4824
f 4775//4775 4824//4824 4773//4773
f 4773//4773 4824//4824 4810//4810
f 4773//4773 4810//4810 4852//4852
f 4852//4852 4810//4810 4809//4809
f 4852//4852 4809//4809 4710//4710
f 4710//4710 4809//4809 4829//4829
f 4710//4710 4829//4829 4715//4715
f 4715//4715 4829//4829 4831//4831
f 4715//4715 4831//4831 4713//4713
f 4713//4713 4831//4831 4792//4792
f 4713//4713 4792//4792 4711//4711
f 4711//4711 4792//4792 4794//4794
f 4711//4711 4794//4794 4722//4722
f 4722//4722 4794//4794 4796//4796
f 4722//4722 4796//4796 4720//4720
f 4720//4720 4796//4796 4785//4785
f 4720//4720 4785//4785 4718//4718
f 4718//4718 4785//4785 4787//4787
f 4718//4718 4787//4787 4738//4738
f 4738//4738 4787//4787 4789//4789
f 4738//4738 4789//4789 4736//4736
f 4736//4736 4789//4789 4791//4791
f 4736//4736 4791//4791 4733//4733
f 4733//4733 4791//4791 4801//4801
f 4733//4733 4801//4801 4731//4731
f 4731//4731 4801//4801 4803//4803
f 4731//4731 4803//4803 4729//4729
f 4729//4729 4803//4803 4805//4805
f 4729//4729 4805//4805 4727//4727
f 4727//4727 4805//4805 4778//4778
f 4727//4727 4778//4778 4725//4725
f 4725//4725 4778//4778 4780//4780
f 4725//4725 4780//4780 4850//4850
f 4850//4850 4780//4780 4851//4851
f 4853//4853 4854//4854 4855//4855
f 4856//4856 4857//4857 4858//4858
f 4858//4858 4857//4857 4859//4859
f 4858//4858 4859//4859 4860//4860
f 4860//4860 4859//4859 4861//4861
f 4860//4860 4861//4861 4862//4862
f 4862//4862 4861//4861 4863//4863
f 4862//4862 4863//4863 4864//4864
f 4864//4864 4863//4863 4865//4865
f 4864//4864 4865//4865 4866//4866
f 4866//4866 4865//4865 4867//4867
f 4866//4866 4867//4867 4868//4868
f 4868//4868 4867//4867 4869//4869
f 4868//4868 4869//4869 4870//4870
f 4853//4853 4871//4871 4854//4854
f 4854//4854 4871//4871 4872//4872
f 4854//4854 4872//4872 4873//4873
f 4873//4873 4872//4872 4874//4874
f 4873//4873 4874//4874 4875//4875
f 4875//4875 4874//4874 4876//4876
f 4875//4875 4876//4876 4877//4877
f 4877//4877 4876//4876 4878//4878
f 4877//4877 4878//4878 4879//4879
f 4879//4879 4878//4878 4880//4880
f 4879//4879 4880//4880 4881//4881
f 4881//4881 4880//4880 4882//4882
f 4881//4881 4882//4882 4883//4883
f 4884//4884 4885//4885 4886//4886
f 4886//4886 4885//4885 4887//4887
f 4886//4886 4887//4887 4888//4888
f 4888//4888 4887//4887 4889//4889
f 4888//4888 4889//4889 4890//4890
f 4890//4890 4889//4889 4891//4891
f 4890//4890 4891//4891 4892//4892
f 4892//4892 4891//4891 4893//4893
f 4892//4892 4893//4893 4894//4894
f 4894//4894 4893//4893 4895//4895
f 4894//4894 4895//4895 4855//4855
f 4855//4855 4895//4895 4896//4896
f 4855//4855 4896//4896 4853//4853
f 4869//4869 4897//4897 4870//4870
f 4870//4870 4897//4897 4898//4898
f 4870//4870 4898//4898 4899//4899
f 4899//4899 4898//4898 4900//4900
f 4899//4899 4900//4900 4901//4901
f 4901//4901 4900//4900 4902//4902
f 4901//4901 4902//4902 4903//4903
f 4903//4903 4902//4902 4904//4904
f 4903//4903 4904//4904 4905//4905
f 4905//4905 4904//4904 4906//4906
f 4905//4905 4906//4906 4907//4907
f 4907//4907 4906//4906 4908//4908
f 4907//4907 4908//4908 4909//4909
f 4909//4909 4908//4908 4910//4910
f 4909//4909 4910//4910 4884//4884
f 4884//4884 4910//4910 4911//4911
f 4884//4884 4911//4911 4885//4885
f 4882//4882 4912//4912 4883//4883
f 4883//4883 4912//4912 4913//4913
f 4883//4883 4913//4913 4914//4914
f 4914//4914 4913//4913 4915//4915
f 4914//4914 4915//4915 4916//4916
f 4916//4916 4915//4915 4917//4917
f 4916//4916 4917//4917 4918//4918
f 4918//4918 4917//4917 4919//4919
f 4918//4918 4919//4919 4920//4920
f 4920//4920 4919//4919 4921//4921
f 4920//4920 4921//4921 4922//4922
f 4922//4922 4921//4921 4923//4923
f 4922//4922 4923//4923 4924//4924
f 4924//4924 4923//4923 4925//4925
f 4924//4924 4925//4925 4856//4856
f 4856//4856 4925//4925 4926//4926
f 4856//4856 4926//4926 4857//4857
f 4927//4927 4928//4928 4929//4929
f 4929//4929 4928//4928 4930//4930
f 4929//4929 4930//4930 4931//4931
f 4931//4931 4930//4930 4932//4932
f 4931//4931 4932//4932 4933//4933
f 4933//4933 4932//4932 4934//4934
f 4933//4933 4934//4934 4935//4935
f 4935//4935 4934//4934 4936//4936
f 4935//4935 4936//4936 4937//4937
f 4937//4937 4936//4936 4938//4938
f 4937//4937 4938//4938 4939//4939
f 4939//4939 4938//4938 4940//4940
f 4939//4939 4940//4940 4941//4941
f 4940//4940 4942//4942 4941//4941
f 4941//4941 4942//4942 4943//4943
f 4941//4941 4943//4943 4944//4944
f 4944//4944 4943//4943 4945//4945
f 4944//4944 4945//4945 4946//4946
f 4946//4946 4945//4945 4947//4947
f 4946//4946 4947//4947 4948//4948
f 4948//4948 4947//4947 4949//4949
f 4948//4948 4949//4949 4950//4950
f 4950//4950 4949//4949 4951//4951
f 4950//4950 4951//4951 4952//4952
f 4952//4952 4951//4951 4953//4953
f 4952//4952 4953//4953 4954//4954
f 4954//4954 4953//4953 4955//4955
f 4954//4954 4955//4955 4956//4956
f 4957//4957 4958//4958 4959//4959
f 4959//4959 4958//4958 4960//4960
f 4959//4959 4960//4960 4961//4961
f 4961//4961 4960//4960 4962//4962
f 4961//4961 4962//4962 4963//4963
f 4963//4963 4962//4962 4964//4964
f 4963//4963 4964//4964 4965//4965
f 4965//4965 4964//4964 4966//4966
f 4965//4965 4966//4966 4967//4967
f 4967//4967 4966//4966 4968//4968
f 4967//4967 4968//4968 4969//4969
f 4955//4955 4970//4970 4956//4956
f 4956//4956 4970//4970 4971//4971
f 4956//4956 4971//4971 4972//4972
f 4972//4972 4971//4971 4973//4973
f 4972//4972 4973//4973 4974//4974
f 4974//4974 4973//4973 4975//4975
f 4974//4974 4975//4975 4976//4976
f 4976//4976 4975//4975 4977//4977
f 4976//4976 4977//4977 4978//4978
f 4978//4978 4977//4977 4979//4979
f 4978//4978 4979//4979 4980//4980
f 4980//4980 4979//4979 4981//4981
f 4980//4980 4981//4981 4982//4982
f 4982//4982 4981//4981 4983//4983
f 4982//4982 4983//4983 4957//4957
f 4957//4957 4983//4983 4984//4984
f 4957//4957 4984//4984 4958//4958
f 4968//4968 4985//4985 4969//4969
f 4969//4969 4985//4985 4986//4986
f 4969//4969 4986//4986 4987//4987
f 4986//4986 4988//4988 4987//4987
f 4987//4987 4988//4988 4989//4989
f 4987//4987 4989//4989 4990//4990
f 4990//4990 4989//4989 4991//4991
f 4990//4990 4991//4991 4992//4992
f 4992//4992 4991//4991 4993//4993
f 4992//4992 4993//4993 4994//4994
f 4994//4994 4993//4993 4995//4995
f 4994//4994 4995//4995 4996//4996
f 4996//4996 4995//4995 4997//4997
f 4996//4996 4997//4997 4998//4998
f 4998//4998 4997//4997 4999//4999
f 4998//4998 4999//4999 4927//4927
f 4927//4927 4999//4999 5000//5000
f 4927//4927 5000//5000 4928//4928
f 4872//4872 4871//4871 4988//4988
f 4988//4988 4871//4871 4989//4989
f 4871//4871 4853//4853 4989//4989
f 4989//4989 4853//4853 4896//4896
f 4989//4989 4896//4896 4991//4991
f 4991//4991 4896//4896 4895//4895
f 4991//4991 4895//4895 4993//4993
f 4993//4993 4895//4895 4893//4893
f 4993//4993 4893//4893 4995//4995
f 4995//4995 4893//4893 4891//4891
f 4995//4995 4891//4891 4997//4997
f 4997//4997 4891//4891 4889//4889
f 4997//4997 4889//4889 4999//4999
f 4999//4999 4889//4889 4887//4887
f 4999//4999 4887//4887 5000//5000
f 5000//5000 4887//4887 4885//4885
f 5000//5000 4885//4885 4928//4928
f 4928//4928 4885//4885 4911//4911
f 4928//4928 4911//4911 4930//4930
f 4930//4930 4911//4911 4910//4910
f 4930//4930 4910//4910 4932//4932
f 4932//4932 4910//4910 4908//4908
f 4932//4932 4908//4908 4934//4934
f 4934//4934 4908//4908 4906//4906
f 4934//4934 4906//4906 4936//4936
f 4936//4936 4906//4906 4904//4904
f 4936//4936 4904//4904 4938//4938
f 4938//4938 4904//4904 4902//4902
f 4938//4938 4902//4902 4940//4940
f 4940//4940 4902//4902 4900//4900
f 4940//4940 4900//4900 4942//4942
f 4942//4942 4900//4900 4898//4898
f 4942//4942 4898//4898 4943//4943
f 4943//4943 4898//4898 4897//4897
f 4943//4943 4897//4897 4945//4945
f 4945//4945 4897//4897 4869//4869
f 4945//4945 4869//4869 4947//4947
f 4947//4947 4869//4869 4867//4867
f 4947//4947 4867//4867 4949//4949
f 4949//4949 4867//4867 4865//4865
f 4949//4949 4865//4865 4951//4951
f 4951//4951 4865//4865 4863//4863
f 4951//4951 4863//4863 4953//4953
f 4953//4953 4863//4863 4861//4861
f 4953//4953 4861//4861 4955//4955
f 4955//4955 4861//4861 4859//4859
f 4955//4955 4859//4859 4970//4970
f 4970//4970 4859//4859 4857//4857
f 4970//4970 4857//4857 4971//4971
f 4971//4971 4857//4857 4926//4926
f 4971//4971 4926//4926 4973//4973
f 4973//4973 4926//4926 4925//4925
f 4973//4973 4925//4925 4975//4975
f 4975//4975 4925//4925 4923//4923
f 4975//4975 4923//4923 4977//4977
f 4977//4977 4923//4923 4921//4921
f 4977//4977 4921//4921 4979//4979
f 4979//4979 4921//4921 4919//4919
f 4979//4979 4919//4919 4981//4981
f 4981//4981 4919//4919 4917//4917
f 4981//4981 4917//4917 4983//4983
f 4983//4983 4917//4917 4915//4915
f 4983//4983 4915//4915 4984//4984
f 4984//4984 4915//4915 4913//4913
f 4984//4984 4913//4913 4958//4958
f 4958//4958 4913//4913 4912//4912
f 4958//4958 4912//4912 4960//4960
f 4960//4960 4912//4912 4882//4882
f 4960//4960 4882//4882 4962//4962
f 4962//4962 4882//4882 4880//4880
f 4962//4962 4880//4880 4964//4964
f 4964//4964 4880//4880 4878//4878
f 4964//4964 4878//4878 4966//4966
f 4966//4966 4878//4878 4876//4876
f 4966//4966 4876//4876 4968//4968
f 4968//4968 4876//4876 4874//4874
f 4968//4968 4874//4874 4985//4985
f 4985//4985 4874//4874 4872//4872
f 4985//4985 4872//4872 4986//4986
f 4986//4986 4872//4872 4988//4988
f 4864//4864 4950//4950 4862//4862
f 4862//4862 4950//4950 4952//4952
f 4862//4862 4952//4952 4860//4860
f 4860//4860 4952//4952 4954//4954
f 4860//4860 4954//4954 4858//4858
f 4858//4858 4954//4954 4956//4956
f 4858//4858 4956//4956 4856//4856
f 4856//4856 4956//4956 4972//4972
f 4856//4856 4972//4972 4924//4924
f 4924//4924 4972//4972 4974//4974
f 4924//4924 4974//4974 4922//4922
f 4922//4922 4974//4974 4976//4976
f 4922//4922 4976//4976 4920//4920
f 4920//4920 4976//4976 4978//4978
f 4920//4920 4978//4978 4918//4918
f 4918//4918 4978//4978 4980//4980
f 4918//4918 4980//4980 4916//4916
f 4916//4916 4980//4980 4982//4982
f 4916//4916 4982//4982 4914//4914
f 4914//4914 4982//4982 4957//4957
f 4914//4914 4957//4957 4883//4883
f 4883//4883 4957//4957 4959//4959
f 4883//4883 4959//4959 4881//4881
f 4881//4881 4959//4959 4961//4961
f 4881//4881 4961//4961 4879//4879
f 4879//4879 4961//4961 4963//4963
f 4879//4879 4963//4963 4877//4877
f 4877//4877 4963//4963 4965//4965
f 4877//4877 4965//4965 4875//4875
f 4875//4875 4965//4965 4967//4967
f 4875//4875 4967//4967 4873//4873
f 4873//4873 4967//4967 4969//4969
f 4873//4873 4969//4969 4854//4854
f 4854//4854 4969//4969 4987//4987
f 4854//4854 4987//4987 4855//4855
f 4855//4855 4987//4987 4990//4990
f 4855//4855 4990//4990 4894//4894
f 4894//4894 4990//4990 4992//4992
f 4894//4894 4992//4992 4892//4892
f 4892//4892 4992//4992 4994//4994
f 4892//4892 4994//4994 4890//4890
f 4890//4890 4994//4994 4996//4996
f 4890//4890 4996//4996 4888//4888
f 4888//4888 4996//4996 4998//4998
f 4888//4888 4998//4998 4886//4886
f 4886//4886 4998//4998 4927//4927
f 4886//4886 4927//4927 4884//4884
f 4884//4884 4927//4927 4929//4929
f 4884//4884 4929//4929 4909//4909
f 4909//4909 4929//4929 4931//4931
f 4909//4909 4931//4931 4907//4907
f 4907//4907 4931//4931 4933//4933
f 4907//4907 4933//4933 4905//4905
f 4905//4905 4933//4933 4935//4935
f 4905//4905 4935//4935 4903//4903
f 4903//4903 4935//4935 4937//4937
f 4903//4903 4937//4937 4901//4901
f 4901//4901 4937//4937 4939//4939
f 4901//4901 4939//4939 4899//4899
f 4899//4899 4939//4939 4941//4941
f 4899//4899 4941//4941 4870//4870
f 4870//4870 4941//4941 4944//4944
f 4870//4870 4944//4944 4868//4868
f 4868//4868 4944//4944 4946//4946
f 4868//4868 4946//4946 4866//4866
f 4866//4866 4946//4946 4948//4948
f 4866//4866 4948//4948 4864//4864
f 4864//4864 4948//4948 4950//4950
f 5001//5001 5002//5002 5003//5003
f 5003//5003 5002//5002 5004//5004
f 5003//5003 5004//5004 5005//5005
f 5005//5005 5004//5004 5006//5006
f 5005//5005 5006//5006 5007//5007
f 5008//5008 5009//5009 5010//5010
f 5010//5010 5009//5009 5011//5011
f 5010//5010 5011//5011 5012//5012
f 5012//5012 5011//5011 5013//5013
f 5012//5012 5013//5013 5014//5014
f 5014//5014 5013//5013 5015//5015
f 5014//5014 5015//5015 5001//5001
f 5001//5001 5015//5015 5016//5016
f 5001//5001 5016//5016 5002//5002
f 5017//5017 5018//5018 5019//5019
f 5019//5019 5018//5018 5020//5020
f 5019//5019 5020//5020 5021//5021
f 5021//5021 5020//5020 5022//5022
f 5021//5021 5022//5022 5023//5023
f 5023//5023 5022//5022 5024//5024
f 5023//5023 5024//5024 5008//5008
f 5008//5008 5024//5024 5025//5025
f 5008//5008 5025//5025 5009//5009
f 5006//5006 5026//5026 5007//5007
f 5007//5007 5026//5026 5027//5027
f 5007//5007 5027//5027 5028//5028
f 5028//5028 5027//5027 5029//5029
f 5028//5028 5029//5029 5030//5030
f 5030//5030 5029//5029 5031//5031
f 5030//5030 5031//5031 5032//5032
f 5032//5032 5031//5031 5033//5033
f 5032//5032 5033//5033 5034//5034
f 5033//5033 5035//5035 5034//5034
f 5034//5034 5035//5035 5036//5036
f 5034//5034 5036//5036 5037//5037
f 5037//5037 5036//5036 5038//5038
f 5037//5037 5038//5038 5039//5039
f 5039//5039 5038//5038 5040//5040
f 5039//5039 5040//5040 5017//5017
f 5017//5017 5040//5040 5041//5041
f 5017//5017 5041//5041 5018//5018
f 5039//5039 5042//5042 5037//5037
f 5037//5037 5042//5042 5043//5043
f 5037//5037 5043//5043 5034//5034
f 5034//5034 5043//5043 5044//5044
f 5034//5034 5044//5044 5032//5032
f 5032//5032 5044//5044 5045//5045
f 5032//5032 5045//5045 5030//5030
f 5030//5030 5045//5045 5046//5046
f 5030//5030 5046//5046 5028//5028
f 5028//5028 5046//5046 5047//5047
f 5028//5028 5047//5047 5007//5007
f 5007//5007 5047//5047 5048//5048
f 5007//5007 5048//5048 5005//5005
f 5005//5005 5048//5048 5049//5049
f 5005//5005 5049//5049 5003//5003
f 5003//5003 5049//5049 5050//5050
f 5003//5003 5050//5050 5001//5001
f 5001//5001 5050//5050 5051//5051
f 5001//5001 5051//5051 5014//5014
f 5014//5014 5051//5051 5052//5052
f 5014//5014 5052//5052 5012//5012
f 5012//5012 5052//5052 5053//5053
f 5012//5012 5053//5053 5010//5010
f 5010//5010 5053//5053 5054//5054
f 5010//5010 5054//5054 5008//5008
f 5008//5008 5054//5054 5055//5055
f 5008//5008 5055//5055 5023//5023
f 5023//5023 5055//5055 5056//5056
f 5023//5023 5056//5056 5021//5021
f 5021//5021 5056//5056 5057//5057
f 5021//5021 5057//5057 5019//5019
f 5019//5019 5057//5057 5058//5058
f 5019//5019 5058//5058 5017//5017
f 5017//5017 5058//5058 5059//5059
f 5017//5017 5059//5059 5039//5039
f 5039//5039 5059//5059 5042//5042
f 5055//5055 5060//5060 5056//5056
f 5056//5056 5060//5060 5061//5061
f 5056//5056 5061//5061 5057//5057
f 5057//5057 5061//5061 5062//5062
f 5057//5057 5062//5062 5058//5058
f 5058//5058 5062//5062 5063//5063
f 5058//5058 5063//5063 5059//5059
f 5059//5059 5063//5063 5064//5064
f 5059//5059 5064//5064 5042//5042
f 5042//5042 5064//5064 5065//5065
f 5042//5042 5065//5065 5043//5043
f 5043//5043 5065//5065 5066//5066
f 5043//5043 5066//5066 5044//5044
f 5044//5044 5066//5066 5067//5067
f 5044//5044 5067//5067 5045//5045
f 5045//5045 5067//5067 5068//5068
f 5045//5045 5068//5068 5046//5046
f 5046//5046 5068//5068 5069//5069
f 5046//5046 5069//5069 5047//5047
f 5069//5069 5070//5070 5047//5047
f 5047//5047 5070//5070 5071//5071
f 5047//5047 5071//5071 5048//5048
f 5048//5048 5071//5071 5072//5072
f 5048//5048 5072//5072 5049//5049
f 5049//5049 5072//5072 5073//5073
f 5049//5049 5073//5073 5050//5050
f 5050//5050 5073//5073 5074//5074
f 5050//5050 5074//5074 5051//5051
f 5051//5051 5074//5074 5075//5075
f 5051//5051 5075//5075 5052//5052
f 5052//5052 5075//5075 5076//5076
f 5052//5052 5076//5076 5053//5053
f 5053//5053 5076//5076 5077//5077
f 5053//5053 5077//5077 5054//5054
f 5054//5054 5077//5077 5078//5078
f 5054//5054 5078//5078 5055//5055
f 5055//5055 5078//5078 5079//5079
f 5055//5055 5079//5079 5060//5060
f 5065//5065 5080//5080 5066//5066
f 5066//5066 5080//5080 5081//5081
f 5066//5066 5081//5081 5067//5067
f 5067//5067 5081//5081 5082//5082
f 5067//5067 5082//5082 5068//5068
f 5068//5068 5082//5082 5083//5083
f 5068//5068 5083//5083 5069//5069
f 5069//5069 5083//5083 5084//5084
f 5069//5069 5084//5084 5070//5070
f 5070//5070 5084//5084 5085//5085
f 5070//5070 5085//5085 5071//5071
f 5071//5071 5085//5085 5086//5086
f 5071//5071 5086//5086 5072//5072
f 5072//5072 5086//5086 5087//5087
f 5072//5072 5087//5087 5073//5073
f 5073//5073 5087//5087 5088//5088
f 5073//5073 5088//5088 5074//5074
f 5074//5074 5088//5088 5089//5089
f 5074//5074 5089//5089 5075//5075
f 5075//5075 5089//5089 5090//5090
f 5075//5075 5090//5090 5076//5076
f 5076//5076 5090//5090 5091//5091
f 5076//5076 5091//5091 5077//5077
f 5077//5077 5091//5091 5092//5092
f 5077//5077 5092//5092 5078//5078
f 5078//5078 5092//5092 5093//5093
f 5078//5078 5093//5093 5079//5079
f 5079//5079 5093//5093 5094//5094
f 5079//5079 5094//5094 5060//5060
f 5060//5060 5094//5094 5095//5095
f 5060//5060 5095//5095 5061//5061
f 5061//5061 5095//5095 5096//5096
f 5061//5061 5096//5096 5062//5062
f 5062//5062 5096//5096 5097//5097
f 5062//5062 5097//5097 5063//5063
f 5063//5063 5097//5097 5098//5098
f 5063//5063 5098//5098 5064//5064
f 5064//5064 5098//5098 5099//5099
f 5064//5064 5099//5099 5065//5065
f 5065//5065 5099//5099 5080//5080
f 5088//5088 5100//5100 5089//5089
f 5089//5089 5100//5100 5101//5101
f 5089//5089 5101//5101 5090//5090
f 5090//5090 5101//5101 5102//5102
f 5090//5090 5102//5102 5091//5091
f 5091//5091 5102//5102 5103//5103
f 5091//5091 5103//5103 5092//5092
f 5092//5092 5103//5103 5104//5104
f 5092//5092 5104//5104 5093//5093
f 5093//5093 5104//5104 5105//5105
f 5093//5093 5105//5105 5094//5094
f 5094//5094 5105//5105 5106//5106
f 5094//5094 5106//5106 5095//5095
f 5095//5095 5106//5106 5107//5107
f 5095//5095 5107//5107 5096//5096
f 5082//5082 5108//5108 5083//5083
f 5083//5083 5108//5108 5109//5109
f 5083//5083 5109//5109 5084//5084
f 5084//5084 5109//5109 5110//5110
f 5084//5084 5110//5110 5085//5085
f 5085//5085 5110//5110 5111//5111
f 5085//5085 5111//5111 5086//5086
f 5086//5086 5111//5111 5112//5112
f 5086//5086 5112//5112 5087//5087
f 5087//5087 5112//5112 5113//5113
f 5087//5087 5113//5113 5088//5088
f 5088//5088 5113//5113 5114//5114
f 5088//5088 5114//5114 5100//5100
f 5107//5107 5115//5115 5096//5096
f 5096//5096 5115//5115 5116//5116
f 5096//5096 5116//5116 5097//5097
f 5097//5097 5116//5116 5117//5117
f 5097//5097 5117//5117 5098//5098
f 5098//5098 5117//5117 5118//5118
f 5098//5098 5118//5118 5099//5099
f 5099//5099 5118//5118 5119//5119
f 5099//5099 5119//5119 5080//5080
f 5080//5080 5119//5119 5120//5120
f 5080//5080 5120//5120 5081//5081
f 5081//5081 5120//5120 5121//5121
f 5081//5081 5121//5121 5082//5082
f 5082//5082 5121//5121 5122//5122
f 5082//5082 5122//5122 5108//5108
f 5119//5119 5038//5038 5120//5120
f 5120//5120 5038//5038 5036//5036
f 5120//5120 5036//5036 5121//5121
f 5121//5121 5036//5036 5035//5035
f 5121//5121 5035//5035 5122//5122
f 5122//5122 5035//5035 5033//5033
f 5122//5122 5033//5033 5108//5108
f 5108//5108 5033//5033 5031//5031
f 5108//5108 5031//5031 5109//5109
f 5109//5109 5031//5031 5029//5029
f 5109//5109 5029//5029 5110//5110
f 5110//5110 5029//5029 5027//5027
f 5110//5110 5027//5027 5111//5111
f 5111//5111 5027//5027 5026//5026
f 5111//5111 5026//5026 5112//5112
f 5112//5112 5026//5026 5006//5006
f 5112//5112 5006//5006 5113//5113
f 5113//5113 5006//5006 5004//5004
f 5113//5113 5004//5004 5114//5114
f 5114//5114 5004//5004 5002//5002
f 5114//5114 5002//5002 5100//5100
f 5100//5100 5002//5002 5016//5016
f 5100//5100 5016//5016 5101//5101
f 5101//5101 5016//5016 5015//5015
f 5101//5101 5015//5015 5102//5102
f 5102//5102 5015//5015 5013//5013
f 5102//5102 5013//5013 5103//5103
f 5103//5103 5013//5013 5011//5011
f 5103//5103 5011//5011 5104//5104
f 5104//5104 5011//5011 5009//5009
f 5104//5104 5009//5009 5105//5105
f 5105//5105 5009//5009 5025//5025
f 5105//5105 5025//5025 5106//5106
f 5106//5106 5025//5025 5024//5024
f 5106//5106 5024//5024 5107//5107
f 5107//5107 5024//5024 5022//5022
f 5107//5107 5022//5022 5115//5115
f 5115//5115 5022//5022 5020//5020
f 5115//5115 5020//5020 5116//5116
f 5116//5116 5020//5020 5018//5018
f 5116//5116 5018//5018 5117//5117
f 5117//5117 5018//5018 5041//5041
f 5117//5117 5041//5041 5118//5118
f 5118//5118 5041//5041 5040//5040
f 5118//5118 5040//5040 5119//5119
f 5119//5119 5040//5040 5038//5038
f 5123//5123 5124//5124 5125//5125
f 5125//5125 5124//5124 5126//5126
f 5123//5123 5125//5125 5127//5127
f 5127//5127 5125//5125 5128//5128
f 5127//5127 5128//5128 5129//5129
f 5130//5130 5131//5131 5128//5128
f 5128//5128 5131//5131 5132//5132
f 5128//5128 5132//5132 5129//5129
f 5133//5133 5134//5134 5130//5130
f 5130//5130 5134//5134 5135//5135
f 5130//5130 5135//5135 5131//5131
f 5136//5136 5137//5137 5138//5138
f 5138//5138 5137//5137 5139//5139
f 5138//5138 5139//5139 5133//5133
f 5133//5133 5139//5139 5140//5140
f 5133//5133 5140//5140 5134//5134
f 5136//5136 5138//5138 5141//5141
f 5141//5141 5138//5138 5142//5142
f 5141//5141 5142//5142 5143//5143
f 5143//5143 5142//5142 5144//5144
f 5144//5144 5142//5142 5145//5145
f 5144//5144 5145//5145 5146//5146
f 5146//5146 5145//5145 5147//5147
f 5147//5147 5145//5145 5148//5148
f 5147//5147 5148//5148 5149//5149
f 5150//5150 5151//5151 5148//5148
f 5148//5148 5151//5151 5152//5152
f 5148//5148 5152//5152 5149//5149
f 5153//5153 5154//5154 5150//5150
f 5150//5150 5154//5154 5155//5155
f 5150//5150 5155//5155 5151//5151
f 5156//5156 5157//5157 5153//5153
f 5153//5153 5157//5157 5158//5158
f 5153//5153 5158//5158 5154//5154
f 5159//5159 5160//5160 5161//5161
f 5161//5161 5160//5160 5162//5162
f 5161//5161 5162//5162 5156//5156
f 5156//5156 5162//5162 5163//5163
f 5156//5156 5163//5163 5157//5157
f 5164//5164 5165//5165 5166//5166
f 5166//5166 5165//5165 5167//5167
f 5166//5166 5167//5167 5161//5161
f 5161//5161 5167//5167 5168//5168
f 5161//5161 5168//5168 5159//5159
f 5169//5169 5170//5170 5171//5171
f 5171//5171 5170//5170 5172//5172
f 5171//5171 5172//5172 5164//5164
f 5164//5164 5172//5172 5173//5173
f 5164//5164 5173//5173 5165//5165
f 5174//5174 5175//5175 5176//5176
f 5176//5176 5175//5175 5177//5177
f 5176//5176 5177//5177 5171//5171
f 5171//5171 5177//5177 5178//5178
f 5171//5171 5178//5178 5169//5169
f 5179//5179 5180//5180 5181//5181
f 5181//5181 5180//5180 5182//5182
f 5181//5181 5182//5182 5174//5174
f 5174//5174 5182//5182 5183//5183
f 5174//5174 5183//5183 5175//5175
f 5124//5124 5184//5184 5126//5126
f 5126//5126 5184//5184 5185//5185
f 5126//5126 5185//5185 5186//5186
f 5186//5186 5185//5185 5187//5187
f 5186//5186 5187//5187 5181//5181
f 5181//5181 5187//5187 5188//5188
f 5181//5181 5188//5188 5179//5179
f 5143//5143 5144//5144 5189//5189
f 5155//5155 5190//5190 5151//5151
f 5151//5151 5190//5190 5191//5191
f 5151//5151 5191//5191 5152//5152
f 5152//5152 5191//5191 5192//5192
f 5152//5152 5192//5192 5149//5149
f 5149//5149 5192//5192 5193//5193
f 5149//5149 5193//5193 5147//5147
f 5189//5189 5144//5144 5193//5193
f 5193//5193 5144//5144 5146//5146
f 5193//5193 5146//5146 5147//5147
f 5143//5143 5189//5189 5141//5141
f 5141//5141 5189//5189 5194//5194
f 5141//5141 5194//5194 5136//5136
f 5136//5136 5194//5194 5195//5195
f 5136//5136 5195//5195 5137//5137
f 5137//5137 5195//5195 5196//5196
f 5137//5137 5196//5196 5139//5139
f 5197//5197 5134//5134 5196//5196
f 5196//5196 5134//5134 5140//5140
f 5196//5196 5140//5140 5139//5139
f 5123//5123 5127//5127 5198//5198
f 5198//5198 5127//5127 5129//5129
f 5198//5198 5129//5129 5199//5199
f 5199//5199 5129//5129 5132//5132
f 5199//5199 5132//5132 5200//5200
f 5200//5200 5132//5132 5131//5131
f 5200//5200 5131//5131 5197//5197
f 5197//5197 5131//5131 5135//5135
f 5197//5197 5135//5135 5134//5134
f 5123//5123 5198//5198 5124//5124
f 5124//5124 5198//5198 5201//5201
f 5124//5124 5201//5201 5184//5184
f 5184//5184 5201//5201 5202//5202
f 5184//5184 5202//5202 5185//5185
f 5185//5185 5202//5202 5203//5203
f 5185//5185 5203//5203 5187//5187
f 5187//5187 5203//5203 5204//5204
f 5187//5187 5204//5204 5188//5188
f 5188//5188 5204//5204 5205//5205
f 5188//5188 5205//5205 5179//5179
f 5206//5206 5183//5183 5207//5207
f 5207//5207 5183//5183 5182//5182
f 5207//5207 5182//5182 5205//5205
f 5205//5205 5182//5182 5180//5180
f 5205//5205 5180//5180 5179//5179
f 5170//5170 5169//5169 5208//5208
f 5208//5208 5169//5169 5178//5178
f 5208//5208 5178//5178 5209//5209
f 5209//5209 5178//5178 5177//5177
f 5209//5209 5177//5177 5206//5206
f 5206//5206 5177//5177 5175//5175
f 5206//5206 5175//5175 5183//5183
f 5170//5170 5208//5208 5172//5172
f 5172//5172 5208//5208 5210//5210
f 5172//5172 5210//5210 5173//5173
f 5173//5173 5210//5210 5211//5211
f 5173//5173 5211//5211 5165//5165
f 5165//5165 5211//5211 5167//5167
f 5167//5167 5211//5211 5212//5212
f 5167//5167 5212//5212 5168//5168
f 5168//5168 5212//5212 5213//5213
f 5168//5168 5213//5213 5159//5159
f 5155//5155 5154//5154 5190//5190
f 5190//5190 5154//5154 5158//5158
f 5190//5190 5158//5158 5214//5214
f 5214//5214 5158//5158 5157//5157
f 5214//5214 5157//5157 5215//5215
f 5215//5215 5157//5157 5163//5163
f 5215//5215 5163//5163 5216//5216
f 5216//5216 5163//5163 5162//5162
f 5216//5216 5162//5162 5213//5213
f 5213//5213 5162//5162 5160//5160
f 5213//5213 5160//5160 5159//5159
f 5189//5189 5193//5193 5217//5217
f 5193//5193 5192//5192 5217//5217
f 5217//5217 5192//5192 5191//5191
f 5217//5217 5191//5191 5218//5218
f 5218//5218 5191//5191 5190//5190
f 5218//5218 5190//5190 5214//5214
f 5219//5219 5202//5202 5201//5201
f 5214//5214 5215//5215 5218//5218
f 5218//5218 5215//5215 5216//5216
f 5218//5218 5216//5216 5220//5220
f 5220//5220 5216//5216 5213//5213
f 5220//5220 5213//5213 5212//5212
f 5197//5197 5196//5196 5221//5221
f 5221//5221 5196//5196 5195//5195
f 5221//5221 5195//5195 5217//5217
f 5217//5217 5195//5195 5194//5194
f 5217//5217 5194//5194 5189//5189
f 5201//5201 5198//5198 5219//5219
f 5219//5219 5198//5198 5199//5199
f 5219//5219 5199//5199 5221//5221
f 5221//5221 5199//5199 5200//5200
f 5221//5221 5200//5200 5197//5197
f 5209//5209 5206//5206 5222//5222
f 5222//5222 5206//5206 5207//5207
f 5207//5207 5205//5205 5222//5222
f 5222//5222 5205//5205 5204//5204
f 5222//5222 5204//5204 5219//5219
f 5219//5219 5204//5204 5203//5203
f 5219//5219 5203//5203 5202//5202
f 5212//5212 5211//5211 5220//5220
f 5220//5220 5211//5211 5210//5210
f 5220//5220 5210//5210 5222//5222
f 5222//5222 5210//5210 5208//5208
f 5222//5222 5208//5208 5209//5209
f 5126//5126 5186//5186 5223//5223
f 5126//5126 5223//5223 5125//5125
f 5133//5133 5130//5130 5223//5223
f 5223//5223 5130//5130 5128//5128
f 5223//5223 5128//5128 5125//5125
f 5145//5145 5142//5142 5223//5223
f 5223//5223 5142//5142 5138//5138
f 5223//5223 5138//5138 5133//5133
f 5153//5153 5150//5150 5223//5223
f 5223//5223 5150//5150 5148//5148
f 5223//5223 5148//5148 5145//5145
f 5166//5166 5161//5161 5223//5223
f 5223//5223 5161//5161 5156//5156
f 5223//5223 5156//5156 5153//5153
f 5176//5176 5171//5171 5223//5223
f 5223//5223 5171//5171 5164//5164
f 5223//5223 5164//5164 5166//5166
f 5186//5186 5181//5181 5223//5223
f 5223//5223 5181//5181 5174//5174
f 5223//5223 5174//5174 5176//5176
f 5224//5224 5225//5225 5219//5219
f 5219//5219 5225//5225 5222//5222
f 5225//5225 5226//5226 5222//5222
f 5222//5222 5226//5226 5220//5220
f 5226//5226 5227//5227 5220//5220
f 5220//5220 5227//5227 5218//5218
f 5227//5227 5228//5228 5218//5218
f 5218//5218 5228//5228 5217//5217
f 5228//5228 5229//5229 5217//5217
f 5217//5217 5229//5229 5221//5221
f 5229//5229 5224//5224 5221//5221
f 5221//5221 5224//5224 5219//5219
f 5229//5229 5228//5228 5224//5224
f 5224//5224 5228//5228 5227//5227
f 5224//5224 5227//5227 5225//5225
f 5225//5225 5227//5227 5226//5226
# 10364 faces, 0 coords texture

# End of File
