####
#
# OBJ File Generated by Meshlab
#
####
# Object right_elbow_pitch.OBJ
#
# Vertices: 2812
# Faces: 5640
#
####
vn -3.3485725602822192 2.8053732210089892 -2.2242718305500873
v 0.0123588005080819 -0.0018735143821687 -0.1601258516311646
vn 0.1674857572944153 5.4077678353805174 -3.3512806211197614
v 0.0122875189408660 -0.0022949674166739 -0.1606750041246414
vn -3.4505897738061044 -0.0047399176276510 0.0168334755204584
v 0.0125000001862645 0.0000000000000000 -0.1446499973535538
vn 0.0872492514535349 3.2945486794196461 -5.2595905792562636
v 0.0124295763671398 -0.0013249999610707 -0.1597050279378891
vn -3.4493264118330353 0.0181405980151449 0.0480180993892121
v 0.0125000001862645 0.0000000000000000 -0.1646499931812286
vn -3.1002118036967188 -0.2396523439732765 2.8733074177378679
v 0.0124650476500392 0.0009341261466034 -0.1720000058412552
vn -3.0273778732845233 0.7056551060709906 2.8641770557298525
v 0.0121865989640355 -0.0027815117500722 -0.1720000058412552
vn -3.3929523477805477 1.0332092182972381 3.1277460703567512
v 0.0124810226261616 -0.0006885229959153 -0.1645589917898178
vn 0.0339613540393715 3.1873620875047610 5.1872294914317427
v 0.0124295763671398 -0.0013249999610707 -0.1642949730157852
vn -3.3571114281064776 2.7594040441432890 2.1950748369808979
v 0.0123587669804692 -0.0018737321952358 -0.1638739407062531
vn 0.0998251035255268 5.1174245223388910 3.1940019041511176
v 0.0122875189408660 -0.0022949674166739 -0.1633249968290329
vn 0.1175053855875206 5.1859445569120561 3.2585653286016814
v 0.0122875189408660 -0.0022949674166739 -0.1433250010013580
vn -3.3579326209594660 2.7548697058864535 2.1876730057775062
v 0.0123587669804692 -0.0018737321952358 -0.1438739299774170
vn -0.0841905256647837 5.9294779816937213 0.0024791745940559
v 0.0122158704325557 -0.0026499999221414 -0.1620000004768372
vn 0.4627133146974511 7.0995858440777830 -1.7721368733922893
v 0.0122351245954633 -0.0025596360210329 -0.1613138765096664
vn -3.3947982177110743 1.0318643085275327 3.0783084462590065
v 0.0124810226261616 -0.0006885229959153 -0.1445589959621429
vn -3.3774878789649190 1.9738934178357936 2.7214139129497359
v 0.0124295763671398 -0.0013249999610707 -0.1442949622869492
vn -0.0281313252004699 5.8976034619981101 1.5928811269245191
v 0.0122351143509150 -0.0025596832856536 -0.1426859498023987
vn -0.0505762990281365 5.8154265966594423 1.5752769417669490
v 0.0122351143509150 -0.0025596832856536 -0.1626859456300735
vn 0.0005933092673466 6.0196107440824989 -1.6130705051186920
v 0.0122351245954633 -0.0025596360210329 -0.1413138806819916
vn -0.0780845140806059 5.9431422086869361 -0.0012642521806757
v 0.0122158704325557 -0.0026499999221414 -0.1420000046491623
vn -3.0270304659977718 0.7094152810286219 3.4150166283900893
v 0.0121865989640355 -0.0027815117500722 -0.1319999992847443
vn -3.3413311747183312 3.3316190317927923 -1.5266672983027454
v 0.0122875189408660 -0.0022949674166739 -0.1406749933958054
vn -3.3570633470712044 2.7592505439171857 -2.1952243322045684
v 0.0123588005080819 -0.0018735143821687 -0.1401258558034897
vn 0.0864579655032042 3.2854982521988467 -5.2720730802244837
v 0.0124295763671398 -0.0013249999610707 -0.1397050321102142
vn -3.3929272789643798 1.0497436351796843 -3.0947946282303840
v 0.0124810962006450 -0.0006871908553876 -0.1394406557083130
vn -3.0989539832394022 -0.2503500948923611 3.4150406345678368
v 0.0124650476500392 0.0009341261466034 -0.1319999992847443
vn -3.3200898337070424 -3.4269471853275526 -1.5794674325389610
v 0.0122875189408660 0.0022949674166739 -0.1406749933958054
vn -3.3411721477683023 -2.8352790940708901 -2.2779472503506031
v 0.0123588088899851 0.0018734586192295 -0.1401257961988449
vn -2.8912839074759953 -1.1368283344791132 3.4329556972508697
v 0.0116359218955040 0.0045667625963688 -0.1319999992847443
vn -3.4504872050419704 -0.0084427048129780 -0.0153356138890541
v 0.0125000001862645 0.0000000000000000 -0.1393499970436096
vn -3.3689464371135500 -1.3233981254511877 -3.0848751852943339
v 0.0124650476500392 0.0009341261466034 -0.1395200937986374
vn -3.3139651061707873 -2.1142252961809183 -2.8212289449089303
v 0.0124295298010111 0.0013254386140034 -0.1397052854299545
vn 0.0363571912364383 -6.1678438582384727 -1.6404509689832714
v 0.0122351562604308 0.0025594811886549 -0.1413132995367050
vn 0.0532804991474436 -6.4265626734067620 -0.0006016020000063
v 0.0122158704325557 0.0026499999221414 -0.1420000046491623
vn 0.0194161113782898 -6.1020129123454785 -1.6242327850007010
v 0.0122351562604308 0.0025594811886549 -0.1613132953643799
vn -0.0012426328224869 -6.0111276790313219 1.6133069251606331
v 0.0122351916506886 0.0025593116879463 -0.1426873356103897
vn 0.1300752402154692 -5.2458578361620791 -3.2801173568675099
v 0.0122875189408660 0.0022949674166739 -0.1606750041246414
vn 0.1302784738930549 -5.2463940871334103 3.2803851157303612
v 0.0122875189408660 0.0022949674166739 -0.1433250010013580
vn -3.3582252287672243 -2.7533616139544574 2.1837924986185149
v 0.0123587120324373 0.0018740972736850 -0.1438735723495483
vn -3.3581653401314049 -2.7530146377546707 -2.1840884767108033
v 0.0123588088899851 0.0018734586192295 -0.1601257920265198
vn -3.3288907953357723 -2.0417000028183825 2.6729941821458376
v 0.0124295763671398 0.0013249999610707 -0.1442949622869492
vn -3.3949511707878299 1.0340491425108014 -3.0552016005164910
v 0.0124810962006450 -0.0006871908553876 -0.1594406515359879
vn -3.4508552524505598 -0.0186643244371701 0.0000000000000000
v 0.0125000001862645 0.0000000000000000 -0.1593499928712845
vn -3.3812524781550963 -1.2231997499305218 3.0015750685360021
v 0.0124650476500392 0.0009341261466034 -0.1444799005985260
vn -3.3812400781010243 -1.2233867583254150 -3.0015345173250934
v 0.0124650476500392 0.0009341261466034 -0.1595201045274734
vn -3.3287943475695001 -2.0417251559996119 -2.6729821024194473
v 0.0124295298010111 0.0013254386140034 -0.1597052812576294
vn 0.0332823394400032 -6.1537950607268783 1.6387722912103198
v 0.0122351916506886 0.0025593116879463 -0.1626873314380646
vn 0.0514010918214395 -6.4203678698113009 0.0018098694417023
v 0.0122158704325557 0.0026499999221414 -0.1620000004768372
vn -2.8900207537674398 -1.1422815282623775 2.8553945277453874
v 0.0116359218955040 0.0045667625963688 -0.1720000058412552
vn 0.1499188224268448 -5.3346236731066972 3.3262514707899409
v 0.0122875189408660 0.0022949674166739 -0.1633249968290329
vn -3.3412309491261256 -2.8356574385867042 2.2775973546737083
v 0.0123587120324373 0.0018740972736850 -0.1638735681772232
vn 0.1688600042473972 -3.3705135735209546 5.2539943784669241
v 0.0124295763671398 0.0013249999610707 -0.1642949730157852
vn -3.3812213087091911 -1.2231509184360048 3.0015981735969466
v 0.0124650476500392 0.0009341261466034 -0.1644798964262009
vn -2.4287623700689833 -1.9368732629568697 3.4407921590099835
v 0.0097728939726949 0.0077936225570738 -0.1319999992847443
vn -2.4287623700689829 -1.9368732629568695 2.8423931481696028
v 0.0097728939726949 0.0077936225570738 -0.1720000058412552
vn -1.7499557128283370 -2.5667138687218136 3.4407918883236848
v 0.0070415008813143 0.0103279845789075 -0.1319999992847443
vn -1.7499557128283367 -2.5667138687218141 2.8423934188559015
v 0.0070415008813143 0.0103279845789075 -0.1720000058412552
vn -0.9156581210313606 -2.9684904099640956 3.4407918691356922
v 0.0036844396963716 0.0119446599856019 -0.1319999992847443
vn -0.9156581210313440 -2.9684904099640974 2.8423934380438842
v 0.0036844396963716 0.0119446599856019 -0.1720000058412552
vn 0.0000000000001117 -3.1065036256943559 3.4407920975261455
v -0.0000000000000009 0.0125000001862645 -0.1319999992847443
vn 0.0000000000001484 -3.1065036256943559 0.0000000000000015
v -0.0000000000000012 0.0125000001862645 -0.1720000058412552
vn 0.9156581210314740 -2.9684904099640774 3.4407918691356181
v -0.0036844396963716 0.0119446599856019 -0.1319999992847443
vn 0.9156581210314907 -2.9684904099640761 2.8423934380439779
v -0.0036844396963716 0.0119446599856019 -0.1720000058412552
vn 1.7499557128283370 -2.5667138687218141 3.4407918883236848
v -0.0070415008813143 0.0103279845789075 -0.1319999992847443
vn 1.7499557128283370 -2.5667138687218136 2.8423934188559015
v -0.0070415008813143 0.0103279845789075 -0.1720000058412552
vn 2.4287623700689829 -1.9368732629568695 3.4407921590099839
v -0.0097728939726949 0.0077936225570738 -0.1319999992847443
vn 2.4287623700689833 -1.9368732629568699 2.8423931481696032
v -0.0097728939726949 0.0077936225570738 -0.1720000058412552
vn 2.8917627884704116 -1.1349331331956376 3.4407917777347592
v -0.0116359218955040 0.0045667625963688 -0.1319999992847443
vn 2.8917627884704107 -1.1349331331956374 2.8423935294448270
v -0.0116359218955040 0.0045667625963688 -0.1720000058412552
vn 3.0978172238854853 -0.2321493352048606 3.4407920356617256
v -0.0124650476500392 0.0009341261466034 -0.1319999992847443
vn 3.0978172238854844 -0.2321493352048606 2.8423932715178610
v -0.0124650476500392 0.0009341261466034 -0.1720000058412552
vn 3.0286170872756735 0.6912622367685382 3.4407919841802710
v -0.0121865989640355 -0.0027815117500722 -0.1319999992847443
vn 3.0286170872756744 0.6912622367685382 2.8423933229993152
v -0.0121865989640355 -0.0027815117500722 -0.1720000058412552
vn 2.6903111339170449 1.5532518156903841 3.4407918061859775
v -0.0108253173530102 -0.0062500000931323 -0.1319999992847443
vn 2.6903111339170458 1.5532518156903850 2.8423935009936088
v -0.0108253173530102 -0.0062500000931323 -0.1720000058412552
vn 2.1129589729557741 2.2772283602302932 3.4407922009393959
v -0.0085021592676640 -0.0091631487011909 -0.1319999992847443
vn 2.1129589729557732 2.2772283602302923 2.8423931062401908
v -0.0085021592676640 -0.0091631487011909 -0.1720000058412552
vn 1.3478614751960751 2.7988631473108736 3.4407916181774514
v -0.0054235467687249 -0.0112621104344726 -0.1319999992847443
vn 1.3478614751960754 2.7988631473108736 2.8423936890021348
v -0.0054235467687249 -0.0112621104344726 -0.1720000058412552
vn 0.4630006068029022 3.0718064994361356 3.4407921281706431
v -0.0018630282720551 -0.0123603856191039 -0.1319999992847443
vn 0.4630006068029024 3.0718064994361352 2.8423931790089441
v -0.0018630282720551 -0.0123603856191039 -0.1720000058412552
vn -0.4630006068029024 3.0718064994361352 3.4407921281706426
v 0.0018630282720551 -0.0123603856191039 -0.1319999992847443
vn -0.4630006068029022 3.0718064994361356 2.8423931790089441
v 0.0018630282720551 -0.0123603856191039 -0.1720000058412552
vn -1.3478614751960751 2.7988631473108736 3.4407916181774514
v 0.0054235467687249 -0.0112621104344726 -0.1319999992847443
vn -1.3478614751960751 2.7988631473108736 2.8423936890021348
v 0.0054235467687249 -0.0112621104344726 -0.1720000058412552
vn -2.1129589729557732 2.2772283602302923 3.4407922009393959
v 0.0085021592676640 -0.0091631487011909 -0.1319999992847443
vn -2.1129589729557745 2.2772283602302932 2.8423931062401904
v 0.0085021592676640 -0.0091631487011909 -0.1720000058412552
vn -2.6903111339170458 1.5532518156903850 3.4407918061859775
v 0.0108253173530102 -0.0062500000931323 -0.1319999992847443
vn -2.6903111339170449 1.5532518156903841 2.8423935009936088
v 0.0108253173530102 -0.0062500000931323 -0.1720000058412552
vn 0.0000000000000000 0.0000000000000000 6.2831853071795853
v -0.0000000000000012 0.0000000000000000 -0.1720000058412552
vn 0.0000000000000000 0.0000000000000000 2.8423932096534390
v -0.0000000000000012 0.0125000001862645 -0.1720000058412552
vn 4.6120923428411800 -2.1470071279471279 2.5703530658476494
v 0.0148301022127271 -0.0072331237606704 -0.1669450551271439
vn 4.3970018611059700 -2.5386116705288329 2.5422806869139638
v 0.0142894191667438 -0.0082499999552965 -0.1669450551271439
vn 3.7090140249462196 -1.8029902569669272 4.6972375042722376
v 0.0177198648452759 -0.0086425552144647 -0.1693877726793289
vn 5.0175460140787536 -0.8528869421835215 2.6007392324906258
v 0.0162493288516998 -0.0028651950415224 -0.1669450551271439
vn 4.9192140323284068 -1.2528681000886410 2.5583783771564703
v 0.0159377753734589 -0.0042705144733191 -0.1669450551271439
vn 4.0615720397160198 -0.7110941583276282 4.6977295775912964
v 0.0194156393408775 -0.0034235010389239 -0.1693877726793289
vn 5.0516711688350426 0.6195711166912070 2.6591506442986188
v 0.0164096113294363 0.0017247196519747 -0.1669450551271439
vn 5.0755960957498010 0.0886026251461529 2.5441411748811653
v 0.0164999999105930 -0.0000000000000000 -0.1669450551271439
vn 4.0990453699952685 0.4347698156560090 4.6986776655434390
v 0.0196071546524763 0.0020607949700207 -0.1693877726793289
vn 4.7172774315123238 1.9302121702520876 2.5829457206230093
v 0.0152985332533717 0.0061810086481273 -0.1669450551271439
vn 4.8801641492267631 1.3813716867810331 2.5973893345909493
v 0.0159377753734589 0.0042705144733191 -0.1669450551271439
vn 3.8193323663551171 1.5455241818799219 4.7000017985190841
v 0.0182795748114586 0.0073854275979102 -0.1693877726793289
vn -1.8056073988327521 4.7596006460210054 2.5744068440582306
v -0.0056433323770761 0.0155049283057451 -0.1669450551271439
vn -1.3572653891668462 4.8922272105597395 2.5424397136813699
v -0.0042705144733191 0.0159377753734589 -0.1669450551271439
vn -1.4149603490956366 3.8729718202814496 4.6977294048996381
v -0.0067429803311825 0.0185261871665716 -0.1693877726793289
vn -3.0308564592649945 4.0939466430971221 2.5786028576730660
v -0.0096984570845962 0.0133487805724144 -0.1669450551271439
vn -2.6153436821401508 4.3508442151925451 2.5429057733119684
v -0.0082499999552965 0.0142894191667438 -0.1669450551271439
vn -2.4260439512145036 3.3324926137222342 4.6986779913178349
v -0.0115882782265544 0.0159498956054449 -0.1693877726793289
vn -4.0302522202694382 3.1201756355584092 2.5829455117633056
v -0.0130021777004004 0.0101584140211344 -0.1669450551271439
vn -3.6824125190201533 3.4928305057547946 2.5436461648235702
v -0.0116672618314624 0.0116672618314624 -0.1669450551271439
vn -3.2481295554311012 2.5348767024822432 4.7000018621873281
v -0.0155357550829649 0.0121378619223833 -0.1693877726793289
vn -3.2191306333745446 -3.9435025457283110 2.5744062262282070
v -0.0106059955433011 -0.0126397330313921 -0.1669450551271439
vn -3.5581587818513603 -3.6215416731722296 2.5424398565303417
v -0.0116672618314624 -0.0116672618314624 -0.1669450551271439
vn -2.6466118660447826 -3.1618776177644090 4.6977295580981098
v -0.0126726580783725 -0.0151026854291558 -0.1693877726793289
vn -2.0300335657213315 -4.6717713457902876 2.5786025700628037
v -0.0067111547105014 -0.0150734996423125 -0.1669450551271439
vn -2.4602673801861945 -4.4403772085697586 2.5429057269286734
v -0.0082499999552965 -0.0142894191667438 -0.1669450551271439
vn -1.6730015217583614 -3.7672617406133155 4.6986782159003289
v -0.0080188764259219 -0.0180106908082962 -0.1693877726793289
vn 0.8177741422103592 -0.2657107779431491 -6.2068147834468812
v 0.0038315013516694 -0.0012449303176254 -0.2217282652854919
vn 1.6017610598573433 -0.5204438724792937 -6.0320978876884102
v 0.0075935926288366 -0.0024673077277839 -0.2209179848432541
vn 0.7728358855982220 -0.3769372036654265 -6.2068147482912881
v 0.0036209528334439 -0.0017660566372797 -0.2217282652854919
vn -0.7972470584378641 0.3221087426314340 -6.2068147538624743
v -0.0037353262305260 0.0015091696986929 -0.2217282652854919
vn -1.5615549175133401 0.6309091898196371 -6.0320978891291466
v -0.0074029844254255 0.0029909999575466 -0.2209179848432541
vn -0.7446593394111174 0.4299293540702121 -6.2068147827704117
v -0.0034889383241534 0.0020143394358456 -0.2217282652854919
vn 0.2370090136166053 -0.8265492222243466 -6.2068147628382047
v 0.0011104544391856 -0.0038726148195565 -0.2217282652854919
vn -0.0000000000001606 -0.0000000027198875 -6.2546364258596832
v -0.0000000000000015 0.0000000000000000 -0.2220000028610229
vn 0.3497359970597229 -0.7855199443956482 -6.2068147664884687
v 0.0016386114293709 -0.0036803814582527 -0.2217282652854919
vn 0.8467953654910497 -0.1493129043671657 -6.2068147876903073
v 0.0039674742147326 -0.0006995727890171 -0.2217282652854919
vn -0.8343171259040327 0.2080184428077558 -6.2068147844092501
v -0.0039090099744499 0.0009746256400831 -0.2217282652854919
vn -1.6341636527471179 0.4074428964102409 -6.0320978492159893
v -0.0077472059056163 0.0019315953832120 -0.2209179848432541
vn -2.4031937370174581 0.5991829683827747 -5.7482576055457386
v -0.0114450557157397 0.0028535728342831 -0.2195838391780853
vn -0.8551481210344666 0.0898797023468428 -6.2068147992112834
v -0.0040066093206406 0.0004211116174702 -0.2217282652854919
vn 1.6586046725465458 -0.2924570469108192 -6.0320978256716398
v 0.0078630754724145 -0.0013864723732695 -0.2209179848432541
vn 2.4391364252482832 -0.4300854848557135 -5.7482577240484112
v 0.0116162309423089 -0.0020482549443841 -0.2195838391780853
vn 0.8593348113166480 -0.0300086101323451 -6.2068147654483719
v 0.0040262248367071 -0.0001405988732586 -0.2217282652854919
vn -1.6749651719096585 0.1760460624418060 -6.0320978268065284
v -0.0079406369477510 0.0008345945389010 -0.2209179848432541
vn -2.4631961625708736 0.2588925156288628 -5.7482576509878651
v -0.0117308134213090 0.0012329581659287 -0.2195838391780853
vn -3.2056050629611552 0.3369229795954787 -5.3608405227006912
v -0.0153084797784686 0.0016089860582724 -0.2177499830722809
vn -0.8593348271026299 -0.0300085773862278 -6.2068147622801728
v -0.0040262248367071 -0.0001405988732586 -0.2217282652854919
vn 1.6831653333586190 -0.0587774363554751 -6.0320978699807153
v 0.0079795122146606 -0.0002786506956909 -0.2209179848432541
vn 2.4752554300821741 -0.0864379107952630 -5.7482574658180452
v 0.0117882452905178 -0.0004116545896977 -0.2195838391780853
vn 3.2212987921128811 -0.1124898658595348 -5.3608407339700230
v 0.0153834261000156 -0.0005372010637075 -0.2177499830722809
vn 0.8551481157209045 0.0898797467012370 -6.2068147993515890
v 0.0040066093206406 0.0004211116174702 -0.2217282652854919
vn -1.6831653057279738 -0.0587775618940354 -6.0320978773176153
v -0.0079795122146606 -0.0002786506956909 -0.2209179848432541
vn -2.4752554157134221 -0.0864376966426362 -5.7482574800693467
v -0.0117882452905178 -0.0004116545896977 -0.2195838391780853
vn -3.2212988359549724 -0.1124901970875623 -5.3608406993889091
v -0.0153834261000156 -0.0005372010637075 -0.2177499830722809
vn -3.9079760573152664 -0.1364693994031565 -4.8772305118222654
v -0.0186999272555113 -0.0006530157988891 -0.2154496610164642
vn -0.8467953726660465 -0.1493129379933983 -6.2068147848963156
v -0.0039674742147326 -0.0006995727890171 -0.2217282652854919
vn 1.6749652061005951 0.1760459491311430 -6.0320978186152203
v 0.0079406369477510 0.0008345945389010 -0.2209179848432541
vn 2.4631961013372172 0.2588926618384280 -5.7482576726962851
v 0.0117308134213090 0.0012329581659287 -0.2195838391780853
vn 3.2056051454142840 0.3369226812037606 -5.3608404911115164
v 0.0153084797784686 0.0016089860582724 -0.2177499830722809
vn 3.8889368737227041 0.4087439251435265 -4.8772309523117920
v 0.0186088215559721 0.0019558661151677 -0.2154496610164642
vn 0.8343171753107006 0.2080184516731884 -6.2068147735658696
v 0.0039090099744499 0.0009746256400831 -0.2217282652854919
vn -1.6586046530425398 -0.2924568927499730 -6.0320978416308666
v -0.0078630754724145 -0.0013864723732695 -0.2209179848432541
vn -2.4391363624481674 -0.4300856497073411 -5.7482577479906762
v -0.0116162309423089 -0.0020482549443841 -0.2195838391780853
vn -3.1742940950012977 -0.5597133398030582 -5.3608403890764809
v -0.0151589522138238 -0.0026729321107268 -0.2177499830722809
vn -3.8509510463517529 -0.6790271547553324 -4.8772308773871691
v -0.0184270571917295 -0.0032491874881089 -0.2154496610164642
vn -4.4571619777524765 -0.7859182042855768 -4.3064905113005389
v -0.0213613454252481 -0.0037665816489607 -0.2127245217561722
vn -0.8177741899003025 -0.2657107912341085 -6.2068147727379657
v -0.0038315013516694 -0.0012449303176254 -0.2217282652854919
vn 1.6341635137074926 0.4074428705245351 -6.0320978972802992
v 0.0077472059056163 0.0019315953832120 -0.2209179848432541
vn 2.4031939367477113 0.5991829333212202 -5.7482575213369920
v 0.0114450557157397 0.0028535728342831 -0.2195838391780853
vn 3.1275175911706685 0.7797775974906613 -5.3608408050176779
v 0.0149355707690120 0.0037238560616970 -0.2177499830722809
vn 3.7942039291173884 0.9460006382287660 -4.8772307093664811
v 0.0181555189192295 0.0045266794040799 -0.2154496610164642
vn 4.3914820133725190 1.0949190543062728 -4.3064899867090451
v 0.0210465677082539 0.0052474983967841 -0.2127245217561722
vn 0.7972470766312260 0.3221087154897725 -6.2068147524116259
v 0.0037353262305260 0.0015091696986929 -0.2217282652854919
vn -1.6017608908602785 -0.5204439041482236 -6.0320979394446539
v -0.0075935926288366 -0.0024673077277839 -0.2209179848432541
vn -2.3555428429187688 -0.7653617152914196 -5.7482575402414522
v -0.0112181212753057 -0.0036449884064496 -0.2195838391780853
vn -3.0655047074709940 -0.9960429280618006 -5.3608405624941069
v -0.0146394260227680 -0.0047566378489137 -0.2177499830722809
vn -3.7189720796534158 -1.2083667757810241 -4.8772304824250297
v -0.0177955273538828 -0.0057821176014841 -0.2154496610164642
vn -4.3044064435376352 -1.3985865287755710 -4.3064906798551528
v -0.0206292513757944 -0.0067028501071036 -0.2127245217561722
vn -4.8115778545627643 -1.5633762344491875 -3.6591536959066673
v -0.0230892635881901 -0.0075021563097835 -0.2096239477396011
vn -0.7728358962838431 -0.3769371562655238 -6.2068147507106506
v -0.0036209528334439 -0.0017660566372797 -0.2217282652854919
vn 1.5615548537628188 0.6309092025626679 -6.0320979087558211
v 0.0074029844254255 0.0029909999575466 -0.2209179848432541
vn 2.2964158542820012 0.9278119953765913 -5.7482575080428013
v 0.0109365331009030 0.0044186459854245 -0.2195838391780853
vn 2.9885568755627978 1.2074554339343628 -5.3608405284640472
v 0.0142719587311149 0.0057662455365062 -0.2177499830722809
vn 3.6256207241598282 1.4648462667589737 -4.8772307015556020
v 0.0173488389700651 0.0070093856193125 -0.2154496610164642
vn 4.1963612141237325 1.6954398796650842 -4.3064902589130778
v 0.0201114322990179 0.0081255463883281 -0.2127245217561722
vn 4.6908019018673581 1.8952065237598257 -3.6591537108024537
v 0.0225096940994263 0.0090945074334741 -0.2096239477396011
vn 0.7446593164885954 0.4299293516613537 -6.2068147873290824
v 0.0034889383241534 0.0020143394358456 -0.2217282652854919
vn -1.5137411030979151 -0.7383006385729851 -6.0320979297572048
v -0.0071763093583286 -0.0035001200158149 -0.2209179848432541
vn -2.2261009145637365 -1.0857418741095908 -5.7482575347515406
v -0.0106016630306840 -0.0051707765087485 -0.2195838391780853
vn -2.8970489038924510 -1.4129857375823722 -5.3608405637084138
v -0.0138349598273635 -0.0067477608099580 -0.2177499830722809
vn -3.5146065590682980 -1.7141885273783803 -4.8772306231374625
v -0.0168176274746656 -0.0082025052979589 -0.2154496610164642
vn -4.0678710533999016 -1.9840330352703361 -4.3064903256387721
v -0.0194956324994564 -0.0095086554065347 -0.2127245217561722
vn -4.5471718834985504 -2.2178038252944017 -3.6591543209606088
v -0.0218204613775015 -0.0106425499543548 -0.2096239477396011
vn -4.9442397134150218 -2.4114658406198215 -2.9469981973738331
v -0.0237499978393316 -0.0115836486220360 -0.2062041014432907
vn -0.7128550282779054 -0.4808269015090569 -6.2068147778097602
v -0.0033399262465537 -0.0022528087720275 -0.2217282652854919
vn 1.4585524147786757 0.8420955882505610 -6.0320979007333007
v 0.0069146724417806 0.0039921877905726 -0.2209179848432541
vn 2.1449406159508242 1.2383822555872386 -5.7482575268728002
v 0.0102151427417994 0.0058977152220905 -0.2195838391780853
vn 2.7914272614148326 1.6116315079619548 -5.3608404943560020
v 0.0133305583149195 0.0076964013278484 -0.2177499830722809
vn 3.3864689708822442 1.9551796913697219 -4.8772310984116629
v 0.0162044819444418 0.0093556623905897 -0.2154496610164642
vn 3.9195620153576054 2.2629607598792822 -4.3064905311797537
v 0.0187848526984453 0.0108454395085573 -0.2127245217561722
vn 4.3813891855828935 2.5295961217049574 -3.6591535962514685
v 0.0210249219089746 0.0121387438848615 -0.2096239477396011
vn 4.7639797722566595 2.7504850055039674 -2.9469984360193315
v 0.0228841099888086 0.0132121471688151 -0.2062041014432907
vn 0.6775778893223676 0.5293817375926361 -6.2068147753356211
v 0.0031746423337609 0.0024803024716675 -0.2217282652854919
vn -1.3962577964842877 -0.9417878981236973 -6.0320978431673762
v -0.0066193477250636 -0.0044648065231740 -0.2209179848432541
vn -2.0533304551816576 -1.3849891430483314 -5.7482575020717448
v -0.0097788553684950 -0.0065959212370217 -0.2195838391780853
vn -2.6722058815831242 -1.8024256427753760 -5.3608404951343198
v -0.0127612119540572 -0.0086075458675623 -0.2177499830722809
vn -3.2418336449813148 -2.1866449083051731 -4.8772308472470476
v -0.0155123909935355 -0.0104632396250963 -0.2154496610164642
vn -3.7521580997438257 -2.5308631819014238 -4.3064905968785290
v -0.0179825536906719 -0.0121293850243092 -0.2127245217561722
vn -4.1942600833140560 -2.8290642522933807 -3.6591545713096005
v -0.0201269499957561 -0.0135757988318801 -0.2096239477396011
vn -4.5605109234065928 -3.0761030889170531 -2.9469983129031769
v -0.0219067335128784 -0.0147762782871723 -0.2062041014432907
vn -4.8446497190422244 -3.2677573512841986 -2.1828306408686311
v -0.0232896618545055 -0.0157090742141008 -0.2025269418954849
vn -0.6389995104812953 -0.5753577141165663 -6.2068147656436148
v -0.0029938919469714 -0.0026957124937326 -0.2217282652854919
vn 1.3271608056787441 1.0368917664791162 -6.0320978490302117
v 0.0062917741015553 0.0049156728200614 -0.2209179848432541
vn 1.9517166721267716 1.5248483262041481 -5.7482576069749030
v 0.0092949261888862 0.0072619919665158 -0.2195838391780853
vn 2.5399658409747543 1.9844382801019087 -5.3608405353260169
v 0.0121296942234039 0.0094767557457089 -0.2177499830722809
vn 3.0814047398550990 2.4074566417240573 -4.8772305406639758
v 0.0147447250783443 0.0115198418498039 -0.2154496610164642
vn 3.5664741679551302 2.7864353175170322 -4.3064907582715737
v 0.0170926451683044 0.0133542381227016 -0.2127245217561722
vn 3.9866981691706114 3.1147498952940591 -3.6591538829460686
v 0.0191309209913015 0.0149467140436172 -0.2096239477396011
vn 4.3348236344593269 3.3867355017943219 -2.9469986459049617
v 0.0208226274698973 0.0162684191018343 -0.2062041014432907
vn 4.6049008438853818 3.5977433068046478 -2.1828311980755601
v 0.0221371185034513 0.0172954127192497 -0.2025269418954849
vn 0.5973080185609003 0.6185305778426686 -6.2068147493403778
v 0.0027985556516796 0.0028979892376810 -0.2217282652854919
vn -1.2515979473756464 -1.1269439537359922 -6.0320979366842060
v -0.0059335473924875 -0.0053425901569426 -0.2209179848432541
vn -1.8405942222425602 -1.6572788652144268 -5.7482576343691862
v -0.0087657133117318 -0.0078926831483841 -0.2195838391780853
vn -2.3953509596520353 -2.1567834939729966 -5.3608405242564876
v -0.0114390822127461 -0.0102997953072190 -0.2177499830722809
vn -2.9059630161813415 -2.6165400927687021 -4.8772305088231507
v -0.0139052243903279 -0.0125203197821975 -0.2154496610164642
vn -3.3634147543362958 -3.0284323844971843 -4.3064904732064671
v -0.0161194633692503 -0.0145140308886766 -0.2127245217561722
vn -3.7597119421468346 -3.3852604060265064 -3.6591549214991321
v -0.0180416889488697 -0.0162448100745678 -0.2096239477396011
vn -4.0880174577056643 -3.6808675328158911 -2.9469980196420624
v -0.0196370780467987 -0.0176813043653965 -0.2062041014432907
vn -4.3427175151876778 -3.9102018655916555 -2.1828306602145413
v -0.0208767261356115 -0.0187974888831377 -0.2025269418954849
vn -4.5195024748490713 -4.0693797203628801 -1.3802432733803551
v -0.0217381808906794 -0.0195731464773417 -0.1986590921878815
vn -0.5527064527005467 -0.6586898943699797 -6.2068147763415507
v -0.0025895850267261 -0.0030861471313983 -0.2217282652854919
vn 1.1699375249758581 1.2115058358754078 -6.0320979093290550
v 0.0055464133620262 0.0057434793561697 -0.2209179848432541
vn 1.7205048242369532 1.7816349626522412 -5.7482576515509649
v 0.0081937946379185 0.0084849223494530 -0.2195838391780853
vn 2.2390663939687716 2.3186209175382158 -5.3608404476001299
v 0.0106927398592234 0.0110726561397314 -0.2177499830722809
vn 2.7163631052826145 2.8128764083408071 -4.8772306208304066
v 0.0129979783669114 0.0134598007425666 -0.2154496610164642
vn 3.1439688453254422 3.2556748816311236 -4.3064906683224971
v 0.0150677505880594 0.0156031120568514 -0.2127245217561722
vn 3.5144101853067529 3.6392780134197289 -3.6591540408292280
v 0.0168645605444908 0.0174637641757727 -0.2096239477396011
vn 3.8212958439585085 3.9570661845181347 -2.9469979699998960
v 0.0183558575809002 0.0190080460160971 -0.2062041014432907
vn 4.0593777365658728 4.2036081543796815 -2.1828308660016891
v 0.0195146258920431 0.0202079862356186 -0.2025269418954849
vn 4.2246289198312956 4.3747308409370520 -1.3802420853798212
v 0.0203198734670877 0.0210418459028006 -0.1986590921878815
vn 0.5054121370586157 0.6956401893961492 -6.2068147970894136
v 0.0023679980076849 0.0032592697534710 -0.2217282652854919
vn -1.0825775116618241 -1.2901652348117643 -6.0320978409012822
v -0.0051322579383850 -0.0061163869686425 -0.2209179848432541
vn -1.5920336470832350 -1.8973112058142612 -5.7482575480763556
v -0.0075819566845894 -0.0090358238667250 -0.2195838391780853
vn -2.0718732085465872 -2.4691622587568411 -5.3608406171923138
v -0.0098943030461669 -0.0117915710434318 -0.2177499830722809
vn -2.5135298224602698 -2.9955081758997570 -4.8772306645963690
v -0.0120274079963565 -0.0143337063491344 -0.2154496610164642
vn -2.9092063604369436 -3.4670563666586314 -4.3064903434664403
v -0.0139426281675696 -0.0166161768138409 -0.2127245217561722
vn -3.2519862286376404 -3.8755657466113766 -3.6591545384054642
v -0.0156052680686116 -0.0185976345092058 -0.2096239477396011
vn -3.5359549749838952 -4.2139875743527773 -2.9469982966444603
v -0.0169852096587420 -0.0202421844005585 -0.2062041014432907
vn -3.7562610929263531 -4.4765366413389698 -2.1828295575158374
v -0.0180574506521225 -0.0215200316160917 -0.2025269418954849
vn -3.9091712643086556 -4.6587699820865245 -1.3802434797148131
v -0.0188025701791048 -0.0224080309271812 -0.1986590921878815
vn -3.9921179748866154 -4.7576221331325641 -0.5534138099121888
v -0.0192070696502924 -0.0228900946676731 -0.1946705877780914
vn -0.4556556842946124 -0.7292014261632629 -6.2068147726640497
v -0.0021348746959120 -0.0034165135584772 -0.2217282652854919
vn 0.9899428704094205 1.3625393942790618 -6.0320978346184040
v 0.0046930983662605 0.0064594959840178 -0.2209179848432541
vn 1.4558053928145069 2.0037443107375652 -5.7482575630403190
v 0.0069331801496446 0.0095427036285400 -0.2195838391780853
vn 1.8945858203983452 2.6076744193574917 -5.3608405247728337
v 0.0090476628392935 0.0124530391767621 -0.2177499830722809
vn 2.2984505733454097 3.1635465145122543 -4.8772307409713056
v 0.0109982406720519 0.0151377795264125 -0.2154496610164642
vn 2.6602696951522673 3.6615470662179574 -4.3064903120361571
v 0.0127495788037777 0.0175482891499996 -0.2127245217561722
vn 2.9737176207128191 4.0929727679112409 -3.6591547945901950
v 0.0142699489369988 0.0196409001946449 -0.2096239477396011
vn 3.2333894842151496 4.4503780909593207 -2.9469981563007384
v 0.0155318109318614 0.0213777031749487 -0.2062041014432907
vn 3.4348427067969709 4.7276554776124637 -2.1828309421784478
v 0.0165123026818037 0.0227272342890501 -0.2025269418954849
vn 3.5746700669715974 4.9201107289909851 -1.3802424544991045
v 0.0171936638653278 0.0236650481820107 -0.1986590921878815
vn 3.6505200804623756 5.0245082949328843 -0.5534134001832979
v 0.0175635498017073 0.0241741519421339 -0.1946705877780914
vn 0.4036792322111046 0.7592101488319605 -6.2068147454869713
v 0.0018913502572104 0.0035571125335991 -0.2217282652854919
vn -0.8924853603676333 -1.4282751658286916 -6.0320979092817302
v -0.0042310748249292 -0.0067711346782744 -0.2209179848432541
vn -1.3124850948514071 -2.1004150895955758 -5.7482575254698682
v -0.0062506259419024 -0.0100030926987529 -0.2195838391780853
vn -1.7080692259122778 -2.7334816292647708 -5.3608404307154514
v -0.0081569431349635 -0.0130538372322917 -0.2177499830722809
vn -2.0721739288601131 -3.3161719830163050 -4.8772307385397244
v -0.0099154915660620 -0.0158681031316519 -0.2154496610164642
vn -2.3983725350895422 -3.8381985862026071 -4.3064906648518448
v -0.0114944148808718 -0.0183949079364538 -0.2127245217561722
vn -2.6809634721896440 -4.2904382658959417 -3.6591538449014713
v -0.0128651084378362 -0.0205884780734777 -0.2096239477396011
vn -2.9150695291152671 -4.6650875997793300 -2.9469986140824251
v -0.0140027422457933 -0.0224090721458197 -0.2062041014432907
vn -3.0966913393240683 -4.9557414935618560 -2.1828304127988556
v -0.0148867079988122 -0.0238237120211124 -0.2025269418954849
vn -3.2227534262711934 -5.1574818674405254 -1.3802420549336258
v -0.0155009906738997 -0.0248067695647478 -0.1986590921878815
vn -3.2911345900283764 -5.2669168236123962 -0.5534136670549969
v -0.0158344618976116 -0.0253404360264540 -0.1946705877780914
vn -3.3006912165426745 -5.2822108106128782 0.2831193466624919
v -0.0158810820430517 -0.0254150442779064 -0.1906337141990662
vn -0.3497359863097876 -0.7855199597963552 -6.2068147643890681
v -0.0016386114293709 -0.0036803814582527 -0.2217282652854919
vn 0.7906797488325631 1.4870527515386363 -6.0320978720408407
v 0.0037484373897314 0.0070497854612768 -0.2209179848432541
vn 1.1627702653383052 2.1868530200108189 -5.7482575739169910
v 0.0055376193486154 0.0104147465899587 -0.2195838391780853
vn 1.5132299767604018 2.8459720170532532 -5.3608405098072121
v 0.0072264834307134 0.0135910380631685 -0.2177499830722809
vn 1.8358018015868791 3.4526414463622923 -4.8772308398007507
v 0.0087844347581267 0.0165211185812950 -0.2154496610164642
vn 2.1247910625185029 3.9961510490926750 -4.3064903556457477
v 0.0101832505315542 0.0191519092768431 -0.2127245217561722
vn 2.3751467154368768 4.4670015784379498 -3.6591545705998230
v 0.0113975899294019 0.0214357487857342 -0.2096239477396011
vn 2.5825485470383271 4.8570679571697895 -2.9469988585473619
v 0.0124054551124573 0.0233312677592039 -0.2062041014432907
vn 2.7434534673849615 5.1596838745595175 -2.1828301697233696
v 0.0131885865703225 0.0248041227459908 -0.2025269418954849
vn 2.8551339867379206 5.3697268228463955 -1.3802433039058837
v 0.0137327974662185 0.0258276369422674 -0.1986590921878815
vn 2.9157163587995134 5.4836642996598428 -0.5534134197559069
v 0.0140282306820154 0.0263832658529282 -0.1946705877780914
vn 2.9241825887377244 5.4995880904805041 0.2831192035587691
v 0.0140695329755545 0.0264609437435865 -0.1906337141990662
vn 0.2940889434498083 0.8080027744288319 -6.2068147844535773
v 0.0013778894208372 0.0037857198622078 -0.2217282652854919
vn -0.6850222226193061 -1.5385853393237101 -6.0320978542132755
v -0.0032475383486599 -0.0072940904647112 -0.2209179848432541
vn -1.0073905653849780 -2.2626366310721937 -5.7482576270856711
v -0.0047976337373257 -0.0107756620272994 -0.2195838391780853
vn -1.3110191322853137 -2.9445968684753492 -5.3608404577832554
v -0.0062608169391751 -0.0140620255842805 -0.2177499830722809
vn -1.5904862743089507 -3.5722901551064306 -4.8772305866193406
v -0.0076105813495815 -0.0170936454087496 -0.2154496610164642
vn -1.8408577004016979 -4.1346344411715554 -4.3064906268364531
v -0.0088224755600095 -0.0198156032711267 -0.2127245217561722
vn -2.0577589671056016 -4.6218019995293202 -3.6591543503245414
v -0.0098745441064239 -0.0221785884350538 -0.2096239477396011
vn -2.2374466934298951 -5.0253861742318069 -2.9469982515962339
v -0.0107477288693190 -0.0241397935897112 -0.2062041014432907
vn -2.3768481540392514 -5.3384887194177804 -2.1828310660025103
v -0.0114262113347650 -0.0256636906415224 -0.2025269418954849
vn -2.4736065815402233 -5.5558102698238834 -1.3802425088488677
v -0.0118977008387446 -0.0267226733267307 -0.1986590921878815
vn -2.5260933911709542 -5.6736963491193606 -0.5534130521564912
v -0.0121536552906036 -0.0272975564002991 -0.1946705877780914
vn -2.5334286712666287 -5.6901717214520238 0.2831194963060922
v -0.0121894385665655 -0.0273779258131981 -0.1906337141990662
vn -2.4954905278978496 -5.6049620422768731 1.1146887041339837
v -0.0120044015347958 -0.0269623268395662 -0.1866215914487839
vn -0.2370090453094424 -0.8265491954158155 -6.2068147665262066
v -0.0011104544391856 -0.0038726148195565 -0.2217282652854919
vn 0.5760272217984271 1.5826221601598034 -6.0320978830260943
v 0.0027308173011988 0.0075028589926660 -0.2209179848432541
vn 0.8471034072700735 2.3273969794590941 -5.7482575564800484
v 0.0040342747233808 0.0110840788111091 -0.2195838391780853
vn 1.1024207655407614 3.0288760369953001 -5.3608405132510502
v 0.0052646487019956 0.0144645031541586 -0.2177499830722809
vn 1.3374214083434652 3.6745348011339196 -4.8772306435522594
v 0.0063996501266956 0.0175828933715820 -0.2154496610164642
vn 1.5479559177140962 4.2529743373125530 -4.3064908262735164
v 0.0074187172576785 0.0203827582299709 -0.2127245217561722
vn 1.7303464721571915 4.7540855273226477 -3.6591538227088729
v 0.0083033898845315 0.0228133760392666 -0.2096239477396011
vn 1.8814415365192263 5.1692210298917196 -2.9469993110961408
v 0.0090376408770680 0.0248307138681412 -0.2062041014432907
vn 1.9986637653294321 5.4912848927045639 -2.1828308221738388
v 0.0096081690862775 0.0263982284814119 -0.2025269418954849
vn 2.0800271398026853 5.7148268344443274 -1.3802425835555432
v 0.0100046386942267 0.0274875201284885 -0.1986590921878815
vn 2.1241619754470458 5.8360871412134561 -0.5534132576334487
v 0.0102198682725430 0.0280788578093052 -0.1946705877780914
vn 2.1303297243449415 5.8530343005751417 0.2831193630346066
v 0.0102499574422836 0.0281615275889635 -0.1906337141990662
vn 2.0984283948306208 5.7653854075640609 1.1146887401829186
v 0.0100943623110652 0.0277340337634087 -0.1866215914487839
vn 0.1787748672951861 0.8410686310270947 -6.2068147608981672
v 0.0008376094629057 0.0039406428113580 -0.2217282652854919
vn -0.4642259143858634 -1.6189484983898101 -6.0320979399986694
v -0.0022007923107594 -0.0076750745065510 -0.2209179848432541
vn -0.6826887847724811 -2.3808184644760511 -5.7482575740003039
v -0.0032512613106519 -0.0113384956493974 -0.2195838391780853
vn -0.8884512450961781 -3.0983988246260989 -5.3608405604344576
v -0.0042428313754499 -0.0147965122014284 -0.2177499830722809
vn -1.0778410868917683 -3.7588776440020006 -4.8772304791316445
v -0.0051575400866568 -0.0179864801466465 -0.2154496610164642
vn -1.2475135169802245 -4.3505944576849505 -4.3064905770310933
v -0.0059788166545331 -0.0208506099879742 -0.2127245217561722
vn -1.3945020393395660 -4.8632071162369481 -3.6591548269273750
v -0.0066917827352881 -0.0233370196074247 -0.2096239477396011
vn -1.5162736407823323 -5.2878717020441179 -2.9469977797445885
v -0.0072835227474570 -0.0254006627947092 -0.2062041014432907
vn -1.6107431634430545 -5.6173284691454057 -2.1828306224466116
v -0.0077433167025447 -0.0270041543990374 -0.2025269418954849
vn -1.6763137988674877 -5.8460010617064491 -1.3802428227707078
v -0.0080628357827663 -0.0281184501945972 -0.1986590921878815
vn -1.7118823198587969 -5.9700448144470846 -0.5534135282290731
v -0.0082362908869982 -0.0287233609706163 -0.1946705877780914
vn -1.7168537810867108 -5.9873805233016011 0.2831189897819702
v -0.0082605406641960 -0.0288079287856817 -0.1906337141990662
vn -1.6911448812239664 -5.8977196013828737 1.1146891606405598
v -0.0081351445987821 -0.0283706225454807 -0.1866215914487839
vn -1.6351844496116221 -5.7025634109558911 1.9266904036325192
v -0.0078623760491610 -0.0274193622171879 -0.1827069073915482
vn -0.1196690641317483 -0.8514905235728698 -6.2068147795227340
v -0.0005606837803498 -0.0039894720539451 -0.2217282652854919
vn 0.3501633963884943 1.6473875931595565 -6.0320979109485293
v 0.0016600451199338 0.0078098978847265 -0.2209179848432541
vn 0.5149482784561094 2.4226409176857326 -5.7482575338353339
v 0.0024524079635739 0.0115376720204949 -0.2195838391780853
vn 0.6701541828180948 3.1528264112392210 -5.3608405720711110
v 0.0032003438100219 0.0150564331561327 -0.2177499830722809
vn 0.8130101192684617 3.8249074776761667 -4.8772307289371053
v 0.0038903031963855 0.0183024369180202 -0.2154496610164642
vn 0.9409921561877415 4.4270184374673782 -4.3064908491987417
v 0.0045097870752215 0.0212168805301189 -0.2127245217561722
vn 1.0518653643458131 4.9486364309268680 -3.6591540801541154
v 0.0050475737079978 0.0237469673156738 -0.2096239477396011
vn 1.1437170725889105 5.3807610072618912 -2.9469977301370847
v 0.0054939198307693 0.0258468594402075 -0.2062041014432907
vn 1.2149733808612044 5.7160046768783515 -2.1828314083199865
v 0.0058407397009432 0.0274785198271275 -0.2025269418954849
vn 1.2644332014883910 5.9486942536072895 -1.3802433931633979
v 0.0060817510820925 0.0286123901605606 -0.1986590921878815
vn 1.2912635650070556 6.0749168350166993 -0.5534133453417697
v 0.0062125874683261 0.0292279273271561 -0.1946705877780914
vn 1.2950136820667053 6.0925574234028916 0.2831197617101987
v 0.0062308786436915 0.0293139796704054 -0.1906337141990662
vn 1.2756204556141322 6.0013216873768496 1.1146886422734714
v 0.0061362935230136 0.0288689918816090 -0.1866215914487839
vn 1.2334101299518343 5.8027374506837566 1.9266895889346529
v 0.0059305452741683 0.0279010217636824 -0.1827069073915482
vn 0.0599807584688111 0.8577640077891791 -6.2068147744921198
v 0.0002810264413711 0.0040188655257225 -0.2217282652854919
vn -0.2343940323346675 -1.6678008323272235 -6.0320978627261965
v -0.0011112103238702 -0.0079066725447774 -0.2209179848432541
vn -0.3446988352743541 -2.4526605047577439 -5.7482575133344138
v -0.0016416066791862 -0.0116806384176016 -0.2195838391780853
vn -0.4485911372270597 -3.1918940646170380 -5.3608405026872550
v -0.0021422640420496 -0.0152430012822151 -0.2177499830722809
vn -0.5442162813777820 -3.8723026429643332 -4.8772311399914949
v -0.0026041131932288 -0.0185292270034552 -0.2154496610164642
vn -0.6298871477747556 -4.4818750137620640 -4.3064899988800915
v -0.0030187868978828 -0.0214797854423523 -0.2127245217561722
vn -0.7041032362572938 -5.0099565014377578 -3.6591545290349741
v -0.0033787733409554 -0.0240412205457687 -0.2096239477396011
vn -0.7655864250202543 -5.4474348960188648 -2.9469984004453722
v -0.0036775509361178 -0.0261671356856823 -0.2062041014432907
vn -0.8132862685947475 -5.7868332709729078 -2.1828303426600986
v -0.0039097075350583 -0.0278190132230520 -0.2025269418954849
vn -0.8463937282558703 -6.0224058805115082 -1.3802426694966163
v -0.0040710368193686 -0.0289669334888458 -0.1986590921878815
vn -0.8643536933347425 -6.1501930018000648 -0.5534129760526341
v -0.0041586169973016 -0.0295900963246822 -0.1946705877780914
vn -0.8668632535061340 -6.1680520382457011 0.2831187855999043
v -0.0041708606295288 -0.0296772159636021 -0.1906337141990662
vn -0.8538812271492684 -6.0756857310140742 1.1146882026335270
v -0.0041075469926000 -0.0292267147451639 -0.1866215914487839
vn -0.8256266781788114 -5.8746401022891890 1.9266899762457963
v -0.0039698220789433 -0.0282467510551214 -0.1827069073915482
vn -0.7825727465589095 -5.5682878763444528 2.7048116113875715
v -0.0037601809017360 -0.0267550777643919 -0.1789605617523193
vn -0.0000000181593687 -0.8598586220590919 -6.2068147709364183
v -0.0000000000000015 -0.0040286788716912 -0.2217282652854919
vn 0.1174837408371168 1.6800888217755969 -6.0320977822362876
v 0.0005569619243033 0.0079649267718196 -0.2209179848432541
vn 0.1727702974466762 2.4707309605093952 -5.7482575423228468
v 0.0008228076621890 0.0117666972801089 -0.2195838391780853
vn 0.2248433339954414 3.2154104029102486 -5.3608408644500081
v 0.0010737476404756 0.0153553066775203 -0.2177499830722809
vn 0.2727737094313303 3.9008325766202878 -4.8772306639858867
v 0.0013052360154688 0.0186657458543777 -0.2154496610164642
vn 0.3157131264754965 4.5148963612108775 -4.3064899002934514
v 0.0015130791580305 0.0216380413621664 -0.2127245217561722
vn 0.3529108422671924 5.0468680694436028 -3.6591548113354855
v 0.0016935119638219 0.0242183487862349 -0.2096239477396011
vn 0.3837289488350566 5.4875699443609065 -2.9469979183884161
v 0.0018432656070217 0.0263599269092083 -0.2062041014432907
vn 0.4076366302748677 5.8294688014929914 -2.1828299417470802
v 0.0019596272613853 0.0280239749699831 -0.2025269418954849
vn 0.4242299915888181 6.0667772452518323 -1.3802433437472150
v 0.0020404891110957 0.0291803516447544 -0.1986590921878815
vn 0.4332315161994405 6.1955054155410449 -0.5534146115992532
v 0.0020843858364969 0.0298081077635288 -0.1946705877780914
vn 0.4344905599026599 6.2134957439752059 0.2831196394862856
v 0.0020905227866024 0.0298958700150251 -0.1906337141990662
vn 0.4279836800603910 6.1204494533416129 1.1146887590937435
v 0.0020587884355336 0.0294420477002859 -0.1866215914487839
vn 0.4138220223276621 5.9179226779414744 1.9266897187451426
v 0.0019897578749806 0.0284548643976450 -0.1827069073915482
vn 0.3922413603414069 5.6093133084855511 2.7048114533314722
v 0.0018846815219149 0.0269522015005350 -0.1789605617523193
vn -0.0599807881795468 0.8577640394726942 -6.2068147672005090
v -0.0002810264413711 0.0040188655257225 -0.2217282652854919
vn 0.0000000128042288 -1.6841911765160116 -6.0320979471599632
v -0.0000000000000015 -0.0079843755811453 -0.2209179848432541
vn 0.0000000186938322 -2.4767641769594655 -5.7482575748964608
v -0.0000000000000015 -0.0117954304441810 -0.2195838391780853
vn 0.0000001192873654 -3.2232625483296493 -5.3608405887888662
v -0.0000000000000015 -0.0153928026556969 -0.2177499830722809
vn -0.0000000877884395 -3.9103579085438924 -4.8772309442791348
v -0.0000000000000015 -0.0187113247811794 -0.2154496610164642
vn 0.0000000447279184 -4.5259210164742241 -4.3064904048882235
v -0.0000000000000015 -0.0216908790171146 -0.2127245217561722
vn -0.0000000737936732 -5.0591922935032887 -3.6591540890260990
v -0.0000000000000014 -0.0242774877697229 -0.2096239477396011
vn -0.0000000090892009 -5.5009701029413662 -2.9469984435683614
v -0.0000000000000014 -0.0264242943376303 -0.2062041014432907
vn -0.0000000579699498 -5.8437036743002606 -2.1828303582084541
v -0.0000000000000014 -0.0280924066901207 -0.2025269418954849
vn 0.0000002100602073 -6.0815917930526817 -1.3802430091191051
v -0.0000000000000014 -0.0292516071349382 -0.1986590921878815
vn 0.0000005025713880 -6.2106340171873038 -0.5534141232309535
v -0.0000000000000013 -0.0298808962106705 -0.1946705877780914
vn -0.0000002567658923 -6.2286683752849470 0.2831191919679809
v -0.0000000000000013 -0.0299688726663589 -0.1906337141990662
vn -0.0000005942422341 -6.1353947586754725 1.1146896104932060
v -0.0000000000000013 -0.0295139420777559 -0.1866215914487839
vn 0.0000001922810526 -5.9323741516262425 1.9266897750765397
v -0.0000000000000013 -0.0285243466496468 -0.1827069073915482
vn 0.0000003281989759 -5.6230108507896741 2.7048106134251624
v -0.0000000000000012 -0.0270180162042379 -0.1789605617523193
vn -0.0000001827474344 -5.2125348407648300 3.4352400645049563
v -0.0000000000000012 -0.0250222347676754 -0.1754504442214966
vn 0.1196691090426745 -0.8514905268142973 -6.2068147774745368
v 0.0005606837803498 -0.0039894720539451 -0.2217282652854919
vn -0.1174836503312794 1.6800887074891315 -6.0320978240093828
v -0.0005569619243033 0.0079649267718196 -0.2209179848432541
vn -0.1727702602344732 2.4707310436568952 -5.7482575136082197
v -0.0008228076621890 0.0117666972801089 -0.2195838391780853
vn -0.2248435606697740 3.2154105582156101 -5.3608407343623101
v -0.0010737476404756 0.0153553066775203 -0.2177499830722809
vn -0.2727737380351909 3.9008323451988107 -4.8772308386541052
v -0.0013052360154688 0.0186657458543777 -0.2154496610164642
vn -0.3157126536040126 4.5148962315211056 -4.3064901520306362
v -0.0015130791580305 0.0216380413621664 -0.2127245217561722
vn -0.3529110587920123 5.0468685235889232 -3.6591541290239031
v -0.0016935119638219 0.0242183487862349 -0.2096239477396011
vn -0.3837291104497191 5.4875695963142874 -2.9469984901241526
v -0.0018432656070217 0.0263599269092083 -0.2062041014432907
vn -0.4076362068523877 5.8294688779038504 -2.1828299800285453
v -0.0019596272613853 0.0280239749699831 -0.2025269418954849
vn -0.4242298622479571 6.0667773370767204 -1.3802430644902062
v -0.0020404891110957 0.0291803516447544 -0.1986590921878815
vn -0.4332319169855361 6.1955053550894208 -0.5534143537724328
v -0.0020843858364969 0.0298081077635288 -0.1946705877780914
vn -0.4344906271102231 6.2134957571416543 0.2831190513351967
v -0.0020905227866024 0.0298958700150251 -0.1906337141990662
vn -0.4279836254061617 6.1204493746930480 1.1146892465060290
v -0.0020587884355336 0.0294420477002859 -0.1866215914487839
vn -0.4138220176284247 5.9179228370087031 1.9266892408738432
v -0.0019897578749806 0.0284548643976450 -0.1827069073915482
vn -0.3922411487916274 5.6093131823890587 2.7048118048561793
v -0.0018846815219149 0.0269522015005350 -0.1789605617523193
vn -0.3636082680968442 5.1998372217234365 3.4352403152360855
v -0.0017454628832638 0.0249612815678120 -0.1754504442214966
vn -0.1787748207879273 0.8410686481898593 -6.2068147593570284
v -0.0008376094629057 0.0039406428113580 -0.2217282652854919
vn -0.3501634809038831 1.6473874985884818 -6.0320979382058884
v -0.0016600451199338 0.0078098978847265 -0.2209179848432541
vn -0.5149483249660572 2.4226409476259225 -5.7482575230386139
v -0.0024524079635739 0.0115376720204949 -0.2195838391780853
vn -0.6701539634592624 3.1528266218191359 -5.3608404539076551
v -0.0032003438100219 0.0150564331561327 -0.2177499830722809
vn -0.8130100315972686 3.8249072981078767 -4.8772308764296159
v -0.0038903031963855 0.0183024369180202 -0.2154496610164642
vn -0.9409927693515890 4.4270182317187690 -4.3064909765372530
v -0.0045097870752215 0.0212168805301189 -0.2127245217561722
vn -1.0518651683200595 4.9486367472972441 -3.6591536873734887
v -0.0050475737079978 0.0237469673156738 -0.2096239477396011
vn -1.1437163815206219 5.3807608218045653 -2.9469984064211823
v -0.0054939198307693 0.0258468594402075 -0.2062041014432907
vn -1.2149739383293985 5.7160048043267331 -2.1828308960905214
v -0.0058407397009432 0.0274785198271275 -0.2025269418954849
vn -1.2644336509659573 5.9486941317096829 -1.3802433878049285
v -0.0060817510820925 0.0286123901605606 -0.1986590921878815
vn -1.2912631018823082 6.0749168994656566 -0.5534131931186069
v -0.0062125874683261 0.0292279273271561 -0.1946705877780914
vn -1.2950136042719975 6.0925574534039022 0.2831193239120560
v -0.0062308786436915 0.0293139796704054 -0.1906337141990662
vn -1.2756204173937042 6.0013216634445419 1.1146889126743083
v -0.0061362935230136 0.0288689918816090 -0.1866215914487839
vn -1.2334102181689810 5.8027374572148869 1.9266894901463112
v -0.0059305452741683 0.0279010217636824 -0.1827069073915482
vn -1.1690899792425800 5.5001343100336753 2.7048110657551989
v -0.0056173615157604 0.0264276079833508 -0.1789605617523193
vn -1.0837466980861299 5.0986279969129198 3.4352409009365976
v -0.0052024149335921 0.0244754385203123 -0.1754504442214966
vn -0.9788350615300402 4.6050547897627467 4.1048904364669161
v -0.0046932236291468 0.0220798812806606 -0.1722401231527328
vn -0.2940889683672883 0.8080027502370062 -6.2068147875302389
v -0.0013778894208372 0.0037857198622078 -0.2217282652854919
vn 0.2343940098039825 -1.6678008309861374 -6.0320978635397173
v 0.0011112103238702 -0.0079066725447774 -0.2209179848432541
vn 0.3446987512954908 -2.4526604750597913 -5.7482575357346057
v 0.0016416066791862 -0.0116806384176016 -0.2195838391780853
vn 0.4485909411626955 -3.1918941732127188 -5.3608404511912440
v 0.0021422640420496 -0.0152430012822151 -0.2177499830722809
vn 0.5442167405472820 -3.8723027061424640 -4.8772309984581907
v 0.0026041131932288 -0.0185292270034552 -0.2154496610164642
vn 0.6298868832026330 -4.4818747076374166 -4.3064903762056135
v 0.0030187868978828 -0.0214797854423523 -0.2127245217561722
vn 0.7041031239162466 -5.0099566834296514 -3.6591543647181428
v 0.0033787733409554 -0.0240412205457687 -0.2096239477396011
vn 0.7655866078485529 -5.4474349594079881 -2.9469981943751362
v 0.0036775509361178 -0.0261671356856823 -0.2062041014432907
vn 0.8132863643451849 -5.7868331379306914 -2.1828306587674144
v 0.0039097075350583 -0.0278190132230520 -0.2025269418954849
vn 0.8463933332682176 -6.0224060060045721 -1.3802423588624837
v 0.0040710368193686 -0.0289669334888458 -0.1986590921878815
vn 0.8643529429225512 -6.1501930667717115 -0.5534130360725528
v 0.0041586169973016 -0.0295900963246822 -0.1946705877780914
vn 0.8668636710802129 -6.1680520058565413 0.2831185020939838
v 0.0041708606295288 -0.0296772159636021 -0.1906337141990662
vn 0.8538821969379502 -6.0756855898478275 1.1146883868716344
v 0.0041075469926000 -0.0292267147451639 -0.1866215914487839
vn 0.8256265625316174 -5.8746399803502900 1.9266902709214502
v 0.0039698220789433 -0.0282467510551214 -0.1827069073915482
vn 0.7825722307400762 -5.5682881921574010 2.7048110829139587
v 0.0037601809017360 -0.0267550777643919 -0.1789605617523193
vn 0.7254447944554514 -5.1618068823388308 3.4352399507245126
v 0.0034824218600988 -0.0247787199914455 -0.1754504442214966
vn 0.6552181400042896 -4.6621170512218786 4.1048903108180710
v 0.0031415766570717 -0.0223534796386957 -0.1722401231527328
vn -0.6552182668159735 -4.6621167591391597 4.1048906215113874
v -0.0031415766570717 -0.0223534796386957 -0.1722401231527328
vn -0.7254445826622709 -5.1618071501065312 3.4352395680958550
v -0.0034824218600988 -0.0247787199914455 -0.1754504442214966
vn 0.0000000878881477 -4.7079343571900401 4.1048904546673581
v -0.0000000000000012 -0.0225731600075960 -0.1722401231527328
vn -0.5760272464483562 1.5826222161486947 -6.0320978615753695
v -0.0027308173011988 0.0075028589926660 -0.2209179848432541
vn -0.8471033889241411 2.3273969154917888 -5.7482575848287558
v -0.0040342747233808 0.0110840788111091 -0.2195838391780853
vn -1.1024208409648928 3.0288760378445558 -5.3608404995741576
v -0.0052646487019956 0.0144645031541586 -0.2177499830722809
vn -1.3374212907709824 3.6745347584733534 -4.8772307230021692
v -0.0063996501266956 0.0175828933715820 -0.2154496610164642
vn -1.5479559453482772 4.2529746372263730 -4.3064904723093171
v -0.0074187172576785 0.0203827582299709 -0.2127245217561722
vn -1.7303461994795901 4.7540851126905288 -3.6591545418202216
v -0.0083033898845315 0.0228133760392666 -0.2096239477396011
vn -1.8814422368158836 5.1692211466761577 -2.9469987422756585
v -0.0090376408770680 0.0248307138681412 -0.2062041014432907
vn -1.9986638286346827 5.4912848166817945 -2.1828308529674092
v -0.0096081690862775 0.0263982284814119 -0.2025269418954849
vn -2.0800265970714782 5.7148269904895859 -1.3802426960168508
v -0.0100046386942267 0.0274875201284885 -0.1986590921878815
vn -2.1241619230780042 5.8360871715689653 -0.5534134215419644
v -0.0102198682725430 0.0280788578093052 -0.1946705877780914
vn -2.1303297397858798 5.8530342803395010 0.2831196964570649
v -0.0102499574422836 0.0281615275889635 -0.1906337141990662
vn -2.0984287820245884 5.7653852443710818 1.1146886603149642
v -0.0100943623110652 0.0277340337634087 -0.1866215914487839
vn -2.0289915556200944 5.5746077464650705 1.9266895450607802
v -0.0097559010609984 0.0268041193485260 -0.1827069073915482
vn -1.9231829820258648 5.2839018317956832 2.7048111614963459
v -0.0092407055199146 0.0253886301070452 -0.1789605617523193
vn -1.7827915662899745 4.8981801442717874 3.4352407784457886
v -0.0085581084713340 0.0235132090747356 -0.1754504442214966
vn -1.6102087596776102 4.4240112010402246 4.1048903984779512
v -0.0077204750850797 0.0212118308991194 -0.1722401231527328
vn 0.6850221474700398 -1.5385853857213885 -6.0320978506822227
v 0.0032475383486599 -0.0072940904647112 -0.2209179848432541
vn 0.4642259736542735 -1.6189485070621645 -6.0320979292862598
v 0.0022007923107594 -0.0076750745065510 -0.2209179848432541
vn 1.0073906045229029 -2.2626366533179496 -5.7482576062740005
v 0.0047976337373257 -0.0107756620272994 -0.2195838391780853
vn 0.6826888271682758 -2.3808183594505148 -5.7482576178693474
v 0.0032512613106519 -0.0113384956493974 -0.2195838391780853
vn 1.3110190410131022 -2.9445969226324653 -5.3608404398051466
v 0.0062608169391751 -0.0140620255842805 -0.2177499830722809
vn 0.8884514457472240 -3.0983988626799710 -5.3608405056510069
v 0.0042428313754499 -0.0147965122014284 -0.2177499830722809
vn 1.5904863207974396 -3.5722899645924597 -4.8772307284275733
v 0.0076105813495815 -0.0170936454087496 -0.2154496610164642
vn 1.0778406573144674 -3.7588778861109802 -4.8772303523801179
v 0.0051575400866568 -0.0179864801466465 -0.2154496610164642
vn 1.8408576077683405 -4.1346346508765279 -4.3064904747365986
v 0.0088224755600095 -0.0198156032711267 -0.2127245217561722
vn 1.2475136619790868 -4.3505941048208374 -4.3064909088400345
v 0.0059788166545331 -0.0208506099879742 -0.2127245217561722
vn 2.0577588392566306 -4.6218021389278601 -3.6591541791437594
v 0.0098745441064239 -0.0221785884350538 -0.2096239477396011
vn 1.3945025522196710 -4.8632072590663213 -3.6591544374096232
v 0.0066917827352881 -0.0233370196074247 -0.2096239477396011
vn 2.2374468974071897 -5.0253858131161095 -2.9469987412300531
v 0.0107477288693190 -0.0241397935897112 -0.2062041014432907
vn 1.5162732075772070 -5.2878715964257799 -2.9469982062551141
v 0.0072835227474570 -0.0254006627947092 -0.2062041014432907
vn 2.3768484631560884 -5.3384887808666477 -2.1828306195658409
v 0.0114262113347650 -0.0256636906415224 -0.2025269418954849
vn 1.6107429772302861 -5.6173286665684010 -2.1828303006554668
v 0.0077433167025447 -0.0270041543990374 -0.2025269418954849
vn 2.4736065592109835 -5.5558102223065999 -1.3802425706295458
v 0.0118977008387446 -0.0267226733267307 -0.1986590921878815
vn 1.6763141092438878 -5.8460009212276667 -1.3802430761572715
v 0.0080628357827663 -0.0281184501945972 -0.1986590921878815
vn 2.5260931197976970 -5.6736964480328167 -0.5534132051918317
v 0.0121536552906036 -0.0272975564002991 -0.1946705877780914
vn 1.7118827288756833 -5.9700447293872365 -0.5534133089444890
v 0.0082362908869982 -0.0287233609706163 -0.1946705877780914
vn 2.5334283958764172 -5.6901718387752345 0.2831196031226367
v 0.0121894385665655 -0.0273779258131981 -0.1906337141990662
vn 1.7168537558741983 -5.9873804781364832 0.2831191604745241
v 0.0082605406641960 -0.0288079287856817 -0.1906337141990662
vn 2.4954908946035381 -5.6049619344813433 1.1146885002974536
v 0.0120044015347958 -0.0269623268395662 -0.1866215914487839
vn 1.6911442934804821 -5.8977198145980338 1.1146888136858100
v 0.0081351445987821 -0.0283706225454807 -0.1866215914487839
vn 2.4129139985041066 -5.4194929781919079 1.9266895772847041
v 0.0116018969565630 -0.0260582882910967 -0.1827069073915482
vn 1.6351841177558528 -5.7025635072656780 1.9266904677893142
v 0.0078623760491610 -0.0274193622171879 -0.1827069073915482
vn 2.2870842958191759 -5.1368762947277053 2.7048111820952578
v 0.0109892170876265 -0.0246821846812963 -0.1789605617523193
vn 1.5499122089649047 -5.4051851173195171 2.7048108893430118
v 0.0074471742846072 -0.0259713828563690 -0.1789605617523193
vn 2.1201292465111248 -4.7618874216995852 3.4352396457992329
v 0.0101774595677853 -0.0228589493781328 -0.1754504442214966
vn 1.4367690489399176 -5.0106100762750945 3.4352399281439752
v 0.0068970625288785 -0.0240529160946608 -0.1754504442214966
vn 1.9148890564335543 -4.3009119228948425 4.1048909230259403
v 0.0091813309118152 -0.0206216070801020 -0.1722401231527328
vn 1.2976832546658994 -4.5255570382500299 4.1048904016890759
v 0.0062220059335232 -0.0216987133026123 -0.1722401231527328
vn 1.6748980466788452 -3.7618815754509307 4.7016302943780790
v 0.0080188764259219 -0.0180106908082962 -0.1693877726793289
vn -3.4153357546516072 -2.3045717716645622 4.6999536098499712
v -0.0163446050137281 -0.0110245756804943 -0.1693877726793289
vn -3.7011368859539675 -1.8051651053417404 4.7016303998819255
v -0.0177198648452759 -0.0086425552144647 -0.1693877726793289
vn -4.2314635525561295 -2.0638225723801038 4.1048901321031970
v -0.0202886220067739 -0.0098954215645790 -0.1722401231527328
vn -3.9030544248192620 -2.6326443680216038 4.1048898512206993
v -0.0187139976769686 -0.0126227503642440 -0.1722401231527328
vn -4.6849955017221969 -2.2850251797555234 3.4352396687540092
v -0.0224898345768452 -0.0109690260142088 -0.1754504442214966
vn -4.3213871282467835 -2.9148123548005520 3.4352404409922337
v -0.0207443721592426 -0.0139922555536032 -0.1754504442214966
vn -5.0539288358895762 -2.4649652180330310 2.7048113758837089
v -0.0242836307734251 -0.0118439188227057 -0.1789605617523193
vn -4.6616869265847498 -3.1443478115779433 2.7048110169749586
v -0.0223989505320787 -0.0151082826778293 -0.1789605617523193
vn -5.3319823258224588 -2.6005812886327475 1.9266904176433164
v -0.0256375130265951 -0.0125042507424951 -0.1827069073915482
vn -4.9181607358017478 -3.3173415410042177 1.9266896020451276
v -0.0236477553844452 -0.0159506127238274 -0.1827069073915482
vn -5.5144560138052690 -2.6895802239845561 1.1146890766893138
v -0.0265269558876753 -0.0129380607977509 -0.1866215914487839
vn -5.0864728210779324 -3.4308695915111884 1.1146890651822827
v -0.0244681667536497 -0.0165039859712124 -0.1866215914487839
vn -5.5982903794016794 -2.7304683656743443 0.2831187429012275
v -0.0269358437508345 -0.0131374886259437 -0.1906337141990662
vn -5.1638001899015693 -3.4830274505750221 0.2831191378823755
v -0.0248453207314014 -0.0167583804577589 -0.1906337141990662
vn -5.5820812646458062 -2.7225626803741219 -0.5534135589460978
v -0.0268567707389593 -0.0130989225581288 -0.1946705877780914
vn -5.1488494596586669 -3.4729424778186728 -0.5534130800271628
v -0.0247723851352930 -0.0167091842740774 -0.1946705877780914
vn -5.4660985487388523 -2.6659938498277156 -1.3802422201253024
v -0.0262911710888147 -0.0128230610862374 -0.1986590921878815
vn -5.0418681638364609 -3.4007826736820705 -1.3802420988698625
v -0.0242506824433804 -0.0163572914898396 -0.1986590921878815
vn -5.2522859855445621 -2.5617108491149208 -2.1828313231729330
v -0.0252492874860764 -0.0123149007558823 -0.2025269418954849
vn -3.9182021678244112 -1.2737903173312537 4.7000156380931584
v -0.0187502279877663 -0.0060923183336854 -0.1693877726793289
vn -4.0553322253682671 -0.7150642062490061 4.7016300327204865
v -0.0194156393408775 -0.0034235010389239 -0.1693877726793289
vn -4.6364104307004368 -0.8175237500760293 4.1048903386458777
v -0.0222302228212357 -0.0039197881706059 -0.1722401231527328
vn -4.4775117805894338 -1.4548319044736606 4.1048903249262914
v -0.0214683506637812 -0.0069754896685481 -0.1722401231527328
vn -5.1333446125015776 -0.9051473643784563 3.4352397640225787
v -0.0246420912444592 -0.0043450654484332 -0.1754504442214966
vn -4.9574154101316310 -1.6107627003441263 3.4352395436105647
v -0.0237975586205721 -0.0077322958968580 -0.1754504442214966
vn -5.5375847594489978 -0.9764268229504314 2.7048109360770369
v -0.0266075506806374 -0.0046916292048991 -0.1789605617523193
vn -5.3478010098016107 -1.7376059836934759 2.7048113759818486
v -0.0256956592202187 -0.0083490256220102 -0.1789605617523193
vn -5.8422476193340280 -1.0301463509121835 1.9266896291501321
v -0.0280909985303879 -0.0049532009288669 -0.1827069073915482
vn -5.6420225647116933 -1.8332045235850010 1.9266902475798742
v -0.0271282661706209 -0.0088145080953836 -0.1827069073915482
vn -6.0421845415635174 -1.0653993961801977 1.1146889977543204
v -0.0290655586868525 -0.0051250420510769 -0.1866215914487839
vn -5.8351071967932011 -1.8959409201645934 1.1146888754763893
v -0.0280694272369146 -0.0091203097254038 -0.1866215914487839
vn -6.1340412256253778 -1.0815968905956397 0.2831191708507292
v -0.0295135769993067 -0.0052040400914848 -0.1906337141990662
vn -5.9238161981828554 -1.9247645091117325 0.2831185873001481
v -0.0285020899027586 -0.0092608910053968 -0.1906337141990662
vn -6.1162805953691475 -1.0784656375935329 -0.5534132842572346
v -0.0294269379228354 -0.0051887631416321 -0.1946705877780914
vn -5.9066641748391540 -1.9191917882126146 -0.5534136803602425
v -0.0284184198826551 -0.0092337047681212 -0.1946705877780914
vn -5.9891986470074379 -1.0560582367168863 -1.3802423899326421
v -0.0288072098046541 -0.0050794882699847 -0.1986590921878815
vn -5.7839378551233018 -1.8793149683318875 -1.3802417689815865
v -0.0278199315071106 -0.0090392436832190 -0.1986590921878815
vn -5.7549243889143584 -1.0147487510179045 -2.1828305891743121
v -0.0276656206697226 -0.0048781954683363 -0.2025269418954849
vn -5.5576918967180902 -1.8058040091558580 -2.1828309282355480
v -0.0267174672335386 -0.0086810309439898 -0.2025269418954849
vn -5.4173975681869377 -0.9552338113344668 -2.9469991636463448
v -0.0260228496044874 -0.0045885303989053 -0.2062041014432907
vn -5.2317334907844666 -1.6998934005878858 -2.9469986096925194
v -0.0251309964805841 -0.0081655560061336 -0.2062041014432907
vn -4.9823320481053335 -0.8785192349117916 -3.6591538653525233
v -0.0239086579531431 -0.0042157415300608 -0.2096239477396011
vn -4.1171335322715938 -0.1442567202032891 4.7003085844769954
v -0.0197031460702419 -0.0006880490109324 -0.1693877726793289
vn -4.0953339638262429 0.4304370293639583 4.7016300288356714
v -0.0196071546524763 0.0020607949700207 -0.1693877726793289
vn -4.6821436905969822 0.4921135218061625 4.1048907087872069
v -0.0224495008587837 0.0023595376405865 -0.1722401231527328
vn -4.7050666348393246 -0.1643041566166087 4.1048903997984150
v -0.0225594080984592 -0.0007877919124439 -0.1722401231527328
vn -5.1839795061800471 0.5448579289698813 3.4352404558785250
v -0.0248851608484983 0.0026155356317759 -0.1754504442214966
vn -5.2093593029597036 -0.1819145829529559 3.4352409314424519
v -0.0250069908797741 -0.0008732634014450 -0.1754504442214966
vn -5.5922076075868752 0.5877646178861564 2.7048105537194140
v -0.0268700085580349 0.0028241516556591 -0.1789605617523193
vn -5.6195850964911527 -0.1962403629446596 2.7048113021980780
v -0.0270015578716993 -0.0009429151541553 -0.1789605617523193
vn -5.8998759288606468 0.6201028396805219 1.9266890927548750
v -0.0283680874854326 0.0029816061723977 -0.1827069073915482
vn -5.9287600271322658 -0.2070368301289403 1.9266887344699857
v -0.0285069718956947 -0.0009954853449017 -0.1827069073915482
vn -6.1017845554892149 0.6413236520445786 1.1146890999757630
v -0.0293522607535124 0.0030850470066071 -0.1866215914487839
vn -6.1316576572581685 -0.2141221155293002 1.1146883938743328
v -0.0294959619641304 -0.0010300216963515 -0.1866215914487839
vn -6.1945472761843927 0.6510730502222384 0.2831196325683527
v -0.0298046991229057 0.0031326001044363 -0.1906337141990662
vn -6.2248743900621326 -0.2173775003913663 0.2831194203301667
v -0.0299506150186062 -0.0010458985343575 -0.1906337141990662
vn -6.1766115898859058 0.6491880345660033 -0.5534138344012912
v -0.0297172050923109 0.0031234042253345 -0.1946705877780914
vn -6.2068511252731913 -0.2167476846370467 -0.5534129176542468
v -0.0298626925796270 -0.0010428281966597 -0.1946705877780914
vn -6.0482765034433559 0.6357001214459570 -1.3802415223558082
v -0.0290913637727499 0.0030576256103814 -0.1986590921878815
vn -6.0778869896355765 -0.2122442306400378 -1.3802415813414175
v -0.0292337890714407 -0.0010208663297817 -0.1986590921878815
vn -5.8116908325036629 0.6108333222341328 -2.1828307142281496
v -0.0279385149478912 0.0029364561196417 -0.2025269418954849
vn -5.8401434308817777 -0.2039427530748901 -2.1828311055967640
v -0.0280752945691347 -0.0009804108412936 -0.2025269418954849
vn -5.4708348381413696 0.5750081240098791 -2.9469993031421642
v -0.0262795388698578 0.0027620908804238 -0.2062041014432907
vn -5.4976186689599800 -0.1919810726086876 -2.9469990670088855
v -0.0264081973582506 -0.0009221945656464 -0.2062041014432907
vn -5.0314775183168265 0.5288295348981236 -3.6591540397469737
v -0.0241444930434227 0.0025376884732395 -0.2096239477396011
vn -5.0561103271055794 -0.1765633061278180 -3.6591541779664816
v -0.0242626983672380 -0.0008472721092403 -0.2096239477396011
vn -4.5011275354862681 0.4730869853881811 -4.3064906332467627
v -0.0215720534324646 0.0022673141211271 -0.2127245217561722
vn -4.5231641829217022 -0.1579519634260672 -4.3064900691761707
v -0.0216776654124260 -0.0007570007583126 -0.2127245217561722
vn -3.8889370079054668 0.4087440544442301 -4.8772308131915389
v -0.0186088215559721 0.0019558661151677 -0.2154496610164642
vn -3.9966537756237859 0.9962141627024304 4.7008446500977152
v -0.0191295314580202 0.0047695278190076 -0.1693877726793289
vn -3.8180432840386738 1.5425886361143153 4.7016302767617013
v -0.0182795748114586 0.0073854275979102 -0.1693877726793289
vn -4.3651213045734050 1.7636224567632606 4.1048903578192855
v -0.0209294687956572 0.0084560541436076 -0.1722401231527328
vn -4.5680888247690765 1.1389522785735053 4.1048904599269420
v -0.0219026394188404 0.0054609412327409 -0.1722401231527328
vn -4.8329780067730628 1.9526494990485941 3.4352402437988543
v -0.0232002120465040 0.0093734944239259 -0.1754504442214966
vn -5.0576997608142129 1.2610266390934934 3.4352410057687175
v -0.0242789667099714 0.0060534263029695 -0.1754504442214966
vn -5.2135646591671012 2.1064171848720337 2.7048113645810932
v -0.0250506680458784 0.0101211266592145 -0.1789605617523193
vn -5.4559832517274849 1.3603295788443275 2.7048109390565891
v -0.0262154657393694 0.0065362495370209 -0.1789605617523193
vn -5.5004014848938194 2.2223059046421989 1.9266891511265396
v -0.0264473147690296 0.0106854084879160 -0.1827069073915482
vn -5.7561575540978875 1.4351707328620436 1.9266886952514404
v -0.0276770517230034 0.0069006644189358 -0.1827069073915482
vn -5.6886396874667238 2.2983583508815997 1.1146885107296205
v -0.0273648500442505 0.0110561167821288 -0.1866215914487839
vn -5.9531474505126329 1.4842863788538494 1.1146891746066865
v -0.0286372508853674 0.0071400688029826 -0.1866215914487839
vn -5.7751214641836279 2.3332998187827121 0.2831199478976044
v -0.0277866534888744 0.0112265367060900 -0.1906337141990662
vn -6.0436504815606744 1.5068514558963728 0.2831196791564771
v -0.0290786679834127 0.0072501264512539 -0.1906337141990662
vn -5.7583998520406743 2.3265439977600080 -0.5534133181036662
v -0.0277050845324993 0.0111935809254646 -0.1946705877780914
vn -6.0261520970393061 1.5024880638733364 -0.5534139171988891
v -0.0289933048188686 0.0072288429364562 -0.1946705877780914
vn -5.6387536272075032 2.2782037072198484 -1.3802431441876939
v -0.0271216183900833 0.0109578454867005 -0.1986590921878815
vn -5.9009427280144244 1.4712703441348800 -1.3802419505993138
v -0.0283827092498541 0.0070766042917967 -0.1986590921878815
vn -5.4181875761548843 2.1890900140229483 -2.1828310789385976
v -0.0260468255728483 0.0105236005038023 -0.2025269418954849
vn -5.6701200875526698 1.4137208992075874 -2.1828300959165583
v -0.0272579435259104 0.0067961686290801 -0.2025269418954849
vn -5.1004107019522023 2.0606996864081317 -2.9469986442852183
v -0.0245001781731844 0.0098987147212029 -0.2062041014432907
vn -5.3375672460345491 1.3308053222551410 -2.9469994364769700
v -0.0256393793970346 0.0063926153816283 -0.2062041014432907
vn -4.6908018033384380 1.8952063582008880 -3.6591539205057981
v -0.0225096940994263 0.0090945074334741 -0.2096239477396011
vn -4.9089128611211272 1.2239297939737248 -3.6591537219549211
v -0.0235563423484564 0.0058732558973134 -0.2096239477396011
vn -4.1963610858594453 1.6954401229103977 -4.3064902355948274
v -0.0201114322990179 0.0081255463883281 -0.2127245217561722
vn -4.3914820107415391 1.0949193314755903 -4.3064899642308010
v -0.0210465677082539 0.0052474983967841 -0.2127245217561722
vn -3.6256207591690122 1.4648468225509652 -4.8772304992298539
v -0.0173488389700651 0.0070093856193125 -0.2154496610164642
vn -3.7942037691777317 0.9460002430438988 -4.8772309207827034
v -0.0181555189192295 0.0045266794040799 -0.2154496610164642
vn -2.9885568159238440 1.2074553522211660 -5.3608406039215009
v -0.0142719587311149 0.0057662455365062 -0.2177499830722809
vn -3.1275178496664036 0.7797774435438936 -5.3608406673697431
v -0.0149355707690120 0.0037238560616970 -0.2177499830722809
vn -2.2964157963494611 0.9278119071294155 -5.7482575479548901
v -0.0109365331009030 0.0044186459854245 -0.2195838391780853
vn -0.2881511871681816 4.1100534656831371 4.6999532841698946
v -0.0013752597151324 0.0196671318262815 -0.1693877726793289
vn 0.2872505252226615 4.1078611042163358 4.7016300963370803
v 0.0013752597151324 0.0196671318262815 -0.1693877726793289
vn 0.3284094765069534 4.6964662969465438 4.1048901108191203
v 0.0015746239805594 0.0225181728601456 -0.1722401231527328
vn -0.3284097096003494 4.6964663191791818 4.1048900233942387
v -0.0015746239805594 0.0225181728601456 -0.1722401231527328
vn 0.3636080333372678 5.1998372900258012 3.4352402928633428
v 0.0017454628832638 0.0249612815678120 -0.1754504442214966
vn 0.8559674729266642 4.0301575023446112 4.7000158297012682
v 0.0040990114212036 0.0192843321710825 -0.1693877726793289
vn 1.4084019759235138 3.8695529361403258 4.7016299685959240
v 0.0067429803311825 0.0185261871665716 -0.1693877726793289
vn 1.6102084045064951 4.4240111664200379 4.1048906012456339
v 0.0077204750850797 0.0212118308991194 -0.1722401231527328
vn 0.9788353406344814 4.6050545686632667 4.1048906434906893
v 0.0046932236291468 0.0220798812806606 -0.1722401231527328
vn 1.7827914273413186 4.8981804122813362 3.4352404596159594
v 0.0085581084713340 0.0235132090747356 -0.1754504442214966
vn 1.0837470926872574 5.0986280557198986 3.4352407149221942
v 0.0052024149335921 0.0244754385203123 -0.1754504442214966
vn 1.9231833589965941 5.2839015882941407 2.7048113123440842
v 0.0092407055199146 0.0253886301070452 -0.1789605617523193
vn 1.1690896530875494 5.5001343597276513 2.7048110826851968
v 0.0056173615157604 0.0264276079833508 -0.1789605617523193
vn 2.0289915959229869 5.5746077105031970 1.9266896444401471
v 0.0097559010609984 0.0268041193485260 -0.1827069073915482
vn 1.9336366830915057 3.6376706032844415 4.7003086128347542
v 0.0092557054013014 0.0174074489623308 -0.1693877726793289
vn 2.4204364107881391 3.3314449503891623 4.7016300752547284
v 0.0115882782265544 0.0159498956054449 -0.1693877726793289
vn 2.7672543550977178 3.8087985252012002 4.1048907722357653
v 0.0132681699469686 0.0182620696723461 -0.1722401231527328
vn 2.2102411877667505 4.1568592332403433 4.1048909476323576
v 0.0105974562466145 0.0199309159070253 -0.1722401231527328
vn 3.0638512239315143 4.2170285271143060 3.4352406481029711
v 0.0147077003493905 0.0202434137463570 -0.1754504442214966
vn 2.4471363155830450 4.6023947666416420 3.4352406929405754
v 0.0117472279816866 0.0220933221280575 -0.1754504442214966
vn 3.3051231257135329 4.5491111300164571 2.7048105872794226
v 0.0158807914704084 0.0218580346554518 -0.1789605617523193
vn 2.6398432671208076 4.9648244805554347 2.7048102667890555
v 0.0126841897144914 0.0238554924726486 -0.1789605617523193
vn 3.4869615995409675 4.7993920086106936 1.9266885162165810
v 0.0167661905288696 0.0230766814202070 -0.1827069073915482
vn 2.7850815856752336 5.2379750331839317 1.9266897332634865
v 0.0133913699537516 0.0251855030655861 -0.1827069073915482
vn 3.6062950342811115 4.9636385438388064 1.1146897518877026
v 0.0173478592187166 0.0238772798329592 -0.1866215914487839
vn 2.8803939723484699 5.4172315071171715 1.1146897917247176
v 0.0138559564948082 0.0260592643171549 -0.1866215914487839
vn 3.6611198526098425 5.0390983760316068 0.2831194090405196
v 0.0176152605563402 0.0242453273385763 -0.1906337141990662
vn 2.8610735785540991 2.9630969586234936 4.7008443317092619
v 0.0136952986940742 0.0141818961128592 -0.1693877726793289
vn 3.2449429944797830 2.5352278909635175 4.7016303337883443
v 0.0155357550829649 0.0121378619223833 -0.1693877726793289
vn 3.7099024348700884 2.8984947839397743 4.1048902479218512
v 0.0177878923714161 0.0138974245637655 -0.1722401231527328
vn 3.2704060906540100 3.3866047667452004 4.1048906171582136
v 0.0156806334853172 0.0162377711385489 -0.1722401231527328
vn 4.1075331583819974 3.2091568660384056 3.4352404101010787
v 0.0197177901864052 0.0154052255675197 -0.1754504442214966
vn 3.6209310094180887 3.7495833443862070 3.4352405021216441
v 0.0173819046467543 0.0179994888603687 -0.1754504442214966
vn 4.4309926604363818 3.4618713163438088 2.7048112901668468
v 0.0212904866784811 0.0166339520365000 -0.1789605617523193
vn 3.9060718281738454 4.0448552999433591 2.7048115592906403
v 0.0187682900577784 0.0194351337850094 -0.1789605617523193
vn 4.6747741522829669 3.6523340176483767 1.9266898523621421
v 0.0224774926900864 0.0175613425672054 -0.1827069073915482
vn 4.1209729089073255 4.2673928269499184 1.9266895352549849
v 0.0198146775364876 0.0205186977982521 -0.1827069073915482
vn 4.8347567442375716 3.7773269037964501 1.1146880454853878
v 0.0232573039829731 0.0181705970317125 -0.1866215914487839
vn 4.2620030750138058 4.4134341415753084 1.1146884654565816
v 0.0205021072179079 0.0212305523455143 -0.1866215914487839
vn 4.9082577234733424 3.8347522001622840 0.2831191212894151
v 0.0236157923936844 0.0184506792575121 -0.1906337141990662
vn 4.3267970954560999 4.4805289464892946 0.2831194621221416
v 0.0208181273192167 0.0215578023344278 -0.1906337141990662
vn 4.8940460943794690 3.8236487472644081 -0.5534132760655148
v 0.0235464666038752 0.0183965172618628 -0.1946705877780914
vn 4.3142689891289567 4.4675566644153477 -0.5534138361081016
v 0.0207570139318705 0.0214945171028376 -0.1946705877780914
vn 4.7923595763740883 3.7442017596410073 -1.3802425660758302
v 0.0230505820363760 0.0180090870708227 -0.1986590921878815
vn 3.0622355493079376 -2.7563679800932026 4.7000153448875350
v 0.0146512165665627 -0.0131920147687197 -0.1693877726793289
vn 2.6469297873317021 -3.1544885974919610 4.7016303199739156
v 0.0126726580783725 -0.0151026854291558 -0.1693877726793289
vn 3.0262022614129904 -3.6064868719518057 4.1048903495063742
v 0.0145097468048334 -0.0172920431941748 -0.1722401231527328
vn 3.4986771118797284 -3.1502234459397389 4.1048903969770301
v 0.0167751256376505 -0.0151043916121125 -0.1722401231527328
vn 3.3505527348635336 -3.9930329485743328 3.4352404693537104
v 0.0160839818418026 -0.0191681440919638 -0.1754504442214966
vn 3.8736686068336881 -3.4878663028710308 3.4352399964569749
v 0.0185951441526413 -0.0167431421577930 -0.1754504442214966
vn 3.6144023312719655 -4.3074758063676404 2.7048105624521477
v 0.0173668451607227 -0.0206970013678074 -0.1789605617523193
vn 4.1787112109003770 -3.7625289493004606 2.7048115773755574
v 0.0200782977044582 -0.0180785804986954 -0.1789605617523193
vn 3.8132562834053711 -4.5444622139401538 1.9266897558479048
v 0.0183350965380669 -0.0218509174883366 -0.1827069073915482
vn 4.4086124696211755 -3.9695330591136595 1.9266900644638507
v 0.0211977213621140 -0.0190865136682987 -0.1827069073915482
vn 3.9437552503961188 -4.6999854417640128 1.1146890687033240
v 0.0189711954444647 -0.0226089917123318 -0.1866215914487839
vn 4.5594870584476226 -4.1053803619053930 1.1146886987668834
v 0.0219331327825785 -0.0197486821562052 -0.1866215914487839
vn 4.0037108965467159 -4.7714372595442303 0.2831194369108928
v 0.0192636195570230 -0.0229574870318174 -0.1906337141990662
vn 4.6288029474448322 -4.1677928775096040 0.2831195912559767
v 0.0222712121903896 -0.0200530886650085 -0.1906337141990662
vn 3.9921182418137224 -4.7576219052954745 -0.5534136559661170
v 0.0192070696502924 -0.0228900946676731 -0.1946705877780914
vn 4.6154008478966393 -4.1557252612793256 -0.5534135542417340
v 0.0222058333456516 -0.0199942216277122 -0.1946705877780914
vn 3.9091717292061312 -4.6587697258175078 -1.3802432171788179
v 0.0188025701791048 -0.0224080309271812 -0.1986590921878815
vn 4.5195026799906373 -4.0693795710586160 -1.3802427610660735
v 0.0217381808906794 -0.0195731464773417 -0.1986590921878815
vn 3.7562604615232673 -4.4765368794168907 -2.1828301535128052
v 0.0180574506521225 -0.0215200316160917 -0.2025269418954849
vn 4.3427178462884095 -3.9102016594227331 -2.1828304734110646
v 0.0208767261356115 -0.0187974888831377 -0.2025269418954849
vn 3.5359550963404183 -4.2139878865555840 -2.9469976941708724
v 0.0169852096587420 -0.0202421844005585 -0.2062041014432907
vn 4.0880172712241034 -3.6808674921389519 -2.9469983685209717
v 0.0196370780467987 -0.0176813043653965 -0.2062041014432907
vn 3.2519863142609466 -3.8755653898006099 -3.6591549049683953
v 0.0156052680686116 -0.0185976345092058 -0.2096239477396011
vn 3.7597120884895636 -3.3852604085812632 -3.6591547522696146
v 0.0180416889488697 -0.0162448100745678 -0.2096239477396011
vn 2.9092061811998997 -3.4670565067030061 -4.3064903287684171
v 0.0139426281675696 -0.0166161768138409 -0.2127245217561722
vn 3.3634147395029528 -3.0284324916738519 -4.3064904436136953
v 0.0161194633692503 -0.0145140308886766 -0.2127245217561722
vn 2.5135299183762818 -2.9955081910999115 -4.8772305976680563
v 0.0120274079963565 -0.0143337063491344 -0.2154496610164642
vn 2.9059627445418692 -2.6165401617278472 -4.8772306493384843
v 0.0139052243903279 -0.0125203197821975 -0.2154496610164642
vn 2.0718733192900136 -2.4691621982147365 -5.3608406110484959
v 0.0098943030461669 -0.0117915710434318 -0.2177499830722809
vn 2.3953509870170970 -2.1567834566059925 -5.3608405127856447
v 0.0114390822127461 -0.0102997953072190 -0.2177499830722809
vn 1.5920335570949411 -1.8973111986091846 -5.7482575816644994
v 0.0075819566845894 -0.0090358238667250 -0.2195838391780853
vn 1.8405944073405098 -1.6572787883331794 -5.7482575907016225
v 0.0087657133117318 -0.0078926831483841 -0.2195838391780853
vn 1.0825774563535189 -1.2901652785355604 -6.0320978400710574
v 0.0051322579383850 -0.0061163869686425 -0.2209179848432541
vn 1.2515979558162962 -1.1269439124769334 -6.0320979449087950
v 0.0059335473924875 -0.0053425901569426 -0.2209179848432541
vn 0.5527064896694468 -0.6586898865872944 -6.2068147724874851
v 0.0025895850267261 -0.0030861471313983 -0.2217282652854919
vn 0.6389994744309582 -0.5753577494525788 -6.2068147663247668
v 0.0029938919469714 -0.0026957124937326 -0.2217282652854919
vn 2.1834969635890915 -3.4934134341797676 4.7003086628581343
v 0.0104474406689405 -0.0167194008827209 -0.1693877726793289
vn 2.4948253525082427 -3.9925546781424428 4.1048903998200963
v 0.0119619518518448 -0.0191431250423193 -0.1722401231527328
vn 2.7622227594267996 -4.4204801549695336 3.4352402155439594
v 0.0132597638294101 -0.0212200582027435 -0.1754504442214966
vn 2.9797414137426390 -4.7685837427152684 2.7048110452798646
v 0.0143173672258854 -0.0229125767946243 -0.1789605617523193
vn 3.1436796843435326 -5.0309384010244180 1.9266889763289137
v 0.0151156010106206 -0.0241900179535151 -0.1827069073915482
vn 3.2512635188342704 -5.2031102130802998 1.1146891178483163
v 0.0156400054693222 -0.0250292420387268 -0.1866215914487839
vn 3.3006914492722301 -5.2822106807804259 0.2831191577485375
v 0.0158810820430517 -0.0254150442779064 -0.1906337141990662
vn 3.2911346312797209 -5.2669168770538564 -0.5534132780464908
v 0.0158344618976116 -0.0253404360264540 -0.1946705877780914
vn 3.2227529337867065 -5.1574821190496927 -1.3802424317330075
v 0.0155009906738997 -0.0248067695647478 -0.1986590921878815
vn 3.0966914591885821 -4.9557412376336654 -2.1828306708623306
v 0.0148867079988122 -0.0238237120211124 -0.2025269418954849
vn 2.9150696407314962 -4.6650878334516648 -2.9469980848401955
v 0.0140027422457933 -0.0224090721458197 -0.2062041014432907
vn 2.6809630964310629 -4.2904383665224710 -3.6591540513710572
v 0.0128651084378362 -0.0205884780734777 -0.2096239477396011
vn 2.3983727465550353 -3.8381983851224764 -4.3064907132508612
v 0.0114944148808718 -0.0183949079364538 -0.2127245217561722
vn 2.0721740135204727 -3.3161721211611002 -4.8772306107633359
v 0.0099154915660620 -0.0158681031316519 -0.2154496610164642
vn 1.7080690816512645 -2.7334815507871069 -5.3608405297955750
v 0.0081569431349635 -0.0130538372322917 -0.2177499830722809
vn 1.3124850874389256 -2.1004151383325467 -5.7482575048234414
v 0.0062506259419024 -0.0100030926987529 -0.2195838391780853
vn 0.8924854338389702 -1.4282751255472808 -6.0320979080902921
v 0.0042310748249292 -0.0067711346782744 -0.2209179848432541
vn 0.4556556693798863 -0.7292014277819421 -6.2068147740780013
v 0.0021348746959120 -0.0034165135584772 -0.2217282652854919
vn 0.5730991698457548 -4.0778170010466885 4.7016306716789940
v 0.0027438194956630 -0.0195232890546322 -0.1693877726793289
vn 0.0000000637471962 -4.1178917721886075 4.7016304421161674
v -0.0000000000000012 -0.0197151564061642 -0.1693877726793289
vn -0.5712022591067927 -4.0804008181279832 4.7000022937679962
v -0.0027438194956630 -0.0195232890546322 -0.1693877726793289
vn -1.1836653763736971 -4.9354783907043780 2.5436438173356759
v -0.0042705144733191 -0.0159377753734589 -0.1669450551271439
vn -1.5497264183959130 -4.8352706794742799 2.5511495113587288
v -0.0045480164699256 -0.0158608183264732 -0.1669450551271439
vn -1.1382237177620769 -3.9606882174970481 4.6993950167025638
v -0.0054342336952686 -0.0189514253288507 -0.1693877726793289
vn -1.2976828941188607 -4.5255568893275342 4.1048907056953512
v -0.0062220059335232 -0.0216987133026123 -0.1722401231527328
vn -1.4367691817670534 -5.0106102674546387 3.4352396085908437
v -0.0068970625288785 -0.0240529160946608 -0.1754504442214966
vn -1.5499119335153875 -5.4051851313008754 2.7048109625746783
v -0.0074471742846072 -0.0259713828563690 -0.1789605617523193
vn -1.9148895757895232 -4.3009119485631686 4.1048906542854500
v -0.0091813309118152 -0.0206216070801020 -0.1722401231527328
vn -2.1201290097329206 -4.7618872856653018 3.4352400105604080
v -0.0101774595677853 -0.0228589493781328 -0.1754504442214966
vn -2.2870844400159402 -5.1368764544934118 2.7048107647384327
v -0.0109892170876265 -0.0246821846812963 -0.1789605617523193
vn -2.4129138438699425 -5.4194929830987224 1.9266896009983661
v -0.0116018969565630 -0.0260582882910967 -0.1827069073915482
vn -2.8064784608006099 -4.2354228573554771 2.5578862228263599
v -0.0087436679750681 -0.0139927938580513 -0.1669450551271439
vn -2.1883446236447490 -3.4942846473297533 4.6979771733924318
v -0.0104474406689405 -0.0167194008827209 -0.1693877726793289
vn -2.4948250520758561 -3.9925548751119657 4.1048903692446341
v -0.0119619518518448 -0.0191431250423193 -0.1722401231527328
vn -2.7622227745035897 -4.4204799668623949 3.4352404875775164
v -0.0132597638294101 -0.0212200582027435 -0.1754504442214966
vn -2.9797415551324540 -4.7685839055237267 2.7048105802077558
v -0.0143173672258854 -0.0229125767946243 -0.1789605617523193
vn -3.1436793875825950 -5.0309383884378338 1.9266895032912170
v -0.0151156010106206 -0.0241900179535151 -0.1827069073915482
vn -3.2512636761301854 -5.2031102207148372 1.1146887415313400
v -0.0156400054693222 -0.0250292420387268 -0.1866215914487839
vn -3.0262023342472042 -3.6064865201030214 4.1048905957485049
v -0.0145097468048334 -0.0172920431941748 -0.1722401231527328
vn -3.3505529440584954 -3.9930329752739500 3.4352402202527115
v -0.0160839818418026 -0.0191681440919638 -0.1754504442214966
vn -3.6144019753769894 -4.3074758562428856 2.7048110130005241
v -0.0173668451607227 -0.0206970013678074 -0.1789605617523193
vn -3.8132563231100014 -4.5444623493273735 1.9266895037235119
v -0.0183350965380669 -0.0218509174883366 -0.1827069073915482
vn -3.9437553460753731 -4.6999853804345744 1.1146889213201978
v -0.0189711954444647 -0.0226089917123318 -0.1866215914487839
vn -4.0037110524043333 -4.7714371177274195 0.2831196881678325
v -0.0192636195570230 -0.0229574870318174 -0.1906337141990662
vn -3.8537815603894723 -3.3160942025890838 2.5648300789522782
v -0.0122618898749352 -0.0110406549647450 -0.1669450551271439
vn -3.0681110525492641 -2.7556389885960209 4.6972885464826195
v -0.0146512165665627 -0.0131920147687197 -0.1693877726793289
vn -3.4986771431426176 -3.1502236410337945 4.1048901851494435
v -0.0167751256376505 -0.0151043916121125 -0.1722401231527328
vn -3.8736683147659994 -3.4878663152407845 3.4352403095689876
v -0.0185951441526413 -0.0167431421577930 -0.1754504442214966
vn -4.1787114995597614 -3.7625287569038859 2.7048114476110148
v -0.0200782977044582 -0.0180785804986954 -0.1789605617523193
vn -4.4086128379562801 -3.9695326901450643 1.9266899249509277
v -0.0211977213621140 -0.0190865136682987 -0.1827069073915482
vn -4.5594868830064179 -4.1053804875626607 1.1146889584945923
v -0.0219331327825785 -0.0197486821562052 -0.1866215914487839
vn -4.6288029024226800 -4.1677929289343218 0.2831192104614184
v -0.0222712121903896 -0.0200530886650085 -0.1906337141990662
vn -4.6154010897709714 -4.1557251325683442 -0.5534128393734036
v -0.0222058333456516 -0.0199942216277122 -0.1946705877780914
vn -4.1654076418384438 -2.9206863500315450 2.5703529474516751
v -0.0136791197583079 -0.0092266825959086 -0.1669450551271439
vn -4.6167283214057955 -2.1629998078827786 2.5629612325640214
v -0.0148301022127271 -0.0072331237606704 -0.1669450551271439
vn -4.4203109000234191 -2.5350165067677040 2.5276684517477577
v -0.0142894191667438 -0.0082499999552965 -0.1669450551271439
vn -4.7983085048769274 -1.6804153015356396 2.5664409170004783
v -0.0156924333423376 -0.0050987806171179 -0.1669450551271439
vn -5.0316128256709147 -0.8243431222884651 2.5725304513648601
v -0.0162493288516998 -0.0028651950415224 -0.1669450551271439
vn -4.9302481768032411 -1.2631815082602067 2.5325400684647068
v -0.0159377753734589 -0.0042705144733191 -0.1669450551271439
vn -5.0708728004226131 -0.3159650774980547 2.5626638932290988
v -0.0164899490773678 -0.0005758416955359 -0.1669450551271439
vn -5.0662363941399100 0.5769218664220805 2.5823401605897631
v -0.0164096113294363 0.0017247196519747 -0.1669450551271439
vn -5.0829427355142762 0.0968422267785200 2.5369941177349760
v -0.0164999999105930 0.0000000000000000 -0.1669450551271439
vn -4.9632352618398121 1.0702590842601492 2.5590240357687528
v -0.0160098802298307 0.0039917114190757 -0.1669450551271439
vn -4.7211702420798574 1.9280838982167374 2.5806426978729218
v -0.0152985332533717 0.0061810086481273 -0.1669450551271439
vn -4.8682708648707838 1.4469442934794277 2.5410155542487649
v -0.0159377753734589 0.0042705144733191 -0.1669450551271439
vn -4.4166861985685824 2.5499745752215723 2.5877038691576955
v -0.0142894191667438 0.0082499999552965 -0.1669450551271439
vn -3.5661987211375790 2.0589461024195237 4.7016304185158759
v -0.0170738268643618 0.0098575782030821 -0.1693877726793289
vn -4.0771910981424258 2.3539670700723510 4.1048900202061436
v -0.0195489302277565 0.0112865800037980 -0.1722401231527328
vn -4.5141876933197844 2.6062674049904739 3.4352399943377576
v -0.0216698907315731 0.0125111173838377 -0.1754504442214966
vn -4.8696702892097319 2.8115053927832152 2.7048112105362203
v -0.0233982875943184 0.0135090081021190 -0.1789605617523193
vn -5.1375865067796731 2.9661867770467056 1.9266899818155185
v -0.0247028097510338 0.0142621733248234 -0.1827069073915482
vn -5.3134077491719545 3.0676972906405107 1.1146890269418015
v -0.0255598239600658 0.0147569710388780 -0.1866215914487839
vn -5.3941849748547979 3.1143343096246863 0.2831195216961055
v -0.0259538050740957 0.0149844363331795 -0.1906337141990662
vn -5.3785669270847611 3.1053169955092201 -0.5534139639225050
v -0.0258776154369116 0.0149404481053352 -0.1946705877780914
vn -5.2668128795426998 3.0407959825473490 -1.3802429757517185
v -0.0253326352685690 0.0146258035674691 -0.1986590921878815
vn -5.0607955183704032 2.9218515966188119 -2.1828308683435318
v -0.0243287384510040 0.0140462033450603 -0.2025269418954849
vn -4.7639797668290687 2.7504851538776043 -2.9469982820921943
v -0.0228841099888086 0.0132121471688151 -0.2062041014432907
vn -4.3813890457731910 2.5295962046979552 -3.6591536992422369
v -0.0210249219089746 0.0121387438848615 -0.2096239477396011
vn -3.9195622357557824 2.2629604006632471 -4.3064904935442181
v -0.0187848526984453 0.0108454395085573 -0.2127245217561722
vn -3.3864693063106555 1.9551792646409476 -4.8772310311200346
v -0.0162044819444418 0.0093556623905897 -0.2154496610164642
vn -2.7914271316245447 1.6116316636042647 -5.3608405197623750
v -0.0133305583149195 0.0076964013278484 -0.2177499830722809
vn -2.1449406101983897 1.2383823301926828 -5.7482575156142897
v -0.0102151427417994 0.0058977152220905 -0.2195838391780853
vn -1.4585523881641196 0.8420955259641653 -6.0320979190198258
v -0.0069146724417806 0.0039921877905726 -0.2209179848432541
vn -3.7099020891566550 2.8984947533640546 4.1048906124165798
v -0.0177878923714161 0.0138974245637655 -0.1722401231527328
vn -4.1075332171787107 3.2091571333295037 3.4352401351985780
v -0.0197177901864052 0.0154052255675197 -0.1754504442214966
vn -4.4309925525835459 3.4618713236130967 2.7048114855369620
v -0.0212904866784811 0.0166339520365000 -0.1789605617523193
vn -4.6747743372707893 3.6523339230975780 1.9266895781486635
v -0.0224774926900864 0.0175613425672054 -0.1827069073915482
vn -4.8347571516384118 3.7773263170128994 1.1146880916045516
v -0.0232573039829731 0.0181705970317125 -0.1866215914487839
vn -4.9082577143146917 3.8347521760742467 0.2831191422884631
v -0.0236157923936844 0.0184506792575121 -0.1906337141990662
vn -4.8940457653961751 3.8236492639818884 -0.5534129381512242
v -0.0235464666038752 0.0183965172618628 -0.1946705877780914
vn -4.7923596410726770 3.7442016101426199 -1.3802428941153320
v -0.0230505820363760 0.0180090870708227 -0.1986590921878815
vn -4.6049011316052768 3.5977429883343377 -2.1828311125838207
v -0.0221371185034513 0.0172954127192497 -0.2025269418954849
vn -4.3348238337047817 3.3867352640631241 -2.9469986504010119
v -0.0208226274698973 0.0162684191018343 -0.2062041014432907
vn -3.9866980896963389 3.1147497575377687 -3.6591540612603977
v -0.0191309209913015 0.0149467140436172 -0.2096239477396011
vn -3.5664742009683637 2.7864357296645776 -4.3064904618227136
v -0.0170926451683044 0.0133542381227016 -0.2127245217561722
vn -3.0814044794091546 2.4074567434529675 -4.8772306928934359
v -0.0147447250783443 0.0115198418498039 -0.2154496610164642
vn -2.5399658151671378 1.9844381095034187 -5.3608406036477643
v -0.0121296942234039 0.0094767557457089 -0.2177499830722809
vn -1.9517167273556666 1.5248484605052963 -5.7482575391839426
v -0.0092949261888862 0.0072619919665158 -0.2195838391780853
vn -1.3271607777963879 1.0368918150825683 -6.0320978488586787
v -0.0062917741015553 0.0049156728200614 -0.2209179848432541
vn -0.6775778851932921 0.5293816923577469 -6.2068147820695980
v -0.0031746423337609 0.0024803024716675 -0.2217282652854919
vn -3.4125975024555202 3.7597419019667395 2.5511467656993272
v -0.0114618632942438 0.0118691064417362 -0.1669450551271439
vn -2.8609447596858972 2.9660752653435560 4.6993949377005846
v -0.0136952986940742 0.0141818961128592 -0.1693877726793289
vn -3.2704061753652196 3.3866046467130135 4.1048906732750634
v -0.0156806334853172 0.0162377711385489 -0.1722401231527328
vn -3.6209310957741421 3.7495833469184747 3.4352404252672750
v -0.0173819046467543 0.0179994888603687 -0.1754504442214966
vn -3.9060716600166159 4.0448555740333187 2.7048113063032724
v -0.0187682900577784 0.0194351337850094 -0.1789605617523193
vn -4.1209725123737879 4.2673930612262465 1.9266897440308812
v -0.0198146775364876 0.0205186977982521 -0.1827069073915482
vn -4.2620030341086661 4.4134341423932426 1.1146889609531754
v -0.0205021072179079 0.0212305523455143 -0.1866215914487839
vn -4.3267972950110831 4.4805288232191476 0.2831186347243283
v -0.0208181273192167 0.0215578023344278 -0.1906337141990662
vn -4.3142691818969645 4.4675565199127938 -0.5534132531953364
v -0.0207570139318705 0.0214945171028376 -0.1946705877780914
vn -4.2246287013896202 4.3747309852351313 -1.3802423828057540
v -0.0203198734670877 0.0210418459028006 -0.1986590921878815
vn -4.0593776387619744 4.2036084389169242 -2.1828305590538446
v -0.0195146258920431 0.0202079862356186 -0.2025269418954849
vn -3.8212954360491285 3.9570662564503274 -2.9469984145046046
v -0.0183558575809002 0.0190080460160971 -0.2062041014432907
vn -3.5144102069624257 3.6392782382936564 -3.6591537566677292
v -0.0168645605444908 0.0174637641757727 -0.2096239477396011
vn -3.1439690023008797 3.2556745565872465 -4.3064907993676149
v -0.0150677505880594 0.0156031120568514 -0.2127245217561722
vn -2.7163631378066122 2.8128765521857657 -4.8772305116353669
v -0.0129979783669114 0.0134598007425666 -0.2154496610164642
vn -2.2390663277098222 2.3186208809572948 -5.3608404974199475
v -0.0106927398592234 0.0110726561397314 -0.2177499830722809
vn -1.7205049544374160 1.7816348583740360 -5.7482576419579541
v -0.0081937946379185 0.0084849223494530 -0.2195838391780853
vn -1.1699375492560253 1.2115058194835913 -6.0320979069378922
v -0.0055464133620262 0.0057434793561697 -0.2209179848432541
vn -0.5973079771360281 0.6185306256270441 -6.2068147481286031
v -0.0027985556516796 0.0028979892376810 -0.2217282652854919
vn -2.7672542807095777 3.8087986020096252 4.1048907835121904
v -0.0132681699469686 0.0182620696723461 -0.1722401231527328
vn -3.0638512160815781 4.2170285898552606 3.4352405988341461
v -0.0147077003493905 0.0202434137463570 -0.1754504442214966
vn -3.3051234192897545 4.5491110484634882 2.7048102722662808
v -0.0158807914704084 0.0218580346554518 -0.1789605617523193
vn -3.4869620687550822 4.7993914472940595 1.9266890566846357
v -0.0167661905288696 0.0230766814202070 -0.1827069073915482
vn -3.6062949189315887 4.9636387294418531 1.1146894683746196
v -0.0173478592187166 0.0238772798329592 -0.1866215914487839
vn -3.6611197128266024 5.0390984894642656 0.2831196124649932
v -0.0176152605563402 0.0242453273385763 -0.1906337141990662
vn -3.6505199725122690 5.0245083272727129 -0.5534137710930058
v -0.0175635498017073 0.0241741519421339 -0.1946705877780914
vn -3.5746699405806752 4.9201108180429252 -1.3802423006465747
v -0.0171936638653278 0.0236650481820107 -0.1986590921878815
vn -3.4348429769672459 4.7276554182679122 -2.1828306987449069
v -0.0165123026818037 0.0227272342890501 -0.2025269418954849
vn -3.2333893410938912 4.4503777595312171 -2.9469987515886591
v -0.0155318109318614 0.0213777031749487 -0.2062041014432907
vn -2.9737179409620786 4.0929730876985806 -3.6591541246732890
v -0.0142699489369988 0.0196409001946449 -0.2096239477396011
vn -2.6602694150599033 3.6615469017189080 -4.3064906605116784
v -0.0127495788037777 0.0175482891499996 -0.2127245217561722
vn -2.2984506096300770 3.1635466051562511 -4.8772306413545357
v -0.0109982406720519 0.0151377795264125 -0.2154496610164642
vn -1.8945858497420196 2.6076744743575513 -5.3608404909855922
v -0.0090476628392935 0.0124530391767621 -0.2177499830722809
vn -1.4558053075760560 2.0037443149520997 -5.7482575911561096
v -0.0069331801496446 0.0095427036285400 -0.2195838391780853
vn -0.9899428535842068 1.3625393808070301 -6.0320978418220479
v -0.0046930983662605 0.0064594959840178 -0.2209179848432541
vn -0.5054121912836411 0.6956401573817818 -6.2068147957963546
v -0.0023679980076849 0.0032592697534710 -0.2217282652854919
vn -2.2647436039265121 4.5481931475857156 2.5578855982732516
v -0.0077462806366384 0.0145686352625489 -0.1669450551271439
vn -1.9319674775677278 3.6423044643547735 4.6979769955367514
v -0.0092557054013014 0.0174074489623308 -0.1693877726793289
vn -2.2102408898584693 4.1568592403609443 4.1048910614273320
v -0.0105974562466145 0.0199309159070253 -0.1722401231527328
vn -2.4471362203342730 4.6023948203728136 3.4352406735834808
v -0.0117472279816866 0.0220933221280575 -0.1754504442214966
vn -2.6398434956735599 4.9648242194683920 2.7048106110473933
v -0.0126841897144914 0.0238554924726486 -0.1789605617523193
vn -2.7850813208242595 5.2379753180061366 1.9266894867272280
v -0.0133913699537516 0.0251855030655861 -0.1827069073915482
vn -2.8803936773919299 5.4172316925077837 1.1146894046655627
v -0.0138559564948082 0.0260592643171549 -0.1866215914487839
vn -2.9241825866113285 5.4995880531296724 0.2831198687342893
v -0.0140695329755545 0.0264609437435865 -0.1906337141990662
vn -2.9157165051907037 5.4836641704529425 -0.5534140087234367
v -0.0140282306820154 0.0263832658529282 -0.1946705877780914
vn -2.8551344430757322 5.3697267323711060 -1.3802427288139494
v -0.0137327974662185 0.0258276369422674 -0.1986590921878815
vn -2.7434530319650836 5.1596838456816538 -2.1828307882794942
v -0.0131885865703225 0.0248041227459908 -0.2025269418954849
vn -2.5825485563521062 4.8570681893448624 -2.9469984064186350
v -0.0124054551124573 0.0233312677592039 -0.2062041014432907
vn -2.3751469062689261 4.4670013350749489 -3.6591547625506182
v -0.0113975899294019 0.0214357487857342 -0.2096239477396011
vn -2.1247909662330979 3.9961511784041193 -4.3064902729452585
v -0.0101832505315542 0.0191519092768431 -0.2127245217561722
vn -1.8358019510201300 3.4526413183153317 -4.8772308749236588
v -0.0087844347581267 0.0165211185812950 -0.2154496610164642
vn -1.5132299639432896 2.8459720646990729 -5.3608404855727496
v -0.0072264834307134 0.0135910380631685 -0.2177499830722809
vn -1.1627702494266023 2.1868529898947058 -5.7482575880464521
v -0.0055376193486154 0.0104147465899587 -0.2195838391780853
vn -0.7906797437074675 1.4870528020422515 -6.0320978584116549
v -0.0037484373897314 0.0070497854612768 -0.2209179848432541
vn -0.4036791869351550 0.7592101466866971 -6.2068147504990403
v -0.0018913502572104 0.0035571125335991 -0.2217282652854919
vn -0.9449325058347454 4.9955191889871431 2.5648291594753418
v -0.0034305430017412 0.0161394346505404 -0.1669450551271439
vn -0.8523975830400846 4.0348813992737433 4.6972891175540594
v -0.0040990114212036 0.0192843321710825 -0.1693877726793289
vn -0.4466843268351317 5.0676930211775861 2.5703540417889985
v -0.0011509818723425 0.0164598077535629 -0.1669450551271439
vn 0.4351524213627309 5.0797039677417333 2.5629625777984923
v 0.0011509818723425 0.0164598077535629 -0.1669450551271439
vn 0.0147677966477861 1.9559297860137055 2.5276676334501960
v -0.0000000000000011 0.0164999999105930 -0.1669450551271439
vn 0.9438694948342753 4.9956637951987704 2.5664395539071698
v 0.0034305430017412 0.0161394346505404 -0.1669450551271439
vn 1.8019051449831027 4.7696755992999211 2.5725298217986343
v 0.0056433323770761 0.0155049283057451 -0.1669450551271439
vn 1.3711746633696547 4.9013127115519399 2.5325414315365675
v 0.0042705144733191 0.0159377753734589 -0.1669450551271439
vn 2.2617997618059036 4.5494882075766219 2.5626633288954492
v 0.0077462806366384 0.0145686352625489 -0.1669450551271439
vn 3.0327479498765815 4.0990282315104833 2.5823406038378836
v 0.0096984570845962 0.0133487805724144 -0.1669450551271439
vn 2.6253369092973902 4.3535382307564134 2.5369946624960802
v 0.0082499999552965 0.0142894191667438 -0.1669450551271439
vn 3.4084791671415795 3.7631639149724370 2.5590210217983489
v 0.0114618632942438 0.0118691064417362 -0.1669450551271439
vn 4.0303553214754242 3.1246109717008275 2.5806426335867334
v 0.0130021777004004 0.0101584140211344 -0.1669450551271439
vn 3.6872190077872933 3.4925840058437938 2.5410188803494176
v 0.0116672618314624 0.0116672618314624 -0.1669450551271439
vn 4.4166861706245300 2.5499744115104654 2.5877039566648268
v 0.0142894191667438 0.0082499999552965 -0.1669450551271439
vn 3.5661989464284556 2.0589460515999476 4.7016302688706588
v 0.0170738268643618 0.0098575782030821 -0.1693877726793289
vn 4.0771908101048684 2.3539673268658139 4.1048901582490895
v 0.0195489302277565 0.0112865800037980 -0.1722401231527328
vn 4.5141875788364212 2.6062677596303043 3.4352398779640119
v 0.0216698907315731 0.0125111173838377 -0.1754504442214966
vn 4.8696702437558539 2.8115054392318211 2.7048112120357555
v 0.0233982875943184 0.0135090081021190 -0.1789605617523193
vn 5.1375866780621431 2.9661864744088455 1.9266899281942929
v 0.0247028097510338 0.0142621733248234 -0.1827069073915482
vn 5.3134081087869482 3.0676965885255765 1.1146893613367297
v 0.0255598239600658 0.0147569710388780 -0.1866215914487839
vn 5.3941849671435076 3.1143344142770455 0.2831193075066337
v 0.0259538050740957 0.0149844363331795 -0.1906337141990662
vn 5.3785665279914561 3.1053176586175280 -0.5534140530606850
v 0.0258776154369116 0.0149404481053352 -0.1946705877780914
vn 5.2668128993234706 3.0407958760424068 -1.3802430196811437
v 0.0253326352685690 0.0146258035674691 -0.1986590921878815
vn 5.0607958176276329 2.9218512460322339 -2.1828306395238943
v 0.0243287384510040 0.0140462033450603 -0.2025269418954849
vn 4.3651212392118843 1.7636222210879968 4.1048905601410226
v 0.0209294687956572 0.0084560541436076 -0.1722401231527328
vn 4.8329780146070078 1.9526495367960308 3.4352403051957303
v 0.0232002120465040 0.0093734944239259 -0.1754504442214966
vn 5.2135648548895137 2.1064172296580548 2.7048109326738698
v 0.0250506680458784 0.0101211266592145 -0.1789605617523193
vn 5.5004013512208356 2.2223059994904526 1.9266892682297818
v 0.0264473147690296 0.0106854084879160 -0.1827069073915482
vn 5.6886394395831870 2.2983588696336312 1.1146886605731361
v 0.0273648500442505 0.0110561167821288 -0.1866215914487839
vn 5.7751215979551622 2.3332995016643072 0.2831198696533808
v 0.0277866534888744 0.0112265367060900 -0.1906337141990662
vn 5.7584001118257859 2.3265434399674554 -0.5534131380252084
v 0.0277050845324993 0.0111935809254646 -0.1946705877780914
vn 5.6387534385968960 2.2782043587774607 -1.3802430756696795
v 0.0271216183900833 0.0109578454867005 -0.1986590921878815
vn 5.4181872408725713 2.1890904557070865 -2.1828314913426734
v 0.0260468255728483 0.0105236005038023 -0.2025269418954849
vn 5.1004108123460412 2.0606994381017154 -2.9469985409500317
v 0.0245001781731844 0.0098987147212029 -0.2062041014432907
vn 4.9373198958453415 1.1208762232145331 2.7834251401419148
v 0.0160098802298307 0.0039917114190757 -0.1669450551271439
vn 3.9991690535908355 0.9946132076268779 4.6993950118492691
v 0.0191295314580202 0.0047695278190076 -0.1693877726793289
vn 4.5680887275706930 1.1389523913439592 4.1048905575887522
v 0.0219026394188404 0.0054609412327409 -0.1722401231527328
vn 5.0576999278739541 1.2610262995200809 3.4352409003591058
v 0.0242789667099714 0.0060534263029695 -0.1754504442214966
vn 5.4559833350151532 1.3603294596816198 2.7048107585486325
v 0.0262154657393694 0.0065362495370209 -0.1789605617523193
vn 5.7561574071439257 1.4351708637945000 1.9266890113266131
v 0.0276770517230034 0.0069006644189358 -0.1827069073915482
vn 5.9531475421467110 1.4842861534364402 1.1146891940043453
v 0.0286372508853674 0.0071400688029826 -0.1866215914487839
vn 6.0436504234799600 1.5068517174636962 0.2831193353374873
v 0.0290786679834127 0.0072501264512539 -0.1906337141990662
vn 6.0261520174081884 1.5024883059086496 -0.5534137501740986
v 0.0289933048188686 0.0072288429364562 -0.1946705877780914
vn 5.9009430451469047 1.4712697452596311 -1.3802414822044942
v 0.0283827092498541 0.0070766042917967 -0.1986590921878815
vn 5.6701199651564345 1.4137205374998156 -2.1828307514795089
v 0.0272579435259104 0.0067961686290801 -0.2025269418954849
vn 5.3375672315075064 1.3308056546271962 -2.9469992425089861
v 0.0256393793970346 0.0063926153816283 -0.2062041014432907
vn 4.9089128674939309 1.2239295546035267 -3.6591537683145621
v 0.0235563423484564 0.0058732558973134 -0.2096239477396011
vn 4.6821438123946697 0.4921131880510780 4.1048905920634322
v 0.0224495008587837 0.0023595376405865 -0.1722401231527328
vn 5.1839793605708540 0.5448582243227759 3.4352406283714001
v 0.0248851608484983 0.0026155356317759 -0.1754504442214966
vn 5.5922075240199822 0.5877652837680160 2.7048106704823862
v 0.0268700085580349 0.0028241516556591 -0.1789605617523193
vn 5.8998760812681788 0.6201026513727882 1.9266886480577685
v 0.0283680874854326 0.0029816061723977 -0.1827069073915482
vn 6.1017845132118840 0.6413232954395133 1.1146892941856263
v 0.0293522607535124 0.0030850470066071 -0.1866215914487839
vn 6.1945472920023477 0.6510728745693710 0.2831197720256435
v 0.0298046991229057 0.0031326001044363 -0.1906337141990662
vn 6.1766116146098566 0.6491883530357440 -0.5534136829580226
v 0.0297172050923109 0.0031234042253345 -0.1946705877780914
vn 6.0482763496754570 0.6357002980726264 -1.3802420724221318
v 0.0290913637727499 0.0030576256103814 -0.1986590921878815
vn 5.8116909956884761 0.6108331819116022 -2.1828302464906368
v 0.0279385149478912 0.0029364561196417 -0.2025269418954849
vn 5.4708347384954958 0.5750081544806098 -2.9469995111442762
v 0.0262795388698578 0.0027620908804238 -0.2062041014432907
vn 5.0314774608238704 0.5288297115153885 -3.6591540569644843
v 0.0241444930434227 0.0025376884732395 -0.2096239477396011
vn 4.5011276667190856 0.4730875310567914 -4.3064904394943859
v 0.0215720534324646 0.0022673141211271 -0.2127245217561722
vn 5.0726431998677048 -0.2974328489020429 2.5396535130858440
v 0.0164899490773678 -0.0005758416955359 -0.1669450551271439
vn 4.1203117878297411 -0.1480194726227784 4.6979771627994058
v 0.0197031460702419 -0.0006880490109324 -0.1693877726793289
vn 4.7050667708875604 -0.1643038627422698 4.1048902294440417
v 0.0225594080984592 -0.0007877919124439 -0.1722401231527328
vn 5.2093592543950393 -0.1819152111436252 3.4352408977896927
v 0.0250069908797741 -0.0008732634014450 -0.1754504442214966
vn 5.6195848843348495 -0.1962411481107395 2.7048117357632013
v 0.0270015578716993 -0.0009429151541553 -0.1789605617523193
vn 5.9287601780783437 -0.2070362715902994 1.9266884472871051
v 0.0285069718956947 -0.0009954853449017 -0.1827069073915482
vn 6.1316576755693202 -0.2141216160799131 1.1146882623900582
v 0.0294959619641304 -0.0010300216963515 -0.1866215914487839
vn 6.2248743717724553 -0.2173774325381068 0.2831196267941246
v 0.0299506150186062 -0.0010458985343575 -0.1906337141990662
vn 6.2068511185799364 -0.2167482187651440 -0.5534129419710392
v 0.0298626925796270 -0.0010428281966597 -0.1946705877780914
vn 6.0778869174605452 -0.2122444809409217 -1.3802417829105567
v 0.0292337890714407 -0.0010208663297817 -0.1986590921878815
vn 5.8401435365815297 -0.2039424713239071 -2.1828308246384367
v 0.0280752945691347 -0.0009804108412936 -0.2025269418954849
vn 5.4976186026978988 -0.1919811208486072 -2.9469992141255541
v 0.0264081973582506 -0.0009221945656464 -0.2062041014432907
vn 5.0561103903195610 -0.1765633013552668 -3.6591540964406710
v 0.0242626983672380 -0.0008472721092403 -0.2096239477396011
vn 4.5231641049637039 -0.1579524420099562 -4.3064901431044635
v 0.0216776654124260 -0.0007570007583126 -0.2127245217561722
vn 3.9079760989936494 -0.1364694334228011 -4.8772304779852540
v 0.0186999272555113 -0.0006530157988891 -0.2154496610164642
vn 4.6364104451167627 -0.8175239606862656 4.1048902712223621
v 0.0222302228212357 -0.0039197881706059 -0.1722401231527328
vn 5.1333448161040485 -0.9051468405471589 3.4352395070356718
v 0.0246420912444592 -0.0043450654484332 -0.1754504442214966
vn 5.5375846349693418 -0.9764263460222884 2.7048113084382965
v 0.0266075506806374 -0.0046916292048991 -0.1789605617523193
vn 5.8422475407166568 -1.0301466017883214 1.9266899787041725
v 0.0280909985303879 -0.0049532009288669 -0.1827069073915482
vn 6.0421846504047849 -1.0653996378474613 1.1146882671565539
v 0.0290655586868525 -0.0051250420510769 -0.1866215914487839
vn 6.1340411274313178 -1.0815971412716938 0.2831194992978334
v 0.0295135769993067 -0.0052040400914848 -0.1906337141990662
vn 6.1162805907430560 -1.0784653909775324 -0.5534135235581148
v 0.0294269379228354 -0.0051887631416321 -0.1946705877780914
vn 5.9891987831837783 -1.0560579322936869 -1.3802420009366758
v 0.0288072098046541 -0.0050794882699847 -0.1986590921878815
vn 5.7549242841167514 -1.0147488526166049 -2.1828308542854646
v 0.0276656206697226 -0.0048781954683363 -0.2025269418954849
vn 5.4173977793407326 -0.9552337442631960 -2.9469988414931469
v 0.0260228496044874 -0.0045885303989053 -0.2062041014432907
vn 4.9823317945779895 -0.8785190838049193 -3.6591542731091753
v 0.0239086579531431 -0.0042157415300608 -0.2096239477396011
vn 4.4571620643401735 -0.7859180805765010 -4.3064903935729895
v 0.0213613454252481 -0.0037665816489607 -0.2127245217561722
vn 3.8509512744705909 -0.6790271168858037 -4.8772307113583064
v 0.0184270571917295 -0.0032491874881089 -0.2154496610164642
vn 3.1742938481189604 -0.5597134809171312 -5.3608405402303818
v 0.0151589522138238 -0.0026729321107268 -0.2177499830722809
vn 4.7987146857269707 -1.6794223809200415 2.5648307656662124
v 0.0156924333423376 -0.0050987806171179 -0.1669450551271439
vn 3.9205082863087988 -1.2792433173284357 4.6972890534476388
v 0.0187502279877663 -0.0060923183336854 -0.1693877726793289
vn 4.4775121004408076 -1.4548318560607634 4.1048899749309360
v 0.0214683506637812 -0.0069754896685481 -0.1722401231527328
vn 4.9574151169807372 -1.6107627271330400 3.4352399604523041
v 0.0237975586205721 -0.0077322958968580 -0.1754504442214966
vn 5.3478011123725517 -1.7376061981296931 2.7048110691671190
v 0.0256956592202187 -0.0083490256220102 -0.1789605617523193
vn 5.6420224361586016 -1.8332046048054391 1.9266906274610252
v 0.0271282661706209 -0.0088145080953836 -0.1827069073915482
vn 5.8351073685487238 -1.8959406823189306 1.1146885150221586
v 0.0280694272369146 -0.0091203097254038 -0.1866215914487839
vn 5.9238162491463360 -1.9247642434380658 0.2831185016073721
v 0.0285020899027586 -0.0092608910053968 -0.1906337141990662
vn 5.9066642102233455 -1.9191918129394638 -0.5534132814877393
v 0.0284184198826551 -0.0092337047681212 -0.1946705877780914
vn 5.7839376360020864 -1.8793152405246745 -1.3802422785399520
v 0.0278199315071106 -0.0090392436832190 -0.1986590921878815
vn 5.5576919914272374 -1.8058041899883612 -2.1828304781257470
v 0.0267174672335386 -0.0086810309439898 -0.2025269418954849
vn 5.2317334305637981 -1.6998934355792601 -2.9469987517049812
v 0.0251309964805841 -0.0081655560061336 -0.2062041014432907
vn 4.8115777567354465 -1.5633764434153357 -3.6591537372150049
v 0.0230892635881901 -0.0075021563097835 -0.2096239477396011
vn 4.3044066244698529 -1.3985863390713873 -4.3064905770340074
v 0.0206292513757944 -0.0067028501071036 -0.2127245217561722
vn 3.7189718467076229 -1.2083667878646713 -4.8772306610472453
v 0.0177955273538828 -0.0057821176014841 -0.2154496610164642
vn 3.0655049353291046 -0.9960430333133559 -5.3608404079729493
v 0.0146394260227680 -0.0047566378489137 -0.2177499830722809
vn 2.3555426159997945 -0.7653616414585472 -5.7482576520902642
v 0.0112181212753057 -0.0036449884064496 -0.2195838391780853
vn 4.2314635980067159 -2.0638226417713956 4.1048900493902698
v 0.0202886220067739 -0.0098954215645790 -0.1722401231527328
vn 4.6849954970988854 -2.2850248909637392 3.4352399079525981
v 0.0224898345768452 -0.0109690260142088 -0.1754504442214966
vn 5.0539290175648848 -2.4649652431533959 2.7048110125471285
v 0.0242836307734251 -0.0118439188227057 -0.1789605617523193
vn 5.3319820924642300 -2.6005816521045921 1.9266904181478872
v 0.0256375130265951 -0.0125042507424951 -0.1827069073915482
vn 5.5144558279115587 -2.6895804566633070 1.1146895556449845
v 0.0265269558876753 -0.0129380607977509 -0.1866215914487839
vn 5.5982905123304150 -2.7304682000577349 0.2831183211334676
v 0.0269358437508345 -0.0131374886259437 -0.1906337141990662
vn 5.5820813186142599 -2.7225626540623153 -0.5534132614895726
v 0.0268567707389593 -0.0130989225581288 -0.1946705877780914
vn 5.4660986584354365 -2.6659934464747428 -1.3802425790971462
v 0.0262911710888147 -0.0128230610862374 -0.1986590921878815
vn 5.2522862757886060 -2.5617106047057456 -2.1828309299635924
v 0.0252492874860764 -0.0123149007558823 -0.2025269418954849
vn 4.9442394226359010 -2.4114658607244768 -2.9469986670566910
v 0.0237499978393316 -0.0115836486220360 -0.2062041014432907
vn 4.5471720351280860 -2.2178039397493374 -3.6591540098824336
v 0.0218204613775015 -0.0106425499543548 -0.2096239477396011
vn 4.0678707823277787 -1.9840332979458659 -4.3064904536601807
v 0.0194956324994564 -0.0095086554065347 -0.2127245217561722
vn 3.5146065727293885 -1.7141886571491143 -4.8772305445717468
v 0.0168176274746656 -0.0082025052979589 -0.2154496610164642
vn 2.8970490531603308 -1.4129856845034323 -5.3608405023765497
v 0.0138349598273635 -0.0067477608099580 -0.2177499830722809
vn 2.2261008507907549 -1.0857418128278942 -5.7482575847004096
v 0.0106016630306840 -0.0051707765087485 -0.2195838391780853
vn 1.5137410894905621 -0.7383005920183038 -6.0320979409057660
v 0.0071763093583286 -0.0035001200158149 -0.2209179848432541
vn 4.1647430730033674 -2.9215292718933732 2.5719806019450373
v 0.0136791197583079 -0.0092266825959086 -0.1669450551271439
vn 3.4159423928796584 -2.3106054247907775 4.6972372417811084
v 0.0163446050137281 -0.0110245756804943 -0.1693877726793289
vn 3.9030541337104432 -2.6326440978972521 4.1048902993805605
v 0.0187139976769686 -0.0126227503642440 -0.1722401231527328
vn 4.3213871254354848 -2.9148127374483401 3.4352401501224743
v 0.0207443721592426 -0.0139922555536032 -0.1754504442214966
vn 4.6616868675418486 -3.1443476913460824 2.7048112911051558
v 0.0223989505320787 -0.0151082826778293 -0.1789605617523193
vn 4.9181612412128732 -3.3173410148957694 1.9266891916436302
v 0.0236477553844452 -0.0159506127238274 -0.1827069073915482
vn 5.0864727338933111 -3.4308695873757489 1.1146893418695951
v 0.0244681667536497 -0.0165039859712124 -0.1866215914487839
vn 5.1638001115681025 -3.4830276129481361 0.2831192620306797
v 0.0248453207314014 -0.0167583804577589 -0.1906337141990662
vn 5.1488494262631219 -3.4729425038367920 -0.5534133526498071
v 0.0247723851352930 -0.0167091842740774 -0.1946705877780914
vn 5.0418678392466436 -3.4007831473527288 -1.3802420339405401
v 0.0242506824433804 -0.0163572914898396 -0.1986590921878815
vn 4.8446496600992850 -3.2677576118595359 -2.1828304362268556
v 0.0232896618545055 -0.0157090742141008 -0.2025269418954849
vn 4.5605108927134719 -3.0761028358855338 -2.9469986368458558
v 0.0219067335128784 -0.0147762782871723 -0.2062041014432907
vn 4.1942601541603270 -2.8290642314063978 -3.6591544559701985
v 0.0201269499957561 -0.0135757988318801 -0.2096239477396011
vn 3.7521583264503628 -2.5308629335130703 -4.3064905359983729
v 0.0179825536906719 -0.0121293850243092 -0.2127245217561722
vn 3.2418338289778776 -2.1866446640909585 -4.8772308405669236
v 0.0155123909935355 -0.0104632396250963 -0.2154496610164642
vn 2.6722057348215027 -1.8024257235103294 -5.3608405400650598
v 0.0127612119540572 -0.0086075458675623 -0.2177499830722809
vn 2.0533304091391398 -1.3849893455269171 -5.7482574646029416
v 0.0097788553684950 -0.0065959212370217 -0.2195838391780853
vn 1.3962577558298928 -0.9417879135447145 -6.0320978523147524
v 0.0066193477250636 -0.0044648065231740 -0.2209179848432541
vn 0.7128550605992986 -0.4808268573709343 -6.2068147773520685
v 0.0033399262465537 -0.0022528087720275 -0.2217282652854919
vn 3.8544383941973210 -3.3152459649352268 2.5664402403122133
v 0.0122618898749352 -0.0110406549647450 -0.1669450551271439
vn 3.2297069802196123 -3.9453336881872429 2.5725291614524135
v 0.0106059955433011 -0.0126397330313921 -0.1669450551271439
vn 3.5590724134684883 -3.6381302212023536 2.5325415645541973
v 0.0116672618314624 -0.0116672618314624 -0.1669450551271439
vn 2.8090718307184530 -4.2335209663987090 2.5626639122269177
v 0.0087436679750681 -0.0139927938580513 -0.1669450551271439
vn 1.1355804640916933 -3.9593105007220792 4.7008444581430826
v 0.0054342336952686 -0.0189514253288507 -0.1693877726793289
vn 2.0334887510193491 -4.6759503062045411 2.5823400889748216
v 0.0067111547105014 -0.0150734996423125 -0.1669450551271439
vn 2.4576038149825274 -4.4503787414060758 2.5369945345569933
v 0.0082499999552965 -0.0142894191667438 -0.1669450551271439
vn 1.1810488902224345 -4.9395173236779906 2.5410167672583452
v 0.0042705144733191 -0.0159377753734589 -0.1669450551271439
vn 0.6908153135544206 -5.0526955472154054 2.5806429111329736
v 0.0022963562514633 -0.0163394231349230 -0.1669450551271439
vn 1.5547491417248473 -4.8334151625904713 2.5590236045688726
v 0.0045480164699256 -0.0158608183264732 -0.1669450551271439
vn -0.6870260824233826 -5.0503887974178889 2.5829455845223297
v -0.0022963562514633 -0.0163394231349230 -0.1669450551271439
vn -0.0000001317093831 -1.9660099265671174 2.5877036090680727
v -0.0000000000000012 -0.0164999999105930 -0.1669450551271439
vn 3.3325883831862897 2.4496982442396513 0.0005890036110643
v 0.0162858068943024 -0.0026499999221414 -0.1420000046491623
vn 3.3476776702633648 2.4164352814345404 -0.8098248716973575
v 0.0163002647459507 -0.0025595598854125 -0.1413135975599289
vn 3.0093199591478021 -0.8062104971568861 2.8952958433806062
v 0.0159377753734589 -0.0042705144733191 -0.1319999992847443
vn 3.3702480283983407 1.7363624195566856 -2.1609032780362196
v 0.0163932759314775 -0.0018736291676760 -0.1401259601116180
vn 3.3823429241873577 1.2036249759392670 -2.5904431492194853
v 0.0164467133581638 -0.0013249999610707 -0.1397050321102142
vn 3.3589565623218780 2.1619198393328221 -1.5512614874232717
v 0.0163396187126637 -0.0022949674166739 -0.1406749933958054
vn 3.3636303023422660 2.5068626059581463 0.8258897327021332
v 0.0163002908229828 -0.0025594013277441 -0.1426869928836823
vn 3.3554977139990640 2.4588814094685820 -0.8194207793658611
v 0.0163002647459507 -0.0025595598854125 -0.1613135933876038
vn 3.3682759728842075 2.2197522451659450 -1.5807285790256358
v 0.0163396187126637 -0.0022949674166739 -0.1606750041246414
vn 3.3680390233794935 2.2192533461055595 1.5828817197282801
v 0.0163396187126637 -0.0022949674166739 -0.1433250010013580
vn 3.3776142316058748 1.7855755503930830 2.2156625659115474
v 0.0163932219147682 -0.0018741132225841 -0.1438735574483871
vn 3.3890974472380044 1.2441027566804950 2.6831461496910727
v 0.0164467133581638 -0.0013249999610707 -0.1442949622869492
vn 3.3986374853580510 0.6323693941697933 2.9718492779353856
v 0.0164857488125563 -0.0006856294348836 -0.1445597708225250
vn 3.3884803087803017 1.2405216838597188 -2.6847054457213950
v 0.0164467133581638 -0.0013249999610707 -0.1597050279378891
vn 3.3987497913542692 0.6380011858728940 -2.9768705950145411
v 0.0164857115596533 -0.0006865244940855 -0.1594404727220535
vn 3.3753480792672055 1.7682511489105837 -2.2046508826148088
v 0.0163932759314775 -0.0018736291676760 -0.1601259559392929
vn 3.3425486676505702 2.3898794505976779 0.8026727520369104
v 0.0163002908229828 -0.0025594013277441 -0.1626870036125183
vn 3.3335897880730068 2.4543735242876408 -0.0017270111361734
v 0.0162858068943024 -0.0026499999221414 -0.1620000004768372
vn 3.3425607168820992 -2.3900588614911831 0.8017735226768727
v 0.0163002312183380 0.0025597761850804 -0.1626856029033661
vn 3.3526430887156167 -2.1274012984607986 1.5264322957781384
v 0.0163396187126637 0.0022949674166739 -0.1633249968290329
vn 3.3523483812669568 2.1274200272826835 1.5266260530791396
v 0.0163396187126637 -0.0022949674166739 -0.1633249968290329
vn 3.3641419218307229 1.6954182750766069 2.1663746345643329
v 0.0163932219147682 -0.0018741132225841 -0.1638735532760620
vn 3.3857241492028129 1.2124078439329917 2.6557587519370554
v 0.0164467133581638 -0.0013249999610707 -0.1642949730157852
vn 3.3988212235958870 0.6355189438363092 2.9750921770654313
v 0.0164857488125563 -0.0006856294348836 -0.1645597666501999
vn 3.4023664229306068 0.0234778456586818 -0.0227798552544353
v 0.0164999999105930 0.0000000000000000 -0.1646499931812286
vn 3.3845231024041014 -0.5544104378885197 2.8887546871787881
v 0.0164856221526861 0.0006886859191582 -0.1645589470863342
vn 3.3632046081793172 -1.1661704906823438 2.4861698814458792
v 0.0164467133581638 0.0013249999610707 -0.1642949730157852
vn 3.3621982661978871 -1.6956604583191948 2.1021192330750438
v 0.0163932777941227 0.0018736179918051 -0.1638740450143814
vn 3.3080769399015337 -2.3472601949636975 0.0322693686579717
v 0.0162858068943024 0.0026499999221414 -0.1620000004768372
vn 3.3347582395459106 -2.3521809679651762 -0.8230568668966416
v 0.0163002349436283 0.0025597538333386 -0.1613143235445023
vn 3.3544172958087173 -2.4524603745933149 0.8180570779970353
v 0.0163002312183380 0.0025597761850804 -0.1426855921745300
vn 3.3683301550309088 -2.2191779149103104 -1.5827928226317094
v 0.0163396187126637 0.0022949674166739 -0.1606750041246414
vn 3.3684071640870035 -2.2198327200058410 1.5805019044233102
v 0.0163396187126637 0.0022949674166739 -0.1433250010013580
vn 3.3775479549845593 -1.7853200302592231 -2.2159780839951049
v 0.0163932889699936 0.0018735271878541 -0.1601258665323257
vn 3.3806808008441234 -1.2496197803501050 -2.6809438278347884
v 0.0164467133581638 0.0013249999610707 -0.1597050279378891
vn 3.3927811072135947 -0.6285362770254300 -2.9734921118640889
v 0.0164856947958469 0.0006869105855003 -0.1594405770301819
vn 3.3753075413860514 -1.7682450447541966 2.2047176873197989
v 0.0163932777941227 0.0018736179918051 -0.1438740491867065
vn 3.3800863841524054 -1.2464099908275510 2.6822950966568992
v 0.0164467133581638 0.0013249999610707 -0.1442949622869492
vn 3.4029532813337680 0.0000247312883636 -0.0000020715269859
v 0.0164999999105930 0.0000000000000000 -0.1593499928712845
vn 3.4030833924370767 0.0001653785814418 0.0000039579021914
v 0.0164999999105930 0.0000000000000000 -0.1446499973535538
vn 3.3931776977694224 -0.6345058786473915 2.9783588054959615
v 0.0164856221526861 0.0006886859191582 -0.1445589512586594
vn 3.3476367759767025 -2.4165043015670680 -0.8093635923641046
v 0.0163002349436283 0.0025597538333386 -0.1413143128156662
vn 3.3333033254466131 -2.4545838351677807 0.0007329739513616
v 0.0162858068943024 0.0026499999221414 -0.1420000046491623
vn 3.0085820800804330 0.8132186093060413 2.9032875749459155
v 0.0159377753734589 0.0042705144733191 -0.1319999992847443
vn 3.3590658348864637 -2.1619387509889272 -1.5511397300760601
v 0.0163396187126637 0.0022949674166739 -0.1406749933958054
vn 3.3702258317774598 -1.7363182012474199 -2.1609466563834818
v 0.0163932889699936 0.0018735271878541 -0.1401258558034897
vn 3.3742118482640260 -1.2089814722846248 -2.5882347650959083
v 0.0164467133581638 0.0013249999610707 -0.1397050321102142
vn 3.3876813538148913 -0.5691707098426562 -2.9176102233360055
v 0.0164856947958469 0.0006869105855003 -0.1394405812025070
vn 3.1159622466116081 -0.0100384968417017 2.8947979685939389
v 0.0164999999105930 -0.0000000000000000 -0.1319999992847443
vn 3.3995002447254565 -0.0674006768476419 0.0701347033430456
v 0.0164999999105930 0.0000000000000000 -0.1393499970436096
vn 3.3909180710292395 0.6185663025587760 -2.8085927846003305
v 0.0164857115596533 -0.0006865244940855 -0.1394404768943787
vn 0.8069762438168371 3.0089564954285675 2.8868262208128890
v 0.0042705144733191 0.0159377753734589 -0.1319999992847443
vn 0.0005676223358066 3.1154527174213134 2.8886817662744710
v -0.0000000000000009 0.0164999999105930 -0.1319999992847443
vn 1.5582690712587088 2.6973274962363472 2.8845496476965646
v 0.0082499999552965 0.0142894191667438 -0.1319999992847443
vn 2.2007779887746270 2.2050043312786296 2.8874485206219171
v 0.0116672618314624 0.0116672618314624 -0.1319999992847443
vn 2.6983104265845004 1.5578700203481917 2.8918988585026169
v 0.0142894191667438 0.0082499999552965 -0.1319999992847443
vn 2.6977775235529866 -1.5582177520740017 2.8886818912812924
v 0.0142894191667438 -0.0082499999552965 -0.1319999992847443
vn 2.2023446130935000 -2.2033401328895845 2.8868259880138738
v 0.0116672618314624 -0.0116672618314624 -0.1319999992847443
vn 1.5568192757705954 -2.6981645412097199 2.8845496976008347
v 0.0082499999552965 -0.0142894191667438 -0.1319999992847443
vn 0.8092007827073513 -3.0084318687070835 2.8874488395561189
v 0.0042705144733191 -0.0159377753734589 -0.1319999992847443
vn -0.0000000000000899 -3.1157403613918744 2.8918987531675198
v -0.0000000000000009 -0.0164999999105930 -0.1319999992847443
vn -0.8065476345704099 -3.0095196335948917 2.8917265717972542
v -0.0042705144733191 -0.0159377753734589 -0.1319999992847443
vn -0.0000000000001114 -3.1339399009061797 0.0000000000000000
v -0.0000000000000012 -0.0164999999105930 -0.1669450551271439
vn -1.5580829369173903 -2.6981048504918057 2.8911322693822665
v -0.0082499999552965 -0.0142894191667438 -0.1319999992847443
vn -2.2033500537630561 -2.2027440729115493 2.8901176197102965
v -0.0116672618314624 -0.0116672618314624 -0.1319999992847443
vn -2.6983450900338002 -1.5572346998811675 2.8886819020877685
v -0.0142894191667438 -0.0082499999552965 -0.1319999992847443
vn -3.0093208933543520 -0.8056163212164168 2.8868263130673637
v -0.0159377753734589 -0.0042705144733191 -0.1319999992847443
vn -3.1150886482402163 0.0008370255885012 2.8845495904546139
v -0.0164999999105930 0.0000000000000000 -0.1319999992847443
vn -3.0099788018256213 0.8034275504648333 2.8874488416106696
v -0.0159377753734589 0.0042705144733191 -0.1319999992847443
vn -2.6983104265845004 1.5578700203481917 2.8918988585026169
v -0.0142894191667438 0.0082499999552965 -0.1319999992847443
vn -2.2030466283583006 2.2032504946389855 2.8917263155442523
v -0.0116672618314624 0.0116672618314624 -0.1319999992847443
vn -1.5575855385303077 2.6983920283566638 2.8911323185483919
v -0.0082499999552965 0.0142894191667438 -0.1319999992847443
vn -0.8059573483098199 3.0095292053134863 2.8901179691630468
v -0.0042705144733191 0.0159377753734589 -0.1319999992847443
vn -0.0000000000001102 3.1396789768551967 -0.0000000000000000
v -0.0000000000000012 0.0164999999105930 -0.1669450551271439
vn 0.0121828251135328 -0.0702793336979874 -3.1674590360455759
v 0.0125000001862645 0.0000000000000000 -0.1593499928712845
vn 0.0000000000000000 -0.0001158668353223 -3.0737223393077402
v 0.0164999999105930 0.0000000000000000 -0.1593499928712845
vn 0.0120943215160895 -0.0698857054377907 3.1674558473461536
v 0.0125000001862645 0.0000000000000000 -0.1646499931812286
vn 0.0001345471752158 -0.0008110311606629 3.0736595976669117
v 0.0164999999105930 0.0000000000000000 -0.1646499931812286
vn 0.0121790006778564 -0.0702576631419259 -3.1674629804251606
v 0.0125000001862645 0.0000000000000000 -0.1393499970436096
vn 0.0000000000000000 -0.0001158668353226 -3.0737223393077402
v 0.0164999999105930 0.0000000000000000 -0.1393499970436096
vn 0.0120943215160895 -0.0698857054377903 3.1674558473461536
v 0.0125000001862645 0.0000000000000000 -0.1446499973535538
vn 0.0001345471752158 -0.0008110311606625 3.0736595976669117
v 0.0164999999105930 0.0000000000000000 -0.1446499973535538
vn -2.8539626192492431 -2.9430515826040127 1.2733039076392070
v -0.0182709097862244 -0.0090000005438924 0.0081347329542041
vn -5.7565779705493991 0.4380323378385466 2.4026065327332971
v -0.0182709097862244 0.0130000002682209 0.0081347329542041
vn -5.9476603216967234 0.4335015981664596 1.8501223883780711
v -0.0191114563494921 0.0130000002682209 0.0058951033279300
vn -3.0365156602995880 -3.0294177601560657 0.7847007263134005
v -0.0195629522204399 -0.0090000005438924 0.0041582337580621
vn -6.0649242918919644 0.5299784604461212 1.3851995314638370
v -0.0195629522204399 0.0130000002682209 0.0041582337580621
vn -3.1053622229287150 -3.0400379267108946 0.4471670332713413
v -0.0196768846362829 -0.0090000005438924 0.0035805318038911
vn -6.1839960932611540 0.4079204365600761 0.7905008228024696
v -0.0197766162455082 0.0130000002682209 0.0029808452818543
vn -3.1354169625170671 -3.0545591226664746 0.1391339713619303
v -0.0199999995529652 -0.0090000005438924 0.0000000000000001
vn -6.2379913643735083 0.4082251966694902 0.2330505185497846
v -0.0199999995529652 0.0130000002682209 0.0000000000000001
vn -5.5361303325102220 0.4040533474233923 2.8755175642983759
v -0.0180193781852722 0.0130000002682209 0.0086776744574308
vn -5.2583377008441072 0.4040526103839129 3.3566698760917926
v -0.0165247749537230 0.0130000002682209 0.0112664010375738
vn -2.5296947668336336 -2.9430518431831789 1.8349523512214136
v -0.0161803402006626 -0.0090000005438924 0.0117557048797607
vn -4.9590091082392327 0.4380320377582290 3.7840367273118849
v -0.0161803402006626 0.0130000002682209 0.0117557048797607
vn -4.6015775954895419 0.4067905901626614 4.2061519699455250
v -0.0146610373631120 0.0130000002682209 0.0136034544557333
vn -2.0906279399023009 -2.9455841669052152 2.3230777121441770
v -0.0133826117962599 -0.0090000005438924 0.0148628968745470
vn -4.2089983077242055 0.4577753554819040 4.5995641229032787
v -0.0133826117962599 0.0130000002682209 0.0148628968745470
vn -3.7768965137226438 0.4068591802592234 4.9599862904906029
v -0.0124697964638472 0.0130000002682209 0.0156366303563118
vn -1.5626023815474928 -2.9438256096912832 2.7065063503825555
v -0.0099999997764826 -0.0090000005438924 0.0173205081373453
vn -3.1098365223155429 0.4063918075318337 5.3863961692817615
v -0.0099999997764826 0.0130000002682209 0.0173205081373453
vn -2.4070287931059151 0.4068576928295909 5.7508808150447726
v -0.0073068207129836 0.0130000002682209 0.0186174754053354
vn -0.9665305621918623 -2.9455839576459466 2.9720756617129429
v -0.0061803399585187 -0.0090000005438924 0.0190211310982704
vn -0.3242677801987681 -2.9430517120077324 3.1082561099581163
v -0.0020905693527311 -0.0090000005438924 0.0198904387652874
vn -0.7975649668340180 0.4380319735842668 6.1866462650214009
v -0.0020905693527311 0.0130000002682209 0.0198904387652874
vn -1.3715757999457363 0.4335029992929540 6.0758862701484952
v -0.0044504185207188 0.0130000002682209 0.0194985587149858
vn -1.8332260339032524 0.5293485718907787 5.9448418856372980
v -0.0061803399585187 0.0130000002682209 0.0190211310982704
vn -0.2777881015792468 0.4040513365302839 6.2321895863869248
v -0.0014946018345654 0.0130000002682209 0.0199440754950047
vn 0.2777881015792468 0.4040513365302839 6.2321895863869230
v 0.0014946018345654 0.0130000002682209 0.0199440754950047
vn 0.3242677801987681 -2.9430517120077320 3.1082561099581181
v 0.0020905693527311 -0.0090000005438924 0.0198904387652874
vn 0.7975649668340180 0.4380319735842667 6.1866462650214009
v 0.0020905693527311 0.0130000002682209 0.0198904387652874
vn 1.3418455231366233 0.4067927141840612 6.0881587659350167
v 0.0044504185207188 0.0130000002682209 0.0194985587149858
vn 0.9665305621918622 -2.9455839576459484 2.9720756617129429
v 0.0061803399585187 -0.0090000005438924 0.0190211310982704
vn 1.8788415226963329 0.4577755460761275 5.9448808373143391
v 0.0061803399585187 0.0130000002682209 0.0190211310982704
vn 2.4070285635766444 0.4068574685717378 5.7508809582578770
v 0.0073068207129836 0.0130000002682209 0.0186174754053354
vn 1.5626023815474928 -2.9438256096912832 2.7065063503825555
v 0.0099999997764826 -0.0090000005438924 0.0173205081373453
vn 3.1098372597488599 0.4063921093491688 5.3863956666660489
v 0.0099999997764826 0.0130000002682209 0.0173205081373453
vn 3.7768959535553104 0.4068597063339588 4.9599865888157790
v 0.0124697964638472 0.0130000002682209 0.0156366303563118
vn 2.0906279399023013 -2.9455841669052156 2.3230777121441766
v 0.0133826117962599 -0.0090000005438924 0.0148628968745470
vn 2.5296947490455288 -2.9430518925907654 1.8349523817903901
v 0.0161803402006626 -0.0090000005438924 0.0117557048797607
vn 4.9590091082392327 0.4380320377582290 3.7840367273118849
v 0.0161803402006626 0.0130000002682209 0.0117557048797607
vn 4.5760838484523090 0.4335012186096136 4.2257631544680141
v 0.0146610373631120 0.0130000002682209 0.0136034544557333
vn 4.2317726179577688 0.5293492842566458 4.5600399869544201
v 0.0133826117962599 0.0130000002682209 0.0148628968745470
vn 5.2583377443728700 0.4040528224975487 3.3566697642041450
v 0.0165247749537230 0.0130000002682209 0.0112664010375738
vn 5.5361302573769846 0.4040535595370024 2.8755176579391399
v 0.0180193781852722 0.0130000002682209 0.0086776744574308
vn 2.8539626368287068 -2.9430516320115987 1.2733038769497713
v 0.0182709097862244 -0.0090000005438924 0.0081347329542041
vn 5.7565779705494009 0.4380323378385466 2.4026065327332966
v 0.0182709097862244 0.0130000002682209 0.0081347329542041
vn 5.9434233808386185 0.4067907173149867 1.8820065176129981
v 0.0191114563494921 0.0130000002682209 0.0058951033279300
vn 3.0571583469763230 -2.9455840691707031 0.6489977065904335
v 0.0195629522204399 -0.0090000005438924 0.0041582337580621
vn 3.1333985530728734 -3.0427091279822918 0.1601736683516447
v 0.0199999995529652 -0.0090000005438924 -0.0000000000000002
vn 6.2379914797726785 0.4082246734010260 0.2330498979192084
v 0.0199999995529652 0.0130000002682209 -0.0000000000000002
vn 6.1839231008961901 0.4068589985284197 0.7908928056720446
v 0.0197766162455082 0.0130000002682209 0.0029808452818543
vn 6.0878390186939653 0.4577757817550435 1.3453138426868165
v 0.0195629522204399 0.0130000002682209 0.0041582337580621
vn 3.6365820174799737 -3.0393488022576856 -0.0000000324790549
v 0.0199999995529652 0.0021499998401850 -0.0520000010728836
vn 3.6494833101467545 -2.6255304643510162 1.5263856041361221
v 0.0199999995529652 0.0018619546899572 -0.0530750006437302
vn 3.1117411034490434 0.3047723340241060 -2.9478807164717900
v 0.0199999995529652 0.0130000002682209 -0.0599999986588955
vn 3.6365818151960441 -3.0393489359590768 0.0000007167899169
v 0.0199999995529652 0.0021499998401850 -0.0320000015199184
vn 3.6494835028416324 -2.6255304986018282 1.5263854832514780
v 0.0199999995529652 0.0018619546899572 -0.0330750010907650
vn 3.6361437487750692 -1.5198013748443966 -2.6321664472000244
v 0.0199999995529652 0.0010750001529232 -0.0501380451023579
vn 3.6365839199464753 3.0393489288355404 0.0000000788225025
v 0.0199999995529652 -0.0021500003058463 -0.0520000010728836
vn 3.1114075039965208 -0.3064601611228814 -2.9453753579265256
v 0.0199999995529652 -0.0130000011995435 -0.0599999986588955
vn 3.6364377745304983 2.6322224624568551 1.5196028013206564
v 0.0199999995529652 -0.0018619553884491 -0.0530750006437302
vn 3.6364369541882069 -2.6322251486035420 -1.5196003086826426
v 0.0199999995529652 0.0018619546899572 -0.0509250015020370
vn 3.6364377745304988 2.6322224624568551 1.5196028013206564
v 0.0199999995529652 -0.0018619553884491 -0.0330750010907650
vn 3.6365835339148491 3.0393490932522402 0.0000007066744619
v 0.0199999995529652 -0.0021500003058463 -0.0320000015199184
vn 6.1659538358667199 -0.1458630975175877 0.8019843087189558
v 0.0199999995529652 -0.0130000011995435 -0.0126491105183959
vn 3.6494820090285507 2.6255320473482997 -1.5263833024108149
v 0.0199999995529652 -0.0018619553884491 -0.0309250000864267
vn 3.6361440289897025 1.5197984627801868 2.6321689997911157
v 0.0199999995529652 -0.0010750008514151 -0.0538619533181190
vn 3.6505969580204769 -0.0094210222140563 3.0369962173097793
v 0.0199999995529652 0.0000000006109476 -0.0541500002145767
vn 3.6637601106996223 -1.5173741969650829 2.6279624399910979
v 0.0199999995529652 0.0010750001529232 -0.0538619533181190
vn 3.6361441327683370 -1.5197977805489566 -2.6321683331300938
v 0.0199999995529652 0.0010750001529232 -0.0301380455493927
vn 3.6364387480678841 -2.6322239706561890 -1.5196010067355612
v 0.0199999995529652 0.0018619546899572 -0.0309250000864267
vn 6.2332183179294010 -0.2529033982173255 0.3930384540164627
v 0.0199999995529652 -0.0090000005438924 -0.0126491105183959
vn 3.6505953348284796 0.0094194527517179 -3.0369974741654193
v 0.0199999995529652 0.0000000006109476 -0.0298500005155802
vn 3.6637633407686216 1.5173724889548692 -2.6279619354475479
v 0.0199999995529652 -0.0010750008514151 -0.0301380455493927
vn 3.6494803288809141 2.6255331738581207 -1.5263826733683836
v 0.0199999995529652 -0.0018619553884491 -0.0509250015020370
vn 3.6637629245142271 1.5173762551007024 -2.6279599639816915
v 0.0199999995529652 -0.0010750008514151 -0.0501380451023579
vn 3.6361440289897002 1.5197984627801868 2.6321689997911157
v 0.0199999995529652 -0.0010750008514151 -0.0338619537651539
vn 3.6505987474523791 0.0094193330654265 -3.0369961456816839
v 0.0199999995529652 0.0000000006109476 -0.0498499982059002
vn 3.6505969580204778 -0.0094210222140563 3.0369962173097793
v 0.0199999995529652 0.0000000006109476 -0.0341500006616116
vn 3.6637601106996223 -1.5173741969650829 2.6279624399910979
v 0.0199999995529652 0.0010750001529232 -0.0338619537651539
vn -0.8061483349835055 3.0085843194689965 -3.4033923141118168
v 0.0032352381385863 -0.0120740728452802 -0.0599999986588955
vn -1.5573578750816734 2.6974233082529109 -3.4033912887333124
v 0.0062500000931323 -0.0108253164216876 -0.0599999986588955
vn 0.3064458802825493 -3.1114104974197847 -2.9452439441839875
v 0.0140000004321337 -0.0189999993890524 -0.0599999986588955
vn 0.0000000000000531 3.1147158730283415 -3.4033921384623520
v -0.0000000000000004 -0.0125000001862645 -0.0599999986588955
vn -0.3064013353284643 -3.1114193562722035 -2.9453152751158731
v -0.0140000004321337 -0.0189999993890524 -0.0599999986588955
vn 1.5573576741082491 -2.6974231922207603 -3.4033922689490437
v -0.0062500000931323 0.0108253182843328 -0.0599999986588955
vn -0.3047724516337111 3.1117410801847134 -2.9478806419848160
v -0.0140000004321337 0.0189999993890524 -0.0599999986588955
vn 0.8061475696636967 -3.0085846364749083 -3.4033917867510732
v -0.0032352381385863 0.0120740728452802 -0.0599999986588955
vn 0.8061483349835568 3.0085843194689899 -3.4033923141117848
v -0.0032352381385863 -0.0120740728452802 -0.0599999986588955
vn 1.5573578750816730 2.6974233082529100 -3.4033912887333133
v -0.0062500000931323 -0.0108253164216876 -0.0599999986588955
vn -1.1778859651175662 -2.8475382887720881 -2.7515901559517246
v -0.0162960998713970 -0.0185432787984610 -0.0599999986588955
vn 2.2024362216151099 2.2024371029673926 -3.4033925040096249
v -0.0088388351723552 -0.0088388351723552 -0.0599999986588955
vn 0.0000000000000000 3.1415926535897634 -3.1415926535897931
v 0.0035749999806285 0.0189999993890524 -0.0599999986588955
vn -3.1117411034490434 0.3047723340241060 -2.9478807164717935
v -0.0199999995529652 0.0130000002682209 -0.0599999986588955
vn 3.1159683371705027 -0.0100895262999776 -3.3883269512389731
v -0.0125000001862645 0.0000000006109476 -0.0599999986588955
vn 3.0070729508640350 0.8168387447102472 -3.3862325129673647
v -0.0120740728452802 -0.0032352388370782 -0.0599999986588955
vn -3.1115515916261485 -0.3057337965213002 -2.9464695268174830
v -0.0199999995529652 -0.0130000011995435 -0.0599999986588955
vn 2.6974231005094982 1.5573579514884281 -3.4033919798900909
v -0.0108253173530102 -0.0062500010244548 -0.0599999986588955
vn -2.8466983452998531 -1.1796109450206349 -2.7505917510714655
v -0.0195432770997286 -0.0152960987761617 -0.0599999986588955
vn -2.1798990208520697 -2.1781193416907634 -2.7517876805280452
v -0.0182426404207945 -0.0172426421195269 -0.0599999986588955
vn 3.0081678801102605 -0.8088076883561710 -3.3933403223254128
v -0.0120740728452802 0.0032352383714169 -0.0599999986588955
vn 2.6974232338233386 -1.5573578142208393 -3.4033917515361880
v -0.0108253173530102 0.0062500000931323 -0.0599999986588955
vn -2.8472945539324228 1.1793880958812166 -2.7542128677445414
v -0.0195432770997286 0.0152961006388068 -0.0599999986588955
vn 2.2024369521024294 -2.2024364534102574 -3.4033922248985093
v -0.0088388351723552 0.0088388351723552 -0.0599999986588955
vn -2.1792247373529774 2.1792252110068744 -2.7541686537713534
v -0.0182426404207945 0.0172426402568817 -0.0599999986588955
vn -1.1793879237390092 2.8472947253682284 -2.7542131784913204
v -0.0162960998713970 0.0185432769358158 -0.0599999986588955
vn 0.0000000000000509 -3.1147158730283437 -3.4033921384623498
v -0.0000000000000004 0.0125000001862645 -0.0599999986588955
vn -0.8061475696636474 -3.0085846364749136 -3.4033917867511039
v 0.0032352381385863 0.0120740728452802 -0.0599999986588955
vn 0.3047724516337111 3.1117410801847178 -2.9478806419848160
v 0.0140000004321337 0.0189999993890524 -0.0599999986588955
vn -1.5573576741082493 -2.6974231922207612 -3.4033922689490437
v 0.0062500000931323 0.0108253182843328 -0.0599999986588955
vn 1.1793879237390066 2.8472947253682204 -2.7542131784913204
v 0.0162960998713970 0.0185432769358158 -0.0599999986588955
vn -2.2024369521024294 -2.2024364534102574 -3.4033922248985098
v 0.0088388351723552 0.0088388351723552 -0.0599999986588955
vn -3.1159710755971122 0.0101126509719774 -3.3882946722073779
v 0.0125000001862645 0.0000000006109476 -0.0599999986588955
vn -3.0070701221010556 -0.8168585889194661 -3.3862138200763492
v 0.0120740728452802 0.0032352383714169 -0.0599999986588955
vn -2.6974232338233390 -1.5573578142208393 -3.4033917515361880
v 0.0108253173530102 0.0062500000931323 -0.0599999986588955
vn 2.8472945539324228 1.1793880958812166 -2.7542128677445414
v 0.0195432770997286 0.0152961006388068 -0.0599999986588955
vn 2.1792247373529769 2.1792252110068748 -2.7541686537713534
v 0.0182426404207945 0.0172426402568817 -0.0599999986588955
vn -3.0081679255959859 0.8088075284708485 -3.3933403265397901
v 0.0120740728452802 -0.0032352388370782 -0.0599999986588955
vn -2.6974231005094977 1.5573579514884281 -3.4033919798900909
v 0.0108253173530102 -0.0062500010244548 -0.0599999986588955
vn 2.8466864792755464 -1.1791182193713683 -2.7490128890094443
v 0.0195432770997286 -0.0152960987761617 -0.0599999986588955
vn -2.2024362216151090 2.2024371029673926 -3.4033925040096249
v 0.0088388351723552 -0.0088388351723552 -0.0599999986588955
vn 2.1787657017957391 -2.1787482976079509 -2.7490567049947465
v 0.0182426404207945 -0.0172426421195269 -0.0599999986588955
vn 1.1791380063122112 -2.8466831576429414 -2.7490919170835624
v 0.0162960998713970 -0.0185432787984610 -0.0599999986588955
vn -3.6361468774031769 1.5197971595345661 -2.6321684587852587
v -0.0199999995529652 -0.0010750008514151 -0.0301380455493927
vn -6.2332183179293992 -0.2529033982173255 0.3930384540164626
v -0.0199999995529652 -0.0090000005438924 -0.0126491105183959
vn -3.6505939041011399 -0.0094209103071214 -3.0369974872995735
v -0.0199999995529652 0.0000000006109476 -0.0298500005155802
vn -3.6637628939142672 -1.5173730597790094 -2.6279617824922452
v -0.0199999995529652 0.0010750001529232 -0.0301380455493927
vn -3.6494825948652232 -2.6255319682094269 -1.5263836022470325
v -0.0199999995529652 0.0018619546899572 -0.0309250000864267
vn -3.6365818151871609 -3.0393489359603372 0.0000007817530349
v -0.0199999995529652 0.0021499998401850 -0.0320000015199184
vn -3.6505976761568579 -0.0094205585915297 -3.0369961002089680
v -0.0199999995529652 0.0000000006109476 -0.0498499982059002
vn -3.6364397698202096 -2.6322224496181570 1.5196029567242055
v -0.0199999995529652 0.0018619546899572 -0.0330750010907650
vn -3.6637624776027433 -1.5173768259334555 -2.6279598110227251
v -0.0199999995529652 0.0010750001529232 -0.0501380451023579
vn -3.6494809147759688 -2.6255330947294508 -1.5263829731682919
v -0.0199999995529652 0.0018619546899572 -0.0509250015020370
vn -3.6365822012735669 -3.0393487715340690 0.0000001538638070
v -0.0199999995529652 0.0021499998401850 -0.0520000010728836
vn -3.6364397698202096 -2.6322224496181570 1.5196029567242055
v -0.0199999995529652 0.0018619546899572 -0.0530750006437302
vn -3.6637605576111070 1.5173736261323298 2.6279625929500643
v -0.0199999995529652 -0.0010750008514151 -0.0538619533181190
vn -3.6505987474523813 0.0094193330654265 3.0369961456816839
v -0.0199999995529652 0.0000000006109476 -0.0541500002145767
vn -3.6361416416880399 -1.5197988539733918 2.6321689393196053
v -0.0199999995529652 0.0010750001529232 -0.0538619533181190
vn -3.6361416416880399 -1.5197988539733918 2.6321689393196053
v -0.0199999995529652 0.0010750001529232 -0.0338619537651539
vn -3.6505987474523791 0.0094193330654265 3.0369961456816839
v -0.0199999995529652 0.0000000006109476 -0.0341500006616116
vn -3.6361468514074442 1.5198005235583754 -2.6321666381682984
v -0.0199999995529652 -0.0010750008514151 -0.0501380451023579
vn -3.6637605576110976 1.5173736261323298 2.6279625929500643
v -0.0199999995529652 -0.0010750008514151 -0.0338619537651539
vn -3.6364349585514635 2.6322251615876553 -1.5196001531298555
v -0.0199999995529652 -0.0018619553884491 -0.0509250015020370
vn -3.6365837361695905 3.0393489595591729 0.0000000425616273
v -0.0199999995529652 -0.0021500003058463 -0.0520000010728836
vn -3.6494829169555238 2.6255305777308555 1.5263851834508788
v -0.0199999995529652 -0.0018619553884491 -0.0330750010907650
vn -3.6365835339633477 3.0393490932452463 0.0000007917703831
v -0.0199999995529652 -0.0021500003058463 -0.0320000015199184
vn -3.6364367526916710 2.6322239835839358 -1.5196008511992196
v -0.0199999995529652 -0.0018619553884491 -0.0309250000864267
vn -6.1632659376635317 -0.1542301599767156 0.8103995731313131
v -0.0199999995529652 -0.0130000011995435 -0.0126491105183959
vn -3.6494827242490606 2.6255305434797647 1.5263853043361213
v -0.0199999995529652 -0.0018619553884491 -0.0530750006437302
vn 0.1249341738622151 -6.2584065646118123 0.3729414926695945
v -0.0082588195800781 -0.0189999993890524 -0.0246534366160631
vn 0.1712231628454498 -6.2583037780832864 0.3550404290193835
v -0.0113686630502343 -0.0189999993890524 -0.0233827605843544
vn 0.1476936961658627 -6.2777558074530413 0.0955158430493897
v -0.0140000004321337 -0.0189999993890524 -0.0219089016318321
vn -0.1249340996708512 -6.2584065639530593 0.3729415232135285
v 0.0082588195800781 -0.0189999993890524 -0.0246534366160631
vn -0.0758047951838159 -6.2584065168137499 0.3859376149232252
v 0.0050110961310565 -0.0189999993890524 -0.0255125239491463
vn -0.1715850612499606 -6.2583529902716526 0.3544089102923991
v 0.0113686630502343 -0.0189999993890524 -0.0233827605843544
vn 0.0452922581768436 -6.2827030228169445 -0.0249007064096375
v 0.0140000004321337 -0.0189999993890524 -0.0219089016318321
vn 0.0758047417151342 -6.2584065150056976 0.3859376405168108
v -0.0050110961310565 -0.0189999993890524 -0.0255125239491463
vn 0.0254097265777978 -6.2584065528539154 0.3924899029826373
v -0.0016797129064798 -0.0189999993890524 -0.0259456858038902
vn -0.0254097073978507 -6.2584065506326079 0.3924899224555922
v 0.0016797129064798 -0.0189999993890524 -0.0259456858038902
vn 0.1568761036211747 6.2536017576793554 0.3997140002915189
v 0.0051147742196918 0.0189999993890524 0.0130322324112058
vn 0.2146983371323421 6.2536017453837927 0.3718683769414508
v 0.0070000002160668 0.0189999993890524 0.0121243558824062
vn 0.0000000000000000 6.2831853071795871 0.0000000000000000
v 0.0035749999806285 0.0189999993890524 0.0035749999806285
vn 1.9970619228983413 3.3510318272232729 -2.4028131751285460
v -0.0034393863752484 0.0189999993890524 0.0036291349679232
vn 2.4851531485235254 3.3906311062412700 -1.8818551783618163
v -0.0037157242186368 0.0189999993890524 0.0033456529490650
vn -1.5172730461973438 3.6651912273086618 -2.6279933923562675
v -0.0089250002056360 0.0189999993890524 0.0018619545735419
vn -0.0000003286210999 3.6651916163602474 -3.0345454036871411
v -0.0099999997764826 0.0189999993890524 0.0021500000730157
vn -1.6795418315737201 3.4468555264749359 2.6116274172250686
v 0.0029389262199402 0.0189999993890524 -0.0040450850501657
vn -2.3031779164890160 3.3510318668258909 2.1111937198719328
v 0.0036556092090905 0.0189999993890524 -0.0034112343564630
vn -1.5172734951017046 3.6651909314459652 -2.6279932720725383
v 0.0010750000365078 0.0189999993890524 -0.0081380456686020
vn -0.6428008126338172 3.5544869486034893 3.0057785975681011
v 0.0010395584395155 0.0189999993890524 -0.0048907380551100
vn 0.0000000000000342 3.6651924246723748 -3.0345450750658838
v -0.0000000000000000 0.0189999993890524 -0.0078499997034669
vn -2.6279934804100575 3.6651914438953686 1.5172727175762439
v 0.0018619545735419 0.0189999993890524 -0.0110750002786517
vn -3.0345454036871424 3.6651916163602474 -0.0000003286210998
v 0.0021500000730157 0.0189999993890524 -0.0099999997764826
vn -2.6279933923562657 3.6651912273086600 -1.5172730461973429
v 0.0018619545735419 0.0189999993890524 -0.0089250002056360
vn -2.6279932720725299 3.6651909314459399 1.5172734951017397
v -0.0081380456686020 0.0189999993890524 -0.0010750000365078
vn -3.0345450750658838 3.6651924246723686 0.0000000000000362
v -0.0078499997034669 0.0189999993890524 -0.0000000000000001
vn -2.6279932720725370 3.6651909314459781 -1.5172734951017022
v -0.0081380456686020 0.0189999993890524 0.0010750000365078
vn 1.5172727175762439 3.6651914438953743 2.6279934804100575
v -0.0110750002786517 0.0189999993890524 -0.0018619545735419
vn -0.0000003286210998 3.6651916163602469 3.0345454036871424
v -0.0099999997764826 0.0189999993890524 -0.0021500000730157
vn 2.6279933923562675 3.6651912273086591 -1.5172730461973438
v -0.0018619545735419 0.0189999993890524 -0.0089250002056360
vn 0.6428008126338168 3.5544869486034893 3.0057785975681002
v -0.0010395584395155 0.0189999993890524 -0.0048907380551100
vn 1.8062296016841439 3.5604717034237128 2.4860617253592148
v -0.0029389262199402 0.0189999993890524 -0.0040450850501657
vn 2.6612452186948889 3.5604715486272673 1.5364707849391865
v -0.0043301270343363 0.0189999993890524 -0.0024999999441206
vn 3.0561073713714664 3.5604717849200851 0.3212099739553474
v -0.0049726096913218 0.0189999993890524 -0.0005226423381828
vn 2.9225408096877983 3.5604717324142316 -0.9495911929966077
v -0.0047552827745676 0.0189999993890524 0.0015450849896297
vn -0.4197273099997142 6.2549552862947007 0.0160894813822772
v -0.0140000004321337 0.0189999993890524 0.0000000000000000
vn -1.5172722686715108 3.6651917397582685 2.6279936006936393
v 0.0010750000365078 0.0189999993890524 -0.0118619548156857
vn 0.0000000000000548 3.6651908080477758 3.0345457323080849
v -0.0000000000000001 0.0189999993890524 -0.0121499998494983
vn -0.4165124364259818 6.2538787185539810 0.0982531579430193
v -0.0135340373963118 0.0189999993890524 0.0035818759351969
vn 1.5172727175762433 3.6651914438953686 -2.6279934804100575
v -0.0110750002786517 0.0189999993890524 0.0018619545735419
vn 2.6279936006936340 3.6651917397582547 -1.5172722686715328
v -0.0118619548156857 0.0189999993890524 0.0010750000365078
vn -0.4246204262262367 6.2536464693057212 0.0623373567591463
v -0.0138436313718557 0.0189999993890524 0.0020865916740149
vn 3.0345457323080831 3.6651908080477758 0.0000000000000133
v -0.0121499998494983 0.0189999993890524 -0.0000000000000000
vn 2.6279936006936300 3.6651917397582459 1.5172722686715452
v -0.0118619548156857 0.0189999993890524 -0.0010750000365078
vn -1.5172730461973429 3.6651912273086604 2.6279933923562657
v -0.0089250002056360 0.0189999993890524 -0.0018619545735419
vn 1.5172722686715663 3.6651917397582316 2.6279936006936224
v -0.0010750000365078 0.0189999993890524 -0.0118619548156857
vn 2.6279934804100575 3.6651914438953686 1.5172727175762433
v -0.0018619545735419 0.0189999993890524 -0.0110750002786517
vn 3.0345454036871411 3.6651916163602474 -0.0000003286210999
v -0.0021500000730157 0.0189999993890524 -0.0099999997764826
vn 1.5172734951017373 3.6651909314459425 -2.6279932720725272
v -0.0010750000365078 0.0189999993890524 -0.0081380456686020
vn -2.6279934804100575 3.6651914438953686 -1.5172727175762433
v 0.0018619545735419 0.0189999993890524 0.0110750002786517
vn -1.5172722686715703 3.6651917397582299 -2.6279936006936220
v 0.0010750000365078 0.0189999993890524 0.0118619548156857
vn -3.0345454036871411 3.6651916163602474 0.0000003286210999
v 0.0021500000730157 0.0189999993890524 0.0099999997764826
vn -2.6279933923562675 3.6651912273086609 1.5172730461973438
v 0.0018619545735419 0.0189999993890524 0.0089250002056360
vn -1.5172734951017408 3.6651909314459328 2.6279932720725263
v 0.0010750000365078 0.0189999993890524 0.0081380456686020
vn -0.3147699820873788 6.2536017518049896 0.2920638403572804
v -0.0102627258747816 0.0189999993890524 0.0095224184915423
vn -0.2677243657854836 6.2536017689804790 0.3357156377663515
v -0.0087288571521640 0.0189999993890524 0.0109456405043602
vn 3.0345454036871424 3.6651916163602478 0.0000003286210998
v -0.0021500000730157 0.0189999993890524 0.0099999997764826
vn -0.4000781412391353 6.2546049831241159 0.1358471137339983
v -0.0133780194446445 0.0189999993890524 0.0041265725158155
vn -0.3868728462093684 6.2536017698949529 0.1863081355441444
v -0.0126135637983680 0.0189999993890524 0.0060743722133338
vn 2.6279933923562657 3.6651912273086591 1.5172730461973429
v -0.0018619545735419 0.0189999993890524 0.0089250002056360
vn 1.5172734951017011 3.6651909314459674 2.6279932720725387
v -0.0010750000365078 0.0189999993890524 0.0081380456686020
vn 1.1988449666841383 3.5208731310662920 -2.8428269512973268
v -0.0020336832385510 0.0189999993890524 0.0045677274465561
vn -0.0000000000000411 3.6651924246723686 3.0345450750658847
v 0.0000000000000001 0.0189999993890524 0.0078499997034669
vn -0.0000000000000126 3.5604714152882160 -3.0729414011060143
v 0.0000000000000000 0.0189999993890524 0.0049999998882413
vn -0.3547842064054860 6.2536017330457607 0.2418878091368951
v -0.0115673430263996 0.0189999993890524 0.0078864805400372
vn 0.0955497320696503 6.2536017464567211 0.4186307588916857
v 0.0031152931042016 0.0189999993890524 0.0136489905416965
vn 0.0320888900780246 6.2536017282457408 0.4281960738797334
v 0.0010462213540450 0.0189999993890524 0.0139608532190323
vn -0.0000000000000623 3.6651908080477762 -3.0345457323080849
v 0.0000000000000001 0.0189999993890524 0.0121499998494983
vn -0.0320888614050839 6.2536017314444798 0.4281960536987808
v -0.0010462213540450 0.0189999993890524 0.0139608532190323
vn 1.5172722686715070 3.6651917397582707 -2.6279936006936406
v -0.0010750000365078 0.0189999993890524 0.0118619548156857
vn -0.0955497345924265 6.2536017515860793 0.4186307216908038
v -0.0031152931042016 0.0189999993890524 0.0136489905416965
vn 2.6279934804100575 3.6651914438953686 -1.5172727175762439
v -0.0018619545735419 0.0189999993890524 0.0110750002786517
vn -0.1568761254167532 6.2536017585079859 0.3997139855407199
v -0.0051147742196918 0.0189999993890524 0.0130322324112058
vn -0.2146983035191022 6.2536017469976706 0.3718683833754503
v -0.0070000002160668 0.0189999993890524 0.0121243558824062
vn 0.3868728350112595 6.2536017660343148 0.1863082207376056
v 0.0126135637983680 0.0189999993890524 0.0060743722133338
vn 0.4103197336421475 6.2536017467616531 0.1265668753650373
v 0.0133780194446445 0.0189999993890524 0.0041265725158155
vn 0.3547842725846060 6.2536017312236636 0.2418877345866124
v 0.0115673430263996 0.0189999993890524 0.0078864805400372
vn 0.3147699294026816 6.2536017580136498 0.2920638335950342
v 0.0102627258747816 0.0189999993890524 0.0095224184915423
vn 0.2677243455541695 6.2536017675455975 0.3357156666761768
v 0.0087288571521640 0.0189999993890524 0.0109456405043602
vn 0.4197273153349118 6.2549552855282888 0.0160894878717134
v 0.0140000004321337 0.0189999993890524 -0.0000000000000002
vn -2.6279936006936295 3.6651917397582388 1.5172722686715572
v 0.0118619548156857 0.0189999993890524 -0.0010750000365078
vn 1.5172730461973429 3.6651912273086609 -2.6279933923562657
v 0.0089250002056360 0.0189999993890524 0.0018619545735419
vn 2.6279932720725339 3.6651909314459639 -1.5172734951017155
v 0.0081380456686020 0.0189999993890524 0.0010750000365078
vn 0.0000003286210998 3.6651916163602469 -3.0345454036871424
v 0.0099999997764826 0.0189999993890524 0.0021500000730157
vn -1.5172727175762439 3.6651914438953686 -2.6279934804100575
v 0.0110750002786517 0.0189999993890524 0.0018619545735419
vn 0.4246005700299482 6.2536017540325091 0.0639982504553094
v 0.0138436313718557 0.0189999993890524 0.0020865916740149
vn -2.6279936006936371 3.6651917397582618 -1.5172722686715212
v 0.0118619548156857 0.0189999993890524 0.0010750000365078
vn -3.0345457323080836 3.6651908080477758 0.0000000000000341
v 0.0121499998494983 0.0189999993890524 -0.0000000000000000
vn -2.9225408096877974 3.5604717324142312 -0.9495911929966070
v 0.0047552827745676 0.0189999993890524 0.0015450849896297
vn 3.0345450750658829 3.6651924246723686 0.0000000000000114
v 0.0078499997034669 0.0189999993890524 -0.0000000000000000
vn -3.0561073713714655 3.5604717849200873 0.3212099739553471
v 0.0049726096913218 0.0189999993890524 -0.0005226423381828
vn 2.6279932720725308 3.6651909314459501 1.5172734951017262
v 0.0081380456686020 0.0189999993890524 -0.0010750000365078
vn -1.5172727175762433 3.6651914438953686 2.6279934804100575
v 0.0110750002786517 0.0189999993890524 -0.0018619545735419
vn 0.0000003286210999 3.6651916163602474 3.0345454036871411
v 0.0099999997764826 0.0189999993890524 -0.0021500000730157
vn 1.5172730461973438 3.6651912273086600 2.6279933923562675
v 0.0089250002056360 0.0189999993890524 -0.0018619545735419
vn -2.7564525330302629 3.4646485123399460 1.4199630690156169
v 0.0043301270343363 0.0189999993890524 -0.0024999999441206
vn -1.1988449666841510 3.5208731310662835 -2.8428269512973232
v 0.0020336832385510 0.0189999993890524 0.0045677274465561
vn -1.9774568975372357 3.3333116150968447 -2.4225717493213885
v 0.0034393863752484 0.0189999993890524 0.0036291349679232
vn -2.2537205541307030 3.1811918309842704 -2.1878024251719288
v 0.0035948455333710 0.0189999993890524 0.0034752101637423
vn -2.5088713727266603 3.3687521409732213 -1.8569851805724560
v 0.0037157242186368 0.0189999993890524 0.0033456529490650
vn -2.1162009980182175 -2.9852988159021283 2.3035038736264286
v 0.0135638313367963 -0.0090000005438924 -0.0146977026015520
vn -4.3216546553330542 -0.3838883343354095 4.5351932182298933
v 0.0135638313367963 -0.0130000011995435 -0.0146977026015520
vn -4.7017306605432818 -0.4261059183754542 4.1348115360965627
v 0.0148987583816051 -0.0130000011995435 -0.0133426757529378
vn -2.2166804029281675 -3.3171107734199188 2.2113384883062404
v 0.0163636356592178 -0.0090000005438924 -0.0114991916343570
vn -4.4699878077730721 -0.1591290786831306 4.3529450978812783
v 0.0163636356592178 -0.0130000011995435 -0.0114991916343570
vn -1.5776006266499984 -2.9748427154785571 2.6992404342042264
v 0.0101513015106320 -0.0090000005438924 -0.0172322690486908
vn -3.1094443206067961 -0.3232001006598703 5.4445641783733443
v 0.0101513015106320 -0.0130000011995435 -0.0172322690486908
vn -3.5565235277113709 -0.4421528897297511 5.1524900333146233
v 0.0109913134947419 -0.0130000011995435 -0.0167090110480785
vn -3.9617126303367138 -0.4352452547509300 4.8481705372776114
v 0.0130540030077100 -0.0130000011995435 -0.0151523267850280
vn -2.6540904214986298 -0.4701512722728812 5.6682078666466937
v 0.0087451254948974 -0.0130000011995435 -0.0179867390543222
vn -2.2044923729107482 -0.4442399550482651 5.8590051598136164
v 0.0063529382459819 -0.0130000011995435 -0.0189641807228327
vn -1.0359156710040507 -2.9689279240116502 2.9532242659421555
v 0.0062802024185658 -0.0090000005438924 -0.0189883932471275
vn -1.7775688770396432 -0.4100058437773024 6.0042833494519705
v 0.0062802024185658 -0.0130000011995435 -0.0189883932471275
vn -0.6102805841263146 -3.0328820678290089 3.0770759380381447
v 0.0035967545118183 -0.0090000005438924 -0.0196739248931408
vn -1.2716919819195731 -0.4160029381340926 6.1306411624844204
v 0.0038546891883016 -0.0130000011995435 -0.0196250192821026
vn -0.2451555684565744 -3.0190156876309553 3.1248157716510545
v 0.0021254047751427 -0.0090000005438924 -0.0198867451399565
vn -0.7408299025104754 -0.3796221713080092 6.2210757550096307
v 0.0021254047751427 -0.0130000011995435 -0.0198867451399565
vn -0.2499364921537564 -0.4427843426455836 6.2556889892144198
v 0.0012920867884532 -0.0130000011995435 -0.0199582185596228
vn 0.2499364921537564 -0.4427843426455836 6.2556889892144198
v -0.0012920867884532 -0.0130000011995435 -0.0199582185596228
vn 0.3242421110431061 -2.9848153996424540 3.1109901667277446
v -0.0021254047751427 -0.0090000005438924 -0.0198867451399565
vn 0.9831890527759843 -2.9832003094948654 2.9697877425764689
v -0.0062802024185658 -0.0090000005438924 -0.0189883932471275
vn 1.7833268423260389 -0.4074835003104964 6.0025316005734517
v -0.0062802024185658 -0.0130000011995435 -0.0189883932471275
vn 1.2455032745947934 -0.4191539863788505 6.1368278512424892
v -0.0038546891883016 -0.0130000011995435 -0.0196250192821026
vn 0.7690886591462310 -0.3393536561137332 6.2211855066828745
v -0.0021254047751427 -0.0130000011995435 -0.0198867451399565
vn 1.5953555608335086 -2.9838631793585040 2.6901594086864655
v -0.0101513015106320 -0.0090000005438924 -0.0172322690486908
vn 3.1365487652488437 -0.3764454925131513 5.4237486741561387
v -0.0101513015106320 -0.0130000011995435 -0.0172322690486908
vn 2.6648880450774670 -0.4381139532197219 5.6653472553216329
v -0.0087451254948974 -0.0130000011995435 -0.0179867390543222
vn 2.1756442684000161 -0.4127961716681251 5.8713237932537323
v -0.0063529382459819 -0.0130000011995435 -0.0189641807228327
vn 3.5620860854517042 -0.4511175947299404 5.1480778454538800
v -0.0109913134947419 -0.0130000011995435 -0.0167090110480785
vn 3.9561421507720254 -0.4432737029465811 4.8522044107207574
v -0.0130540030077100 -0.0130000011995435 -0.0151523267850280
vn 2.1130643367282640 -2.9815834701556194 2.3059134266374319
v -0.0135638313367963 -0.0090000005438924 -0.0146977026015520
vn 2.2166804029281670 -3.3171107734199192 2.2113384883062404
v -0.0163636356592178 -0.0090000005438924 -0.0114991916343570
vn 4.4785727090847010 -0.1489730442134189 4.3464150674325666
v -0.0163636356592178 -0.0130000011995435 -0.0114991916343570
vn 4.6841929159739042 -0.4221984813673920 4.1545433466716402
v -0.0148987583816051 -0.0130000011995435 -0.0133426757529378
vn 4.3395259763394218 -0.3547239845088246 4.5216977616678813
v -0.0135638313367963 -0.0130000011995435 -0.0146977026015520
vn -0.0000003286210998 -3.6651916163602474 -3.0345454036871420
v -0.0099999997764826 -0.0090000005438924 0.0021500000730157
vn -1.5172730461973429 -3.6651912273086609 -2.6279933923562657
v -0.0089250002056360 -0.0090000005438924 0.0018619545735419
vn 1.9970619228983375 -3.3510318272232720 -2.4028131751285424
v -0.0034393863752484 -0.0090000005438924 0.0036291349679232
vn -2.6279933923562675 -3.6651912273086600 -1.5172730461973440
v 0.0018619545735419 -0.0090000005438924 -0.0089250002056360
vn -6.0877819262981001 -0.0587826490087575 -0.0000006396953706
v 0.0021500000730157 -0.0090000005438924 -0.0099999997764826
vn -2.3031779164890160 -3.3510318668258914 2.1111937198719333
v 0.0036556092090905 -0.0090000005438924 -0.0034112343564630
vn -1.5172734951017035 -3.6651909314459652 -2.6279932720725365
v 0.0010750000365078 -0.0090000005438924 -0.0081380456686020
vn -3.4028646308745518 -0.0881757915563819 5.2154274289199991
v 0.0029389262199402 -0.0090000005438924 -0.0040450850501657
vn -0.0000003286210999 -3.6651916163602474 3.0345454036871411
v -0.0099999997764826 -0.0090000005438924 -0.0021500000730157
vn 2.6279933923562657 -3.6651912273086573 -1.5172730461973429
v -0.0018619545735419 -0.0090000005438924 -0.0089250002056360
vn -1.5172730461973440 -3.6651912273086604 2.6279933923562675
v -0.0089250002056360 -0.0090000005438924 -0.0018619545735419
vn -2.6279932720725387 -3.6651909314459683 -1.5172734951017033
v -0.0081380456686020 -0.0090000005438924 0.0010750000365078
vn -2.6607925054215396 -3.6474007432183928 1.4737257705685578
v -0.0197495669126511 -0.0090000005438924 -0.0116800824180245
vn -2.6279932720725272 -3.6651909314459421 1.5172734951017386
v -0.0081380456686020 -0.0090000005438924 -0.0010750000365078
vn 3.5254164342664058 -0.1949978282123914 5.0919864533898673
v -0.0029389262199402 -0.0090000005438924 -0.0040450850501657
vn 1.5172734951017386 -3.6651909314459425 -2.6279932720725299
v -0.0010750000365078 -0.0090000005438924 -0.0081380456686020
vn 0.8030931014072156 -3.4557520662399175 2.9971852188115813
v -0.0010395584395155 -0.0090000005438924 -0.0048907380551100
vn 0.0000000000000336 -3.6651924246723686 -3.0345450750658833
v -0.0000000000000000 -0.0090000005438924 -0.0078499997034669
vn 0.0000000000000099 -3.3513214740210255 3.1243819774731341
v -0.0000000000000000 -0.0090000005438924 -0.0049999998882413
vn -0.8030931014072056 -3.4557520662399237 2.9971852188115813
v 0.0010395584395155 -0.0090000005438924 -0.0048907380551100
vn -2.6279934804100575 -3.6651914438953686 1.5172727175762433
v 0.0018619545735419 -0.0090000005438924 -0.0110750002786517
vn -1.5172722686715121 -3.6651917397582685 2.6279936006936433
v 0.0010750000365078 -0.0090000005438924 -0.0118619548156857
vn 0.0000000000000555 -3.6651908080477758 3.0345457323080796
v -0.0000000000000001 -0.0090000005438924 -0.0121499998494983
vn 1.5172722686715665 -3.6651917397582321 2.6279936006936246
v -0.0010750000365078 -0.0090000005438924 -0.0118619548156857
vn 2.6279934804100575 -3.6651914438953686 1.5172727175762439
v -0.0018619545735419 -0.0090000005438924 -0.0110750002786517
vn 3.0345454036871424 -3.6651916163602474 -0.0000003286210998
v -0.0021500000730157 -0.0090000005438924 -0.0099999997764826
vn 1.5172727175762439 -3.6651914438953686 -2.6279934804100575
v -0.0110750002786517 -0.0090000005438924 0.0018619545735419
vn 2.6279936006936335 -3.6651917397582547 -1.5172722686715319
v -0.0118619548156857 -0.0090000005438924 0.0010750000365078
vn -1.6135756681453506 -3.6474003986461390 2.5783829798501285
v -0.0190609842538834 -0.0090000005438924 -0.0109537309035659
vn -0.1622673846918040 -3.6473995220383810 3.0373272163908043
v -0.0181066971272230 -0.0090000005438924 -0.0106519591063261
vn 2.6279936006936317 -3.6651917397582410 1.5172722686715461
v -0.0118619548156857 -0.0090000005438924 -0.0010750000365078
vn 2.4851531485235299 -3.3906311062412708 -1.8818551783618203
v -0.0037157242186368 -0.0090000005438924 0.0033456529490650
vn 5.8756924307898233 -0.1118710274143320 -1.9042772420880087
v -0.0047552827745676 -0.0090000005438924 0.0015450849896297
vn -3.0345450750658842 -3.6651924246723686 0.0000000000000369
v -0.0078499997034669 -0.0090000005438924 -0.0000000000000001
vn 3.0561073713714655 -3.5604717849200869 0.3212099739553472
v -0.0049726096913218 -0.0090000005438924 -0.0005226423381828
vn 2.6612452186948898 -3.5604715486272678 1.5364707849391865
v -0.0043301270343363 -0.0090000005438924 -0.0024999999441206
vn 3.0345457323080818 -3.6651908080477758 0.0000000000000133
v -0.0121499998494983 -0.0090000005438924 -0.0000000000000000
vn 1.5172727175762433 -3.6651914438953690 2.6279934804100575
v -0.0110750002786517 -0.0090000005438924 -0.0018619545735419
vn 1.3296776255443663 -3.6474000824303467 2.7356248638664282
v -0.0171256884932518 -0.0090000005438924 -0.0108503391966224
vn 0.0000003286210998 -3.6651916163602483 3.0345454036871424
v 0.0099999997764826 -0.0090000005438924 -0.0021500000730157
vn -1.5172727175762439 -3.6651914438953694 2.6279934804100575
v 0.0110750002786517 -0.0090000005438924 -0.0018619545735419
vn -2.6279936006936273 -3.6651917397582348 1.5172722686715556
v 0.0118619548156857 -0.0090000005438924 -0.0010750000365078
vn 1.6135756681453510 -3.6474003986461390 2.5783829798501285
v 0.0190609842538834 -0.0090000005438924 -0.0109537309035659
vn 2.6607925054215391 -3.6474007432183906 1.4737257705685576
v 0.0197495669126511 -0.0090000005438924 -0.0116800824180245
vn -3.0345457323080840 -3.6651908080477753 0.0000000000000349
v 0.0121499998494983 -0.0090000005438924 -0.0000000000000000
vn -2.6279936006936389 -3.6651917397582618 -1.5172722686715225
v 0.0118619548156857 -0.0090000005438924 0.0010750000365078
vn -1.5172727175762433 -3.6651914438953686 -2.6279934804100575
v 0.0110750002786517 -0.0090000005438924 0.0018619545735419
vn 1.5172730461973429 -3.6651912273086595 2.6279933923562657
v 0.0089250002056360 -0.0090000005438924 -0.0018619545735419
vn 2.6279932720725316 -3.6651909314459505 1.5172734951017270
v 0.0081380456686020 -0.0090000005438924 -0.0010750000365078
vn 0.1622673846918040 -3.6473995220383810 3.0373272163908052
v 0.0181066971272230 -0.0090000005438924 -0.0106519591063261
vn -1.3296776255443663 -3.6474000824303454 2.7356248638664278
v 0.0171256884932518 -0.0090000005438924 -0.0108503391966224
vn 2.6279932720725334 -3.6651909314459545 -1.5172734951017146
v 0.0081380456686020 -0.0090000005438924 0.0010750000365078
vn -5.8735877912933683 -0.1047195366246387 -1.9084442996776119
v 0.0047552827745676 -0.0090000005438924 0.0015450849896297
vn -3.0561073713714664 -3.5604717849200869 0.3212099739553474
v 0.0049726096913218 -0.0090000005438924 -0.0005226423381828
vn 3.0345450750658820 -3.6651924246723686 0.0000000000000115
v 0.0078499997034669 -0.0090000005438924 -0.0000000000000000
vn -2.7564525330302629 -3.4646485123399464 1.4199630690156175
v 0.0043301270343363 -0.0090000005438924 -0.0024999999441206
vn -2.5088713727266549 -3.3687521409732213 -1.8569851805724511
v 0.0037157242186368 -0.0090000005438924 0.0033456529490650
vn 0.0000000000000000 -6.2831853071795871 0.0000000000000000
v 0.0035749999806285 -0.0090000005438924 0.0035749999806285
vn 1.5172730461973440 -3.6651912273086609 -2.6279933923562675
v 0.0089250002056360 -0.0090000005438924 0.0018619545735419
vn 0.0000003286210999 -3.6651916163602474 -3.0345454036871415
v 0.0099999997764826 -0.0090000005438924 0.0021500000730157
vn -2.6279933923562657 -3.6651912273086609 1.5172730461973429
v 0.0018619545735419 -0.0090000005438924 0.0089250002056360
vn -1.5172734951017421 -3.6651909314459323 2.6279932720725290
v 0.0010750000365078 -0.0090000005438924 0.0081380456686020
vn -6.0877819262981010 -0.0587826490087590 0.0000006396953706
v 0.0021500000730157 -0.0090000005438924 0.0099999997764826
vn -2.6279934804100575 -3.6651914438953686 -1.5172727175762439
v 0.0018619545735419 -0.0090000005438924 0.0110750002786517
vn -1.5172722686715701 -3.6651917397582299 -2.6279936006936233
v 0.0010750000365078 -0.0090000005438924 0.0118619548156857
vn 3.0345454036871411 -3.6651916163602474 0.0000003286210999
v -0.0021500000730157 -0.0090000005438924 0.0099999997764826
vn 2.6279934804100575 -3.6651914438953686 -1.5172727175762433
v -0.0018619545735419 -0.0090000005438924 0.0110750002786517
vn 1.5172722686715086 -3.6651917397582707 -2.6279936006936437
v -0.0010750000365078 -0.0090000005438924 0.0118619548156857
vn -0.0000000000000623 -3.6651908080477762 -3.0345457323080796
v 0.0000000000000001 -0.0090000005438924 0.0121499998494983
vn 2.6279933923562675 -3.6651912273086560 1.5172730461973440
v -0.0018619545735419 -0.0090000005438924 0.0089250002056360
vn 1.5172734951017000 -3.6651909314459679 2.6279932720725374
v -0.0010750000365078 -0.0090000005438924 0.0081380456686020
vn -2.2537205541307079 -3.1811918309842695 -2.1878024251719337
v 0.0035948455333710 -0.0090000005438924 0.0034752101637423
vn -1.9774568975372351 -3.3333116150968447 -2.4225717493213885
v 0.0034393863752484 -0.0090000005438924 0.0036291349679232
vn -1.1988449666841510 -3.5208731310662835 -2.8428269512973241
v 0.0020336832385510 -0.0090000005438924 0.0045677274465561
vn -0.0000000000000408 -3.6651924246723686 3.0345450750658833
v 0.0000000000000001 -0.0090000005438924 0.0078499997034669
vn -0.0000000000000122 -3.5604714152882160 -3.0729414011060130
v 0.0000000000000000 -0.0090000005438924 0.0049999998882413
vn 1.1988449666841388 -3.5208731310662920 -2.8428269512973272
v -0.0020336832385510 -0.0090000005438924 0.0045677274465561
vn 5.2573741262819764 -0.2618351548546674 2.9552248297469861
v 0.0197495669126511 -0.0130000011995435 -0.0116800824180245
vn 3.1744946156503202 -0.3476034579745946 5.1010422720926538
v 0.0190609842538834 -0.0130000011995435 -0.0109537309035659
vn 0.3318638466034376 -0.3503090777499224 5.9978912034177601
v 0.0181066971272230 -0.0130000011995435 -0.0106519591063261
vn -2.6042906804602324 -0.2705695592344270 5.4360151882404866
v 0.0171256884932518 -0.0130000011995435 -0.0108503391966224
vn 2.6033438223083252 -0.2602168706170953 5.4408417707045746
v -0.0171256884932518 -0.0130000011995435 -0.0108503391966224
vn -0.3350931651652920 -0.3462388926561688 5.9993372446752620
v -0.0181066971272230 -0.0130000011995435 -0.0106519591063261
vn -3.1768507949339133 -0.3491755509486496 5.0988181182798931
v -0.0190609842538834 -0.0130000011995435 -0.0109537309035659
vn -5.2562941347911885 -0.2695506531053319 2.9511021606585799
v -0.0197495669126511 -0.0130000011995435 -0.0116800824180245
vn -3.3700081832705084 -2.6824806689284415 -2.2259046741990605
v 0.0124072367325425 0.0015200270572677 -0.0304794684052467
vn -3.3822792227144083 -1.9210804133953046 -2.7756372302601897
v 0.0124536892399192 0.0010750001529232 -0.0301380455493927
vn -3.0083914264972478 -0.8073811202251497 -2.8858959203813486
v 0.0120740728452802 0.0032352383714169 -0.0219999998807907
vn -3.3565724295524144 -3.2484825394290762 -1.5517485562484952
v 0.0123605467379093 0.0018619546899572 -0.0309250000864267
vn -3.3469299716276244 -3.6120648971359990 -0.7968003804028386
v 0.0123262749984860 0.0020767624955624 -0.0314436219632626
vn -3.3284723783410732 -3.7967512761114888 0.0002806539996565
v 0.0123137114569545 0.0021499998401850 -0.0520000010728836
vn -3.3531059311168878 -3.5793955850387382 0.7899044053456373
v 0.0123262712731957 0.0020767867099494 -0.0325562879443169
vn -3.3293874676946578 -3.7926235174949730 -0.0004822045868123
v 0.0123137114569545 0.0021499998401850 -0.0320000015199184
vn -3.3992718332802161 -0.9916382334500813 -3.0466756689151202
v 0.0124875679612160 0.0005573543021455 -0.0499234981834888
vn -3.4015042355434422 -2.6492789417887752 2.2070015270624528
v 0.0124072246253490 0.0015201239148155 -0.0335204340517521
vn -3.3632200569187658 -3.2090087668046330 1.5320498475054327
v 0.0123605467379093 0.0018619546899572 -0.0330750010907650
vn -3.3866107004601860 -1.8929005899471456 -2.7114184358385893
v 0.0124536892399192 0.0010750001529232 -0.0501380451023579
vn -3.3751802680385277 -2.6488510148954445 -2.1881332319721238
v 0.0124072367325425 0.0015200270572677 -0.0504794679582119
vn -3.3631597636348176 -3.2094550363580741 -1.5302670762979580
v 0.0123605467379093 0.0018619546899572 -0.0509250015020370
vn -3.3590706845078375 -3.5457383502744708 -0.7856736539028666
v 0.0123262749984860 0.0020767624955624 -0.0514436215162277
vn -3.3453400023311231 -3.6201964972360949 0.7984122110272940
v 0.0123262712731957 0.0020767867099494 -0.0525562912225723
vn -3.3552010911968391 -3.2560918717145402 1.5563286999615382
v 0.0123605467379093 0.0018619546899572 -0.0530750006437302
vn -3.3969459009960250 -2.6767913209311298 2.2455124691981263
v 0.0124072246253490 0.0015201239148155 -0.0535204336047173
vn -3.3686839295466751 2.6904835838053471 2.2352914916261692
v 0.0124071780592203 -0.0015205045929179 -0.0535200536251068
vn -3.3811904652822937 1.9281287513127290 2.7953823731499430
v 0.0124536892399192 -0.0010750008514151 -0.0538619533181190
vn -3.3548138346228980 3.2559794602830547 1.5566093089453150
v 0.0123605467379093 -0.0018619553884491 -0.0530750006437302
vn -3.3453560017578967 3.6198856427494972 0.7992336626028620
v 0.0123263224959373 -0.0020764817018062 -0.0525574274361134
vn -3.4091793893794002 -1.9456981250050238 2.7817227355023086
v 0.0124536892399192 0.0010750001529232 -0.0538619533181190
vn -3.4240867634935443 -1.0296044650045837 3.1012540095598320
v 0.0124875064939260 0.0005587401101366 -0.0540761277079582
vn -3.4275170244683610 0.0432914501408344 3.2229129055513703
v 0.0125000001862645 0.0000000006109476 -0.0541500002145767
vn -3.3924391393303917 1.0030161860820137 3.1992892701524633
v 0.0124876145273447 -0.0005563175072894 -0.0540767796337605
vn -3.3534397698564669 3.5774538824202824 -0.7901499534884998
v 0.0123263001441956 -0.0020766120869666 -0.0514430589973927
vn -3.3297951404092392 3.7925485170391289 0.0008200858067569
v 0.0123137114569545 -0.0021500003058463 -0.0520000010728836
vn -3.0074958413970476 0.8139847202592189 -2.8925787763253328
v 0.0120740728452802 -0.0032352388370782 -0.0219999998807907
vn -3.4147329486244540 -1.9133231578002579 2.6964598018281531
v 0.0124536892399192 0.0010750001529232 -0.0338619537651539
vn -3.4292538473902328 -0.9701541302483367 3.0441210260862706
v 0.0124875064939260 0.0005587401101366 -0.0340761281549931
vn -3.4307419000013546 0.0194833875041524 -3.1556230042396649
v 0.0125000001862645 0.0000000006109476 -0.0498499982059002
vn -3.4308075662791055 -0.0206743523195125 3.1556146293594378
v 0.0125000001862645 0.0000000006109476 -0.0341500006616116
vn -3.4293673318761986 0.9686030853120503 -3.0444680097603944
v 0.0124875809997320 -0.0005570607027039 -0.0499234199523926
vn -3.3992846617453867 0.9907217728447792 3.0468942705118103
v 0.0124876145273447 -0.0005563175072894 -0.0340767800807953
vn -3.4151300511576426 1.9127158753195128 -2.6967637717644846
v 0.0124536892399192 -0.0010750008514151 -0.0501380451023579
vn -3.4015095963795177 2.6492687730469471 -2.2070462041607328
v 0.0124072292819619 -0.0015200836351141 -0.0504795238375664
vn -3.3630737440972900 3.2088835039277219 -1.5323117471860062
v 0.0123605467379093 -0.0018619553884491 -0.0509250015020370
vn -3.3870102713021621 1.8928004215090524 2.7114388185913296
v 0.0124536892399192 -0.0010750008514151 -0.0338619537651539
vn -3.3751678181539368 2.6492506968213356 2.1877821163131239
v 0.0124071780592203 -0.0015205045929179 -0.0335200540721416
vn -3.3627634789261478 3.2093905001645573 1.5304802345271646
v 0.0123605467379093 -0.0018619553884491 -0.0330750010907650
vn -3.3590729489479716 3.5455152024767038 0.7864161043324944
v 0.0123263224959373 -0.0020764817018062 -0.0325574278831482
vn -3.3286446485119963 3.7977415787510491 0.0000473123561381
v 0.0123137114569545 -0.0021500003058463 -0.0320000015199184
vn -3.3469394223951512 3.6119067682061656 -0.7972052497676015
v 0.0123263001441956 -0.0020766120869666 -0.0314430594444275
vn -3.3564234363677907 3.2483897919445592 -1.5519400023568133
v 0.0123605467379093 -0.0018619553884491 -0.0309250000864267
vn -3.3982657383632096 2.6691553386846518 -2.2357842604615796
v 0.0124072292819619 -0.0015200836351141 -0.0304795242846012
vn -3.4110638523770325 1.9378894215499090 -2.7623666119333272
v 0.0124536892399192 -0.0010750008514151 -0.0301380455493927
vn -3.4254979747133181 1.0153875738049505 -3.0904815604170164
v 0.0124875809997320 -0.0005570607027039 -0.0299234203994274
vn -3.1156666476358632 -0.0075508110095800 -2.8912346257600792
v 0.0125000001862645 0.0000000006109476 -0.0219999998807907
vn -3.4284044229070565 -0.0305468858667310 -3.2115511195442794
v 0.0125000001862645 0.0000000006109476 -0.0298500005155802
vn -3.3948609855058165 -1.0007579252337337 -3.1606375582295900
v 0.0124875679612160 0.0005573543021455 -0.0299234986305237
vn 3.0074935606213420 -0.8140008697228976 -2.8925958565804049
v -0.0120740728452802 0.0032352383714169 -0.0219999998807907
vn 3.3282384072870244 -3.7978086445484180 -0.0000961423915558
v -0.0123137114569545 0.0021499998401850 -0.0320000015199184
vn 3.3534295283461666 -3.5776413368927784 -0.7896863247023530
v -0.0123262712731957 0.0020767867099494 -0.0514437109231949
vn 3.3686929641576433 -2.6900778529957750 2.2356656327464490
v -0.0124072367325425 0.0015200270572677 -0.0535205304622650
vn 3.3807919048055739 -1.9282462326387171 2.7953408265241038
v -0.0124536892399192 0.0010750001529232 -0.0538619533181190
vn 3.3552143768394700 -3.2560514378326029 1.5563953572122309
v -0.0123605467379093 0.0018619546899572 -0.0530750006437302
vn 3.3453385611232451 -3.6201663875008849 0.7984754615736777
v -0.0123262749984860 0.0020767624955624 -0.0525563769042492
vn 3.3293856267428050 -3.7926303059928870 0.0006756571880296
v -0.0123137114569545 0.0021499998401850 -0.0520000010728836
vn 3.3992718333435907 -0.9916382325290760 3.0466756680048608
v -0.0124875679612160 0.0005573543021455 -0.0340765006840229
vn 3.4015088387964778 -2.6492830522726605 -2.2069961793422652
v -0.0124072246253490 0.0015201239148155 -0.0504795648157597
vn 3.3632135150727711 -3.2090105841069265 -1.5320493025960866
v -0.0123605467379093 0.0018619546899572 -0.0509250015020370
vn 3.3866107004812704 -1.8929005898581222 2.7114184349096409
v -0.0124536892399192 0.0010750001529232 -0.0338619537651539
vn 3.3751762286174700 -2.6488467459757707 2.1881387948305457
v -0.0124072367325425 0.0015200270572677 -0.0335205309092999
vn 3.3631663044250617 -3.2094532259701642 1.5302676072546628
v -0.0123605467379093 0.0018619546899572 -0.0330750010907650
vn 3.3590672703472508 -3.5457395758211305 0.7856716424104119
v -0.0123262749984860 0.0020767624955624 -0.0325563773512840
vn 3.3469279051475644 -3.6120969199460342 -0.7967354230995427
v -0.0123262712731957 0.0020767867099494 -0.0314437113702297
vn 3.3565616868460575 -3.2485245133138689 -1.5516781586067478
v -0.0123605467379093 0.0018619546899572 -0.0309250000864267
vn 3.3982614159473252 -2.6691939291850124 -2.2357525159658196
v -0.0124072246253490 0.0015201239148155 -0.0304795652627945
vn 3.3699991496914623 2.6828864128087426 -2.2255349829129498
v -0.0124071780592203 -0.0015205045929179 -0.0304799452424049
vn 3.3826811000081634 1.9209638130937794 -2.7756737929958000
v -0.0124536892399192 -0.0010750008514151 -0.0301380455493927
vn 3.0083914722870309 0.8073809492037166 -2.8858959197691987
v -0.0120740728452802 -0.0032352388370782 -0.0219999998807907
vn 3.3561717537071694 3.2484105102299310 -1.5519622125499655
v -0.0123605467379093 -0.0018619553884491 -0.0309250000864267
vn 3.3469474076153647 3.6117830698635593 -0.7975558561683460
v -0.0123263224959373 -0.0020764817018062 -0.0314425714313984
vn 3.4106665455977869 -1.9385281129449656 -2.7620314577283236
v -0.0124536892399192 0.0010750001529232 -0.0301380455493927
vn 3.4253820748203392 -1.0169323418233382 -3.0901241440742018
v -0.0124875064939260 0.0005587401101366 -0.0299238711595535
vn 3.1156687780075893 0.0075682630311778 -2.8912599051074110
v -0.0125000001862645 0.0000000006109476 -0.0219999998807907
vn 3.4284747255653794 0.0293668226206968 -3.2115600671314550
v -0.0125000001862645 0.0000000006109476 -0.0298500005155802
vn 3.3948660589226476 0.9998125311668334 -3.1609179648790544
v -0.0124876145273447 -0.0005563175072894 -0.0299232210963964
vn 3.3531163177055201 3.5792075318320586 0.7903682067456144
v -0.0123263001441956 -0.0020766120869666 -0.0325569398701191
vn 3.3297969830071596 3.7925417281132758 -0.0006262326045911
v -0.0123137114569545 -0.0021500003058463 -0.0320000015199184
vn 3.4147335256662630 -1.9133234968120965 -2.6964595274241843
v -0.0124536892399192 0.0010750001529232 -0.0501380451023579
vn 3.4292538473902328 -0.9701541302483367 -3.0441210260862706
v -0.0124875064939260 0.0005587401101366 -0.0499238707125187
vn 3.4307419000013546 0.0194833875041524 3.1556230042396649
v -0.0125000001862645 0.0000000006109476 -0.0341500006616116
vn 3.4308141453741992 -0.0206638132573678 -3.1556132422191858
v -0.0125000001862645 0.0000000006109476 -0.0498499982059002
vn 3.4293673318762261 0.9686030853116461 3.0444680097599646
v -0.0124875809997320 -0.0005570607027039 -0.0340765789151192
vn 3.3992719060745853 0.9907221188942283 -3.0468969156354646
v -0.0124876145273447 -0.0005563175072894 -0.0499232225120068
vn 3.4151294741973275 1.9127155354832075 2.6967640454694304
v -0.0124536892399192 -0.0010750008514151 -0.0338619537651539
vn 3.4015049939689121 2.6492646593084563 2.2070515489301954
v -0.0124072292819619 -0.0015200836351141 -0.0335204750299454
vn 3.3630802895571428 3.2088816902026749 1.5323122852045579
v -0.0123605467379093 -0.0018619553884491 -0.0330750010907650
vn 3.3870163804760942 1.8927921929689444 -2.7114422371705080
v -0.0124536892399192 -0.0010750008514151 -0.0501380451023579
vn 3.3751718615687616 2.6492549690546325 -2.1877765473284350
v -0.0124071780592203 -0.0015205045929179 -0.0504799447953701
vn 3.3627569277630354 3.2093923080380762 -1.5304797083594923
v -0.0123605467379093 -0.0018619553884491 -0.0509250015020370
vn 3.3590763695105550 3.5455139729190934 -0.7864181239222092
v -0.0123263224959373 -0.0020764817018062 -0.0514425709843636
vn 3.3288793098686100 3.7966811232507638 0.0001375030212523
v -0.0123137114569545 -0.0021500003058463 -0.0520000010728836
vn 3.3453512551215505 3.6200086146011752 0.7988838645960297
v -0.0123263001441956 -0.0020766120869666 -0.0525569431483746
vn 3.3550630017386087 3.2559564811528596 1.5565914065106341
v -0.0123605467379093 -0.0018619553884491 -0.0530750006437302
vn 3.3969502105563043 2.6767528837861816 2.2455445948535959
v -0.0124072292819619 -0.0015200836351141 -0.0535204745829105
vn 3.4095761758612073 1.9450536787623671 2.7820725652996634
v -0.0124536892399192 -0.0010750008514151 -0.0538619533181190
vn 3.4242033050857348 1.0280611070468317 3.1016078791818478
v -0.0124875809997320 -0.0005570607027039 -0.0540765784680843
vn 3.4274498500735397 -0.0444744608889255 3.2228990538117914
v -0.0125000001862645 0.0000000006109476 -0.0541500002145767
vn 3.3924295658706694 -1.0039698147844751 3.1989842014205836
v -0.0124875679612160 0.0005573543021455 -0.0540765002369881
vn 2.6974231005094977 1.5573579514884281 -2.8797933272894953
v -0.0108253173530102 -0.0062500010244548 -0.0219999998807907
vn 2.2024362216151090 2.2024371029673926 -2.8797928031699609
v -0.0088388351723552 -0.0088388351723552 -0.0219999998807907
vn 1.5573578750816734 2.6974233082529109 -2.8797940184462743
v -0.0062500000931323 -0.0108253164216876 -0.0219999998807907
vn 0.8061483349835409 3.0085843194689916 -2.8797929930677926
v -0.0032352381385863 -0.0120740728452802 -0.0219999998807907
vn 0.0000000000000179 3.1147158730283420 -2.8797931687172342
v -0.0000000000000002 -0.0125000001862645 -0.0219999998807907
vn -0.8061483349835212 3.0085843194689939 -2.8797929930677792
v 0.0032352381385863 -0.0120740728452802 -0.0219999998807907
vn -1.5573578750816730 2.6974233082529100 -2.8797940184462743
v 0.0062500000931323 -0.0108253164216876 -0.0219999998807907
vn -2.2024362216151099 2.2024371029673930 -2.8797928031699609
v 0.0088388351723552 -0.0088388351723552 -0.0219999998807907
vn -2.6974231005094982 1.5573579514884281 -2.8797933272894953
v 0.0108253173530102 -0.0062500010244548 -0.0219999998807907
vn -2.6974232338233386 -1.5573578142208393 -2.8797935556433991
v 0.0108253173530102 0.0062500000931323 -0.0219999998807907
vn -2.2024369521024294 -2.2024364534102570 -2.8797930822810764
v 0.0088388351723552 0.0088388351723552 -0.0219999998807907
vn -1.5573576741082491 -2.6974231922207603 -2.8797930382305426
v 0.0062500000931323 0.0108253182843328 -0.0219999998807907
vn -0.8061475696636633 -3.0085846364749127 -2.8797935204284917
v 0.0032352381385863 0.0120740728452802 -0.0219999998807907
vn 0.0000000000000161 -3.1147158730283420 -2.8797931687172369
v -0.0000000000000001 0.0125000001862645 -0.0219999998807907
vn 0.8061475696636811 -3.0085846364749118 -2.8797935204285041
v -0.0032352381385863 0.0120740728452802 -0.0219999998807907
vn 1.5573576741082493 -2.6974231922207612 -2.8797930382305426
v -0.0062500000931323 0.0108253182843328 -0.0219999998807907
vn 2.2024369521024298 -2.2024364534102574 -2.8797930822810764
v -0.0088388351723552 0.0088388351723552 -0.0219999998807907
vn 2.6974232338233390 -1.5573578142208393 -2.8797935556433991
v -0.0108253173530102 0.0062500000931323 -0.0219999998807907
vn 0.0000000000000000 0.0000000000000000 -6.2831853071795871
v -0.0000000000000001 0.0000000006109476 -0.0219999998807907
vn 4.1196136311556675 -4.7024407587857810 0.2031638818038330
v 0.0182418245822191 -0.0172434579581022 -0.0159301403909922
vn 3.6569225851344140 -5.0571181275031938 0.2224769834707472
v 0.0176900252699852 -0.0177311431616545 -0.0168285053223372
vn 6.0059475652181380 -1.4453755094608829 0.6896032363439132
v 0.0198789425194263 -0.0141991758719087 -0.0129017969593406
vn 5.8890200357750153 -1.9073310362750653 0.5982677920905664
v 0.0198116824030876 -0.0144914211705327 -0.0130400750786066
vn 6.0929107577983661 -0.9699839818617413 0.7434527759549221
v 0.0199580639600754 -0.0137081490829587 -0.0127372136339545
vn 6.1386106341464846 -0.5126553972019481 0.7961390362721100
v 0.0199835356324911 -0.0134441899135709 -0.0126837734133005
vn 5.3822866457190148 -3.0967304123735171 0.4722143526726502
v 0.0194025710225105 -0.0156100252643228 -0.0138514582067728
vn 4.9707729617113010 -3.7334684896824721 0.3069274639035995
v 0.0189629700034857 -0.0163717847317457 -0.0146733857691288
vn 5.5606437972024239 -2.7698763378710645 0.4891444868034742
v 0.0195417217910290 -0.0152998501434922 -0.0135809239000082
vn 5.7092176592507347 -2.4166651700933213 0.5302590855551904
v 0.0196124445647001 -0.0151214310899377 -0.0134413409978151
vn 4.4049844761562076 -4.4089222080547517 0.2796813930788908
v 0.0182881951332092 -0.0171965938061476 -0.0158523265272379
vn 1.5854266459511670 -6.0596510503504089 0.0743863528931511
v 0.0155428564175963 -0.0187982413917780 -0.0199427753686905
vn 0.6248624675334266 -6.2371015157709744 0.0515948582022604
v 0.0143559277057648 -0.0189894344657660 -0.0214713104069233
vn 2.1174988885762551 -5.8824640664796881 0.1360561164349227
v 0.0162964072078466 -0.0185431521385908 -0.0189083293080330
vn 2.8349715150601167 -5.5700635419842648 0.1534337868323816
v 0.0166602078825235 -0.0183780398219824 -0.0183880999684334
vn 0.1324066312853260 -6.2800955446057154 -0.0130085987956607
v 0.0140099273994565 -0.0189999919384718 -0.0218968167901039
vn -0.2724457837253902 -6.2388244210908796 0.5394267768753012
v 0.0141717195510864 -0.0189894344657660 -0.0213724318891764
vn -0.0394259066580147 -6.2660441210883633 0.3707890659275603
v 0.0142085682600737 -0.0189911816269159 -0.0213921554386616
vn -0.9443017615105680 -6.0164592593621560 1.4159988595676403
v 0.0147190578281879 -0.0187982413917780 -0.0195320546627045
vn 0.3121565766833868 -6.2687280689313711 0.1503030706390874
v 0.0143191255629063 -0.0189911816269159 -0.0214515011757612
vn 1.1102368441102455 -6.1559437780515891 0.2474711994883191
v 0.0153813306242228 -0.0188323017209768 -0.0198577251285315
vn 1.9006197310741413 -5.9257042497465262 0.5337210002882374
v 0.0163847040385008 -0.0184837002307177 -0.0182374250143766
vn 2.6998456680185745 -5.5519898593579988 0.6825997144993926
v 0.0173222497105598 -0.0179446320980787 -0.0166037250310183
vn 3.1708163902309057 -5.2387638038639137 0.9085090675568436
v 0.0178793985396624 -0.0174943488091230 -0.0155697399750352
vn 3.7442260239693232 -4.7250972554065962 1.2059782088619198
v 0.0185316968709230 -0.0167838316410780 -0.0142926946282387
vn 4.2172044548286891 -4.1550674350861279 1.5252817267300742
v 0.0189859531819820 -0.0160967390984297 -0.0133583182469010
vn -0.4573136236156521 -6.1477680152974861 1.0726684012738554
v 0.0148841934278607 -0.0188323017209768 -0.0196098685264587
vn -1.4641776497064281 -5.7081864070230459 2.1204118183312612
v 0.0151961334049702 -0.0183780398219824 -0.0177150610834360
vn -0.8849204283243035 -5.9031053120805312 1.7961368741142616
v 0.0154898734763265 -0.0184837002307177 -0.0178260691463947
vn -2.3416962889649029 -5.1011011305777041 2.7487434435140683
v 0.0155999502167106 -0.0177311431616545 -0.0159491840749979
vn -1.3893475408856191 -5.5517665325950727 2.3963992174852176
v 0.0160178057849407 -0.0179446320980787 -0.0160549283027649
vn -2.8750293168184462 -4.4548478780769809 3.2572984078891087
v 0.0158174540847540 -0.0171965938061476 -0.0148731525987387
vn -1.6819892666722092 -5.1967614396796300 2.8755767192891653
v 0.0163088478147984 -0.0174943488091230 -0.0149473175406456
vn -3.4622304840093778 -3.8257948193704658 3.4685056616223893
v 0.0160467512905598 -0.0163717847317457 -0.0136036155745387
vn -2.0950125904238912 -4.6780793197445103 3.3400877933402984
v 0.0166218969970942 -0.0167838316410780 -0.0135921137407422
vn -3.9015530032401275 -3.0581334739727040 3.7412724178100940
v 0.0161865092813969 -0.0156100252643228 -0.0127377789467573
vn -2.3816706359427009 -4.1477855132141919 3.7615480293310615
v 0.0168188735842705 -0.0160967390984297 -0.0126078873872757
vn -4.0494553305457313 -2.5647520293784525 3.9584728939079330
v 0.0162504464387894 -0.0151214310899377 -0.0123115973547101
vn -2.4746615672267138 -3.6142879826847754 4.1781981681677260
v 0.0169139578938484 -0.0156280156224966 -0.0120842028409243
vn -4.2226610337450330 -2.0058143755395106 4.1174598306764434
v 0.0163094364106655 -0.0144914211705327 -0.0118983360007405
vn -2.5952640556641065 -3.0306548741112573 4.5264738469078427
v 0.0170107018202543 -0.0149679677560925 -0.0115215694531798
vn -4.3459901186070677 -1.4396797738852292 4.2087349027741867
v 0.0163289699703455 -0.0141991758719087 -0.0117567712441087
vn -2.5836567366194680 -2.4042720028814379 4.8793441046434163
v 0.0170472320169210 -0.0146310338750482 -0.0113055594265461
vn -4.4375734092847834 -1.0248492314358302 4.2385237257495447
v 0.0163516998291016 -0.0137081490829587 -0.0115888370200992
vn -2.6008722443414318 -1.7167315982861164 5.1352651710872603
v 0.0170957893133163 -0.0140084447339177 -0.0110212536528707
vn -4.4466082270468661 -0.5414207967575239 4.3287213311623018
v 0.0163589585572481 -0.0134441899135709 -0.0115344412624836
vn -2.5772387512969526 -0.9371478669604312 5.3386635779000233
v 0.0171134844422340 -0.0136441411450505 -0.0109195988625288
vn 0.0223331514733819 -6.2827572863817558 0.0436244148818385
v 0.0140078905969858 -0.0189999956637621 -0.0218957010656595
vn 0.0726452356309140 -6.2712987212034310 0.2885604519294607
v 0.0142454290762544 -0.0189920570701361 -0.0214119143784046
vn 0.0662494444213346 -6.2084581520907598 0.8058993486647730
v 0.0150505732744932 -0.0188494045287371 -0.0196905508637428
vn 0.0569939227228450 -6.0814631299026649 1.3908668698050546
v 0.0157913956791162 -0.0185372624546289 -0.0179524999111891
vn -0.0137342580528586 -5.9039825178277106 1.9272980701227871
v 0.0164612401276827 -0.0180545579642057 -0.0162054169923067
vn -0.0251755374276698 -5.6905682065595506 2.4130610700520103
v 0.0168463867157698 -0.0176497455686331 -0.0150974197313190
vn -0.0816155546361335 -5.3586984432209341 2.9671899974618148
v 0.0172830056399107 -0.0170036125928164 -0.0137159619480371
vn -0.0862143177647521 -4.9522932760261265 3.5434147556593820
v 0.0175791624933481 -0.0163617487996817 -0.0126812094822526
vn -0.0115909937889015 -4.4455779679519178 4.1096684234824572
v 0.0177323650568724 -0.0159074570983648 -0.0121107902377844
vn 0.0496417441538195 -3.8274218786369847 4.6561899113666900
v 0.0178978517651558 -0.0152349742129445 -0.0114715937525034
vn 0.1575618702568978 -3.0976989082839985 5.1472061283389685
v 0.0179630126804113 -0.0148745412006974 -0.0112158926203847
vn 0.2351306240183538 -2.2300623797323058 5.5504767859901420
v 0.0180514939129353 -0.0141792083159089 -0.0108680734410882
vn 0.3087306950760818 -1.2311742415756359 5.8383146687597165
v 0.0180841181427240 -0.0137581946328282 -0.0107402075082064
vn 0.1901721896496667 -6.2721489837558231 0.2150652985534122
v 0.0142822870984674 -0.0189920570701361 -0.0214316993951797
vn 0.5890464342057699 -6.2116003291935824 0.5292860660803560
v 0.0152167631313205 -0.0188494045287371 -0.0197734087705612
vn 0.9987293050616164 -6.0877861625230114 0.9448159771147683
v 0.0160924270749092 -0.0185372624546289 -0.0180908832699060
vn 1.3636366703526210 -5.9133077493830157 1.3396581130983096
v 0.0169046018272638 -0.0180545579642057 -0.0163919460028410
vn 1.6401231765070472 -5.7037568928566111 1.7516776652416655
v 0.0173849686980247 -0.0176497455686331 -0.0153108630329370
vn 1.9480680833652930 -5.3753318029251158 2.2263988215310491
v 0.0179473254829645 -0.0170036125928164 -0.0139596564695239
vn 2.2290683863725493 -4.9653045314584450 2.7572502631479079
v 0.0183431357145309 -0.0163617487996817 -0.0129457637667656
vn 2.4583770340129996 -4.4612354703342820 3.2946800431264709
v 0.0185525044798851 -0.0159074570983648 -0.0123863853514194
vn 2.6843250010246562 -3.8301353582374382 3.8180650504471250
v 0.0187799669802189 -0.0152349742129445 -0.0117591656744480
vn 2.8592169186306213 -3.1062158817409391 4.2879364829275310
v 0.0188688933849335 -0.0148745412006974 -0.0115080792456865
vn 3.0059752546381153 -2.2276403986455096 4.6808235967556291
v 0.0189880114048719 -0.0141792083159089 -0.0111662894487381
vn 3.1044123694282568 -1.2306594125216896 4.9579309442577415
v 0.0190312806516886 -0.0137581946328282 -0.0110405478626490
vn 4.4961436296563377 -3.6624643576250082 1.8516557125184463
v 0.0192208923399448 -0.0156280156224966 -0.0128594106063247
vn 4.7781603653032754 -3.0324111124677486 2.1813443069840561
v 0.0194672103971243 -0.0149679677560925 -0.0123223960399628
vn 4.9523935134532620 -2.4272987110860753 2.4783411161443145
v 0.0195596907287836 -0.0146310338750482 -0.0121159404516220
vn 5.1005675789708631 -1.7058827196725526 2.7165965465310697
v 0.0196791738271713 -0.0140084447339177 -0.0118438815698028
vn 5.1856567231970034 -0.9349221505659541 2.8924636146039315
v 0.0197211820632219 -0.0136441411450505 -0.0117464847862720
vn -0.1443423684036986 -6.2750712333086716 0.1615305571040858
v 0.0140058537945151 -0.0189999919384718 -0.0218945853412151
vn -1.9180989498722425 -1.6229932779826026 5.7220536229451806
v 0.0064178793691099 -0.0145529145374894 -0.0191580373793840
vn 4.4707642265640590 -1.4601544005517086 4.0698249721138788
v -0.0163289699703455 -0.0141991758719087 -0.0117567712441087
vn 4.3762744194811418 -1.8408535513554636 4.0257162673904405
v -0.0163094364106655 -0.0144914211705327 -0.0118983360007405
vn 4.4818111269480765 -0.9945597662872794 4.2113475209161031
v -0.0163516998291016 -0.0137081490829587 -0.0115888370200992
vn 4.4693270981695905 -0.5338035743897138 4.3118906145324365
v -0.0163589585572481 -0.0134441899135709 -0.0115344412624836
vn 0.2644186285309306 -6.2611516463738095 0.2409429005940782
v -0.0140048349276185 -0.0189999919384718 -0.0218940284103155
vn 0.6910666103635037 -6.0330455398804173 1.4232894560649834
v -0.0106896413490176 -0.0187955554574728 -0.0219861678779125
vn 0.9063839067844108 -6.0213009196469223 1.3681877336099366
v -0.0134352790191770 -0.0187955554574728 -0.0204243306070566
vn 0.5010470699570634 -6.2171888064653222 0.4849720710144041
v -0.0141717195510864 -0.0189894344657660 -0.0213724318891764
vn 1.0037884684156126 -6.0052855109676688 1.4235155030758131
v -0.0147190578281879 -0.0187982413917780 -0.0195320546627045
vn -0.6966054574126954 -6.0327911570052928 1.4222027533825927
v 0.0106896413490176 -0.0187955554574728 -0.0219861678779125
vn -0.9033310378290682 -6.0141077455261520 1.4258067015545630
v 0.0134352790191770 -0.0187955554574728 -0.0204243306070566
vn -1.6978642363470380 -5.4238957763080533 2.5806702779110640
v 0.0126400105655193 -0.0181961525231600 -0.0192153621464968
vn -2.0307388574460288 -5.3251259432551263 2.5997760512200720
v 0.0150121040642262 -0.0181961525231600 -0.0174251757562160
vn -2.8849578886276359 -4.4200540251099687 3.3423574158310121
v 0.0142010319977999 -0.0172426421195269 -0.0164837297052145
vn -4.0457336503311048 -3.1006460582668378 3.6239050023576169
v 0.0154975745826960 -0.0160000007599592 -0.0138789499178529
vn -3.5197824578421031 -3.1435291189209154 4.0953047940328284
v 0.0135786747559905 -0.0160000007599592 -0.0157613344490528
vn -4.5103422023937254 -1.6156295887866665 4.0125907221458830
v 0.0150510566309094 -0.0145529145374894 -0.0134790679439902
vn 4.1638037895484512 -2.5330668354421730 3.8898101927164879
v -0.0162504464387894 -0.0151214310899377 -0.0123115973547101
vn 4.4648046613695538 -1.6502004360686600 4.0423989031176193
v -0.0150510566309094 -0.0145529145374894 -0.0134790679439902
vn 3.9337553998109294 -1.6091235518917666 4.5796532218553105
v -0.0131874447688460 -0.0145529145374894 -0.0153072169050574
vn 3.3371802326740041 -1.6012936814628602 5.0331293236330232
v -0.0111036701127887 -0.0145529145374894 -0.0168798137456179
vn 2.6228882265465319 -1.6069896101061723 5.4386881891390644
v -0.0088345203548670 -0.0145529145374894 -0.0181706044822931
vn 1.9199354316984132 -1.6214596849541734 5.7217727058336276
v -0.0064178793691099 -0.0145529145374894 -0.0191580373793840
vn 1.1612653750042430 -1.6243410280985877 5.9220710853670919
v -0.0038940927479416 -0.0145529145374894 -0.0198256317526102
vn 0.3800346410740027 -1.6080030491351047 6.0254201670875061
v -0.0013052948052064 -0.0145529145374894 -0.0201622378081083
vn -0.3691813682087822 -1.6014515444520736 6.0275980007678127
v 0.0013052948052064 -0.0145529145374894 -0.0201622378081083
vn -1.1805354807196549 -1.6094356655094360 5.9211578612414044
v 0.0038940927479416 -0.0145529145374894 -0.0198256317526102
vn -3.3270109379607895 -1.6076131607846391 5.0380768869235046
v 0.0111036701127887 -0.0145529145374894 -0.0168798137456179
vn -2.6386285806381706 -1.6260029156052622 5.4270613133476377
v 0.0088345203548670 -0.0145529145374894 -0.0181706044822931
vn -3.9269015642409961 -1.6025920358887045 4.5874514946002662
v 0.0131874447688460 -0.0145529145374894 -0.0153072169050574
vn -2.9693698651665494 -3.1389945883094699 4.5140394368910162
v 0.0114330807700753 -0.0160000007599592 -0.0173805858939886
vn -2.3625479644723848 -3.1389946374418547 4.8592254467726548
v 0.0090966131538153 -0.0160000007599592 -0.0187096688896418
vn -1.7162840179806347 -3.1389959854711407 5.1232869094654330
v 0.0066082775592804 -0.0160000007599592 -0.0197263974696398
vn -1.0413670184802899 -3.1389948822350098 5.3018164261750780
v 0.0040096184238791 -0.0160000007599592 -0.0204137954860926
vn -0.3490646449261842 -3.1389927731870308 5.3918336070927726
v 0.0013440188486129 -0.0160000007599592 -0.0207603871822357
vn 0.3490642314822199 -3.1389928420917181 5.3918335669224922
v -0.0013440188486129 -0.0160000007599592 -0.0207603871822357
vn 1.0413671778179860 -3.1389943219527257 5.3018166758605858
v -0.0040096184238791 -0.0160000007599592 -0.0204137954860926
vn 1.7162846450561535 -3.1389958192461447 5.1232868021405009
v -0.0066082775592804 -0.0160000007599592 -0.0197263974696398
vn 2.3625477914092134 -3.1389945655340235 4.8592256084034302
v -0.0090966131538153 -0.0160000007599592 -0.0187096688896418
vn 2.9693697892322657 -3.1389942815187526 4.5140396979363500
v -0.0114330807700753 -0.0160000007599592 -0.0173805858939886
vn 3.5197824102842965 -3.1435292855998309 4.0953046923646985
v -0.0135786747559905 -0.0160000007599592 -0.0157613344490528
vn 3.8579220879801324 -2.9504397084771599 3.9044548002494048
v -0.0154975745826960 -0.0160000007599592 -0.0138789499178529
vn -2.4181738848664480 -4.4338873168645039 3.6761097715314976
v 0.0119570977985859 -0.0172426421195269 -0.0181771963834763
vn -1.9239941965718790 -4.4338883791551540 3.9572197120147665
v 0.0095135420560837 -0.0172426421195269 -0.0195671971887350
vn -1.3976953207360940 -4.4338875569501344 4.1722651538469382
v 0.0069111576303840 -0.0172426421195269 -0.0206305254250765
vn -0.8480606334727206 -4.4338879700592759 4.3176546619946761
v 0.0041933930478990 -0.0172426421195269 -0.0213494300842285
vn -0.2842681208612141 -4.4338876116163943 4.3909611106659527
v 0.0014056198997423 -0.0172426421195269 -0.0217119064182043
vn 0.2842681475604511 -4.4338873265122469 4.3909613947170341
v -0.0014056198997423 -0.0172426421195269 -0.0217119064182043
vn 0.8480606082119674 -4.4338879646842662 4.3176546714620283
v -0.0041933930478990 -0.0172426421195269 -0.0213494300842285
vn 1.3976949911556933 -4.4338878344144357 4.1722649443908599
v -0.0069111576303840 -0.0172426421195269 -0.0206305254250765
vn 1.9239945769154982 -4.4338886574815772 3.9572192212965041
v -0.0095135420560837 -0.0172426421195269 -0.0195671971887350
vn 2.4181733252385156 -4.4338875088990877 3.6761099146832845
v -0.0119570977985859 -0.0172426421195269 -0.0181771963834763
vn 2.8849581230849513 -4.4200539365533791 3.3423572990037682
v -0.0142010319977999 -0.0172426421195269 -0.0164837297052145
vn 2.9884480084032505 -4.4335705747470460 3.2119462488625632
v -0.0158174540847540 -0.0171965938061476 -0.0148731525987387
vn 3.6769295686086410 -3.6235473306258301 3.4544568444513217
v -0.0160467512905598 -0.0163717847317457 -0.0136036155745387
vn 4.0778852272211044 -3.0187797184293488 3.5990230610835203
v -0.0161865092813969 -0.0156100252643228 -0.0127377789467573
vn -1.3538221596001352 -5.4210443447678198 2.7845051447491698
v 0.0100568942725658 -0.0181961525231600 -0.0206847507506609
vn -0.9834902337418689 -5.4210440067964969 2.9358221755920217
v 0.0073058786801994 -0.0181961525231600 -0.0218088086694479
vn -0.5967399521731805 -5.4210434450690519 3.0381262597794105
v 0.0044328924268484 -0.0181961525231600 -0.0225687716156244
vn -0.2000258870139502 -5.4210442536320746 3.0897071083284406
v 0.0014858997892588 -0.0181961525231600 -0.0229519512504339
vn 0.2000263233893250 -5.4210442826029173 3.0897070983584345
v -0.0014858997892588 -0.0181961525231600 -0.0229519512504339
vn 0.5967393291496303 -5.4210433772570079 3.0381265346521360
v -0.0044328924268484 -0.0181961525231600 -0.0225687716156244
vn 0.9834905202685967 -5.4210438132852650 2.9358223902545597
v -0.0073058786801994 -0.0181961525231600 -0.0218088086694479
vn 1.3538221374023989 -5.4210442419263325 2.7845053270514990
v -0.0100568942725658 -0.0181961525231600 -0.0206847507506609
vn 1.6866824860158118 -5.4253734467405215 2.5846778438582025
v -0.0126400105655193 -0.0181961525231600 -0.0192153621464968
vn 2.0539279703656095 -5.3608985281977795 2.4888930329548717
v -0.0150121040642262 -0.0181961525231600 -0.0174251757562160
vn 2.4281199021951663 -5.0860449826575058 2.7223318343928948
v -0.0155999502167106 -0.0177311431616545 -0.0159491840749979
vn -0.5028178630903110 -6.0329391388433082 1.5009645956409949
v 0.0077655408531427 -0.0187955554574728 -0.0231809485703707
vn -0.3050886737816204 -6.0329390212770972 1.5532683880827505
v 0.0047117960639298 -0.0187955554574728 -0.0239887256175280
vn -0.1022652469953660 -6.0329394851714300 1.5796391325753245
v 0.0015793878119439 -0.0187955554574728 -0.0243960153311491
vn 0.1022654538135483 -6.0329395442985767 1.5796389764145631
v -0.0015793878119439 -0.0187955554574728 -0.0243960153311491
vn 0.3050883642487836 -6.0329390784219985 1.5532682866174568
v -0.0047117960639298 -0.0187955554574728 -0.0239887256175280
vn 0.5028180404924454 -6.0329391571248205 1.5009644895935876
v -0.0077655408531427 -0.0187955554574728 -0.0231809485703707
vn 1.8164972279174321 -5.6318738134250754 2.0019085527601073
v -0.0151961334049702 -0.0183780398219824 -0.0177150610834360
vn -0.0247111508850178 -6.2827575409463163 0.0423079360326676
v -0.0140068717300892 -0.0189999956637621 -0.0218951441347599
vn -0.3313330362582015 -6.2659353843798522 0.1722061897803176
v -0.0143191255629063 -0.0189911816269159 -0.0214515011757612
vn -0.1339189249934331 -6.2801091429011882 -0.0016001077575805
v -0.0140089085325599 -0.0189999919384718 -0.0218962579965591
vn -0.6245064109092038 -6.2355381879230993 0.0796496877354134
v -0.0143559277057648 -0.0189894344657660 -0.0214713104069233
vn -1.5815715311294769 -6.0608203240231111 0.0650718535832491
v -0.0155428564175963 -0.0187982413917780 -0.0199427753686905
vn -2.8300018029386473 -5.5653006436797217 0.2275841790587796
v -0.0166602078825235 -0.0183780398219824 -0.0183880999684334
vn -2.0984904361779639 -5.8943142952337357 0.1533769125262373
v -0.0162964072078466 -0.0185431521385908 -0.0189083293080330
vn -1.9301631069489007 -5.9034307072162155 0.5794264127569938
v -0.0163847040385008 -0.0184837002307177 -0.0182374250143766
vn -3.6385167187495955 -5.0755367406791443 0.1405000341777248
v -0.0176900252699852 -0.0177311431616545 -0.0168285053223372
vn -3.1888436035518377 -5.1960234217707688 1.0044107285174109
v -0.0178793985396624 -0.0174943488091230 -0.0155697399750352
vn -4.1329155843415020 -4.6989666985105378 0.2366781614414561
v -0.0182418245822191 -0.0172434579581022 -0.0159301403909922
vn -2.6418485079745864 -5.5792553887878018 0.6458053775022181
v -0.0173222497105598 -0.0179446320980787 -0.0166037250310183
vn -4.3938414425108814 -4.4014000155143389 0.3845332717465547
v -0.0182881951332092 -0.0171965938061476 -0.0158523265272379
vn -4.9183611740264812 -3.7648676875220852 0.3982422539404010
v -0.0189629700034857 -0.0163717847317457 -0.0146733857691288
vn -3.7591222348278279 -4.6770089136166231 1.1754448223393310
v -0.0185316968709230 -0.0167838316410780 -0.0142926946282387
vn -5.3555676265147927 -3.1516365669172428 0.4005655627949620
v -0.0194025710225105 -0.0156100252643228 -0.0138514582067728
vn -4.4888114694407015 -3.6160467222609691 1.9030403647067882
v -0.0192208923399448 -0.0156280156224966 -0.0128594106063247
vn -5.5838202604355747 -2.7431334683042254 0.4973801630636904
v -0.0195417217910290 -0.0152998501434922 -0.0135809239000082
vn -4.1707502002943242 -4.1947238338996895 1.4691685702213721
v -0.0189859531819820 -0.0160967390984297 -0.0133583182469010
vn -5.6965276318716329 -2.3979309766455708 0.6311113990294457
v -0.0196124445647001 -0.0151214310899377 -0.0134413409978151
vn -5.8546613265423435 -1.9524000673358195 0.6543740686592626
v -0.0198116824030876 -0.0144914211705327 -0.0130400750786066
vn -4.7688671342264035 -3.0314467643163141 2.1230384707897123
v -0.0194672103971243 -0.0149679677560925 -0.0123223960399628
vn -5.9847723541101425 -1.4552462317569750 0.7538796302601306
v -0.0198789425194263 -0.0141991758719087 -0.0129017969593406
vn -4.9490937813179112 -2.4070766437031836 2.4517430416456261
v -0.0195596907287836 -0.0146310338750482 -0.0121159404516220
vn -6.0759933571302671 -0.9960215557931289 0.7821189793842783
v -0.0199580639600754 -0.0137081490829587 -0.0127372136339545
vn -5.0937274881521448 -1.7162948456870462 2.6862270652562721
v -0.0196791738271713 -0.0140084447339177 -0.0118438815698028
vn -6.1312881838116793 -0.5192931959234638 0.8180713732752428
v -0.0199835356324911 -0.0134441899135709 -0.0126837734133005
vn -5.1827639090611992 -0.9374288673307524 2.8803855000579399
v -0.0197211820632219 -0.0136441411450505 -0.0117464847862720
vn -1.1010066877173925 -6.1553548099704054 0.2595359645259759
v -0.0153813306242228 -0.0188323017209768 -0.0198577251285315
vn -0.2006882181521616 -6.2712831156952955 0.2197442814114184
v -0.0142822870984674 -0.0189920570701361 -0.0214316993951797
vn -0.6066620384612276 -6.2081550331254141 0.5336728795466090
v -0.0152167631313205 -0.0188494045287371 -0.0197734087705612
vn -1.0243458278588193 -6.0809357223788210 0.9416565846918019
v -0.0160924270749092 -0.0185372624546289 -0.0180908832699060
vn -1.3940603167055754 -5.9043365923492672 1.3272807952115464
v -0.0169046018272638 -0.0180545579642057 -0.0163919460028410
vn -1.6795787298583149 -5.6906361148324294 1.7345854318729585
v -0.0173849686980247 -0.0176497455686331 -0.0153108630329370
vn -1.9900910528526528 -5.3606603097053451 2.2016010788170570
v -0.0179473254829645 -0.0170036125928164 -0.0139596564695239
vn -2.2680149525210851 -4.9540649479601360 2.7271719077465342
v -0.0183431357145309 -0.0163617487996817 -0.0129457637667656
vn -2.4959952534230045 -4.4484756447775275 3.2684655754485714
v -0.0185525044798851 -0.0159074570983648 -0.0123863853514194
vn -2.7110734038440754 -3.8268701014066959 3.7920807592510410
v -0.0187799669802189 -0.0152349742129445 -0.0117591656744480
vn -2.8800681530220316 -3.1000915371147792 4.2715812507468058
v -0.0188688933849335 -0.0148745412006974 -0.0115080792456865
vn -3.0201332932096854 -2.2286450983212891 4.6665429729795340
v -0.0189880114048719 -0.0141792083159089 -0.0111662894487381
vn -3.1113106191165771 -1.2309521164277912 4.9514025236178121
v -0.0190312806516886 -0.0137581946328282 -0.0110405478626490
vn -0.0741474842889210 -6.2722386396085161 0.2764235060003162
v -0.0142454290762544 -0.0189920570701361 -0.0214119143784046
vn -0.0716255369473378 -6.2126970391249152 0.7857506815308699
v -0.0150505732744932 -0.0188494045287371 -0.0196905508637428
vn -0.0733614501790131 -6.0908794444756378 1.3678338456505348
v -0.0157913956791162 -0.0185372624546289 -0.0179524999111891
vn -0.0142491602206432 -5.9170606057812192 1.9102654102090391
v -0.0164612401276827 -0.0180545579642057 -0.0162054169923067
vn -0.0130795098168379 -5.7107433885309060 2.3949005635216474
v -0.0168463867157698 -0.0176497455686331 -0.0150974197313190
vn 0.0346776394043826 -5.3819554075723701 2.9605489075054865
v -0.0172830056399107 -0.0170036125928164 -0.0137159619480371
vn 0.0357019269211624 -4.9680781974919155 3.5532579349372586
v -0.0175791624933481 -0.0163617487996817 -0.0126812094822526
vn -0.0342267956234977 -4.4660869044662954 4.1150902618483345
v -0.0177323650568724 -0.0159074570983648 -0.0121107902377844
vn -0.0888774618500353 -3.8278824653499113 4.6751236195418899
v -0.0178978517651558 -0.0152349742129445 -0.0114715937525034
vn -0.1838351120438783 -3.1082087230855531 5.1536871539059064
v -0.0179630126804113 -0.0148745412006974 -0.0112158926203847
vn -0.2558325831141841 -2.2247485762524275 5.5613391345510577
v -0.0180514939129353 -0.0141792083159089 -0.0108680734410882
vn -0.3182754192209852 -1.2297875744972504 5.8425265560396769
v -0.0180841181427240 -0.0137581946328282 -0.0107402075082064
vn 0.0476226712083170 -6.2689284760909691 0.3416451604653319
v -0.0142085682600737 -0.0189911816269159 -0.0213921554386616
vn 0.4658256979608364 -6.1598292980910312 1.0280853164484978
v -0.0148841934278607 -0.0188323017209768 -0.0196098685264587
vn 0.8825618217044385 -5.9285870500047633 1.7538424467955940
v -0.0154898734763265 -0.0184837002307177 -0.0178260691463947
vn 1.3736164184572754 -5.5852898595159362 2.3765072760132702
v -0.0160178057849407 -0.0179446320980787 -0.0160549283027649
vn 1.6603330563109950 -5.2477284887694911 2.8589134562905207
v -0.0163088478147984 -0.0174943488091230 -0.0149473175406456
vn 2.0685598003734817 -4.7336135266491803 3.3549510501754276
v -0.0166218969970942 -0.0167838316410780 -0.0135921137407422
vn 2.3486280343418451 -4.1825176880754071 3.8157992127156612
v -0.0168188735842705 -0.0160967390984297 -0.0126078873872757
vn 2.4516916386832515 -3.6621994904233777 4.2173467913552960
v -0.0169139578938484 -0.0156280156224966 -0.0120842028409243
vn 2.5698275509882063 -3.0270549048724815 4.5932209180302284
v -0.0170107018202543 -0.0149679677560925 -0.0115215694531798
vn 2.5749519142491120 -2.4283566124718101 4.9074271005328125
v -0.0170472320169210 -0.0146310338750482 -0.0113055594265461
vn 2.5907293359573660 -1.7011692250280939 5.1710289144242640
v -0.0170957893133163 -0.0140084447339177 -0.0110212536528707
vn 2.5739844782894035 -0.9334229366639453 5.3526574498100157
v -0.0171134844422340 -0.0136441411450505 -0.0109195988625288
vn 1.4328172171277846 6.0826020945047468 0.0541053032420901
v 0.0155529147014022 0.0187955554574728 -0.0000000000000002
vn 2.4045852620557571 5.7842047150565570 0.1034267000456711
v 0.0162960998713970 0.0185432769358158 -0.0000000000000002
vn 3.3070205992364698 5.2948250399230439 0.1240360877187950
v 0.0170000009238720 0.0181961525231600 -0.0000000000000002
vn 4.4016489758229227 4.3825340108322841 0.1648079870131461
v 0.0182426404207945 0.0172426402568817 -0.0000000000000002
vn 5.2981749794027451 3.2856548811675355 0.1980121112436391
v 0.0191961526870728 0.0160000007599592 -0.0000000000000002
vn 5.7778938759252982 2.3895769221169298 0.2251776589164585
v 0.0195432770997286 0.0152961006388068 -0.0000000000000002
vn 6.0685245308589968 1.4116297767642816 0.2265318052972886
v 0.0197955556213856 0.0145529145374894 -0.0000000000000002
vn 3.1113627422664560 5.3502637713735535 0.4931468704016874
v 0.0168101247400045 0.0181961525231600 0.0025337184779346
vn 4.3492971834314096 4.3601938871389185 0.6555504928213670
v 0.0180388856679201 0.0172426402568817 0.0027189245447516
vn 5.9080147202197431 1.6051130545044860 0.8830461251153645
v 0.0195744540542364 0.0145529145374894 0.0029503742698580
vn 5.6977162707231823 1.6267059012856477 1.7687304051348514
v 0.0189160946756601 0.0145529145374894 0.0058348421007395
vn 5.3656750331457896 1.6163969908083788 2.6082603853218314
v 0.0178351793438196 0.0145529145374894 0.0085889697074890
vn 4.9416579568866474 1.6163948160155628 3.3426816879883017
v 0.0163558553904295 0.0145529145374894 0.0111512327566743
vn 4.3643869073371544 1.6022071466811951 4.0698529076597172
v 0.0145111689344049 0.0145529145374894 0.0134643968194723
vn 3.7069662202696403 1.6137739439775578 4.6744860106903765
v 0.0123423263430595 0.0145529145374894 0.0154767883941531
vn 2.9841211101406291 1.5889971098855504 5.1686479833838446
v 0.0098977778106928 0.0145529145374894 0.0171434544026852
vn 2.2068951036938542 1.6203200187907223 5.5427680822129375
v 0.0072321281768382 0.0145529145374894 0.0184271633625031
vn 1.3170921615566713 1.6267062392990805 5.8187331853476376
v 0.0044049252755940 0.0145529145374894 0.0192992389202118
vn 0.4240185609205157 1.6163944147706779 5.9509417846176724
v 0.0014793237205595 0.0145529145374894 0.0197402033954859
vn -0.4240189065492418 1.6163946972796728 5.9509416145125673
v -0.0014793237205595 0.0145529145374894 0.0197402033954859
vn -1.3424017696250867 1.6022072853514560 5.8145975888763921
v -0.0044049252755940 0.0145529145374894 0.0192992389202118
vn -2.1947409210944615 1.6137726385131672 5.5475698113356504
v -0.0072321281768382 0.0145529145374894 0.0184271633625031
vn -2.9841206910113658 1.5889973909492805 5.1686482282007864
v -0.0098977778106928 0.0145529145374894 0.0171434544026852
vn -3.6967306476244985 1.6203213044210023 4.6826112739184875
v -0.0123423263430595 0.0145529145374894 0.0154767883941531
vn -4.3806241974940408 1.6267065646469336 4.0500007991987497
v -0.0145111689344049 0.0145529145374894 0.0134643968194723
vn -4.9416574500907551 1.6163948397673400 3.3426825299582119
v -0.0163558553904295 0.0145529145374894 0.0111512327566743
vn -5.3656755105799085 1.6163970330092272 2.6082595003388263
v -0.0178351793438196 0.0145529145374894 0.0085889697074890
vn -5.7067896564600185 1.6022069437907673 1.7447425552314559
v -0.0189160946756601 0.0145529145374894 0.0058348421007395
vn -5.9060956469165378 1.5985659564819159 0.8959731366594685
v -0.0195744540542364 0.0145529145374894 0.0029503742698580
vn 5.2954857165448024 3.0915115431236524 0.8223308248532628
v 0.0189817473292351 0.0160000007599592 0.0028610380832106
vn 5.1258473304326113 3.0750031604545907 1.5811144953373224
v 0.0183433219790459 0.0160000007599592 0.0056581650860608
vn 4.8329429565059350 3.0750041633100280 2.3274233274123040
v 0.0172951351851225 0.0160000007599592 0.0083288988098502
vn 4.4320785044967366 3.0750028981847652 3.0217398200238827
v 0.0158606059849262 0.0160000007599592 0.0108135780319571
vn 3.9322088259679364 3.0750036884900203 3.6485571798150080
v 0.0140717756003141 0.0160000007599592 0.0130566991865635
vn 3.3445006439157798 3.0750036964211218 4.1938704770376285
v 0.0119686052203178 0.0160000007599592 0.0150081561878324
vn 2.6820817184526140 3.0750038767378740 4.6455004310817047
v 0.0095980763435364 0.0160000007599592 0.0166243556886911
vn 1.9597488037587092 3.0750026987353736 4.9933579809654471
v 0.0070131421089172 0.0160000007599592 0.0178691949695349
vn 1.1936389842350879 3.0750014011928810 5.2296719987584188
v 0.0042715459130704 0.0160000007599592 0.0187148656696081
vn 0.4008637641903463 3.0750044457903694 5.3491619727552102
v 0.0014345302479342 0.0160000007599592 0.0191424768418074
vn -0.4008645128113933 3.0750043841500068 5.3491617966630756
v -0.0014345302479342 0.0160000007599592 0.0191424768418074
vn -1.1936377915869054 3.0750017193601673 5.2296720077444965
v -0.0042715459130704 0.0160000007599592 0.0187148656696081
vn -1.9597489433574968 3.0750033642810024 4.9933576339809527
v -0.0070131421089172 0.0160000007599592 0.0178691949695349
vn -2.6820818869449692 3.0750038557029415 4.6455003770774299
v -0.0095980763435364 0.0160000007599592 0.0166243556886911
vn -3.3445006971017541 3.0750035366933686 4.1938705392659763
v -0.0119686052203178 0.0160000007599592 0.0150081561878324
vn -3.9322089842194150 3.0750033479772259 3.6485572700450541
v -0.0140717756003141 0.0160000007599592 0.0130566991865635
vn -4.4320782977299009 3.0750030506951953 3.0217400184057026
v -0.0158606059849262 0.0160000007599592 0.0108135780319571
vn -4.8329430260650428 3.0750043963858684 2.3274228579054812
v -0.0172951351851225 0.0160000007599592 0.0083288988098502
vn -5.1258475860670032 3.0750025550554301 1.5811144131722643
v -0.0183433219790459 0.0160000007599592 0.0056581650860608
vn 4.2030129157792118 4.3601947673927262 1.2964583368548632
v 0.0174321718513966 0.0172426402568817 0.0053771128877997
vn 3.9628422522223659 4.3601944341206744 1.9084042525994342
v 0.0164360515773296 0.0172426402568817 0.0079151848331094
vn 3.6341470767772948 4.3601954766742441 2.4777198428878564
v 0.0150727769359946 0.0172426402568817 0.0102764451876283
vn 3.2242728355441730 4.3601939421658731 2.9916876811554833
v 0.0133728021755815 0.0172426402568817 0.0124081466346979
vn 2.7423723350067077 4.3601944558849102 3.4388258565976186
v 0.0113741001114249 0.0172426402568817 0.0142626706510782
vn 2.1992123553191218 4.3601938353111436 3.8091460827157193
v 0.0091213202103972 0.0172426402568817 0.0157985910773277
vn 1.6069246344104384 4.3601943748385885 4.0943765819247275
v 0.0066647850908339 0.0172426402568817 0.0169815961271524
vn 0.9787399479902594 4.3601955080319268 4.2881442347849852
v 0.0040593696758151 0.0172426402568817 0.0177852604538202
vn 0.3286937978512486 4.3601963241344031 4.3861232036865605
v 0.0013632742920890 0.0172426402568817 0.0181916300207376
vn -0.3286938385921581 4.3601958028018535 4.3861237246950946
v -0.0013632742920890 0.0172426402568817 0.0181916300207376
vn -0.9787403858551698 4.3601951344001204 4.2881444255394197
v -0.0040593696758151 0.0172426402568817 0.0177852604538202
vn -1.6069243063578829 4.3601944064949443 4.0943765559284255
v -0.0066647850908339 0.0172426402568817 0.0169815961271524
vn -2.1992121263464508 4.3601939340925178 3.8091461088894900
v -0.0091213202103972 0.0172426402568817 0.0157985910773277
vn -2.7423724674974901 4.3601945991109305 3.4388255516464725
v -0.0113741001114249 0.0172426402568817 0.0142626706510782
vn -3.2242723812881602 4.3601940580180614 2.9916880915697672
v -0.0133728021755815 0.0172426402568817 0.0124081466346979
vn -3.6341476099364973 4.3601953798030495 2.4777192785200906
v -0.0150727769359946 0.0172426402568817 0.0102764451876283
vn -3.9628421716088642 4.3601942263270281 1.9084048577082746
v -0.0164360515773296 0.0172426402568817 0.0079151848331094
vn -4.2030129217084387 4.3601949227904182 1.2964577073559629
v -0.0174321718513966 0.0172426402568817 0.0053771128877997
vn -6.0685245539379871 1.4116292357805822 0.2265324477115767
v -0.0197955556213856 0.0145529145374894 0.0000000000000001
vn -5.7778938759252947 2.3895769221169294 0.2251776589164807
v -0.0195432770997286 0.0152961006388068 0.0000000000000001
vn -5.2954857742058685 3.0915112168806944 0.8223314218278923
v -0.0189817473292351 0.0160000007599592 0.0028610380832106
vn -5.2981750914484511 3.2856547533302707 0.1980119250593704
v -0.0191961526870728 0.0160000007599592 0.0000000000000001
vn -4.3492967486315495 4.3601941955885923 0.6555508546245382
v -0.0180388856679201 0.0172426402568817 0.0027189245447516
vn -4.4016487620192848 4.3825342404135741 0.1648079169730304
v -0.0182426404207945 0.0172426402568817 0.0000000000000001
vn -3.1113632515427092 5.3502634281723855 0.4931468775269318
v -0.0168101247400045 0.0181961525231600 0.0025337184779346
vn 2.9923991195850013 5.3574712826555766 0.9230334022795088
v 0.0162447374314070 0.0181961525231600 0.0050108381547034
vn 2.8214060812483481 5.3574708407453988 1.3587177540132807
v 0.0153164705261588 0.0181961525231600 0.0073760235682130
vn 2.5873871648325881 5.3574707814258815 1.7640504242807886
v 0.0140460589900613 0.0181961525231600 0.0095764407888055
vn 2.2955702312283943 5.3574703715139060 2.1299777064307865
v 0.0124618820846081 0.0181961525231600 0.0115629369392991
vn 1.9524739087539922 5.3574706022420262 2.4483246890397852
v 0.0105993263423443 0.0181961525231600 0.0132911354303360
vn 1.5657625696926780 5.3574708774901598 2.7119795446998136
v 0.0085000004619360 0.0181961525231600 0.0147224320098758
vn 1.1440738358127143 5.3574709832773699 2.9150536473335098
v 0.0062107974663377 0.0181961525231600 0.0158248543739319
vn 0.6968286512663372 5.3574719168343767 3.0530098364850216
v 0.0037828558124602 0.0181961525231600 0.0165737736970186
vn 0.2340194211048086 5.3574704012793504 3.1227685417270590
v 0.0012704115360975 0.0181961525231600 0.0169524643570185
vn -0.2340189574112927 5.3574707164204600 3.1227681597569203
v -0.0012704115360975 0.0181961525231600 0.0169524643570185
vn -0.6968293457816676 5.3574719637970531 3.0530096403528866
v -0.0037828558124602 0.0181961525231600 0.0165737736970186
vn -1.1440736914102612 5.3574707725391173 2.9150539952271250
v -0.0062107974663377 0.0181961525231600 0.0158248543739319
vn -1.5657626568329319 5.3574708670391402 2.7119794547404421
v -0.0085000004619360 0.0181961525231600 0.0147224320098758
vn -1.9524738800769565 5.3574704850724926 2.4483249248851520
v -0.0105993263423443 0.0181961525231600 0.0132911354303360
vn -2.2955701879800690 5.3574703883285180 2.1299777634728851
v -0.0124618820846081 0.0181961525231600 0.0115629369392991
vn -2.5873870701873436 5.3574709013937749 1.7640502432333649
v -0.0140460589900613 0.0181961525231600 0.0095764407888055
vn -2.8214058897192782 5.3574709553375008 1.3587177393536713
v -0.0153164705261588 0.0181961525231600 0.0073760235682130
vn -2.9923994662959164 5.3574710985774825 0.9230333151788885
v -0.0162447374314070 0.0181961525231600 0.0050108381547034
vn 1.6037578613964021 6.0048715239516461 0.2714373139266179
v 0.0153792006894946 0.0187955554574728 0.0023180416319519
vn 1.5721896661988917 5.9964068233264820 0.4849560716150605
v 0.0148619422689080 0.0187955554574728 0.0045843017287552
vn 1.4823501816370417 5.9964069632340147 0.7138624340371635
v 0.0140126915648580 0.0187955554574728 0.0067481566220522
vn 1.3593978310233246 5.9964071486406310 0.9268216417496162
v 0.0128504205495119 0.0187955554574728 0.0087612681090832
vn 1.2060788699840501 5.9964070805910570 1.1190775649198983
v 0.0114010926336050 0.0187955554574728 0.0105786686763167
vn 1.0258182646909539 5.9964069947018466 1.2863352362307896
v 0.0096970833837986 0.0187955554574728 0.0121597582474351
vn 0.8226423710229501 5.9964070005348056 1.4248582093480819
v 0.0077764573507011 0.0187955554574728 0.0134692192077637
vn 0.6010894714690886 5.9964071259033744 1.5315521374727983
v 0.0056821177713573 0.0187955554574728 0.0144777996465564
vn 0.3661102797318627 5.9964069109472540 1.6040341623835026
v 0.0034608489368111 0.0187955554574728 0.0151629699394107
vn 0.1229522499838132 5.9964070815522410 1.6406839937996995
v 0.0011622707825154 0.0187955554574728 0.0155094247311354
vn -0.1229523647711958 5.9964070361556701 1.6406840998076548
v -0.0011622707825154 0.0187955554574728 0.0155094247311354
vn -0.3661099951978503 5.9964069225633798 1.6040342254345274
v -0.0034608489368111 0.0187955554574728 0.0151629699394107
vn -0.6010897317176406 5.9964071480865702 1.5315519871735983
v -0.0056821177713573 0.0187955554574728 0.0144777996465564
vn -0.8226423202630320 5.9964069589243909 1.4248583526066647
v -0.0077764573507011 0.0187955554574728 0.0134692192077637
vn -1.0258181713493233 5.9964070200050061 1.2863352481492496
v -0.0096970833837986 0.0187955554574728 0.0121597582474351
vn -1.2060788983564454 5.9964071084729209 1.1190774023958947
v -0.0114010926336050 0.0187955554574728 0.0105786686763167
vn -1.3593978955419512 5.9964071117903712 0.9268217054755783
v -0.0128504205495119 0.0187955554574728 0.0087612681090832
vn -1.4823502891174196 5.9964069204980843 0.7138624678423866
v -0.0140126915648580 0.0187955554574728 0.0067481566220522
vn -1.5737904611750222 5.9961584224539761 0.4863393538339200
v -0.0148619422689080 0.0187955554574728 0.0045843017287552
vn -1.6037577063615431 6.0048716153952686 0.2714370207166709
v -0.0153792006894946 0.0187955554574728 0.0023180416319519
vn -1.4328172219439299 6.0826020939185570 0.0541052983908328
v -0.0155529147014022 0.0187955554574728 0.0000000000000000
vn -2.4045852620557557 5.7842047150565570 0.1034267000456820
v -0.0162960998713970 0.0185432769358158 0.0000000000000000
vn -3.3070207135583547 5.2948249415173620 0.1240362735043657
v -0.0170000009238720 0.0181961525231600 0.0000000000000000
vn -1.7138292508302382 4.6212050872481925 -1.5642706552621384
v -0.0169585887342691 -0.0185000002384186 -0.0011858600191772
vn -1.6899652133722718 1.8365135546161921 -1.8370372083421356
v -0.0139233069494367 -0.0185000002384186 -0.0014633984537795
vn -2.2163510231449761 1.8365125082371487 1.1482470496343371
v -0.0135841397568583 -0.0185000002384186 -0.0033869065809995
vn -2.1454841914643961 4.6212057974729905 0.8837689052197117
v -0.0163414496928453 -0.0185000002384186 -0.0046858349815011
vn 1.7138292508302382 4.6212050872481925 1.5642706552621384
v 0.0169585887342691 -0.0185000002384186 0.0011858600191772
vn 1.6899652133722718 1.8365135546161921 1.8370372083421356
v 0.0139233069494367 -0.0185000002384186 0.0014633984537795
vn 2.2163510231449761 1.8365125082371487 -1.1482470496343371
v 0.0135841397568583 -0.0185000002384186 0.0033869065809995
vn 2.1454841914643961 4.6212057974729905 -0.8837689052197117
v 0.0163414496928453 -0.0185000002384186 0.0046858349815011
vn 0.3073755617969464 4.6212051976854180 2.2999289348159850
v 0.0122287767007947 -0.0185000002384186 0.0118091925978661
vn 0.1137643952318438 1.8365128651041152 2.4935401553674335
v 0.0097252167761326 -0.0185000002384186 0.0100707570090890
vn 2.4359033021750269 1.8365134123429530 0.5450344505117347
v 0.0082289939746261 -0.0185000002384186 0.0113262375816703
vn 2.2116129530945567 4.6212049166919851 0.7020843024769303
v 0.0095062796026468 -0.0185000002384186 0.0140936383977532
vn 2.4359033021750260 1.8365134123429530 -0.5450344505117346
v 0.0082289939746261 -0.0185000002384186 -0.0113262375816703
vn 0.1137643952318440 1.8365128651041152 -2.4935401553674330
v 0.0097252167761326 -0.0185000002384186 -0.0100707570090890
vn 0.3073755617969466 4.6212051976854180 -2.2999289348159850
v 0.0122287767007947 -0.0185000002384186 -0.0118091925978661
vn 2.2116129530945563 4.6212049166919851 -0.7020843024769301
v 0.0095062796026468 -0.0185000002384186 -0.0140936383977532
vn 2.2163510252012681 1.8365125117045900 1.1482470486656480
v 0.0135841397568583 -0.0185000002384186 -0.0033869065809995
vn 1.6899652133722711 1.8365135546161921 -1.8370372083421354
v 0.0139233069494367 -0.0185000002384186 -0.0014633984537795
vn 1.7138292508302380 4.6212050872481925 -1.5642706552621384
v 0.0169585887342691 -0.0185000002384186 -0.0011858600191772
vn 2.1454841894560501 4.6212058004369077 0.8837689061658138
v 0.0163414496928453 -0.0185000002384186 -0.0046858349815011
vn 3.0988853233820435 3.0170066382068157 -0.4689762398417553
v 0.0187408644706011 -0.0185000002384186 -0.0031272971536964
vn 2.9612238836323517 2.9762453059430456 -1.0165888770449287
v 0.0179705284535885 -0.0185000002384186 -0.0061692898161709
vn 2.7535112068669720 2.9762454598715236 -1.4901261666756551
v 0.0167100019752979 -0.0185000002384186 -0.0090430006384850
vn 2.4754123518210105 1.8365125432320144 0.3209626144487056
v 0.0116065256297588 -0.0185000002384186 -0.0078287003561854
vn 0.9597439583577430 1.8365134119574573 -2.3042523695012349
v 0.0125831170007586 -0.0185000002384186 -0.0061371959745884
vn 1.0754601926550182 4.6212047193432877 -2.0560983843010749
v 0.0155302723869681 -0.0185000002384186 -0.0069145229645073
vn 2.3183629810288324 4.6212052527840557 0.0966729466685401
v 0.0137532893568277 -0.0185000002384186 -0.0099923489615321
vn 2.4706901048035639 2.9762457562595435 -1.9230160180607088
v 0.0149936694651842 -0.0185000002384186 -0.0116700418293476
vn 2.1204752872150925 2.9762457677432024 -2.3034506214221047
v 0.0128683494403958 -0.0185000002384186 -0.0139787541702390
vn 2.1025866824669737 1.8365127792105489 -1.3452931568148572
v 0.0038589229807258 -0.0185000002384186 -0.0134576633572578
vn -0.7459381847443873 1.8365136231792070 -2.3820715098948235
v 0.0056943129748106 -0.0185000002384186 -0.0127896368503571
vn -0.4977832508839445 4.6212051308902335 -2.2663550040946481
v 0.0074523095972836 -0.0185000002384186 -0.0152794988825917
vn 1.8381097724551319 4.6212046883574462 -1.4161595279451222
v 0.0041126720607281 -0.0185000002384186 -0.0164950266480446
vn 1.7124195759040997 2.9762458166933916 -2.6210531175158551
v 0.0103920148685575 -0.0185000002384186 -0.0159061625599861
vn 1.2576531401837237 2.9762454693349962 -2.8671603627328111
v 0.0076322131790221 -0.0185000002384186 -0.0173996929079294
vn 0.7685811747230444 2.9762457816393129 -3.0350590106566546
v 0.0046642241068184 -0.0185000002384186 -0.0184186045080423
vn -1.2429020049078505 4.6212055438689088 -1.9594248508528815
v 0.0017769838450477 -0.0185000002384186 -0.0169068723917007
vn -0.1137643952318440 1.8365128651041152 2.4935401553674330
v -0.0097252167761326 -0.0185000002384186 0.0100707570090890
vn -0.3073755617969466 4.6212051976854180 2.2999289348159850
v -0.0122287767007947 -0.0185000002384186 0.0118091925978661
vn -2.4359033021750260 1.8365134123429530 0.5450344505117346
v -0.0082289939746261 -0.0185000002384186 0.0113262375816703
vn 1.0754601926550187 4.6212047193432877 2.0560983843010749
v 0.0155302723869681 -0.0185000002384186 0.0069145229645073
vn 0.9597439583577435 1.8365134119574573 2.3042523695012349
v 0.0125831170007586 -0.0185000002384186 0.0061371959745884
vn 2.4754123518210100 1.8365125432320144 -0.3209626144487059
v 0.0116065256297588 -0.0185000002384186 0.0078287003561854
vn 2.3183629810288320 4.6212052527840566 -0.0966729466685401
v 0.0137532893568277 -0.0185000002384186 0.0099923489615321
vn 1.2459104252256379 4.6169371688320053 -1.9599489232632319
v -0.0017769838450477 -0.0185000002384186 -0.0169068723917007
vn 1.5156684979568920 1.8365130591890217 -1.9832888777257465
v -0.0009765906725079 -0.0185000002384186 -0.0139658963307738
vn -1.5156684979568920 1.8365130591890217 -1.9832888777257469
v 0.0009765906725079 -0.0185000002384186 -0.0139658963307738
vn 0.4977832508839446 4.6212051308902335 -2.2663550040946481
v -0.0074523095972836 -0.0185000002384186 -0.0152794988825917
vn 0.7459381847443873 1.8365136231792070 -2.3820715098948235
v -0.0056943129748106 -0.0185000002384186 -0.0127896368503571
vn -2.1025866824669737 1.8365127792105489 -1.3452931568148572
v -0.0038589229807258 -0.0185000002384186 -0.0134576633572578
vn -1.8411491821747421 4.6165268804303681 -1.4156163486103781
v -0.0041126720607281 -0.0185000002384186 -0.0164950266480446
vn -0.3073755617969464 4.6212051976854180 -2.2999289348159850
v -0.0122287767007947 -0.0185000002384186 -0.0118091925978661
vn -0.1137643952318438 1.8365128651041152 -2.4935401553674335
v -0.0097252167761326 -0.0185000002384186 -0.0100707570090890
vn -2.4359033021750269 1.8365134123429530 -0.5450344505117347
v -0.0082289939746261 -0.0185000002384186 -0.0113262375816703
vn -2.2116129530945567 4.6212049166919851 -0.7020843024769303
v -0.0095062796026468 -0.0185000002384186 -0.0140936383977532
vn -1.0754601926550187 4.6212047193432877 -2.0560983843010749
v -0.0155302723869681 -0.0185000002384186 -0.0069145229645073
vn -0.9597439583577435 1.8365134119574573 -2.3042523695012349
v -0.0125831170007586 -0.0185000002384186 -0.0061371959745884
vn -2.4754123518210100 1.8365125432320144 0.3209626144487059
v -0.0116065256297588 -0.0185000002384186 -0.0078287003561854
vn -2.3183629810288320 4.6212052527840566 0.0966729466685401
v -0.0137532893568277 -0.0185000002384186 -0.0099923489615321
vn -2.2163510231449761 1.8365125082371487 -1.1482470496343371
v -0.0135841397568583 -0.0185000002384186 0.0033869065809995
vn -1.6899652133722711 1.8365135546161921 1.8370372083421354
v -0.0139233069494367 -0.0185000002384186 0.0014633984537795
vn -1.7138292508302380 4.6212050872481925 1.5642706552621384
v -0.0169585887342691 -0.0185000002384186 0.0011858600191772
vn -2.1454841914643965 4.6212057974729905 -0.8837689052197115
v -0.0163414496928453 -0.0185000002384186 0.0046858349815011
vn -0.9597439583577430 1.8365134119574573 2.3042523695012349
v -0.0125831170007586 -0.0185000002384186 0.0061371959745884
vn -1.0754601926550182 4.6212047193432877 2.0560983843010749
v -0.0155302723869681 -0.0185000002384186 0.0069145229645073
vn -2.4754123518210105 1.8365125432320144 -0.3209626144487056
v -0.0116065256297588 -0.0185000002384186 0.0078287003561854
vn -1.2429020049078505 4.6212055438689088 1.9594248508528822
v 0.0017769838450477 -0.0185000002384186 0.0169068723917007
vn -1.5156684979568920 1.8365130591890217 1.9832888777257465
v 0.0009765906725079 -0.0185000002384186 0.0139658963307738
vn 1.5156684979568920 1.8365130591890217 1.9832888777257469
v -0.0009765906725079 -0.0185000002384186 0.0139658963307738
vn 1.2459104252256379 4.6169371688320053 1.9599489232632319
v -0.0017769838450477 -0.0185000002384186 0.0169068723917007
vn -0.4977832508839446 4.6212051308902335 2.2663550040946481
v 0.0074523095972836 -0.0185000002384186 0.0152794988825917
vn -0.7459381847443873 1.8365136231792070 2.3820715098948235
v 0.0056943129748106 -0.0185000002384186 0.0127896368503571
vn 2.1025866824669737 1.8365127792105489 1.3452931568148572
v 0.0038589229807258 -0.0185000002384186 0.0134576633572578
vn 1.8381097724551319 4.6212046883574462 1.4161595279451218
v 0.0041126720607281 -0.0185000002384186 0.0164950266480446
vn -3.0881617872382643 2.9762459268070174 0.5153223399575374
v -0.0187408644706011 -0.0185000002384186 0.0031272971536964
vn -3.1308625475999365 2.9762458698608678 -0.0000000000000005
v -0.0189999993890524 -0.0185000002384186 -0.0000000000000000
vn -3.0881617872382652 2.9762459268070174 -0.5153223399575382
v -0.0187408644706011 -0.0185000002384186 -0.0031272971536964
vn -2.9612238836323517 2.9762453059430456 -1.0165888770449285
v -0.0179705284535885 -0.0185000002384186 -0.0061692898161709
vn -2.7535112068669729 2.9762454598715236 -1.4901261666756553
v -0.0167100019752979 -0.0185000002384186 -0.0090430006384850
vn -2.4706901048035639 2.9762457562595426 -1.9230160180607090
v -0.0149936694651842 -0.0185000002384186 -0.0116700418293476
vn -2.1204752872150916 2.9762457677432019 -2.3034506214221038
v -0.0128683494403958 -0.0185000002384186 -0.0139787541702390
vn -1.7124195759041001 2.9762458166933916 -2.6210531175158556
v -0.0103920148685575 -0.0185000002384186 -0.0159061625599861
vn -1.2576531401837241 2.9762454693349962 -2.8671603627328119
v -0.0076322131790221 -0.0185000002384186 -0.0173996929079294
vn -0.7685811747230444 2.9762457816393129 -3.0350590106566542
v -0.0046642241068184 -0.0185000002384186 -0.0184186045080423
vn -0.2585445913589756 2.9762456630856722 -3.1201690368138122
v -0.0015690075233579 -0.0185000002384186 -0.0189351048320532
vn 0.2585445913589756 2.9762456630856722 -3.1201690368138131
v 0.0015690075233579 -0.0185000002384186 -0.0189351048320532
vn -2.1025866824669737 1.8365127792105489 1.3452931568148572
v -0.0038589229807258 -0.0185000002384186 0.0134576633572578
vn 0.7459381847443873 1.8365136231792070 2.3820715098948235
v -0.0056943129748106 -0.0185000002384186 0.0127896368503571
vn 0.4977832508839445 4.6212051308902335 2.2663550040946481
v -0.0074523095972836 -0.0185000002384186 0.0152794988825917
vn -1.8411491821747423 4.6165268804303681 1.4156163486103781
v -0.0041126720607281 -0.0185000002384186 0.0164950266480446
vn -2.2116129530945563 4.6212049166919851 0.7020843024769301
v -0.0095062796026468 -0.0185000002384186 0.0140936383977532
vn -2.1204752872150925 2.9762457677432028 2.3034506214221047
v -0.0128683494403958 -0.0185000002384186 0.0139787541702390
vn -1.7124195759040997 2.9762458166933916 2.6210531175158551
v -0.0103920148685575 -0.0185000002384186 0.0159061625599861
vn -1.2576531401837237 2.9762454693349962 2.8671603627328111
v -0.0076322131790221 -0.0185000002384186 0.0173996929079294
vn -0.7827627363172820 2.9965059437651607 3.0325493746696099
v -0.0046642241068184 -0.0185000002384186 0.0184186045080423
vn 3.1308625475999379 2.9762458698608683 -0.0000000000000106
v 0.0189999993890524 -0.0185000002384186 -0.0000000000000001
vn 3.0881617872382656 2.9762459268070138 0.5153223399575326
v 0.0187408644706011 -0.0185000002384186 0.0031272971536964
vn 2.9612238836323517 2.9762453059430456 1.0165888770449285
v 0.0179705284535885 -0.0185000002384186 0.0061692898161709
vn 2.7535112068669729 2.9762454598715236 1.4901261666756553
v 0.0167100019752979 -0.0185000002384186 0.0090430006384850
vn 2.4706901048035639 2.9762457562595426 1.9230160180607090
v 0.0149936694651842 -0.0185000002384186 0.0116700418293476
vn 2.1204752872150916 2.9762457677432019 2.3034506214221038
v 0.0128683494403958 -0.0185000002384186 0.0139787541702390
vn 1.7124195759041001 2.9762458166933916 2.6210531175158560
v 0.0103920148685575 -0.0185000002384186 0.0159061625599861
vn 1.2576531401837241 2.9762454693349962 2.8671603627328115
v 0.0076322131790221 -0.0185000002384186 0.0173996929079294
vn 0.7685811747230444 2.9762457816393129 3.0350590106566542
v 0.0046642241068184 -0.0185000002384186 0.0184186045080423
vn 0.2585445913589756 2.9762456630856722 3.1201690368138122
v 0.0015690075233579 -0.0185000002384186 0.0189351048320532
vn -0.2552264491268757 2.9786130324264768 3.1207188203047465
v -0.0015690075233579 -0.0185000002384186 0.0189351048320532
vn -2.3183629810288324 4.6212052527840566 -0.0966729466685401
v -0.0137532893568277 -0.0185000002384186 0.0099923489615321
vn -2.7535112068669720 2.9762454598715236 1.4901261666756551
v -0.0167100019752979 -0.0185000002384186 0.0090430006384850
vn -2.9612238836323530 2.9762453059430456 1.0165888770449290
v -0.0179705284535885 -0.0185000002384186 0.0061692898161709
vn -2.4706901048035639 2.9762457562595435 1.9230160180607088
v -0.0149936694651842 -0.0185000002384186 0.0116700418293476
vn -0.9597439583577428 4.4466718952221296 -2.3042523695012349
v -0.0125831170007586 -0.0090000005438924 -0.0061371959745884
vn -2.4754123518210100 4.4466727639475732 0.3209626144487054
v -0.0116065256297588 -0.0090000005438924 -0.0078287003561854
vn -0.1137643952318442 4.4466724420754709 -2.4935401553674330
v -0.0097252167761326 -0.0090000005438924 -0.0100707570090890
vn -2.4359033021750260 4.4466718948366335 -0.5450344505117348
v -0.0082289939746261 -0.0090000005438924 -0.0113262375816703
vn 0.7459381847443869 4.4466716840003784 -2.3820715098948231
v -0.0056943129748106 -0.0090000005438924 -0.0127896368503571
vn -2.1025866824669732 4.4466725279690396 -1.3452931568148572
v -0.0038589229807258 -0.0090000005438924 -0.0134576633572578
vn 1.5156684979568917 4.4466722479905645 -1.9832888777257469
v -0.0009765906725079 -0.0090000005438924 -0.0139658963307738
vn -1.5156684979568917 4.4466722479905645 -1.9832888777257465
v 0.0009765906725079 -0.0090000005438924 -0.0139658963307738
vn 2.1025866824669732 4.4466725279690378 -1.3452931568148572
v 0.0038589229807258 -0.0090000005438924 -0.0134576633572578
vn -0.7459381847443869 4.4466716840003793 -2.3820715098948231
v 0.0056943129748106 -0.0090000005438924 -0.0127896368503571
vn 2.4359033021750265 4.4466718948366335 -0.5450344505117348
v 0.0082289939746261 -0.0090000005438924 -0.0113262375816703
vn 0.1137643952318440 4.4466724420754744 -2.4935401553674330
v 0.0097252167761326 -0.0090000005438924 -0.0100707570090890
vn 2.4754123518210096 4.4466727639475723 0.3209626144487058
v 0.0116065256297588 -0.0090000005438924 -0.0078287003561854
vn 0.9597439583577435 4.4466718952221296 -2.3042523695012349
v 0.0125831170007586 -0.0090000005438924 -0.0061371959745884
vn 2.2163510927186407 4.4466727499818450 1.1482470168591983
v 0.0135841397568583 -0.0090000005438924 -0.0033869065809995
vn 1.6899652133722718 4.4466717525633950 -1.8370372083421356
v 0.0139233069494367 -0.0090000005438924 -0.0014633984537795
vn 1.6899652133722713 4.4466717525633932 1.8370372083421356
v 0.0139233069494367 -0.0090000005438924 0.0014633984537795
vn 2.2163510231449766 4.4466727989424388 -1.1482470496343371
v 0.0135841397568583 -0.0090000005438924 0.0033869065809995
vn 0.9597439583577428 4.4466718952221287 2.3042523695012349
v 0.0125831170007586 -0.0090000005438924 0.0061371959745884
vn 2.4754123518210100 4.4466727639475723 -0.3209626144487054
v 0.0116065256297588 -0.0090000005438924 0.0078287003561854
vn 0.1137643952318442 4.4466724420754744 2.4935401553674330
v 0.0097252167761326 -0.0090000005438924 0.0100707570090890
vn 2.4359033021750260 4.4466718948366335 0.5450344505117348
v 0.0082289939746261 -0.0090000005438924 0.0113262375816703
vn -0.7459381847443869 4.4466716840003793 2.3820715098948231
v 0.0056943129748106 -0.0090000005438924 0.0127896368503571
vn 2.1025866824669732 4.4466725279690378 1.3452931568148572
v 0.0038589229807258 -0.0090000005438924 0.0134576633572578
vn -1.5156684979568917 4.4466722479905645 1.9832888777257469
v 0.0009765906725079 -0.0090000005438924 0.0139658963307738
vn 1.5156684979568917 4.4466722479905645 1.9832888777257465
v -0.0009765906725079 -0.0090000005438924 0.0139658963307738
vn -2.1025866824669732 4.4466725279690387 1.3452931568148572
v -0.0038589229807258 -0.0090000005438924 0.0134576633572578
vn 0.7459381847443869 4.4466716840003766 2.3820715098948231
v -0.0056943129748106 -0.0090000005438924 0.0127896368503571
vn -2.4359033021750265 4.4466718948366326 0.5450344505117348
v -0.0082289939746261 -0.0090000005438924 0.0113262375816703
vn -0.1137643952318440 4.4466724420754709 2.4935401553674330
v -0.0097252167761326 -0.0090000005438924 0.0100707570090890
vn -2.4754123518210096 4.4466727639475705 -0.3209626144487058
v -0.0116065256297588 -0.0090000005438924 0.0078287003561854
vn -0.9597439583577435 4.4466718952221296 2.3042523695012349
v -0.0125831170007586 -0.0090000005438924 0.0061371959745884
vn -2.2163510231449757 4.4466727989424371 -1.1482470496343371
v -0.0135841397568583 -0.0090000005438924 0.0033869065809995
vn -1.6899652133722718 4.4466717525633941 1.8370372083421356
v -0.0139233069494367 -0.0090000005438924 0.0014633984537795
vn -1.6899652133722713 4.4466717525633950 -1.8370372083421356
v -0.0139233069494367 -0.0090000005438924 -0.0014633984537795
vn -2.2163510231449766 4.4466727989424371 1.1482470496343371
v -0.0135841397568583 -0.0090000005438924 -0.0033869065809995
vn 2.9311007667494695 -2.3857038671346027 -0.8384852731431195
v 0.0184370204806328 -0.0189999993890524 -0.0045908936299384
vn 2.9596183356920234 -2.9765733750968839 -1.0225957352466437
v 0.0179705284535885 -0.0189999993890524 -0.0061692898161709
vn 3.1034346550045129 -3.0195726958848019 -0.4490061101839254
v 0.0187408644706011 -0.0189999993890524 -0.0031272971536964
vn 3.1308625475999374 -0.0000000000000000 -0.0000000000000108
v 0.0189999993890524 -0.0189999993890524 -0.0000000000000001
vn 3.0881617872382661 -2.9762459268070138 0.5153223399575324
v 0.0187408644706011 -0.0189999993890524 0.0031272971536964
vn 2.9612238836323530 -2.9762453059430478 1.0165888770449290
v 0.0179705284535885 -0.0189999993890524 0.0061692898161709
vn 2.7535112068669720 -2.9762454598715231 1.4901261666756551
v 0.0167100019752979 -0.0189999993890524 0.0090430006384850
vn 2.4706901048035639 -2.9762457562595426 1.9230160180607088
v 0.0149936694651842 -0.0189999993890524 0.0116700418293476
vn 2.1204752872150925 -2.9762457677432019 2.3034506214221047
v 0.0128683494403958 -0.0189999993890524 0.0139787541702390
vn 1.7124195759040997 -2.9762458166933925 2.6210531175158551
v 0.0103920148685575 -0.0189999993890524 0.0159061625599861
vn 1.2576531401837237 -2.9762454693349962 2.8671603627328111
v 0.0076322131790221 -0.0189999993890524 0.0173996929079294
vn 0.7685811747230444 -2.9762457816393129 3.0350590106566546
v 0.0046642241068184 -0.0189999993890524 0.0184186045080423
vn 0.2585445913589756 -2.9762456630856722 3.1201690368138131
v 0.0015690075233579 -0.0189999993890524 0.0189351048320532
vn -0.2548432424995905 -2.9786341231955333 3.1207821402863085
v -0.0015690075233579 -0.0189999993890524 0.0189351048320532
vn -0.6259098551422615 -3.0358063062196536 3.0752605840432166
v -0.0045761978253722 -0.0189999993890524 0.0184406731277704
vn 2.7535112068669729 -2.9762454598715236 -1.4901261666756553
v 0.0167100019752979 -0.0189999993890524 -0.0090430006384850
vn 2.4706901048035639 -2.9762457562595421 -1.9230160180607090
v 0.0149936694651842 -0.0189999993890524 -0.0116700418293476
vn 2.1204752872150916 -2.9762457677432019 -2.3034506214221038
v 0.0128683494403958 -0.0189999993890524 -0.0139787541702390
vn 1.7124195759041001 -2.9762458166933929 -2.6210531175158560
v 0.0103920148685575 -0.0189999993890524 -0.0159061625599861
vn 1.2576531401837241 -2.9762454693349962 -2.8671603627328115
v 0.0076322131790221 -0.0189999993890524 -0.0173996929079294
vn 0.7685811747230444 -2.9762457816393133 -3.0350590106566542
v 0.0046642241068184 -0.0189999993890524 -0.0184186045080423
vn 0.2585445913589756 -2.9762456630856717 -3.1201690368138122
v 0.0015690075233579 -0.0189999993890524 -0.0189351048320532
vn -0.2585445913589756 -2.9762456630856722 -3.1201690368138131
v -0.0015690075233579 -0.0189999993890524 -0.0189351048320532
vn -0.7685811747230444 -2.9762457816393137 -3.0350590106566542
v -0.0046642241068184 -0.0189999993890524 -0.0184186045080423
vn -1.2576531401837239 -2.9762454693349962 -2.8671603627328115
v -0.0076322131790221 -0.0189999993890524 -0.0173996929079294
vn -1.7124195759040999 -2.9762458166933916 -2.6210531175158551
v -0.0103920148685575 -0.0189999993890524 -0.0159061625599861
vn -2.1204752872150925 -2.9762457677432019 -2.3034506214221047
v -0.0128683494403958 -0.0189999993890524 -0.0139787541702390
vn -2.4706901048035639 -2.9762457562595435 -1.9230160180607088
v -0.0149936694651842 -0.0189999993890524 -0.0116700418293476
vn -2.7535112068669720 -2.9762454598715236 -1.4901261666756551
v -0.0167100019752979 -0.0189999993890524 -0.0090430006384850
vn -2.9612238836323530 -2.9762453059430438 -1.0165888770449290
v -0.0179705284535885 -0.0189999993890524 -0.0061692898161709
vn -3.0881617872382638 -2.9762459268070183 -0.5153223399575380
v -0.0187408644706011 -0.0189999993890524 -0.0031272971536964
vn -3.1308625475999365 -2.9762458698608683 -0.0000000000000005
v -0.0189999993890524 -0.0189999993890524 -0.0000000000000000
vn -3.0881617872382647 -2.9762459268070174 0.5153223399575377
v -0.0187408644706011 -0.0189999993890524 0.0031272971536964
vn -2.9612238836323517 -2.9762453059430456 1.0165888770449285
v -0.0179705284535885 -0.0189999993890524 0.0061692898161709
vn -2.7535112068669729 -2.9762454598715244 1.4901261666756553
v -0.0167100019752979 -0.0189999993890524 0.0090430006384850
vn -2.4706901048035639 -2.9762457562595439 1.9230160180607090
v -0.0149936694651842 -0.0189999993890524 0.0116700418293476
vn -2.1204752872150916 -2.9762457677432019 2.3034506214221038
v -0.0128683494403958 -0.0189999993890524 0.0139787541702390
vn -1.7124195759041001 -2.9762458166933916 2.6210531175158560
v -0.0103920148685575 -0.0189999993890524 0.0159061625599861
vn -1.2576531401837241 -2.9762454693349962 2.8671603627328115
v -0.0076322131790221 -0.0189999993890524 0.0173996929079294
vn -0.8920214013179840 -3.0565407756006304 3.0093295328693039
v -0.0046642241068184 -0.0189999993890524 0.0184186045080423
vn 1.9140035370483170 -5.5159448245593250 -0.7027457730568238
v -0.0038997244555503 -0.0189999993890524 0.0114193838089705
vn 1.5566638996766384 -5.5218768474456548 -1.3061287123780689
v -0.0031790845096111 -0.0189999993890524 0.0126675684005022
vn 1.0167359504264244 -5.5208929788569678 -1.7605487980249457
v -0.0020749999675900 -0.0189999993890524 0.0135940052568913
vn 1.0252214629859142 -5.5132548346359131 1.7660972961424153
v 0.0079250000417233 -0.0189999993890524 -0.0035940054804087
vn 1.5594728360044243 -5.5200871788945012 1.3060666908962244
v 0.0068209157325327 -0.0189999993890524 -0.0026675686240196
vn -1.3132823159439238 -3.2993997240024870 2.8432587306308599
v 0.0019201147370040 -0.0189999993890524 -0.0046166176907718
vn 1.9140038106745272 -5.5159445353952341 -0.7027460745204580
v 0.0061002755537629 -0.0189999993890524 0.0014193835668266
vn 1.5566639022358000 -5.5218768040107129 -1.3061287998353541
v 0.0068209157325327 -0.0189999993890524 0.0026675686240196
vn -2.5103104509876548 -3.4557518363585182 -1.8238474595227236
v 0.0040450850501657 -0.0189999993890524 0.0029389262199402
vn -1.8749706364627743 -3.4067034611612939 2.4849074988668214
v 0.0029389262199402 -0.0189999993890524 -0.0040450850501657
vn -2.5145357950748490 -3.4468387634493634 1.8195849512427649
v 0.0040450850501657 -0.0189999993890524 -0.0029389262199402
vn 1.9101934289505438 -5.5210787536122945 0.6954548025166620
v 0.0061002755537629 -0.0189999993890524 -0.0014193835668266
vn -2.9510469816055664 -3.4557521957895760 0.9588531066810299
v 0.0047552827745676 -0.0189999993890524 -0.0015450849896297
vn 2.0384418682766627 -5.5164253071323355 0.0056782380932142
v 0.0058499998413026 -0.0189999993890524 -0.0000000000000001
vn -3.1029145303150107 -3.4557515304476571 0.0000000000000257
v 0.0049999998882413 -0.0189999993890524 -0.0000000000000001
vn -2.9510469816055709 -3.4557521957895929 -0.9588531066810043
v 0.0047552827745676 -0.0189999993890524 0.0015450849896297
vn 0.3476419424600876 -5.5152158626920746 2.0099778229147010
v 0.0092793600633740 -0.0189999993890524 -0.0040869521908462
vn -0.3530191372583070 -5.5215410570870400 2.0014861587116215
v 0.0107206394895911 -0.0189999993890524 -0.0040869521908462
vn -1.0147555134849797 -5.5169289438743592 1.7671654565594783
v 0.0120750004425645 -0.0189999993890524 -0.0035940054804087
vn -1.5636310888211584 -5.5174869630920096 1.3058923948806682
v 0.0131790842860937 -0.0189999993890524 -0.0026675686240196
vn -1.9104579677602351 -5.5209512299685279 0.6951143201826907
v 0.0138997239992023 -0.0189999993890524 -0.0014193835668266
vn 0.0000000000000000 -2.9762458698608678 0.0000000000000000
v 0.0189999993890524 -0.0189999993890524 -0.0000000000000001
vn 0.0000000000000000 -3.4906592683350475 0.0000000000000000
v 0.0141500001773238 -0.0189999993890524 -0.0000000000000001
vn -1.9188095417976756 -5.5153406310845190 -0.6916086003393880
v 0.0138997239992023 -0.0189999993890524 0.0014193835668266
vn -1.5581317307979781 -5.5156623361888277 -1.3156937753267925
v 0.0131790842860937 -0.0189999993890524 0.0026675686240196
vn -1.0161976938226682 -5.5212754302908227 -1.7604023846804395
v 0.0120750004425645 -0.0189999993890524 0.0035940054804087
vn -1.9188091224033408 -5.5153410096569839 -0.6916082459775021
v 0.0038997244555503 -0.0189999993890524 0.0114193838089705
vn -1.5581313303972808 -5.5156623280066777 -1.3156942629946049
v 0.0031790845096111 -0.0189999993890524 0.0126675684005022
vn 0.3568745609243804 -5.5188293652634544 -2.0041447618260273
v -0.0007206399459392 -0.0189999993890524 0.0140869524329901
vn -0.3570290391392000 -5.5183060430313668 -2.0046572331357599
v 0.0007206399459392 -0.0189999993890524 0.0140869524329901
vn -1.0161982738204656 -5.5212749182845995 -1.7604028287820057
v 0.0020749999675900 -0.0189999993890524 0.0135940052568913
vn -0.3570287476458006 -5.5183057120127987 -2.0046577208055356
v 0.0107206394895911 -0.0189999993890524 0.0040869521908462
vn -1.9104576972033951 -5.5209515428753093 0.6951138453870278
v 0.0038997244555503 -0.0189999993890524 0.0085806166753173
vn -2.0316238258101524 -5.5222816524410492 0.0000000993649655
v 0.0041499999351799 -0.0189999993890524 0.0099999997764826
vn 1.0167357145774560 -5.5208932581551711 -1.7605485165928636
v 0.0079250000417233 -0.0189999993890524 0.0035940054804087
vn -1.0147556824765294 -5.5169285059065292 1.7671660042023616
v 0.0020749999675900 -0.0189999993890524 0.0064059947617352
vn 0.3476419871149626 -5.5152156368400043 2.0099780769194018
v -0.0007206399459392 -0.0189999993890524 0.0059130480512977
vn 1.0252215437939109 -5.5132546505814872 1.7660975055029164
v -0.0020749999675900 -0.0189999993890524 0.0064059947617352
vn 0.9588531066810140 -3.4557521957895863 -2.9510469816055691
v -0.0015450849896297 -0.0189999993890524 0.0047552827745676
vn 0.3568743772989917 -5.5188290504659738 -2.0041451933009000
v 0.0092793600633740 -0.0189999993890524 0.0040869521908462
vn -1.5636308713623146 -5.5174869108194944 1.3058927215497835
v 0.0031790845096111 -0.0189999993890524 0.0073324316181242
vn 1.9101937406856007 -5.5210785917317207 0.6954545026409213
v -0.0038997244555503 -0.0189999993890524 0.0085806166753173
vn 2.0384419725590734 -5.5164252437834067 0.0056782775086546
v -0.0041499999351799 -0.0189999993890524 0.0099999997764826
vn 2.8432587306308599 -3.2993997240024937 -1.3132823159439238
v -0.0046166176907718 -0.0189999993890524 0.0019201147370040
vn 1.5594727980410032 -5.5200871548458661 1.3060667475227976
v -0.0031790845096111 -0.0189999993890524 0.0073324316181242
vn 2.4849074988668214 -3.4067034611612939 -1.8749706364627743
v -0.0040450850501657 -0.0189999993890524 0.0029389262199402
vn 1.8195849512427649 -3.4468387634493634 -2.5145357950748486
v -0.0029389262199402 -0.0189999993890524 0.0040450850501657
vn -1.8238474595227236 -3.4557518363585178 -2.5103104509876548
v 0.0029389262199402 -0.0189999993890524 0.0040450850501657
vn -0.3530194004956070 -5.5215409799519080 2.0014861789993788
v 0.0007206399459392 -0.0189999993890524 0.0059130480512977
vn -0.9588531066810201 -3.4557521957895827 -2.9510469816055682
v 0.0015450849896297 -0.0189999993890524 0.0047552827745676
vn -0.0000000000000061 -3.4557515304476576 -3.1029145303150099
v 0.0000000000000000 -0.0189999993890524 0.0049999998882413
vn 1.0252213411634710 -5.5132549692825723 1.7660971389903621
v -0.0120750004425645 -0.0189999993890524 -0.0035940054804087
vn 1.5594732147274430 -5.5200870390007948 1.3060664867741583
v -0.0131790842860937 -0.0189999993890524 -0.0026675686240196
vn 0.3476417214389456 -5.5152157143532010 2.0099780563632654
v -0.0107206394895911 -0.0189999993890524 -0.0040869521908462
vn -1.0147555742280054 -5.5169286666247910 1.7671658384268012
v -0.0079250000417233 -0.0189999993890524 -0.0035940054804087
vn -0.3530193698335953 -5.5215412257702710 2.0014858973936089
v -0.0092793600633740 -0.0189999993890524 -0.0040869521908462
vn 0.0000000000000000 -6.2831853071795862 0.0000000000000000
v -0.0045750001445413 -0.0189999993890524 -0.0045750001445413
vn -1.5636309985522550 -5.5174867386410478 1.3058929165035806
v -0.0068209157325327 -0.0189999993890524 -0.0026675686240196
vn 1.8195793835996907 -3.4466983641204978 2.5145405670958612
v -0.0029389262199402 -0.0189999993890524 -0.0040450850501657
vn 2.5145405670958558 -3.4466983641204991 1.8195793835996859
v -0.0040450850501657 -0.0189999993890524 -0.0029389262199402
vn 2.9510469816055682 -3.4557521957895796 0.9588531066810255
v -0.0047552827745676 -0.0189999993890524 -0.0015450849896297
vn -1.9104575240414587 -5.5209516733461577 0.6951138761250335
v -0.0061002755537629 -0.0189999993890524 -0.0014193835668266
vn 0.0000000000000000 -3.4557515304476571 0.0000000000000000
v -0.0049999998882413 -0.0189999993890524 -0.0000000000000001
vn 0.0000000000000000 -3.4906586319745085 0.0000000000000000
v -0.0058499998413026 -0.0189999993890524 -0.0000000000000000
vn 3.0247698048370402 -3.3386681409229162 -0.7904751868322992
v -0.0047552827745676 -0.0189999993890524 0.0015450849896297
vn -1.9188092347817878 -5.5153408725330797 -0.6916084807610858
v -0.0061002755537629 -0.0189999993890524 0.0014193835668266
vn -1.5581315921670176 -5.5156621629611458 -1.3156942575672961
v -0.0068209157325327 -0.0189999993890524 0.0026675686240196
vn -1.0161978120132618 -5.5212751435127210 -1.7604027484531448
v -0.0079250000417233 -0.0189999993890524 0.0035940054804087
vn -0.3570289536646319 -5.5183058501221742 -2.0046575010686838
v -0.0092793600633740 -0.0189999993890524 0.0040869521908462
vn 0.3568741455989977 -5.5188288801575354 -2.0041454562124508
v -0.0107206394895911 -0.0189999993890524 0.0040869521908462
vn 1.5566641873457800 -5.5218768917680237 -1.3061282903724440
v -0.0131790842860937 -0.0189999993890524 0.0026675686240196
vn 1.0167356263215981 -5.5208934044594109 -1.7605483228886745
v -0.0120750004425645 -0.0189999993890524 0.0035940054804087
vn 1.9101939865536450 -5.5210783448092329 0.6954548178669504
v -0.0138997239992023 -0.0189999993890524 -0.0014193835668266
vn 2.0384412834149344 -5.5164257609526519 0.0056782684337363
v -0.0141500001773238 -0.0189999993890524 -0.0000000000000000
vn 1.9140041000715455 -5.5159442941343588 -0.7027462451024249
v -0.0138997239992023 -0.0189999993890524 0.0014193835668266
vn 1.9101934026696350 -5.5210788403609703 0.6954545138753411
v -0.0038997244555503 -0.0189999993890524 -0.0114193838089705
vn 2.0384419867861108 -5.5164252320258225 0.0056780767390829
v -0.0041499999351799 -0.0189999993890524 -0.0099999997764826
vn 1.9140038508397530 -5.5159445851492404 -0.7027457928167830
v -0.0038997244555503 -0.0189999993890524 -0.0085806166753173
vn 1.5566638232335834 -5.5218769423796648 -1.3061286070496307
v -0.0031790845096111 -0.0189999993890524 -0.0073324316181242
vn -2.0316238064361598 -5.5222816688599377 -0.0000000958464202
v 0.0041499999351799 -0.0189999993890524 -0.0099999997764826
vn -1.9104574019278648 -5.5209517638696743 0.6951138250818049
v 0.0038997244555503 -0.0189999993890524 -0.0114193838089705
vn -1.5636307043102704 -5.5174869851781230 1.3058928147648527
v 0.0031790845096111 -0.0189999993890524 -0.0126675684005022
vn -1.0147558575967719 -5.5169285696201626 1.7671658473652894
v 0.0020749999675900 -0.0189999993890524 -0.0135940052568913
vn -0.3530195540365666 -5.5215415402838053 2.0014854655659562
v 0.0007206399459392 -0.0189999993890524 -0.0140869524329901
vn 0.3476421263139169 -5.5152161769159465 2.0099773947092023
v -0.0007206399459392 -0.0189999993890524 -0.0140869524329901
vn 1.0252217066499802 -5.5132545477910444 1.7660975805691899
v -0.0020749999675900 -0.0189999993890524 -0.0135940052568913
vn 1.5594728686755062 -5.5200870834502505 1.3060668161089044
v -0.0031790845096111 -0.0189999993890524 -0.0126675684005022
vn 1.0167358217560345 -5.5208930590070926 -1.7605487335825845
v -0.0020749999675900 -0.0189999993890524 -0.0064059947617352
vn 0.3568744089769589 -5.5188288034750599 -2.0041454754245587
v -0.0007206399459392 -0.0189999993890524 -0.0059130480512977
vn 0.9588531066810182 -3.4557521957895845 2.9510469816055682
v -0.0015450849896297 -0.0189999993890524 -0.0047552827745676
vn -0.3570290601396782 -5.5183056967045747 -2.0046576577545383
v 0.0007206399459392 -0.0189999993890524 -0.0059130480512977
vn 0.0000000000000023 -3.4557515304476571 3.1029145303150099
v -0.0000000000000000 -0.0189999993890524 -0.0049999998882413
vn -0.7904751868323064 -3.3386681409229118 3.0247698048370397
v 0.0015450849896297 -0.0189999993890524 -0.0047552827745676
vn -1.0161977807491449 -5.5212750722474055 -1.7604028736756829
v 0.0020749999675900 -0.0189999993890524 -0.0064059947617352
vn -1.5581314750007254 -5.5156623384320635 -1.3156940458868776
v 0.0031790845096111 -0.0189999993890524 -0.0073324316181242
vn -1.9188092988132324 -5.5153408760687332 -0.6916082867154655
v 0.0038997244555503 -0.0189999993890524 -0.0085806166753173
vn 0.3073755617969461 1.6619801094941689 -2.2999289348159855
v 0.0122287767007947 -0.0090000005438924 -0.0118091925978661
vn 2.3183629810288324 1.6619800543955203 0.0966729466685403
v 0.0137532893568277 -0.0090000005438924 -0.0099923489615321
vn -2.1454841914643965 1.6619795097065968 0.8837689052197115
v -0.0163414496928453 -0.0090000005438924 -0.0046858349815011
vn 0.0000000000000000 6.2831853071795907 0.0000000000000000
v -0.0035749999806285 -0.0090000005438924 -0.0035749999806285
vn -1.7138292508302380 1.6619802199313944 1.5642706552621384
v -0.0169585887342691 -0.0090000005438924 0.0011858600191772
vn -1.7138292508302380 1.6619802199313947 -1.5642706552621384
v -0.0169585887342691 -0.0090000005438924 -0.0011858600191772
vn -1.9207958828190306 1.7157126159610920 1.3992777327448469
v -0.0041126720607281 -0.0090000005438924 0.0164950266480446
vn -0.6032736697741132 3.0710144272592488 3.0811735146926726
v -0.0035800989717245 -0.0090000005438924 0.0166187509894371
vn 2.2404279454483653 3.2996114580683717 -2.1884486349140699
v -0.0036175539717078 -0.0090000005438924 0.0034515652805567
vn 2.6038000116949318 3.3586797349185540 -1.7233227993008324
v -0.0040450850501657 -0.0090000005438924 0.0029389262199402
vn -2.7044585462597093 3.6036281294739219 -1.4178198838719229
v -0.0080962693318725 -0.0090000005438924 0.0009991548722610
vn 2.9510469816055669 3.4557521957895792 0.9588531066810253
v -0.0047552827745676 -0.0090000005438924 -0.0015450849896297
vn -2.7044585462597017 3.6036281294738979 1.4178198838719529
v -0.0080962693318725 -0.0090000005438924 -0.0009991548722610
vn 0.0000000000000000 3.6249147336211385 0.0000000000000000
v -0.0078499997034669 -0.0090000005438924 -0.0000000000000000
vn 3.1029145303150107 3.4557515304476571 0.0000000000000167
v -0.0049999998882413 -0.0090000005438924 -0.0000000000000001
vn -1.7305103773546335 3.6084416367248324 2.5149844958923615
v -0.0087786605581641 -0.0090000005438924 -0.0017694153357297
vn -0.3721521527352087 3.6090509768393231 3.0300001644303269
v -0.0097408462315798 -0.0090000005438924 -0.0021343240514398
vn -2.3183629810288324 1.6619800543955301 -0.0966729466685403
v -0.0137532893568277 -0.0090000005438924 0.0099923489615321
vn -0.3073755617969461 1.6619801094941689 2.2999289348159855
v -0.0122287767007947 -0.0090000005438924 0.0118091925978661
vn -2.2116129530945567 1.6619803904876016 0.7020843024769301
v -0.0095062796026468 -0.0090000005438924 0.0140936383977532
vn 0.4977832508839450 1.6619801762893531 2.2663550040946476
v -0.0074523095972836 -0.0090000005438924 0.0152794988825917
vn 1.0832823706818151 3.6030249317697933 2.8550571137475407
v -0.0107624009251595 -0.0090000005438924 -0.0020102849230170
vn 2.2863433935825181 3.6065570122843966 2.0235164995247144
v -0.0116092981770635 -0.0090000005438924 -0.0014257137663662
vn 2.9641070941885119 3.6048342169689671 0.7330012553970796
v -0.0120875248685479 -0.0090000005438924 -0.0005145286559127
vn 2.9623883362450223 3.6101770026845625 -0.7363169170116749
v -0.0120875248685479 -0.0090000005438924 0.0005145286559127
vn -2.1454841914643961 1.6619795097065961 -0.8837689052197117
v -0.0163414496928453 -0.0090000005438924 0.0046858349815011
vn -1.0754601926550187 1.6619805878362992 2.0560983843010749
v -0.0155302723869681 -0.0090000005438924 0.0069145229645073
vn 2.2881005989972203 3.6120584579202792 -2.0202095271641438
v -0.0116092981770635 -0.0090000005438924 0.0014257137663662
vn 1.0832823706818151 3.6030249317697942 -2.8550571137475407
v -0.0107624009251595 -0.0090000005438924 0.0020102849230170
vn -0.3709833262582686 3.6072344370562681 -3.0304362741542614
v -0.0097408462315798 -0.0090000005438924 0.0021343240514398
vn -1.7316733992922040 3.6066427351088026 -2.5145362706750509
v -0.0087786605581641 -0.0090000005438924 0.0017694153357297
vn -1.7316739023004428 3.6066423602951287 -2.5145360781758699
v 0.0112213389948010 -0.0090000005438924 0.0017694153357297
vn -0.3709837659080618 3.6072347075126214 -3.0304361086693055
v 0.0102591542527080 -0.0090000005438924 0.0021343240514398
vn -2.7044585181766383 3.6036279561187317 -1.4178199933076978
v 0.0119037302210927 -0.0090000005438924 0.0009991548722610
vn -3.0532365151346559 3.6064089405524320 0.0000000000000797
v 0.0121499998494983 -0.0090000005438924 -0.0000000000000001
vn -1.2429020049078507 1.6619797633106774 1.9594248508528815
v 0.0017769838450477 -0.0090000005438924 0.0169068723917007
vn 1.8381097724551321 1.6619806188221400 1.4161595279451222
v 0.0041126720607281 -0.0090000005438924 0.0164950266480446
vn 1.0754601926550180 1.6619805878362994 2.0560983843010749
v 0.0155302723869681 -0.0090000005438924 0.0069145229645073
vn 2.1454841914643965 1.6619795097065959 -0.8837689052197115
v 0.0163414496928453 -0.0090000005438924 0.0046858349815011
vn 2.3183629810288324 1.6619800543955199 -0.0966729466685402
v 0.0137532893568277 -0.0090000005438924 0.0099923489615321
vn -0.4977832508839449 1.6619801762893531 2.2663550040946481
v 0.0074523095972836 -0.0090000005438924 0.0152794988825917
vn 2.2116129530945567 1.6619803904876020 0.7020843024769299
v 0.0095062796026468 -0.0090000005438924 0.0140936383977532
vn 1.3388375253611728 3.1415927115554219 2.8420271782258029
v 0.0139834163710475 -0.0090000005438924 -0.0035749999806285
vn -2.1884486349140699 3.2996114580683651 2.2404279454483653
v 0.0034515652805567 -0.0090000005438924 -0.0036175539717078
vn 2.2881000013755997 3.6120590107738817 -2.0202098725311126
v -0.0016092980513349 -0.0090000005438924 0.0114257140085101
vn 2.9623883994786606 3.6101768673510715 -0.7363168246198113
v -0.0020875248592347 -0.0090000005438924 0.0105145284906030
vn 1.0832817093081162 3.6030242996597974 -2.8550575996435690
v -0.0007624005083926 -0.0090000005438924 0.0120102846994996
vn -0.3709836543429365 3.6072346526631205 -3.0304361227830432
v 0.0002591538650449 -0.0090000005438924 0.0121343238279223
vn -1.7316734292589806 3.6066417819041909 -2.5145366497258008
v 0.0012213392183185 -0.0090000005438924 0.0117694148793817
vn -2.7044580169963441 3.6036287160207525 -1.4178203920104331
v 0.0019037304446101 -0.0090000005438924 0.0109991552308202
vn 0.3073755617969464 1.6619801094941689 2.2999289348159855
v 0.0122287767007947 -0.0090000005438924 0.0118091925978661
vn 1.7138292508302380 1.6619802199313944 1.5642706552621384
v 0.0169585887342691 -0.0090000005438924 0.0011858600191772
vn 1.7138292508302380 1.6619802199313942 -1.5642706552621384
v 0.0169585887342691 -0.0090000005438924 -0.0011858600191772
vn -2.7044585181766196 3.6036279561186828 1.4178199933077738
v 0.0119037302210927 -0.0090000005438924 -0.0009991548722610
vn 1.0832823706818151 3.6030249317697938 -2.8550571137475407
v 0.0092375995591283 -0.0090000005438924 0.0020102849230170
vn -2.7044585789432882 3.6036278033547022 1.4178200004809249
v 0.0019037304446101 -0.0090000005438924 0.0090008452534676
vn 2.2880999673532716 3.6120575042659113 -2.0202107273106700
v 0.0083907023072243 -0.0090000005438924 0.0014257137663662
vn -1.7305109331654023 3.6084413454878876 2.5149842332396743
v 0.0012213392183185 -0.0090000005438924 0.0082305846735835
vn 2.9509802486671535 3.5011124121675543 -0.9178577214579092
v 0.0079124746844172 -0.0090000005438924 0.0005145286559127
vn 0.0000000000000000 3.3832532098877697 0.0000000000000000
v 0.0078499997034669 -0.0090000005438924 -0.0000000000000001
vn 2.2863433912908819 3.6065564782985220 2.0235168036654096
v -0.0016092980513349 -0.0090000005438924 0.0085742864757776
vn 1.1740494870684386 3.5472132814755848 2.8409089049762706
v -0.0007624005083926 -0.0090000005438924 0.0079897148534656
vn 2.9641068555497969 3.6048344900203761 0.7330017421778701
v -0.0020875248592347 -0.0090000005438924 0.0094854710623622
vn 1.2678138361882449 1.6780616770765797 1.9636112333378053
v -0.0017769838450477 -0.0090000005438924 0.0169068723917007
vn -1.7305108527032766 3.6084413051768642 2.5149843145209658
v 0.0112213389948010 -0.0090000005438924 -0.0017694153357297
vn -0.3721526201958608 3.6090512907189933 3.0299999881785125
v 0.0102591542527080 -0.0090000005438924 -0.0021343240514398
vn 2.2863428423806789 3.6065563191414363 2.0235175417672671
v 0.0083907023072243 -0.0090000005438924 -0.0014257137663662
vn -2.5103104509876548 3.4557518363585182 -1.8238474595227236
v 0.0040450850501657 -0.0090000005438924 0.0029389262199402
vn 2.9526989279130156 3.4957698794136980 0.9145422180866253
v 0.0079124746844172 -0.0090000005438924 -0.0005145286559127
vn 0.0000000000000000 3.4557515304476567 0.0000000000000000
v 0.0049999998882413 -0.0090000005438924 -0.0000000000000001
vn -2.9510469816055673 3.4557521957895760 0.9588531066810300
v 0.0047552827745676 -0.0090000005438924 -0.0015450849896297
vn 1.0832823706818151 3.6030249317697933 2.8550571137475407
v 0.0092375995591283 -0.0090000005438924 -0.0020102849230170
vn -2.5819757376424333 3.3889503478020351 1.7472274923924243
v 0.0040450850501657 -0.0090000005438924 -0.0029389262199402
vn 1.7472274923924243 3.3889503478020351 -2.5819757376424333
v -0.0029389262199402 -0.0090000005438924 0.0040450850501657
vn 0.9588531066810140 3.4557521957895863 -2.9510469816055691
v -0.0015450849896297 -0.0090000005438924 0.0047552827745676
vn 0.0000000000000000 3.3832541050261788 0.0000000000000000
v 0.0000000000000001 -0.0090000005438924 0.0078499997034669
vn -0.0000000000000061 3.4557515304476585 -3.1029145303150103
v 0.0000000000000000 -0.0090000005438924 0.0049999998882413
vn -0.6489766081401569 3.4388801007382939 3.0377343079571046
v 0.0002591538650449 -0.0090000005438924 0.0078656757250428
vn -0.9588531066810202 3.4557521957895823 -2.9510469816055682
v 0.0015450849896297 -0.0090000005438924 0.0047552827745676
vn -1.8238474595227236 3.4557518363585187 -2.5103104509876548
v 0.0029389262199402 -0.0090000005438924 0.0040450850501657
vn 1.0754601926550187 1.6619805878362992 -2.0560983843010749
v 0.0155302723869681 -0.0090000005438924 -0.0069145229645073
vn 2.1454841796837574 1.6619795014162893 0.8837689107693982
v 0.0163414496928453 -0.0090000005438924 -0.0046858349815011
vn -0.4977832508839450 1.6619801762893531 -2.2663550040946476
v 0.0074523095972836 -0.0090000005438924 -0.0152794988825917
vn 2.2116129530945567 1.6619803904876016 -0.7020843024769301
v 0.0095062796026468 -0.0090000005438924 -0.0140936383977532
vn 1.8381097724551321 1.6619806188221395 -1.4161595279451218
v 0.0041126720607281 -0.0090000005438924 -0.0164950266480446
vn -1.2429020049078507 1.6619797633106776 -1.9594248508528820
v 0.0017769838450477 -0.0090000005438924 -0.0169068723917007
vn 0.0000000000000000 3.3832541050261784 0.0000000000000000
v -0.0000000000000001 -0.0090000005438924 -0.0078499997034669
vn -0.6409393473391005 3.4473492349883097 -3.0385509836321978
v 0.0002591538650449 -0.0090000005438924 -0.0078656757250428
vn 1.2678138361882449 1.6780616770765795 -1.9636112333378053
v -0.0017769838450477 -0.0090000005438924 -0.0169068723917007
vn -0.6032736697741132 3.0710144272592488 -3.0811735146926726
v -0.0035800989717245 -0.0090000005438924 -0.0166187509894371
vn 2.9623881166101111 3.6101772137874555 -0.7363173647979231
v -0.0020875248592347 -0.0090000005438924 -0.0094854710623622
vn 2.9641071551090272 3.6048340878329528 0.7330011667499078
v -0.0020875248592347 -0.0090000005438924 -0.0105145284906030
vn 2.2881005775903134 3.6120578603113405 -2.0202098703811782
v -0.0016092980513349 -0.0090000005438924 -0.0085742864757776
vn -2.7044585789432882 3.6036278033547009 -1.4178200004809249
v 0.0019037304446101 -0.0090000005438924 -0.0090008452534676
vn -1.7316739275437296 3.6066424861400428 -2.5145360182111025
v 0.0012213392183185 -0.0090000005438924 -0.0082305846735835
vn 1.0832817093081162 3.6030242996597979 2.8550575996435690
v -0.0007624005083926 -0.0090000005438924 -0.0120102846994996
vn -0.3721525546882133 3.6090513073830568 3.0299999851753689
v 0.0002591538650449 -0.0090000005438924 -0.0121343238279223
vn -2.7044580169963441 3.6036287160207530 1.4178203920104331
v 0.0019037304446101 -0.0090000005438924 -0.0109991552308202
vn -1.7305103338880625 3.6084407974689676 2.5149849037836338
v 0.0012213392183185 -0.0090000005438924 -0.0117694148793817
vn 1.1697316781759084 3.5538978862590196 -2.8417149466396650
v -0.0007624005083926 -0.0090000005438924 -0.0079897148534656
vn 0.0000000000000025 3.4557515304476567 3.1029145303150107
v -0.0000000000000000 -0.0090000005438924 -0.0049999998882413
vn 0.9588531066810183 3.4557521957895836 2.9510469816055682
v -0.0015450849896297 -0.0090000005438924 -0.0047552827745676
vn 2.1210086923464857 3.2417230424210448 2.3127854042987064
v -0.0034515652805567 -0.0090000005438924 -0.0036175539717078
vn 2.3127854042987068 3.2417230424210457 2.1210086923464861
v -0.0036175539717078 -0.0090000005438924 -0.0034515652805567
vn 2.6059247280306534 3.3654738752113205 1.7191868325822623
v -0.0040450850501657 -0.0090000005438924 -0.0029389262199402
vn -0.9546860490914086 3.4486007049998952 2.9531516211020250
v 0.0015450849896297 -0.0090000005438924 -0.0047552827745676
vn -1.9207958828190306 1.7157126159610920 -1.3992777327448469
v -0.0041126720607281 -0.0090000005438924 -0.0164950266480446
vn 0.4977832508839449 1.6619801762893531 -2.2663550040946481
v -0.0074523095972836 -0.0090000005438924 -0.0152794988825917
vn -2.2116129530945567 1.6619803904876020 -0.7020843024769299
v -0.0095062796026468 -0.0090000005438924 -0.0140936383977532
vn -1.0754601926550180 1.6619805878362992 -2.0560983843010749
v -0.0155302723869681 -0.0090000005438924 -0.0069145229645073
vn -2.3183629810288324 1.6619800543955303 0.0966729466685402
v -0.0137532893568277 -0.0090000005438924 -0.0099923489615321
vn -0.3073755617969464 1.6619801094941691 -2.2999289348159855
v -0.0122287767007947 -0.0090000005438924 -0.0118091925978661
vn 2.2863427983042075 3.6065575721013534 2.0235168411156517
v -0.0016092980513349 -0.0090000005438924 -0.0114257140085101
vn -3.1029145303150103 -0.0000000000000000 0.0000000000000255
v 0.0049999998882413 -0.0090000005438924 -0.0000000000000001
vn 3.1029145303150103 -0.0000000000000000 0.0000000000000167
v -0.0049999998882413 -0.0189999993890524 -0.0000000000000001
vn -3.0532364631761331 -0.0185054586310647 0.0000000000000313
v -0.0078499997034669 -0.0090000005438924 -0.0000000000000000
vn -5.2199686556203035 -2.3323454116840963 -1.5804979713758820
v -0.0079796612262726 -0.0169999990612268 0.0007353433175012
vn -4.1264179215615773 -2.3210054198038428 -3.5810991047291743
v -0.0083530042320490 -0.0169999990612268 0.0013819934101775
vn -4.7635311681116805 -2.2985039457526284 -2.6261860837978332
v -0.0080962693318725 -0.0169999990612268 0.0009991548722610
vn -1.3493145497971968 -2.3170795311310877 -5.2749926288242595
v -0.0096266567707062 -0.0169999990612268 0.0021173367276788
vn -0.3223050382000979 -2.2988872421362849 -5.4294275311636140
v -0.0097408462315798 -0.0169999990612268 0.0021343240514398
vn -2.3914896061417625 -2.3237384391074833 -4.8949595776533465
v -0.0089250002056360 -0.0169999990612268 0.0018619545735419
vn -3.3216487755377262 -2.2828760448954690 -4.3250256303484944
v -0.0087786605581641 -0.0169999990612268 0.0017694153357297
vn 0.8326972798829235 -2.3080348521548402 -5.4106080113893142
v -0.0103733437135816 -0.0169999990612268 0.0021173367276788
vn 1.8750071479258077 -2.2624963298317580 -5.1403148339651761
v -0.0107624009251595 -0.0169999990612268 0.0020102849230170
vn 2.9257569801759167 -2.3287435521070750 -4.6065150236412986
v -0.0110750002786517 -0.0169999990612268 0.0018619545735419
vn 3.7878672241496307 -2.2942476068571827 -3.9088142687254135
v -0.0116092981770635 -0.0169999990612268 0.0014257137663662
vn 4.4447414337917763 -2.3156162402636333 -3.1386748569937692
v -0.0116469953209162 -0.0169999990612268 0.0013819934101775
vn 4.9941262108348807 -2.3357434264713008 -2.1830899724996886
v -0.0120203392580152 -0.0169999990612268 0.0007353433175012
vn 3.1186817641270426 -0.0010030940992792 0.0000000000000206
v -0.0121499998494983 -0.0169999990612268 -0.0000000000000000
vn 5.3227472625696253 -2.2985930147590103 -1.1203387428037876
v -0.0120875248685479 -0.0169999990612268 0.0005145286559127
vn 4.4421886097901755 -2.3080699643454183 3.1431544021312998
v -0.0116469953209162 -0.0169999990612268 -0.0013819934101775
vn 3.7885662638371032 -2.2990790139852852 3.9021208744565432
v -0.0116092981770635 -0.0169999990612268 -0.0014257137663662
vn 4.9967359429381020 -2.3279810351645760 2.1786317027400659
v -0.0120203392580152 -0.0169999990612268 -0.0007353433175012
vn 5.3463594604586273 -2.2765298850376952 1.1036243006508497
v -0.0120875248685479 -0.0169999990612268 -0.0005145286559127
vn 2.9192545840295843 -2.3333074058374934 4.6060335534513737
v -0.0110750002786517 -0.0169999990612268 -0.0018619545735419
vn 1.8940423112008005 -2.2984568546209707 5.0991503396698237
v -0.0107624009251595 -0.0169999990612268 -0.0020102849230170
vn 0.7894477566404744 -2.3249640480709681 5.4029607491122924
v -0.0103733437135816 -0.0169999990612268 -0.0021173367276788
vn -0.3124227995006020 -2.2887782320268677 5.4390551030473997
v -0.0097408462315798 -0.0169999990612268 -0.0021343240514398
vn -1.3509277246454319 -2.3196195737457677 5.2743953842061488
v -0.0096266567707062 -0.0169999990612268 -0.0021173367276788
vn -2.3898688190429738 -2.3263025073637467 4.8955391680325198
v -0.0089250002056360 -0.0169999990612268 -0.0018619545735419
vn -4.1589255620043115 -2.3125430899278987 3.5540610449541328
v -0.0083530042320490 -0.0169999990612268 -0.0013819934101775
vn -3.3005153226676764 -2.2987244558619735 4.3233714730272714
v -0.0087786605581641 -0.0169999990612268 -0.0017694153357297
vn -3.0938643301764945 -0.0000000000000000 0.0000000000000313
v -0.0078499997034669 -0.0169999990612268 -0.0000000000000000
vn -5.2199689716109194 -2.3323451364220338 1.5804977403939784
v -0.0079796612262726 -0.0169999990612268 -0.0007353433175012
vn -4.7730674963027528 -2.2697401629690139 2.6619185544543065
v -0.0080962693318725 -0.0169999990612268 -0.0009991548722610
vn -2.0316234942671869 -2.0316232767541820 0.0000001196376391
v -0.0058499998413026 -0.0189999993890524 -0.0000000000000000
vn -2.3771240297071539 -2.3771239694359436 0.0000003251277752
v -0.0078499997034669 -0.0169999990612268 -0.0000000000000000
vn 2.3483790536279296 -2.3158627870638524 0.0208614100150949
v -0.0121499998494983 -0.0169999990612268 -0.0000000000000000
vn -5.2199682547473456 -2.3323467307472860 -1.5805033490057094
v 0.0020203392487019 -0.0169999990612268 -0.0092646563425660
vn -4.1264181606341150 -2.3210056909777186 -3.5810988642583190
v 0.0016469955444336 -0.0169999990612268 -0.0086180064827204
vn -4.7635273663229478 -2.2985021701151060 -2.6261916448398184
v 0.0019037304446101 -0.0169999990612268 -0.0090008452534676
vn -1.3493155918043773 -2.3170796432767364 -5.2749929630105488
v 0.0003733435878530 -0.0169999990612268 -0.0078826630488038
vn -0.3223041611397059 -2.2988867791040724 -5.4294277685398802
v 0.0002591538650449 -0.0169999990612268 -0.0078656757250428
vn -2.3914917933746307 -2.3237380817757152 -4.8949586389793538
v 0.0010750000365078 -0.0169999990612268 -0.0081380456686020
vn -3.3216489871645196 -2.2828758088817578 -4.3250253362235043
v 0.0012213392183185 -0.0169999990612268 -0.0082305846735835
vn 0.8408370656365431 -2.3205113136320814 -5.4083165847052408
v -0.0003733435878530 -0.0169999990612268 -0.0078826630488038
vn 0.1814078612489615 0.0107231112670827 -3.1125453900792066
v -0.0000000000000001 -0.0090000005438924 -0.0078499997034669
vn 1.8668802015935875 -2.2749479377063846 -5.1424977142839232
v -0.0007624005083926 -0.0169999990612268 -0.0079897148534656
vn 2.9257588873907676 -2.3287430462739915 -4.6065135449049892
v -0.0010750000365078 -0.0169999990612268 -0.0081380456686020
vn 3.7878490288440232 -2.2942433284343888 -3.9088289561467517
v -0.0016092980513349 -0.0169999990612268 -0.0085742864757776
vn 4.4447299154825313 -2.3156204599878780 -3.1386949253710812
v -0.0016469955444336 -0.0169999990612268 -0.0086180064827204
vn 4.9941262907232797 -2.3357435349515541 -2.1830894854234324
v -0.0020203392487019 -0.0169999990612268 -0.0092646563425660
vn 5.4670610107292408 -2.3168662727365366 0.0208610474676114
v -0.0021500000730157 -0.0169999990612268 -0.0099999997764826
vn 5.3227470147269038 -2.2985927172296665 -1.1203394601788457
v -0.0020875248592347 -0.0169999990612268 -0.0094854710623622
vn 4.4421915473615492 -2.3080690663816048 3.1431493942865107
v -0.0016469955444336 -0.0169999990612268 -0.0113819930702448
vn 3.7885702840606985 -2.2990799708282443 3.9021178607199563
v -0.0016092980513349 -0.0169999990612268 -0.0114257140085101
vn 4.9967359024781359 -2.3279812357336054 2.1786312798554919
v -0.0020203392487019 -0.0169999990612268 -0.0107353432103992
vn 5.3463587373409336 -2.2765300680865512 1.1036252393353023
v -0.0020875248592347 -0.0169999990612268 -0.0105145284906030
vn 2.9192512761152503 -2.3333076952025911 4.6060363118696550
v -0.0010750000365078 -0.0169999990612268 -0.0118619548156857
vn 1.8940393368118031 -2.2984560395302891 5.0991509909038175
v -0.0007624005083926 -0.0169999990612268 -0.0120102846994996
vn 0.7894482130065270 -2.3249644671190932 5.4029604252234575
v -0.0003733435878530 -0.0169999990612268 -0.0121173365041614
vn -0.3124218956594099 -2.2887783325552356 5.4390548271029147
v 0.0002591538650449 -0.0169999990612268 -0.0121343238279223
vn -1.3509258138632720 -2.3196196306825971 5.2743958185613931
v 0.0003733435878530 -0.0169999990612268 -0.0121173365041614
vn -2.3898799801332578 -2.3263048850588417 4.8955354122446550
v 0.0010750000365078 -0.0169999990612268 -0.0118619548156857
vn -4.1589238010768081 -2.3125428069828078 3.5540628261348077
v 0.0016469955444336 -0.0169999990612268 -0.0113819930702448
vn -3.3005244540334031 -2.2987218478847193 4.3233629820764454
v 0.0012213392183185 -0.0169999990612268 -0.0117694148793817
vn -5.4709883752017632 -2.3771229469285542 -0.0000000179914789
v 0.0021500000730157 -0.0169999990612268 -0.0099999997764826
vn -5.2199689502380187 -2.3323462689293297 1.5804997019255498
v 0.0020203392487019 -0.0169999990612268 -0.0107353432103992
vn -4.7730643933743666 -2.2697394776526458 2.6619243506326575
v 0.0019037304446101 -0.0169999990612268 -0.0109991552308202
vn -5.2199686661845117 -2.3323467070023138 -1.5805028421272722
v 0.0120203392580152 -0.0169999990612268 0.0007353433175012
vn -4.1264177740110455 -2.3210057103677819 -3.5810988904130934
v 0.0116469953209162 -0.0169999990612268 0.0013819934101775
vn -4.7635269874960349 -2.2985022706658707 -2.6261924350478596
v 0.0119037302210927 -0.0169999990612268 0.0009991548722610
vn -1.3493146317079741 -2.3170793875373992 -5.2749927419833105
v 0.0103733437135816 -0.0169999990612268 0.0021173367276788
vn -0.3223050829655920 -2.2988872112467829 -5.4294275568338914
v 0.0102591542527080 -0.0169999990612268 0.0021343240514398
vn -2.3914969271902420 -2.3237397378307416 -4.8949567930424429
v 0.0110750002786517 -0.0169999990612268 0.0018619545735419
vn -3.3216542450056243 -2.2828747733552222 -4.3250203225065702
v 0.0112213389948010 -0.0169999990612268 0.0017694153357297
vn 0.8326972746422625 -2.3080348887973519 -5.4106079773977926
v 0.0096266567707062 -0.0169999990612268 0.0021173367276788
vn 1.8750071479258077 -2.2624963298317580 -5.1403148339651761
v 0.0092375995591283 -0.0169999990612268 0.0020102849230170
vn 2.9257568805596610 -2.3287436223628211 -4.6065150162194577
v 0.0089250002056360 -0.0169999990612268 0.0018619545735419
vn 3.7878414499444166 -2.2942414119636991 -3.9088349632480019
v 0.0083907023072243 -0.0169999990612268 0.0014257137663662
vn 4.4447262194668440 -2.3156227321103007 -3.1387019139850825
v 0.0083530042320490 -0.0169999990612268 0.0013819934101775
vn 4.9941217763033707 -2.3357415158083410 -2.1830961798537838
v 0.0079796612262726 -0.0169999990612268 0.0007353433175012
vn 4.4421741566268134 -2.3080763377462978 3.1431810695746121
v 0.0083530042320490 -0.0169999990612268 -0.0013819934101775
vn 3.7885404785690500 -2.2990727454033122 3.9021416708785783
v 0.0083907023072243 -0.0169999990612268 -0.0014257137663662
vn 4.9967315416467573 -2.3279790159663740 2.1786387587530176
v 0.0079796612262726 -0.0169999990612268 -0.0007353433175012
vn 5.3463580668882358 -2.2765321481286049 1.1036343598593530
v 0.0079124746844172 -0.0169999990612268 -0.0005145286559127
vn 3.1186869849843886 0.0000000000000000 0.0000000000000681
v 0.0078499997034669 -0.0090000005438924 -0.0000000000000001
vn 3.1186869849843877 -0.0000000000000000 0.0000000000000689
v 0.0078499997034669 -0.0169999990612268 -0.0000000000000001
vn 5.3227460086599123 -2.2985951495150818 -1.1203487041941713
v 0.0079124746844172 -0.0169999990612268 0.0005145286559127
vn 2.9192545840295843 -2.3333074058374934 4.6060335534513737
v 0.0089250002056360 -0.0169999990612268 -0.0018619545735419
vn 1.8940423488828342 -2.2984569349472190 5.0991502469541050
v 0.0092375995591283 -0.0169999990612268 -0.0020102849230170
vn 0.7894476827109111 -2.3249641267976742 5.4029606897444715
v 0.0096266567707062 -0.0169999990612268 -0.0021173367276788
vn -0.3124228449151158 -2.2887782057791588 5.4390551243150895
v 0.0102591542527080 -0.0169999990612268 -0.0021343240514398
vn -1.3509277449620092 -2.3196195648505591 5.2743954399043327
v 0.0103733437135816 -0.0169999990612268 -0.0021173367276788
vn -2.3898761503300401 -2.3263039409642925 4.8955362998084455
v 0.0110750002786517 -0.0169999990612268 -0.0018619545735419
vn -4.1589255219937220 -2.3125432250373201 3.5540609038102358
v 0.0116469953209162 -0.0169999990612268 -0.0013819934101775
vn -3.3005209124604056 -2.2987230891603927 4.3233661758440967
v 0.0112213389948010 -0.0169999990612268 -0.0017694153357297
vn -3.0938650002671788 -0.0000000000000000 0.0000000000000790
v 0.0121499998494983 -0.0169999990612268 -0.0000000000000001
vn -5.2199683720902161 -2.3323469631905365 1.5805030571039147
v 0.0120203392580152 -0.0169999990612268 -0.0007353433175012
vn -4.7730633554608772 -2.2697383748157707 2.6619250471425122
v 0.0119037302210927 -0.0169999990612268 -0.0009991548722610
vn -5.2199689234588353 -2.3323462922569194 -1.5804997215005443
v 0.0020203392487019 -0.0169999990612268 0.0107353432103992
vn -4.1264158079251452 -2.3210053898552929 -3.5811009392810340
v 0.0016469955444336 -0.0169999990612268 0.0113819930702448
vn -4.7635279603391059 -2.2985036285074414 -2.6261914342320898
v 0.0019037304446101 -0.0169999990612268 0.0109991552308202
vn -1.3493121625872813 -2.3170797141673818 -5.2749929352113067
v 0.0003733435878530 -0.0169999990612268 0.0121173365041614
vn -0.3223041354694995 -2.2988873414857336 -5.4294272540239934
v 0.0002591538650449 -0.0169999990612268 0.0121343238279223
vn -2.3915010506231122 -2.3237409415826051 -4.8949554193207989
v 0.0010750000365078 -0.0169999990612268 0.0118619548156857
vn -3.3216578802783285 -2.2828734603903342 -4.3250171398290549
v 0.0012213392183185 -0.0169999990612268 0.0117694148793817
vn 0.8326978618459113 -2.3080351815969244 -5.4106077407289472
v -0.0003733435878530 -0.0169999990612268 0.0121173365041614
vn 1.8750041157136661 -2.2624953937011196 -5.1403156340557716
v -0.0007624005083926 -0.0169999990612268 0.0120102846994996
vn 2.9257535751621644 -2.3287439095995532 -4.6065177745326400
v -0.0010750000365078 -0.0169999990612268 0.0118619548156857
vn 3.7878712543448576 -2.2942486333193344 -3.9088111569899491
v -0.0016092980513349 -0.0169999990612268 0.0114257140085101
vn 4.4447441749222252 -2.3156154830847626 -3.1386699069281052
v -0.0016469955444336 -0.0169999990612268 0.0113819930702448
vn 4.9941261232348904 -2.3357437669519432 -2.1830893511604708
v -0.0020203392487019 -0.0169999990612268 0.0107353432103992
vn 5.4670610360924812 -2.3168662424114355 0.0208610801167243
v -0.0021500000730157 -0.0169999990612268 0.0099999997764826
vn 5.3227469588236591 -2.2985927962538177 -1.1203393743135139
v -0.0020875248592347 -0.0169999990612268 0.0105145284906030
vn 4.4421772409941180 -2.3080741841276113 3.1431743844629798
v -0.0016469955444336 -0.0169999990612268 0.0086180064827204
vn 3.7885480584980344 -2.2990746639978905 3.9021356612677298
v -0.0016092980513349 -0.0169999990612268 0.0085742864757776
vn 4.9967360219685517 -2.3279811459671809 2.1786313876539776
v -0.0020203392487019 -0.0169999990612268 0.0092646563425660
vn 5.3463588235520438 -2.2765299605753917 1.1036252994612870
v -0.0020875248592347 -0.0169999990612268 0.0094854710623622
vn 2.9192565886571047 -2.3333068314026821 4.6060320815261759
v -0.0010750000365078 -0.0169999990612268 0.0081380456686020
vn 1.8940453526360519 -2.2984571590273508 5.0991495343004649
v -0.0007624005083926 -0.0169999990612268 0.0079897148534656
vn 0.7922834502401361 -2.3201255007117472 5.4028812735628167
v -0.0003733435878530 -0.0169999990612268 0.0078826630488038
vn 0.1839786662300180 -0.0064768497624262 3.1137740195480861
v 0.0000000000000001 -0.0090000005438924 0.0078499997034669
vn -0.3152485819514145 -2.2844261771550562 5.4391251472696140
v 0.0002591538650449 -0.0169999990612268 0.0078656757250428
vn -1.3509284420159253 -2.3196198451496359 5.2743956053603824
v 0.0003733435878530 -0.0169999990612268 0.0078826630488038
vn -2.3898711830887169 -2.3263023084059475 4.8955379361652307
v 0.0010750000365078 -0.0169999990612268 0.0081380456686020
vn -4.1589257283564542 -2.3125434030387426 3.5540608300364349
v 0.0016469955444336 -0.0169999990612268 0.0086180064827204
vn -3.3005155598967710 -2.2987241981235211 4.3233711807959150
v 0.0012213392183185 -0.0169999990612268 0.0082305846735835
vn -5.4709883446728833 -2.3771229854882447 0.0000000275534920
v 0.0021500000730157 -0.0169999990612268 0.0099999997764826
vn -5.2199682372614680 -2.3323467459793923 1.5805033617875042
v 0.0020203392487019 -0.0169999990612268 0.0092646563425660
vn -4.7730636812930838 -2.2697384587944187 2.6619240298945179
v 0.0019037304446101 -0.0169999990612268 0.0090008452534676
vn -2.0316231370123869 -2.0316228992069068 -0.0000001113472761
v 0.0141500001773238 -0.0189999993890524 -0.0000000000000001
vn -2.3771232500347503 -2.3771227910147843 -0.0000003025977203
v 0.0121499998494983 -0.0169999990612268 -0.0000000000000001
vn 2.3483792210211094 -2.3158626019742359 0.0208612875880437
v 0.0078499997034669 -0.0169999990612268 -0.0000000000000001
vn 3.0022319508093358 0.7782744647339738 -2.8372106740386589
v 0.0121175032109022 0.0030685686506331 -0.1720000058412552
vn -3.0784484261746434 -0.2955284593825741 -3.4730893282572537
v 0.0104552088305354 0.0009688177960925 -0.1720000058412552
vn -2.7618631356390866 -1.3849103007471903 -3.4957742841556660
v 0.0093992147594690 0.0046802526339889 -0.1720000058412552
vn 2.5941658739815274 1.6948530368323165 -2.8108988098722296
v 0.0104645807296038 0.0068368520587683 -0.1720000058412552
vn -2.0804403691012974 -2.2821341818496239 -3.5111915967863245
v 0.0070738042704761 0.0077595934271812 -0.1720000058412552
vn 1.9032887886676497 2.4453455136959867 -2.8108984954740315
v 0.0076776589266956 0.0098642567172647 -0.1720000058412552
vn -1.1155507351856364 -2.8795684161277562 -3.5111920721550467
v 0.0037930374965072 0.0097909588366747 -0.1720000058412552
vn 1.0061609663034683 2.9308469080793507 -2.8108988663656769
v 0.0040587433613837 0.0118227154016495 -0.1720000058412552
vn 0.0000000000000000 0.0000000000000000 -3.5111914990162880
v -0.0000000000000012 0.0104999998584390 -0.1720000058412552
vn -0.0000000000001497 3.0987453865663337 -2.8108985431203406
v -0.0000000000000012 0.0125000001862645 -0.1720000058412552
vn 1.1155507351858089 -2.8795684161277215 -3.5111920721549348
v -0.0037930374965072 0.0097909588366747 -0.1720000058412552
vn -1.0061609663036142 2.9308469080793262 -2.8108988663657706
v -0.0040587433613837 0.0118227154016495 -0.1720000058412552
vn 2.0804403691013005 -2.2821341818496288 -3.5111915967863245
v -0.0070738042704761 0.0077595934271812 -0.1720000058412552
vn -1.9032887886676524 2.4453455136959903 -2.8108984954740319
v -0.0076776589266956 0.0098642567172647 -0.1720000058412552
vn 2.7636160904376332 -1.3788386968954753 -3.5016647868315922
v -0.0093992147594690 0.0046802526339889 -0.1720000058412552
vn -2.5941658739815292 1.6948530368323165 -2.8108988098722296
v -0.0104645807296038 0.0068368520587683 -0.1720000058412552
vn 3.0767072201213148 -0.3081144788359816 -3.4784521057296578
v -0.0104552088305354 0.0009688177960925 -0.1720000058412552
vn -3.0017915463760536 0.7825431876064655 -2.8415425688969060
v -0.0121175032109022 0.0030685686506331 -0.1720000058412552
vn -3.0896526914541971 -0.2778380492387739 -2.8417047142075034
v -0.0124573064967990 -0.0010322418529540 -0.1720000058412552
vn 2.9677135874062137 0.8681676506801728 -3.4786180046234350
v -0.0100991688668728 -0.0028734614606947 -0.1720000058412552
vn -2.8370805234101510 -1.2471542624109235 -2.8200055487961309
v -0.0114471670240164 -0.0050211925990880 -0.1720000058412552
vn 2.4643579772640987 1.8609964943184034 -3.5111917995075741
v -0.0083791809156537 -0.0063276635482907 -0.1720000058412552
vn -2.2798211608664625 -2.0987232165638341 -2.8108989765601446
v -0.0091965487226844 -0.0084660192951560 -0.1720000058412552
vn 1.6256757544031970 2.6255563954306789 -3.5111918824900772
v -0.0055275377817452 -0.0089272800832987 -0.1720000058412552
vn -1.4748398278831276 -2.7252651768384206 -2.8108984377938455
v -0.0059493426233530 -0.0109934220090508 -0.1720000058412552
vn 0.7123716870039822 3.0288195703966423 -3.4187920724289094
v -0.0019293699879199 -0.0103212175890803 -0.1720000058412552
vn -0.6397522650758436 -3.0511175349092419 -2.8935725164030641
v -0.0020574324298650 -0.0123295160010457 -0.1720000058412552
vn 0.0000000000000000 0.0000000000000000 -3.3263920275342311
v -0.0000000000000012 -0.0104999998584390 -0.1720000058412552
vn 0.0000000000000000 0.0000000000000000 -2.9762452146808474
v -0.0000000000000012 -0.0125000001862645 -0.1720000058412552
vn -0.7123716870038057 3.0288195703966592 -3.4187920724290217
v 0.0019293699879199 -0.0103212175890803 -0.1720000058412552
vn 0.6397522650756964 -3.0511175349092543 -2.8935725164029691
v 0.0020574324298650 -0.0123295160010457 -0.1720000058412552
vn -1.6256757544031926 2.6255563954306731 -3.5111918824900763
v 0.0055275377817452 -0.0089272800832987 -0.1720000058412552
vn 1.4748398278831254 -2.7252651768384157 -2.8108984377938446
v 0.0059493426233530 -0.0109934220090508 -0.1720000058412552
vn -2.4643579772641058 1.8609964943184094 -3.5111917995075732
v 0.0083791809156537 -0.0063276635482907 -0.1720000058412552
vn 2.2798211608664638 -2.0987232165638359 -2.8108989765601451
v 0.0091965487226844 -0.0084660192951560 -0.1720000058412552
vn -2.9682511784749961 0.8634809546038826 -3.4835338611283224
v 0.0100991688668728 -0.0028734614606947 -0.1720000058412552
vn 2.8359512018796602 -1.2515740920529344 -2.8237575654392213
v 0.0114471670240164 -0.0050211925990880 -0.1720000058412552
vn 3.0907867382341716 -0.2674601513196923 -2.8447469944883741
v 0.0124573064967990 -0.0010322418529540 -0.1720000058412552
vn 3.0896524493632036 -0.2778338927712828 2.8417001736269722
v 0.0124573064967990 -0.0010322418529540 -0.0219999998807907
vn -3.0767074101631464 -0.3081173204338927 3.4784490365690854
v 0.0104552088305354 0.0009688177960925 -0.0219999998807907
vn -2.9677132348908377 0.8681705634790835 3.4786145098168921
v 0.0100991688668728 -0.0028734614606947 -0.0219999998807907
vn 2.8370805241664803 -1.2471542601462280 2.8200055411219722
v 0.0114471670240164 -0.0050211925990880 -0.0219999998807907
vn -2.4643579772640987 1.8609964943184034 3.5111917995075741
v 0.0083791809156537 -0.0063276635482907 -0.0219999998807907
vn 2.2798211608664620 -2.0987232165638341 2.8108989765601446
v 0.0091965487226844 -0.0084660192951560 -0.0219999998807907
vn -1.6256757544031970 2.6255563954306789 3.5111918824900772
v 0.0055275377817452 -0.0089272800832987 -0.0219999998807907
vn 1.4748398278831276 -2.7252651768384206 2.8108984377938455
v 0.0059493426233530 -0.0109934220090508 -0.0219999998807907
vn -0.7123716870038828 3.0288195703966516 3.4187920724289729
v 0.0019293699879199 -0.0103212175890803 -0.0219999998807907
vn 0.6397522650757600 -3.0511175349092485 2.8935725164030099
v 0.0020574324298650 -0.0123295160010457 -0.0219999998807907
vn 0.0000000000000000 0.0000000000000000 3.3263920275342311
v -0.0000000000000001 -0.0104999998584390 -0.0219999998807907
vn 0.0000000000000000 0.0000000000000000 2.9762452146808469
v -0.0000000000000001 -0.0125000001862645 -0.0219999998807907
vn 0.7123716870039052 3.0288195703966498 3.4187920724289578
v -0.0019293699879199 -0.0103212175890803 -0.0219999998807907
vn -0.6397522650757805 -3.0511175349092565 2.8935725164030224
v -0.0020574324298650 -0.0123295160010457 -0.0219999998807907
vn 1.6256757544031926 2.6255563954306731 3.5111918824900763
v -0.0055275377817452 -0.0089272800832987 -0.0219999998807907
vn -1.4748398278831254 -2.7252651768384157 2.8108984377938446
v -0.0059493426233530 -0.0109934220090508 -0.0219999998807907
vn 2.4643579772641058 1.8609964943184094 3.5111917995075732
v -0.0083791809156537 -0.0063276635482907 -0.0219999998807907
vn -2.2798211608664634 -2.0987232165638354 2.8108989765601451
v -0.0091965487226844 -0.0084660192951560 -0.0219999998807907
vn 2.9682511725112675 0.8634810099844779 3.4835337954530630
v -0.0100991688668728 -0.0028734614606947 -0.0219999998807907
vn -2.8359512000566749 -1.2515740980817720 2.8237575837127125
v -0.0114471670240164 -0.0050211925990880 -0.0219999998807907
vn 3.0784484283374320 -0.2955284911040985 3.4730892858366036
v -0.0104552088305354 0.0009688177960925 -0.0219999998807907
vn -3.0907867400398072 -0.2674601815186323 2.8447470344245076
v -0.0124573064967990 -0.0010322418529540 -0.0219999998807907
vn -3.0022319513943554 0.7782744551015873 2.8372106590050725
v -0.0121175032109022 0.0030685686506331 -0.0219999998807907
vn 2.7618631372669471 -1.3849102963110851 3.4957743014823586
v -0.0093992147594690 0.0046802526339889 -0.0219999998807907
vn -2.5941658739815274 1.6948530368323165 2.8108988098722296
v -0.0104645807296038 0.0068368520587683 -0.0219999998807907
vn 2.0804403691012974 -2.2821341818496239 3.5111915967863245
v -0.0070738042704761 0.0077595934271812 -0.0219999998807907
vn -1.9032887886676497 2.4453455136959867 2.8108984954740315
v -0.0076776589266956 0.0098642567172647 -0.0219999998807907
vn 1.1155507351857361 -2.8795684161277419 3.5111920721549832
v -0.0037930374965072 0.0097909588366747 -0.0219999998807907
vn -1.0061609663035520 2.9308469080793409 2.8108988663657311
v -0.0040587433613837 0.0118227154016495 -0.0219999998807907
vn 0.0000000000000000 0.0000000000000000 3.5111914990162889
v -0.0000000000000001 0.0104999998584390 -0.0219999998807907
vn -0.0000000000000173 3.0987453865663284 2.8108985431203406
v -0.0000000000000001 0.0125000001862645 -0.0219999998807907
vn -1.1155507351857099 -2.8795684161277397 3.5111920721549987
v 0.0037930374965072 0.0097909588366747 -0.0219999998807907
vn 1.0061609663035311 2.9308469080793396 2.8108988663657168
v 0.0040587433613837 0.0118227154016495 -0.0219999998807907
vn -2.0804403691013009 -2.2821341818496288 3.5111915967863245
v 0.0070738042704761 0.0077595934271812 -0.0219999998807907
vn 1.9032887886676524 2.4453455136959903 2.8108984954740319
v 0.0076776589266956 0.0098642567172647 -0.0219999998807907
vn -2.7636160884720624 -1.3788387025159725 3.5016647666826892
v 0.0093992147594690 0.0046802526339889 -0.0219999998807907
vn 2.5941658739815292 1.6948530368323165 2.8108988098722296
v 0.0104645807296038 0.0068368520587683 -0.0219999998807907
vn 3.0017920001854832 0.7825390064974584 2.8415377649672822
v 0.0121175032109022 0.0030685686506331 -0.0219999998807907
vn 3.4677990802884850 0.0192889020533712 -0.0594653945254213
v 0.0125000001862645 0.0000000000000000 -0.1646499931812286
vn 3.3858459506902752 -0.5682389500286655 2.8697940982947068
v 0.0124811641871929 0.0006859590066597 -0.1645596772432327
vn 3.4718194242633920 -1.9168998030309916 -1.7557244531430238
v 0.0122875189408660 0.0022949674166739 -0.1406750082969666
vn 3.3335053399717598 -2.3452678798694784 0.8321770077266921
v 0.0122351916506886 0.0025593116879463 -0.0526873320341110
vn 3.3111642765160827 -2.3567159278656593 -0.0003113019730225
v 0.0122158704325557 0.0026499999221414 -0.0520000010728836
vn 3.3323545921096493 -2.3402451339664578 -0.8308986621059502
v 0.0122351562604308 0.0025594811886549 -0.0513132996857166
vn 3.4712353680406229 -1.9139252420773287 -1.7546390030939656
v 0.0122875189408660 0.0022949674166739 -0.0506750009953976
vn 3.3325357495117811 -2.3407411610197553 0.8315757757798961
v 0.0122351916506886 0.0025593116879463 -0.0326873324811459
vn 3.4719338446393677 -1.9178637781069576 1.7562478949229141
v 0.0122875189408660 0.0022949674166739 -0.0333250015974045
vn 3.3007485886652592 -2.3159568810997655 -0.0031738730694603
v 0.0122158704325557 0.0026499999221414 -0.0320000015199184
vn 3.3303355591074588 -2.3309447839784534 -0.8292068135186892
v 0.0122351562604308 0.0025594811886549 -0.0313133001327515
vn 3.4698948237071150 -1.9076480839830403 -1.7467086763909445
v 0.0122875189408660 0.0022949674166739 -0.0306749995797873
vn 3.4828944571214753 -1.2340118769470663 -2.5118537061514403
v 0.0124295763671398 0.0013249999610707 -0.0297050327062607
vn 3.3863063216163458 -0.5462815017992971 -2.9129656584688961
v 0.0124811092391610 0.0006869578501210 -0.0294405873864889
vn 3.4691682137256805 1.9030582923645989 1.7504333768720242
v 0.0122875189408660 -0.0022949674166739 -0.0333250015974045
vn 3.3255296583320431 2.3095055134936748 0.8257585104215859
v 0.0122351143509150 -0.0025596832856536 -0.0326859466731548
vn 3.4699633012817208 -0.0144038206818041 0.0181329681570907
v 0.0125000001862645 0.0000000000000000 -0.0293499995023012
vn 3.4026759029001270 0.6297176036097343 -2.7987433798004151
v 0.0124573064967990 -0.0010322418529540 -0.0295593086630106
vn 3.4405103303980655 1.2097751368601870 -2.3563550969320675
v 0.0124295763671398 -0.0013249999610707 -0.0297050327062607
vn 3.4411253175043446 1.7857048690322694 -1.6675015912346076
v 0.0122875189408660 -0.0022949674166739 -0.0306749995797873
vn 3.2827020045380904 2.1422147217932652 -0.7940000805670929
v 0.0122351245954633 -0.0025596360210329 -0.0313138775527477
vn 3.2502574914375617 2.1451395061646856 0.0030865115886398
v 0.0122158704325557 -0.0026499999221414 -0.0320000015199184
vn 3.4721594955153412 1.9179624524721557 -1.7559354952426274
v 0.0122875189408660 -0.0022949674166739 -0.0506750009953976
vn 3.4318386652510653 1.3300126883884502 2.5196999933609594
v 0.0124295763671398 -0.0013249999610707 -0.0342949666082859
vn 3.4854272615105026 -1.2431590905126431 2.5529564588473974
v 0.0124295763671398 0.0013249999610707 -0.0342949666082859
vn 3.4852882767211351 -1.2433985824977301 -2.5528731466931154
v 0.0124295763671398 0.0013249999610707 -0.0497050322592258
vn 3.3896807970926002 -0.5741820365949292 2.9704381376251776
v 0.0124811641871929 0.0006859590066597 -0.0345596782863140
vn 3.3897032044795763 -0.5746254740570059 -2.9702863065657454
v 0.0124811092391610 0.0006869578501210 -0.0494405888020992
vn 3.4702040858594980 -0.0264620135634260 -0.0000030599820164
v 0.0125000001862645 0.0000000000000000 -0.0346500016748905
vn 3.4703922577921587 -0.0263909558171046 -0.0000000000000000
v 0.0125000001862645 0.0000000000000000 -0.0493500009179115
vn 3.3611691005695605 0.7588949237050739 2.9042406456052641
v 0.0124573064967990 -0.0010322418529540 -0.0344406925141811
vn 3.4194932049949833 0.7548963323316261 -2.8995571518482182
v 0.0124573064967990 -0.0010322418529540 -0.0495593100786209
vn 3.4629332335368526 1.3065457917441319 -2.5309759063993358
v 0.0124295763671398 -0.0013249999610707 -0.0497050322592258
vn 1.1407641424318817 0.0984146102294252 0.0537566663970347
v 0.0122158704325557 -0.0026499999221414 -0.0520000010728836
vn 3.4721387475894576 1.9179032184602538 -1.7557188352404807
v 0.0122875189408660 -0.0022949674166739 -0.1406750082969666
vn 3.3293961014429541 2.3268410647931272 0.8285021543179678
v 0.0122351143509150 -0.0025596832856536 -0.0526859462261200
vn 3.4193059478408845 0.7531347982083413 -2.8977944536921800
v 0.0124573064967990 -0.0010322418529540 -0.1395593136548996
vn 3.4707822820686522 1.9110520670564255 1.7531705770220198
v 0.0122875189408660 -0.0022949674166739 -0.0533250011503696
vn 3.3325284800122219 2.3408542290366787 -0.8308380889103133
v 0.0122351245954633 -0.0025596360210329 -0.0513138771057129
vn 3.4317535754117019 1.3294323013310547 2.5192847785964134
v 0.0124295763671398 -0.0013249999610707 -0.0542949661612511
vn 3.3611691005695596 0.7588949237050744 2.9042406456052641
v 0.0124573064967990 -0.0010322418529540 -0.0544406920671463
vn 3.4704151578890334 -0.0263908026843628 0.0000000000000000
v 0.0125000001862645 0.0000000000000000 -0.1393499970436096
vn 3.4702041370471215 -0.0264638775775096 -0.0000005488863096
v 0.0125000001862645 0.0000000000000000 -0.0546500012278557
vn 3.3896728604018369 -0.5746392049522926 -2.9702916164556274
v 0.0124811092391610 0.0006869578501210 -0.1394405961036682
vn 3.3896807630962087 -0.5741808004284212 2.9704402624852468
v 0.0124811641871929 0.0006859590066597 -0.0545596778392792
vn 3.4852990825358772 -1.2433877873811574 -2.5528768519905780
v 0.0124295763671398 0.0013249999610707 -0.1397050321102142
vn 3.4854272615104991 -1.2431590905126435 2.5529564588473974
v 0.0124295763671398 0.0013249999610707 -0.0542949661612511
vn 3.4719338446393677 -1.9178637781069576 1.7562478949229141
v 0.0122875189408660 0.0022949674166739 -0.0533250011503696
vn 3.4318646156646073 1.3299864858984689 2.5197102428026921
v 0.0124295763671398 -0.0013249999610707 -0.1442949771881104
vn 3.4854400160647749 -1.2431508933994055 2.5529566948133580
v 0.0124295763671398 0.0013249999610707 -0.1442949771881104
vn 3.4852991411351835 -1.2433885129308608 -2.5528752470611389
v 0.0124295763671398 0.0013249999610707 -0.1597050279378891
vn 3.3896781861182039 -0.5741501663784436 2.9704463641755332
v 0.0124811641871929 0.0006859590066597 -0.1445596814155579
vn 3.3896726532009915 -0.5746366387216189 -2.9702889104253325
v 0.0124811092391610 0.0006869578501210 -0.1594405919313431
vn 3.4701864958602151 -0.0264620202795559 -0.0000030599623318
v 0.0125000001862645 0.0000000000000000 -0.1446499973535538
vn 3.4704151578890352 -0.0263908026843629 -0.0000000000000000
v 0.0125000001862645 0.0000000000000000 -0.1593499928712845
vn 3.3611504696824608 0.7588613136188133 2.9042550965797558
v 0.0124573064967990 -0.0010322418529540 -0.1444406956434250
vn 3.4194736825991816 0.7548933217043811 -2.8995622260141412
v 0.0124573064967990 -0.0010322418529540 -0.1595593094825745
vn 3.3611504696824603 0.7588613136188131 2.9042550965797558
v 0.0124573064967990 -0.0010322418529540 -0.1644406914710999
vn -3.3201078854515709 -2.3953448580143633 -0.0000674288212104
v -0.0122158704325557 0.0026499999221414 -0.0520000010728836
vn -3.3325284800122219 -2.3408542290366787 -0.8308380889103133
v -0.0122351245954633 0.0025596360210329 -0.0513138771057129
vn -3.4720614198699997 -1.9174566399713115 1.7557276341577390
v -0.0122875189408660 0.0022949674166739 -0.0333250015974045
vn -3.4700276544752113 -1.9077036826574261 -1.7465454720611240
v -0.0122875189408660 0.0022949674166739 -0.0306749995797873
vn -3.4828622634775175 -1.2340641688425951 -2.5118392597547352
v -0.0124295763671398 0.0013249999610707 -0.0297050327062607
vn -3.4680496927626399 0.0193700192286174 0.0594442134096568
v -0.0125000001862645 0.0000000000000000 -0.0293499995023012
vn -3.3858780918398863 -0.5688061704552645 -2.8696659736444907
v -0.0124810962006450 0.0006871908553876 -0.0294406507164240
vn -3.4719612227665611 -1.9169512518723710 1.7555381371148588
v -0.0122875189408660 0.0022949674166739 -0.0533250011503696
vn -3.3332955459050515 -2.3448255423636284 0.8311941126641086
v -0.0122351143509150 0.0025596832856536 -0.0526859462261200
vn -3.3303883589339982 -2.3309940574681280 -0.8288522829701054
v -0.0122351245954633 0.0025596360210329 -0.0313138775527477
vn -3.3201082255494549 -2.3953466171530238 0.0000359319086869
v -0.0122158704325557 0.0026499999221414 -0.0320000015199184
vn -3.3336498882634520 -2.3464860461829384 0.8314407967057968
v -0.0122351143509150 0.0025596832856536 -0.0326859466731548
vn -3.3335043075033437 -2.3453985593641922 -0.8314440780067613
v -0.0122351245954633 0.0025596360210329 -0.1413138806819916
vn -3.3107914463043508 -2.3567962682307568 0.0004479354449792
v -0.0122158704325557 0.0026499999221414 -0.1420000046491623
vn -3.3323356784844549 -2.3403340740974654 0.8304374807540384
v -0.0122351143509150 0.0025596832856536 -0.1426859498023987
vn -3.4713631069007032 -1.9139857378391800 1.7544479868158716
v -0.0122875189408660 0.0022949674166739 -0.1433250010013580
vn -3.3325305299234009 -2.3408528703907905 -0.8308413685038321
v -0.0122351245954633 0.0025596360210329 -0.1613138765096664
vn -3.4721536456325905 -1.9179661563957131 -1.7559333754026287
v -0.0122875189408660 0.0022949674166739 -0.1606750041246414
vn -3.3003757431666156 -2.3160371612446333 0.0033106489893183
v -0.0122158704325557 0.0026499999221414 -0.1620000004768372
vn -3.3303172024743737 -2.3310314679347979 0.8287487548787000
v -0.0122351143509150 0.0025596832856536 -0.1626859456300735
vn -3.4700205780859235 -1.9077094398620418 1.7465188565066296
v -0.0122875189408660 0.0022949674166739 -0.1633249968290329
vn -3.4826834980301720 -1.2343648707354120 2.5117543596810634
v -0.0124295763671398 0.0013249999610707 -0.1642949730157852
vn -3.3863338207869758 -0.5469831672265996 2.9127394873244139
v -0.0124810226261616 0.0006885229959153 -0.1645589917898178
vn -3.4702471785784383 -0.0142709390962917 -0.0181532469352511
v -0.0125000001862645 0.0000000000000000 -0.1646499931812286
vn -3.4028556918530257 0.6297794946752531 2.7987070521085888
v -0.0124573064967990 -0.0010322418529540 -0.1644406914710999
vn -3.4406675278920904 1.2096449569673262 2.3564119393152918
v -0.0124295763671398 -0.0013249999610707 -0.1642949730157852
vn -3.4409002430443407 1.7856497054885205 1.6677962812595299
v -0.0122875189408660 -0.0022949674166739 -0.1633249968290329
vn -3.2827358438225271 2.1421644014831651 0.7946985257601169
v -0.0122351916506886 -0.0025593116879463 -0.1626873314380646
vn -3.2506292643311201 2.1450593979734780 -0.0029556804833487
v -0.0122158704325557 -0.0026499999221414 -0.1620000004768372
vn -1.1411359693989918 0.0983344545417870 -0.0536191117992604
v -0.0122158704325557 -0.0026499999221414 -0.1420000046491623
vn -3.4719189006855706 1.9178006024947907 1.7560332418689291
v -0.0122875189408660 -0.0022949674166739 -0.0533250011503696
vn -3.4629939275531565 1.3061210558412548 2.5295235096190201
v -0.0124295763671398 -0.0013249999610707 -0.0542949661612511
vn -3.3294304250249787 2.3267745671950362 -0.8289752702920508
v -0.0122351562604308 -0.0025594811886549 -0.1413132995367050
vn -3.4195280639502843 0.7532433835042441 2.8977333593391701
v -0.0124573064967990 -0.0010322418529540 -0.0544406920671463
vn -3.4706412720617252 1.9110043384855560 -1.7533574774556193
v -0.0122875189408660 -0.0022949674166739 -0.1406750082969666
vn -3.4852633444188088 -1.2434487204990625 -2.5528560186786504
v -0.0124295763671398 0.0013249999610707 -0.1597050279378891
vn -3.4850746215758397 -1.2437674817091207 2.5527464085201239
v -0.0124295763671398 0.0013249999610707 -0.1442949771881104
vn -3.3896871281761447 -0.5747475968980806 -2.9702522613536448
v -0.0124810962006450 0.0006871908553876 -0.1594406515359879
vn -3.3897346706639953 -0.5753161580235859 2.9700525259393116
v -0.0124810226261616 0.0006885229959153 -0.1445589959621429
vn -3.4704558583234464 -0.0263702305201380 0.0000041061952994
v -0.0125000001862645 0.0000000000000000 -0.1593499928712845
vn -3.4706775850989375 -0.0262749548806221 0.0000000000000000
v -0.0125000001862645 0.0000000000000000 -0.1446499973535538
vn -3.3611316959922974 0.7589012031166923 -2.9042461064114997
v -0.0124573064967990 -0.0010322418529540 -0.1595593094825745
vn -3.4196793104873908 0.7549632181470680 2.8995169354507437
v -0.0124573064967990 -0.0010322418529540 -0.1444406956434250
vn -3.4318646156646069 1.3299864858984689 -2.5197102428026921
v -0.0124295763671398 -0.0013249999610707 -0.1597050279378891
vn -3.4630857087957354 1.3064213255859283 2.5310319854640442
v -0.0124295763671398 -0.0013249999610707 -0.1442949771881104
vn -3.4690275081430215 1.9030117354074310 -1.7506196358057289
v -0.0122875189408660 -0.0022949674166739 -0.1606750041246414
vn -3.4719260899807649 1.9178698909939680 1.7562433688779344
v -0.0122875189408660 -0.0022949674166739 -0.1433250010013580
vn -3.3325372056099365 2.3407397785848856 0.8315792641987076
v -0.0122351916506886 -0.0025593116879463 -0.1426873356103897
vn -3.3255649930203797 2.3094417490075894 -0.8262292377679805
v -0.0122351562604308 -0.0025594811886549 -0.1613132953643799
vn -3.3337260328617919 2.3463029362262748 0.8323076706045542
v -0.0122351916506886 -0.0025593116879463 -0.0526873320341110
vn -3.2506837946666964 2.1451860225113850 0.0013734484585439
v -0.0122158704325557 -0.0026499999221414 -0.0520000010728836
vn -3.3054550594094376 2.2260053339645536 -0.8123384925913275
v -0.0122351562604308 -0.0025594811886549 -0.0513132996857166
vn -3.4592221752180494 1.8568545352739756 -1.7342696202857923
v -0.0122875189408660 -0.0022949674166739 -0.0506750009953976
vn -3.4719338446393677 1.9178637781069576 1.7562478949229141
v -0.0122875189408660 -0.0022949674166739 -0.0333250015974045
vn -3.4630623556225779 1.3064457779094485 2.5310231346553236
v -0.0124295763671398 -0.0013249999610707 -0.0342949666082859
vn -3.4318506904466055 1.3299986604397080 -2.5197060449594266
v -0.0124295763671398 -0.0013249999610707 -0.0497050322592258
vn -3.4196957558393786 0.7550014609834629 2.8995006499542972
v -0.0124573064967990 -0.0010322418529540 -0.0344406925141811
vn -3.3611415055939973 0.7589078656015953 -2.9042409925936572
v -0.0124573064967990 -0.0010322418529540 -0.0495593100786209
vn -3.4706951339198358 -0.0262749482337001 0.0000000000000000
v -0.0125000001862645 0.0000000000000000 -0.0346500016748905
vn -3.4704382881912275 -0.0263702372346720 0.0000041061679384
v -0.0125000001862645 0.0000000000000000 -0.0493500009179115
vn -3.3897373794207404 -0.5753480099678933 2.9700442700463290
v -0.0124810226261616 0.0006885229959153 -0.0345589928328991
vn -3.3897051922246879 -0.5747377199030017 -2.9702515215067375
v -0.0124810962006450 0.0006871908553876 -0.0494406521320343
vn -3.4850618418303894 -1.2437757270322507 2.5527461449268349
v -0.0124295763671398 0.0013249999610707 -0.0342949666082859
vn -3.4852560111400317 -1.2434519037976757 -2.5528568209091458
v -0.0124295763671398 0.0013249999610707 -0.0497050322592258
vn -3.4721594955153416 -1.9179624524721557 -1.7559354952426274
v -0.0122875189408660 0.0022949674166739 -0.0506750009953976
vn -3.3325357495117811 2.3407411610197553 0.8315757757798961
v -0.0122351916506886 -0.0025593116879463 -0.0326873324811459
vn -3.2411457982528304 2.1162990538643562 -0.0033812398625652
v -0.0122158704325557 -0.0026499999221414 -0.0320000015199184
vn -3.2826616019163133 2.1422000123402816 -0.7943356513920787
v -0.0122351562604308 -0.0025594811886549 -0.0313133001327515
vn -3.4409973839281869 1.7856674882611341 -1.6676596520078157
v -0.0122875189408660 -0.0022949674166739 -0.0306749995797873
vn -3.4102944609655426 1.2076747299554478 -2.4448598717245997
v -0.0124295763671398 -0.0013249999610707 -0.0297050327062607
vn -3.3611481630164448 0.7589133241102444 -2.9042380252708178
v -0.0124573064967990 -0.0010322418529540 -0.0295593086630106
vn -3.4317795249826437 1.3294060930961091 -2.5192950269693739
v -0.0124295763671398 -0.0013249999610707 -0.1397050321102142
vn -3.3611316959923037 0.7589012031166922 -2.9042461064114997
v -0.0124573064967990 -0.0010322418529540 -0.1395593136548996
vn -3.4706951339198442 -0.0262749482337003 0.0000000000000000
v -0.0125000001862645 0.0000000000000000 -0.0546500012278557
vn -3.4704559271569426 -0.0263727325354650 0.0000007366196876
v -0.0125000001862645 0.0000000000000000 -0.1393499970436096
vn -3.3897376544162543 -0.5753514132132673 2.9700478560710923
v -0.0124810226261616 0.0006885229959153 -0.0545589923858643
vn -3.3896870824996381 -0.5747459389407397 -2.9702551133589616
v -0.0124810962006450 0.0006871908553876 -0.1394406557083130
vn -3.4850617641422819 -1.2437747658708840 2.5527482718916747
v -0.0124295763671398 0.0013249999610707 -0.0542949661612511
vn -3.4852633444188084 -1.2434487204990625 -2.5528560186786504
v -0.0124295763671398 0.0013249999610707 -0.1397050321102142
vn -3.4721536456325905 -1.9179661563957131 -1.7559333754026287
v -0.0122875189408660 0.0022949674166739 -0.1406750082969666
vn -0.0000000000001499 -3.1308624626129826 -0.0000000000000009
v -0.0000000000000012 -0.0125000001862645 -0.1720000058412552
vn -0.0000000000000179 -3.1308624626129733 0.0000000000000009
v -0.0000000000000001 -0.0125000001862645 -0.0219999998807907
vn -3.2928659255862502 3.9417926249596866 -0.0001097886801748
v 0.0101600931957364 -0.0026499999221414 -0.0520000010728836
vn -3.4457039842339183 3.3291921960901218 1.6597745380725364
v 0.0102461269125342 -0.0022949674166739 -0.0333250015974045
vn -3.3024669055486764 3.8033366232380574 -0.7771214294217130
v 0.0101832645013928 -0.0025595158804208 -0.0513134300708771
vn -3.4458493082258075 3.3285698495611262 -1.6595777817851878
v 0.0102461269125342 -0.0022949674166739 -0.0506750009953976
vn -3.4873989389153994 2.2838212082989706 -2.5669474621856319
v 0.0104160634800792 -0.0013249999610707 -0.0497050322592258
vn -3.4724811180706978 2.2928669601438405 2.5631000947623406
v 0.0104160634800792 -0.0013249999610707 -0.0342949666082859
vn -3.4507050170475724 1.0374171007308872 -3.0616857327946554
v 0.0104774739593267 -0.0006874101236463 -0.0494407117366791
vn -3.3876923475373082 1.0602432541122480 3.0626986195374331
v 0.0104774264618754 -0.0006881386507303 -0.0345590934157372
vn -3.4542155245189230 0.0219641367488480 0.0618129284580074
v 0.0104999998584390 0.0000000000000000 -0.1646499931812286
vn -3.3835042881702271 1.0645825975223506 3.1645041679086794
v 0.0104774264618754 -0.0006881386507303 -0.1645590960979462
vn -3.4703813140197792 2.2986606986865574 2.6010850187644330
v 0.0104160634800792 -0.0013249999610707 -0.1642949730157852
vn -3.4444326915449013 3.3341805429628795 1.6661705112211245
v 0.0102461269125342 -0.0022949674166739 -0.1633249968290329
vn -3.3023458766143787 3.8035549306919356 0.7774379074258611
v 0.0101832514628768 -0.0025595666375011 -0.1626863777637482
vn -3.1316543065451206 4.3937179851076857 -0.0111338491889803
v 0.0101600931957364 -0.0026499999221414 -0.1620000004768372
vn -3.3024689528746909 3.8033355250994507 -0.7771240793913115
v 0.0101832645013928 -0.0025595158804208 -0.1613134294748306
vn -3.4453127030172572 3.3308165422009850 1.6603732937427107
v 0.0102461269125342 -0.0022949674166739 -0.1433250010013580
vn -3.4458434796777895 3.3285720657928675 -1.6595775210178307
v 0.0102461269125342 -0.0022949674166739 -0.1606750041246414
vn -3.4874076682149964 2.2838197207303566 -2.5669451915011159
v 0.0104160634800792 -0.0013249999610707 -0.1597050279378891
vn -3.4724951866634943 2.2928658893838074 2.5630962984841754
v 0.0104160634800792 -0.0013249999610707 -0.1442949771881104
vn -3.4506864769855898 1.0374268341745050 -3.0616871969061683
v 0.0104774739593267 -0.0006874101236463 -0.1594407111406326
vn -3.2644261075601548 4.0398021077788613 -0.0011141154486058
v 0.0101600931957364 -0.0026499999221414 -0.1420000046491623
vn -3.3875048172382716 1.0606814395875990 3.0694096326836138
v 0.0104774264618754 -0.0006881386507303 -0.0545590929687023
vn -3.2896170887312195 3.8514269565602604 -0.7849669921356313
v 0.0101832645013928 -0.0025595158804208 -0.1413134336471558
vn -3.3034526362847356 3.7992640475749786 0.7765924867700288
v 0.0101832514628768 -0.0025595666375011 -0.1426863819360733
vn -3.4566308062311428 -0.0276922288468140 0.0119576441991033
v 0.0104999998584390 0.0000000000000000 -0.0546500012278557
vn -3.4398392653979868 3.3530356053591008 -1.6725053467144870
v 0.0102461269125342 -0.0022949674166739 -0.1406750082969666
vn -3.3649577590023614 -1.3070989556785892 3.0048065326178488
v 0.0104552088305354 0.0009688177960925 -0.0544665530323982
vn -3.4849986145757228 2.2967610175167201 -2.5796429026576719
v 0.0104160634800792 -0.0013249999610707 -0.1397050321102142
vn -3.4503312042982568 1.0405620919331626 -3.0672225962464568
v 0.0104774739593267 -0.0006874101236463 -0.1394407153129578
vn -3.4724002711749802 2.2929890794703445 2.5654421600354098
v 0.0104160634800792 -0.0013249999610707 -0.0542949661612511
vn -3.4457246073197907 3.3290904256705556 1.6599700001634097
v 0.0102461269125342 -0.0022949674166739 -0.0533250011503696
vn -3.3039312777737533 3.7974052932764972 0.7762450668203540
v 0.0101832514628768 -0.0025595666375011 -0.0526863820850849
vn -3.3041002414079728 3.7967457663350239 0.7761592971887197
v 0.0101832514628768 -0.0025595666375011 -0.0326863825321198
vn -3.2928658921723568 3.9417927434408426 -0.0001293379093328
v 0.0101600931957364 -0.0026499999221414 -0.0320000015199184
vn -3.3024170520651532 3.8035216479148142 -0.7775373912964281
v 0.0101832645013928 -0.0025595158804208 -0.0313134305179119
vn -3.4444425674967638 3.3341545439494986 -1.6662037313547848
v 0.0102461269125342 -0.0022949674166739 -0.0306749995797873
vn -3.4852817774189244 2.2896108519486416 -2.6049504969085104
v 0.0104160634800792 -0.0013249999610707 -0.0297050327062607
vn -3.4468412694358883 1.0646786537931763 -3.1199623278185928
v 0.0104774739593267 -0.0006874101236463 -0.0294407103210688
vn -3.4563399354145465 -0.0125398032423571 -0.0194101008567560
v 0.0104999998584390 0.0000000000000000 -0.0293499995023012
vn -3.3453135566368899 -1.4387796652784151 -3.1056407693803525
v 0.0104552088305354 0.0009688177960925 -0.0295334458351135
vn -3.4055783704470821 -2.4578313369381215 -2.7031065312339058
v 0.0104160634800792 0.0013249999610707 -0.0297050327062607
vn -3.4109991003791098 -3.4548192772160036 -1.7462880984328721
v 0.0102461269125342 0.0022949674166739 -0.0306749995797873
vn -3.2457865336753144 -3.9956797945849973 -0.8133762915711988
v 0.0101832933723927 0.0025593996979296 -0.0313129983842373
vn -3.1905900605208952 -4.2530237278035221 0.0047353495049563
v 0.0101600931957364 0.0026499999221414 -0.0320000015199184
vn -3.3024680670548907 -3.8031267261026125 0.7777317627173845
v 0.0101833380758762 0.0025592241436243 -0.0326876565814018
vn -3.4315988732491061 -3.3852686123882640 -1.6804545503912998
v 0.0102461269125342 0.0022949674166739 -0.0506750009953976
vn -3.4456420956546294 -3.3283771999661083 1.6599269045417313
v 0.0102461269125342 0.0022949674166739 -0.0333250015974045
vn -3.4308776217536852 -2.3648913216144956 2.5241133781811538
v 0.0104160634800792 0.0013249999610707 -0.0342949666082859
vn -3.4570212250201218 -0.0253761051026207 -0.0000026240546382
v 0.0104999998584390 0.0000000000000000 -0.0346500016748905
vn -3.4568749763046323 -0.0254370655641587 -0.0000000000000000
v 0.0104999998584390 0.0000000000000000 -0.0493500009179115
vn -3.3648250971294429 -1.3101942432719111 2.9992222520321259
v 0.0104552088305354 0.0009688177960925 -0.0344665534794331
vn -3.3648530981811078 -1.3101558083968876 -2.9992305943199091
v 0.0104552088305354 0.0009688177960925 -0.0495334453880787
vn -3.4308795130459284 -2.3648937875936644 -2.5241109122034655
v 0.0104160634800792 0.0013249999610707 -0.0497050322592258
vn -3.2728920605713752 -3.9094824443876002 -0.7951579124792443
v 0.0101832933723927 0.0025593996979296 -0.0513129979372025
vn -3.1959292042520207 -4.2392357565669396 0.0007795890518579
v 0.0101600931957364 0.0026499999221414 -0.0520000010728836
vn -3.4568523628982097 -0.0243323719213801 -0.0015463832462917
v 0.0104999998584390 0.0000000000000000 -0.1393499970436096
vn -3.3648558095925378 -1.3101574302453636 -2.9992303138472129
v 0.0104552088305354 0.0009688177960925 -0.1395334452390671
vn -3.4308776217537051 -2.3648913216144978 2.5241133781811538
v 0.0104160634800792 0.0013249999610707 -0.0542949661612511
vn -3.4308832956089481 -2.3648987195075013 -2.5241059802641757
v 0.0104160634800792 0.0013249999610707 -0.1397050321102142
vn -3.4456420956546290 -3.3283771999661083 1.6599269045417313
v 0.0102461269125342 0.0022949674166739 -0.0533250011503696
vn -3.4419205192694240 -3.3442894833826911 -1.6656791246252247
v 0.0102461269125342 0.0022949674166739 -0.1406750082969666
vn -3.3038512085678846 -3.7977545623653466 0.7770043260454882
v 0.0101833380758762 0.0025592241436243 -0.0526876561343670
vn -3.3024739687298772 -3.8031244872731449 0.7777364800198929
v 0.0101833380758762 0.0025592241436243 -0.1426876634359360
vn -3.2040356850842779 -4.2178518937772740 -0.0000220264741127
v 0.0101600931957364 0.0026499999221414 -0.1420000046491623
vn -3.4455813037838832 -3.3290914390347308 -1.6599682613443361
v 0.0102461269125342 0.0022949674166739 -0.1606750041246414
vn -3.4456332438590325 -3.3283801215815014 1.6599274816853706
v 0.0102461269125342 0.0022949674166739 -0.1433250010013580
vn -3.4308832956089486 -2.3648987195075013 -2.5241059802641757
v 0.0104160634800792 0.0013249999610707 -0.1597050279378891
vn -3.4308832956089468 -2.3648987195075013 2.5241059802641757
v 0.0104160634800792 0.0013249999610707 -0.1442949771881104
vn -3.3648558095925210 -1.3101574302453620 -2.9992303138472125
v 0.0104552088305354 0.0009688177960925 -0.1595334410667419
vn -3.3648425698679412 -1.3101713922430729 2.9992268733336678
v 0.0104552088305354 0.0009688177960925 -0.1444665640592575
vn -3.4568893226300261 -0.0254368881051329 -0.0000000000000000
v 0.0104999998584390 0.0000000000000000 -0.1593499928712845
vn -3.4569904618485570 -0.0253759430508445 -0.0000026240306823
v 0.0104999998584390 0.0000000000000000 -0.1446499973535538
vn -3.3877087632440976 1.0602140184183000 3.0627039169769241
v 0.0104774264618754 -0.0006881386507303 -0.1445591002702713
vn -3.2940564779979571 -3.8348831935761258 -0.7825298225172808
v 0.0101832933723927 0.0025593996979296 -0.1413130015134811
vn -3.3041182772907955 -3.7966284369327252 -0.7765075759796193
v 0.0101832933723927 0.0025593996979296 -0.1613129973411560
vn -3.2039892855073338 -4.2179359472464544 0.0033521711059759
v 0.0101600931957364 0.0026499999221414 -0.1620000004768372
vn -3.2458670994553565 -3.9954988289532585 0.8137707653804136
v 0.0101833380758762 0.0025592241436243 -0.1626876592636108
vn -3.4109057574929120 -3.4546974501279966 1.7464816047906782
v 0.0102461269125342 0.0022949674166739 -0.1633249968290329
vn -3.4059654848353160 -2.4861835495683451 2.6006979295063708
v 0.0104160634800792 0.0013249999610707 -0.1642949730157852
vn -3.3648425698679416 -1.3101713922430731 2.9992268733336678
v 0.0104552088305354 0.0009688177960925 -0.1644665598869324
vn 3.4540978737057766 0.0219078199327276 -0.0618277142045358
v -0.0104999998584390 0.0000000000000000 -0.0293499995023012
vn 3.3834882567218121 1.0639926107819146 -3.1646775305665114
v -0.0104774748906493 -0.0006873938837089 -0.0294407047331333
vn 3.4704840716796563 2.2984597608239583 -2.6012019212327293
v -0.0104160634800792 -0.0013249999610707 -0.0297050327062607
vn 3.4443233744821331 3.3340726242344472 -1.6663700270824848
v -0.0102461269125342 -0.0022949674166739 -0.0306749995797873
vn 3.3023632244601950 3.8034378283870924 -0.7777814916215100
v -0.0101832933723927 -0.0025593996979296 -0.0313129983842373
vn 3.1319986459929843 4.3936502733482854 0.0112629773939221
v -0.0101600931957364 -0.0026499999221414 -0.0320000015199184
vn 3.3024680670548907 3.8031267261026125 0.7777317627173845
v -0.0101833380758762 -0.0025592241436243 -0.0326876565814018
vn 3.4452016460089707 3.3307077283874023 -1.6605726814215971
v -0.0102461269125342 -0.0022949674166739 -0.0506750009953976
vn 3.4456420956546294 3.3283771999661083 1.6599269045417313
v -0.0102461269125342 -0.0022949674166739 -0.0333250015974045
vn 3.4876154556106065 2.2834972859714764 2.5671102383842825
v -0.0104160634800792 -0.0013249999610707 -0.0342949666082859
vn 3.4726000007600728 2.2926716382528634 -2.5632000925610585
v -0.0104160634800792 -0.0013249999610707 -0.0497050322592258
vn 3.4509285754774983 1.0364328627223045 3.0618825701284238
v -0.0104775484651327 -0.0006862834561616 -0.0345595926046371
vn 3.2647700006151879 4.0397353742872273 0.0012438983372620
v -0.0101600931957364 -0.0026499999221414 -0.0520000010728836
vn 3.3874711291097208 1.0600783293182134 -3.0695532552855873
v -0.0104774748906493 -0.0006873938837089 -0.1394407153129578
vn 3.2896307932934414 3.8511684784178204 0.7855787382452750
v -0.0101833380758762 -0.0025592241436243 -0.0526876561343670
vn 3.3034707581176841 3.7991472093124585 -0.7769367478585768
v -0.0101832933723927 -0.0025593996979296 -0.0513129979372025
vn 3.4565021847678548 -0.0277560694066822 -0.0119578840937486
v -0.0104999998584390 0.0000000000000000 -0.1393499970436096
vn 3.4396428785886832 3.3528221471541295 1.6728524366228337
v -0.0102461269125342 -0.0022949674166739 -0.0533250011503696
vn 3.3649920627439815 -1.3070556212091873 -3.0048160331524985
v -0.0104552088305354 0.0009688177960925 -0.1395334452390671
vn 3.4852063423185258 2.2964387437202740 2.5798067023975708
v -0.0104160634800792 -0.0013249999610707 -0.0542949661612511
vn 3.4505738368993910 1.0395645635393675 3.0674139470083128
v -0.0104775484651327 -0.0006862834561616 -0.0545595921576023
vn 3.2932092273656952 3.9417260070863649 0.0002373367204581
v -0.0101600931957364 -0.0026499999221414 -0.1420000046491623
vn 3.4455813037838832 3.3290914390347308 -1.6599682613443361
v -0.0102461269125342 -0.0022949674166739 -0.1606750041246414
vn 3.3024739687298772 3.8031244872731449 0.7777364800198929
v -0.0101833380758762 -0.0025592241436243 -0.1426876634359360
vn 3.4456332438590325 3.3283801215815014 1.6599274816853706
v -0.0102461269125342 -0.0022949674166739 -0.1433250010013580
vn 3.4876359463180528 2.2834854529927413 2.5671108078222962
v -0.0104160634800792 -0.0013249999610707 -0.1442949771881104
vn 3.4726176737220689 2.2926579252587915 -2.5632030352636219
v -0.0104160634800792 -0.0013249999610707 -0.1597050279378891
vn 3.4509178960347100 1.0364016617036436 3.0618933429328861
v -0.0104775484651327 -0.0006862834561616 -0.1445595920085907
vn 3.4725368109525414 2.2927799117391010 -2.5655451814871886
v -0.0104160634800792 -0.0013249999610707 -0.1397050321102142
vn 3.4456021136842612 3.3289888818425140 -1.6601634242947472
v -0.0102461269125342 -0.0022949674166739 -0.1406750082969666
vn 3.3039493787349117 3.7972877342883611 -0.7765933460261090
v -0.0101832933723927 -0.0025593996979296 -0.1413130015134811
vn 3.3041182772907955 3.7966284369327252 -0.7765075759796193
v -0.0101832933723927 -0.0025593996979296 -0.1613129973411560
vn 3.2932091948488549 3.9417261219923119 0.0002569844333055
v -0.0101600931957364 -0.0026499999221414 -0.1620000004768372
vn 3.3024214936380023 3.8033230681978347 0.7781563794917483
v -0.0101833380758762 -0.0025592241436243 -0.1626876592636108
vn 3.4442238803142007 3.3339681909112651 1.6665565827448501
v -0.0102461269125342 -0.0022949674166739 -0.1633249968290329
vn 3.4855222870190943 2.2892632590107311 2.6051336506852865
v -0.0104160634800792 -0.0013249999610707 -0.1642949730157852
vn 3.4470522618622481 1.0636696066944522 3.1201755223395873
v -0.0104775484651327 -0.0006862834561616 -0.1645595878362656
vn 3.3024669055486764 -3.8033366232380574 -0.7771214294217130
v -0.0101832645013928 0.0025595158804208 -0.0513134300708771
vn 3.2036923783762354 -4.2179185320048855 0.0001493157042841
v -0.0101600931957364 0.0026499999221414 -0.0520000010728836
vn 3.4457039842339179 -3.3291921960901218 1.6597745380725364
v -0.0102461269125342 0.0022949674166739 -0.0333250015974045
vn 3.4458493082258053 -3.3285698495611262 -1.6595777817851878
v -0.0102461269125342 0.0022949674166739 -0.0506750009953976
vn 3.4308776217536865 -2.3648913216144964 2.5241133781811542
v -0.0104160634800792 0.0013249999610707 -0.0342949666082859
vn 3.4308795130459266 -2.3648937875936644 -2.5241109122034660
v -0.0104160634800792 0.0013249999610707 -0.0497050322592258
vn 3.3648871277931360 -1.3101094726255957 2.9992408648690958
v -0.0104552088305354 0.0009688177960925 -0.0344665534794331
vn 3.3648595227411797 -1.3101476499250970 -2.9992323830349399
v -0.0104552088305354 0.0009688177960925 -0.0495334453880787
vn 3.4566629548112848 -0.0255374539650473 0.0000000000000000
v -0.0104999998584390 0.0000000000000000 -0.0346500016748905
vn 3.4568675300722633 -0.0254413553966148 0.0000041349196691
v -0.0104999998584390 0.0000000000000000 -0.0493500009179115
vn 3.3876981991256416 1.0596355641359463 -3.0628346390367138
v -0.0104774748906493 -0.0006873938837089 -0.0494407042860985
vn 3.4561072656230154 -0.0126533143436552 0.0193936864397191
v -0.0104999998584390 0.0000000000000000 -0.1646499931812286
vn 3.3453679817527431 -1.4387071941190477 3.1056563289915191
v -0.0104552088305354 0.0009688177960925 -0.1644665598869324
vn 3.4055829625953837 -2.4578381438856223 2.7031003320289622
v -0.0104160634800792 0.0013249999610707 -0.1642949730157852
vn 3.4111025853743615 -3.4549446466483906 1.7460821140291722
v -0.0102461269125342 0.0022949674166739 -0.1633249968290329
vn 3.2457499101931497 -3.9958505449504327 0.8130133545121024
v -0.0101832514628768 0.0025595666375011 -0.1626863777637482
vn 3.1902461897589123 -4.2530904700874403 -0.0046092954314024
v -0.0101600931957364 0.0026499999221414 -0.1620000004768372
vn 3.3024689528746909 -3.8033355250994507 -0.7771240793913115
v -0.0101832645013928 0.0025595158804208 -0.1613134294748306
vn 3.4317064556091426 -3.3853892108460455 1.6802537679300948
v -0.0102461269125342 0.0022949674166739 -0.1433250010013580
vn 3.4458434796777895 -3.3285720657928675 -1.6595775210178307
v -0.0102461269125342 0.0022949674166739 -0.1606750041246414
vn 3.4308832956089486 -2.3648987195075013 2.5241059802641757
v -0.0104160634800792 0.0013249999610707 -0.1442949771881104
vn 3.4308832956089468 -2.3648987195075013 -2.5241059802641757
v -0.0104160634800792 0.0013249999610707 -0.1597050279378891
vn 3.3649046295554439 -1.3100866037402821 2.9992454886220195
v -0.0104552088305354 0.0009688177960925 -0.1444665640592575
vn 3.3648594008563237 -1.3101509092117629 -2.9992317524430847
v -0.0104552088305354 0.0009688177960925 -0.1595334410667419
vn 3.4566428069505672 -0.0255369432645901 0.0000000000000000
v -0.0104999998584390 0.0000000000000000 -0.1446499973535538
vn 3.4568925187872335 -0.0254408293046960 0.0000041349707362
v -0.0104999998584390 0.0000000000000000 -0.1593499928712845
vn 3.3876585089094817 1.0596425157765346 -3.0628406396477592
v -0.0104774748906493 -0.0006873938837089 -0.1594407111406326
vn 3.2728555400164350 -3.9096579268295044 0.7948070830361160
v -0.0101832514628768 0.0025595666375011 -0.1426863819360733
vn 3.1955853130919887 -4.2393024939176209 -0.0006514432341377
v -0.0101600931957364 0.0026499999221414 -0.1420000046491623
vn 3.4566260944928446 -0.0244340879064407 0.0015451029135696
v -0.0104999998584390 0.0000000000000000 -0.0546500012278557
vn 3.3648871277931538 -1.3101094726255971 2.9992408648690958
v -0.0104552088305354 0.0009688177960925 -0.0544665530323982
vn 3.4308832956089637 -2.3648987195075031 -2.5241059802641757
v -0.0104160634800792 0.0013249999610707 -0.1397050321102142
vn 3.4308776217536847 -2.3648913216144960 2.5241133781811542
v -0.0104160634800792 0.0013249999610707 -0.0542949661612511
vn 3.4458434796777841 -3.3285720657928666 -1.6595775210178307
v -0.0102461269125342 0.0022949674166739 -0.1406750082969666
vn 3.4420419082940574 -3.3443950442557875 1.6654855349457947
v -0.0102461269125342 0.0022949674166739 -0.0533250011503696
vn 3.3038561499773271 -3.7979479506779814 -0.7763956893093047
v -0.0101832645013928 0.0025595158804208 -0.1413134336471558
vn 3.2940303912366664 -3.8350290786832546 0.7821804988879228
v -0.0101832514628768 0.0025595666375011 -0.0526863820850849
vn 3.3041002414079728 -3.7967457663350239 0.7761592971887197
v -0.0101832514628768 0.0025595666375011 -0.0326863825321198
vn 3.2036460053841926 -4.2180026580240551 -0.0032191852140075
v -0.0101600931957364 0.0026499999221414 -0.0320000015199184
vn 3.2458277534626374 -3.9957968063487348 -0.8131182246176507
v -0.0101832645013928 0.0025595158804208 -0.0313134305179119
vn 3.4111140707931757 -3.4549142781109961 -1.7461177826981660
v -0.0102461269125342 0.0022949674166739 -0.0306749995797873
vn 3.4059608926870153 -2.4861767426208443 -2.6007041287113148
v -0.0104160634800792 0.0013249999610707 -0.0297050327062607
vn 3.3648566286147812 -1.3101509166344529 -2.9992317177021519
v -0.0104552088305354 0.0009688177960925 -0.0295334458351135
vn 0.0000000000001782 3.1281912012816040 -0.0000000000000010
v -0.0000000000000012 -0.0104999998584390 -0.1720000058412552
vn 0.0000000000000207 3.1281912012816044 0.0000000000000010
v -0.0000000000000001 -0.0104999998584390 -0.0219999998807907
vn 0.0000000000001779 -3.0881011524305846 0.0000000000000020
v -0.0000000000000012 0.0104999998584390 -0.1720000058412552
vn 0.0000000000000208 -3.0881011524305797 -0.0000000000000020
v -0.0000000000000002 0.0104999998584390 -0.0219999998807907
vn -0.0157194975108238 -0.0363881188062224 -3.1756965225735234
v 0.0104999998584390 0.0000000000000000 -0.0493500009179115
vn 0.0000000000000000 0.1023120114044029 -3.0300532957782087
v 0.0125000001862645 0.0000000000000000 -0.0493500009179115
vn 0.0247340674042235 -0.0710082609444171 3.1809670578400433
v 0.0104999998584390 0.0000000000000000 -0.0546500012278557
vn -0.0286769070387524 0.0814322754617816 3.0341139036418276
v 0.0125000001862645 0.0000000000000000 -0.0546500012278557
vn 0.0159375093761484 -0.0367037434160214 3.1756672427024379
v -0.0104999998584390 0.0000000000000000 -0.0546500012278557
vn 0.0287168919682917 0.0810506084815718 -3.0340224897778465
v -0.0125000001862645 0.0000000000000000 -0.0493500009179115
vn -0.0246622288732759 -0.0712997506870690 -3.1809580992946982
v -0.0104999998584390 0.0000000000000000 -0.0493500009179115
vn 0.0000000000000000 0.1018513756804759 3.0299303565377906
v -0.0125000001862645 0.0000000000000000 -0.0546500012278557
vn -0.0157186805620627 -0.0363904182058619 -3.1756960934408367
v 0.0104999998584390 0.0000000000000000 -0.0293499995023012
vn 0.0000000000000000 0.1023120114044018 -3.0300532957782078
v 0.0125000001862645 0.0000000000000000 -0.0293499995023012
vn 0.0247340674042235 -0.0710082609444183 3.1809670578400433
v 0.0104999998584390 0.0000000000000000 -0.0346500016748905
vn -0.0286769070387525 0.0814322754617805 3.0341139036418276
v 0.0125000001862645 0.0000000000000000 -0.0346500016748905
vn 0.0159375093761485 -0.0367037434160227 3.1756672427024379
v -0.0104999998584390 0.0000000000000000 -0.0346500016748905
vn 0.0287157899344741 0.0810514220566010 -3.0340223485080973
v -0.0125000001862645 0.0000000000000000 -0.0293499995023012
vn -0.0246630460363962 -0.0712978179928548 -3.1809571002699792
v -0.0104999998584390 0.0000000000000000 -0.0293499995023012
vn 0.0000000000000000 0.1018513756804749 3.0299303565377915
v -0.0125000001862645 0.0000000000000000 -0.0346500016748905
vn -0.0157227173047217 -0.0363832631485425 -3.1756923994405506
v 0.0104999998584390 0.0000000000000000 -0.1393499970436096
vn -0.0000000000000001 0.1022979425705323 -3.0300480730923329
v 0.0125000001862645 0.0000000000000000 -0.1393499970436096
vn 0.0247322083691492 -0.0710115021147710 3.1809745282282020
v 0.0104999998584390 0.0000000000000000 -0.1446499973535538
vn -0.0286806255903622 0.0814354416342075 3.0341183988510405
v 0.0125000001862645 0.0000000000000000 -0.1446499973535538
vn 0.0159384209669740 -0.0366909374753843 3.1756727615979750
v -0.0104999998584390 0.0000000000000000 -0.1446499973535538
vn 0.0287109650760864 0.0810491034497343 -3.0340177118256624
v -0.0125000001862645 0.0000000000000000 -0.1393499970436096
vn -0.0246591961082220 -0.0712742127796500 -3.1809520642235212
v -0.0104999998584390 0.0000000000000000 -0.1393499970436096
vn 0.0000000000000000 0.1018572456437569 3.0299345220109548
v -0.0125000001862645 0.0000000000000000 -0.1446499973535538
vn -0.0157227173047217 -0.0363832631485434 -3.1756923994405497
v 0.0104999998584390 0.0000000000000000 -0.1593499928712845
vn -0.0000000000000001 0.1022979425705320 -3.0300480730923329
v 0.0125000001862645 0.0000000000000000 -0.1593499928712845
vn 0.0247322083691492 -0.0710115021147713 3.1809745282282016
v 0.0104999998584390 0.0000000000000000 -0.1646499931812286
vn -0.0286806255903622 0.0814354416342071 3.0341183988510401
v 0.0125000001862645 0.0000000000000000 -0.1646499931812286
vn 0.0159384209669740 -0.0366909374753847 3.1756727615979745
v -0.0104999998584390 0.0000000000000000 -0.1646499931812286
vn 0.0287109650760864 0.0810491034497340 -3.0340177118256628
v -0.0125000001862645 0.0000000000000000 -0.1593499928712845
vn -0.0246591961082220 -0.0712742127796503 -3.1809520642235212
v -0.0104999998584390 0.0000000000000000 -0.1593499928712845
vn 0.0000000000000000 0.1018572456437566 3.0299345220109548
v -0.0125000001862645 0.0000000000000000 -0.1646499931812286
# 2812 vertices, 0 vertices normals

f 1//1 2//2 3//3
f 1//1 3//3 4//4
f 5//5 6//6 7//7
f 5//5 7//7 8//8
f 9//9 8//8 7//7
f 9//9 7//7 10//10
f 10//10 7//7 11//11
f 12//12 13//13 14//14
f 3//3 2//2 15//15
f 3//3 15//15 16//16
f 16//16 15//15 14//14
f 16//16 14//14 17//17
f 17//17 14//14 13//13
f 18//18 12//12 14//14
f 18//18 14//14 7//7
f 7//7 14//14 19//19
f 7//7 19//19 11//11
f 20//20 21//21 22//22
f 20//20 22//22 23//23
f 23//23 22//22 24//24
f 25//25 24//24 22//22
f 25//25 22//22 26//26
f 26//26 22//22 27//27
f 28//28 29//29 30//30
f 31//31 26//26 27//27
f 31//31 27//27 32//32
f 32//32 27//27 30//30
f 32//32 30//30 33//33
f 33//33 30//30 29//29
f 34//34 28//28 30//30
f 34//34 30//30 35//35
f 35//35 30//30 36//36
f 35//35 36//36 37//37
f 37//37 36//36 38//38
f 39//39 37//37 38//38
f 39//39 38//38 40//40
f 40//40 38//38 41//41
f 40//40 41//41 42//42
f 43//43 4//4 3//3
f 43//43 3//3 44//44
f 44//44 3//3 45//45
f 44//44 45//45 46//46
f 46//46 45//45 42//42
f 46//46 42//42 47//47
f 47//47 42//42 41//41
f 48//48 49//49 50//50
f 48//48 50//50 51//51
f 52//52 51//51 50//50
f 52//52 50//50 53//53
f 53//53 50//50 6//6
f 53//53 6//6 54//54
f 54//54 6//6 5//5
f 49//49 36//36 30//30
f 49//49 30//30 50//50
f 50//50 30//30 55//55
f 50//50 55//55 56//56
f 56//56 55//55 57//57
f 56//56 57//57 58//58
f 58//58 57//57 59//59
f 58//58 59//59 60//60
f 60//60 59//59 61//61
f 60//60 61//61 62//62
f 62//62 61//61 63//63
f 62//62 63//63 64//64
f 64//64 63//63 65//65
f 64//64 65//65 66//66
f 66//66 65//65 67//67
f 66//66 67//67 68//68
f 68//68 67//67 69//69
f 68//68 69//69 70//70
f 70//70 69//69 71//71
f 70//70 71//71 72//72
f 72//72 71//71 73//73
f 72//72 73//73 74//74
f 74//74 73//73 75//75
f 74//74 75//75 76//76
f 76//76 75//75 77//77
f 76//76 77//77 78//78
f 78//78 77//77 79//79
f 78//78 79//79 80//80
f 80//80 79//79 81//81
f 80//80 81//81 82//82
f 82//82 81//81 83//83
f 82//82 83//83 84//84
f 84//84 83//83 85//85
f 84//84 85//85 86//86
f 86//86 85//85 87//87
f 86//86 87//87 88//88
f 88//88 87//87 89//89
f 88//88 89//89 90//90
f 90//90 89//89 22//22
f 90//90 22//22 7//7
f 7//7 22//22 21//21
f 7//7 21//21 18//18
f 64//64 66//66 91//91
f 64//64 91//91 92//92
f 92//92 91//91 60//60
f 70//70 72//72 91//91
f 70//70 91//91 68//68
f 68//68 91//91 66//66
f 76//76 78//78 91//91
f 76//76 91//91 74//74
f 74//74 91//91 72//72
f 82//82 84//84 91//91
f 82//82 91//91 80//80
f 80//80 91//91 78//78
f 88//88 90//90 91//91
f 88//88 91//91 86//86
f 86//86 91//91 84//84
f 6//6 50//50 91//91
f 6//6 91//91 7//7
f 7//7 91//91 90//90
f 58//58 60//60 91//91
f 58//58 91//91 56//56
f 56//56 91//91 50//50
f 93//93 94//94 95//95
f 96//96 97//97 98//98
f 99//99 100//100 101//101
f 102//102 103//103 104//104
f 105//105 106//106 107//107
f 108//108 109//109 110//110
f 111//111 112//112 113//113
f 114//114 115//115 116//116
f 117//117 118//118 119//119
f 120//120 121//121 122//122
f 123//123 124//124 125//125
f 126//126 127//127 128//128
f 120//120 122//122 127//127
f 127//127 129//129 120//120
f 123//123 125//125 127//127
f 127//127 130//130 123//123
f 123//123 130//130 131//131
f 123//123 131//131 124//124
f 124//124 131//131 132//132
f 127//127 133//133 130//130
f 120//120 129//129 134//134
f 120//120 134//134 121//121
f 121//121 134//134 135//135
f 127//127 136//136 129//129
f 130//130 133//133 137//137
f 130//130 137//137 131//131
f 131//131 137//137 138//138
f 131//131 138//138 132//132
f 132//132 138//138 139//139
f 127//127 140//140 133//133
f 129//129 136//136 141//141
f 129//129 141//141 134//134
f 134//134 141//141 142//142
f 134//134 142//142 135//135
f 135//135 142//142 143//143
f 127//127 144//144 136//136
f 133//133 140//140 145//145
f 133//133 145//145 137//137
f 137//137 145//145 146//146
f 137//137 146//146 138//138
f 138//138 146//146 147//147
f 138//138 147//147 139//139
f 139//139 147//147 148//148
f 127//127 149//149 140//140
f 136//136 144//144 150//150
f 136//136 150//150 141//141
f 141//141 150//150 151//151
f 141//141 151//151 142//142
f 142//142 151//151 152//152
f 142//142 152//152 143//143
f 143//143 152//152 153//153
f 127//127 154//154 144//144
f 140//140 149//149 155//155
f 140//140 155//155 145//145
f 145//145 155//155 156//156
f 145//145 156//156 146//146
f 146//146 156//156 157//157
f 146//146 157//157 147//147
f 147//147 157//157 158//158
f 147//147 158//158 148//148
f 148//148 158//158 159//159
f 127//127 160//160 149//149
f 144//144 154//154 161//161
f 144//144 161//161 150//150
f 150//150 161//161 162//162
f 150//150 162//162 151//151
f 151//151 162//162 163//163
f 151//151 163//163 152//152
f 152//152 163//163 164//164
f 152//152 164//164 153//153
f 153//153 164//164 165//165
f 127//127 166//166 154//154
f 149//149 160//160 167//167
f 149//149 167//167 155//155
f 155//155 167//167 168//168
f 155//155 168//168 156//156
f 156//156 168//168 169//169
f 156//156 169//169 157//157
f 157//157 169//169 170//170
f 157//157 170//170 158//158
f 158//158 170//170 171//171
f 158//158 171//171 159//159
f 159//159 171//171 172//172
f 127//127 173//173 160//160
f 154//154 166//166 174//174
f 154//154 174//174 161//161
f 161//161 174//174 175//175
f 161//161 175//175 162//162
f 162//162 175//175 176//176
f 162//162 176//176 163//163
f 163//163 176//176 177//177
f 163//163 177//177 164//164
f 164//164 177//177 178//178
f 164//164 178//178 165//165
f 165//165 178//178 179//179
f 127//127 180//180 166//166
f 160//160 173//173 181//181
f 160//160 181//181 167//167
f 167//167 181//181 182//182
f 167//167 182//182 168//168
f 168//168 182//182 183//183
f 168//168 183//183 169//169
f 169//169 183//183 184//184
f 169//169 184//184 170//170
f 170//170 184//184 185//185
f 170//170 185//185 171//171
f 171//171 185//185 186//186
f 171//171 186//186 172//172
f 172//172 186//186 187//187
f 127//127 188//188 173//173
f 166//166 180//180 189//189
f 166//166 189//189 174//174
f 174//174 189//189 190//190
f 174//174 190//190 175//175
f 175//175 190//190 191//191
f 175//175 191//191 176//176
f 176//176 191//191 192//192
f 176//176 192//192 177//177
f 177//177 192//192 193//193
f 177//177 193//193 178//178
f 178//178 193//193 194//194
f 178//178 194//194 179//179
f 179//179 194//194 195//195
f 127//127 196//196 180//180
f 173//173 188//188 197//197
f 173//173 197//197 181//181
f 181//181 197//197 198//198
f 181//181 198//198 182//182
f 182//182 198//198 199//199
f 182//182 199//199 183//183
f 183//183 199//199 200//200
f 183//183 200//200 184//184
f 184//184 200//200 201//201
f 184//184 201//201 185//185
f 185//185 201//201 202//202
f 185//185 202//202 186//186
f 186//186 202//202 203//203
f 186//186 203//203 187//187
f 187//187 203//203 204//204
f 127//127 205//205 188//188
f 180//180 196//196 206//206
f 180//180 206//206 189//189
f 189//189 206//206 207//207
f 189//189 207//207 190//190
f 190//190 207//207 208//208
f 190//190 208//208 191//191
f 191//191 208//208 209//209
f 191//191 209//209 192//192
f 192//192 209//209 210//210
f 192//192 210//210 193//193
f 193//193 210//210 211//211
f 193//193 211//211 194//194
f 194//194 211//211 212//212
f 194//194 212//212 195//195
f 195//195 212//212 213//213
f 127//127 214//214 196//196
f 188//188 205//205 215//215
f 188//188 215//215 197//197
f 197//197 215//215 216//216
f 197//197 216//216 198//198
f 198//198 216//216 217//217
f 198//198 217//217 199//199
f 199//199 217//217 218//218
f 199//199 218//218 200//200
f 200//200 218//218 219//219
f 200//200 219//219 201//201
f 201//201 219//219 220//220
f 201//201 220//220 202//202
f 202//202 220//220 221//221
f 202//202 221//221 203//203
f 203//203 221//221 222//222
f 203//203 222//222 204//204
f 204//204 222//222 223//223
f 127//127 224//224 205//205
f 196//196 214//214 225//225
f 196//196 225//225 206//206
f 206//206 225//225 226//226
f 206//206 226//226 207//207
f 207//207 226//226 227//227
f 207//207 227//227 208//208
f 208//208 227//227 228//228
f 208//208 228//228 209//209
f 209//209 228//228 229//229
f 209//209 229//229 210//210
f 210//210 229//229 230//230
f 210//210 230//230 211//211
f 211//211 230//230 231//231
f 211//211 231//231 212//212
f 212//212 231//231 232//232
f 212//212 232//232 213//213
f 213//213 232//232 233//233
f 127//127 234//234 214//214
f 205//205 224//224 235//235
f 205//205 235//235 215//215
f 215//215 235//235 236//236
f 215//215 236//236 216//216
f 216//216 236//236 237//237
f 216//216 237//237 217//217
f 217//217 237//237 238//238
f 217//217 238//238 218//218
f 218//218 238//238 239//239
f 218//218 239//239 219//219
f 219//219 239//239 240//240
f 219//219 240//240 220//220
f 220//220 240//240 241//241
f 220//220 241//241 221//221
f 221//221 241//241 242//242
f 221//221 242//242 222//222
f 222//222 242//242 243//243
f 222//222 243//243 223//223
f 223//223 243//243 244//244
f 127//127 245//245 224//224
f 214//214 234//234 246//246
f 214//214 246//246 225//225
f 225//225 246//246 247//247
f 225//225 247//247 226//226
f 226//226 247//247 248//248
f 226//226 248//248 227//227
f 227//227 248//248 249//249
f 227//227 249//249 228//228
f 228//228 249//249 250//250
f 228//228 250//250 229//229
f 229//229 250//250 251//251
f 229//229 251//251 230//230
f 230//230 251//251 252//252
f 230//230 252//252 231//231
f 231//231 252//252 253//253
f 231//231 253//253 232//232
f 232//232 253//253 254//254
f 232//232 254//254 233//233
f 233//233 254//254 255//255
f 127//127 256//256 234//234
f 224//224 245//245 257//257
f 224//224 257//257 235//235
f 235//235 257//257 258//258
f 235//235 258//258 236//236
f 236//236 258//258 259//259
f 236//236 259//259 237//237
f 237//237 259//259 260//260
f 237//237 260//260 238//238
f 238//238 260//260 261//261
f 238//238 261//261 239//239
f 239//239 261//261 262//262
f 239//239 262//262 240//240
f 240//240 262//262 263//263
f 240//240 263//263 241//241
f 241//241 263//263 264//264
f 241//241 264//264 242//242
f 242//242 264//264 265//265
f 242//242 265//265 243//243
f 243//243 265//265 266//266
f 243//243 266//266 244//244
f 244//244 266//266 267//267
f 127//127 268//268 245//245
f 234//234 256//256 269//269
f 234//234 269//269 246//246
f 246//246 269//269 270//270
f 246//246 270//270 247//247
f 247//247 270//270 271//271
f 247//247 271//271 248//248
f 248//248 271//271 272//272
f 248//248 272//272 249//249
f 249//249 272//272 273//273
f 249//249 273//273 250//250
f 250//250 273//273 274//274
f 250//250 274//274 251//251
f 251//251 274//274 275//275
f 251//251 275//275 252//252
f 252//252 275//275 276//276
f 252//252 276//276 253//253
f 253//253 276//276 277//277
f 253//253 277//277 254//254
f 254//254 277//277 278//278
f 254//254 278//278 255//255
f 255//255 278//278 279//279
f 127//127 280//280 256//256
f 245//245 268//268 281//281
f 245//245 281//281 257//257
f 257//257 281//281 282//282
f 257//257 282//282 258//258
f 258//258 282//282 283//283
f 258//258 283//283 259//259
f 259//259 283//283 284//284
f 259//259 284//284 260//260
f 260//260 284//284 285//285
f 260//260 285//285 261//261
f 261//261 285//285 286//286
f 261//261 286//286 262//262
f 262//262 286//286 287//287
f 262//262 287//287 263//263
f 263//263 287//287 288//288
f 263//263 288//288 264//264
f 264//264 288//288 289//289
f 264//264 289//289 265//265
f 265//265 289//289 290//290
f 265//265 290//290 266//266
f 266//266 290//290 291//291
f 266//266 291//291 267//267
f 267//267 291//291 292//292
f 127//127 293//293 268//268
f 256//256 280//280 294//294
f 256//256 294//294 269//269
f 269//269 294//294 295//295
f 269//269 295//295 270//270
f 270//270 295//295 296//296
f 270//270 296//296 271//271
f 271//271 296//296 297//297
f 271//271 297//297 272//272
f 272//272 297//297 298//298
f 272//272 298//298 273//273
f 273//273 298//298 299//299
f 273//273 299//299 274//274
f 274//274 299//299 300//300
f 274//274 300//300 275//275
f 275//275 300//300 301//301
f 275//275 301//301 276//276
f 276//276 301//301 302//302
f 276//276 302//302 277//277
f 277//277 302//302 303//303
f 277//277 303//303 278//278
f 278//278 303//303 304//304
f 278//278 304//304 279//279
f 279//279 304//304 305//305
f 127//127 306//306 280//280
f 268//268 293//293 307//307
f 268//268 307//307 281//281
f 281//281 307//307 308//308
f 281//281 308//308 282//282
f 282//282 308//308 309//309
f 282//282 309//309 283//283
f 283//283 309//309 310//310
f 283//283 310//310 284//284
f 284//284 310//310 311//311
f 284//284 311//311 285//285
f 285//285 311//311 312//312
f 285//285 312//312 286//286
f 286//286 312//312 313//313
f 286//286 313//313 287//287
f 287//287 313//313 314//314
f 287//287 314//314 288//288
f 288//288 314//314 315//315
f 288//288 315//315 289//289
f 289//289 315//315 316//316
f 289//289 316//316 290//290
f 290//290 316//316 317//317
f 290//290 317//317 291//291
f 291//291 317//317 318//318
f 291//291 318//318 292//292
f 292//292 318//318 319//319
f 127//127 320//320 293//293
f 280//280 306//306 321//321
f 280//280 321//321 294//294
f 294//294 321//321 322//322
f 294//294 322//322 295//295
f 295//295 322//322 323//323
f 295//295 323//323 296//296
f 296//296 323//323 324//324
f 296//296 324//324 297//297
f 297//297 324//324 325//325
f 297//297 325//325 298//298
f 298//298 325//325 326//326
f 298//298 326//326 299//299
f 299//299 326//326 327//327
f 299//299 327//327 300//300
f 300//300 327//327 328//328
f 300//300 328//328 301//301
f 301//301 328//328 329//329
f 301//301 329//329 302//302
f 302//302 329//329 330//330
f 302//302 330//330 303//303
f 303//303 330//330 331//331
f 303//303 331//331 304//304
f 304//304 331//331 332//332
f 304//304 332//332 305//305
f 305//305 332//332 333//333
f 127//127 334//334 306//306
f 293//293 320//320 335//335
f 293//293 335//335 307//307
f 307//307 335//335 336//336
f 307//307 336//336 308//308
f 308//308 336//336 337//337
f 308//308 337//337 309//309
f 309//309 337//337 338//338
f 309//309 338//338 310//310
f 310//310 338//338 339//339
f 310//310 339//339 311//311
f 311//311 339//339 340//340
f 311//311 340//340 312//312
f 312//312 340//340 341//341
f 312//312 341//341 313//313
f 313//313 341//341 342//342
f 313//313 342//342 314//314
f 314//314 342//342 343//343
f 314//314 343//343 315//315
f 315//315 343//343 344//344
f 315//315 344//344 316//316
f 316//316 344//344 345//345
f 316//316 345//345 317//317
f 317//317 345//345 346//346
f 317//317 346//346 318//318
f 318//318 346//346 347//347
f 318//318 347//347 319//319
f 319//319 347//347 348//348
f 127//127 349//349 320//320
f 306//306 334//334 350//350
f 306//306 350//350 321//321
f 321//321 350//350 351//351
f 321//321 351//351 322//322
f 322//322 351//351 352//352
f 322//322 352//352 323//323
f 323//323 352//352 353//353
f 323//323 353//353 324//324
f 324//324 353//353 354//354
f 324//324 354//354 325//325
f 325//325 354//354 355//355
f 325//325 355//355 326//326
f 326//326 355//355 356//356
f 326//326 356//356 327//327
f 327//327 356//356 357//357
f 327//327 357//357 328//328
f 328//328 357//357 358//358
f 328//328 358//358 329//329
f 329//329 358//358 359//359
f 329//329 359//359 330//330
f 330//330 359//359 360//360
f 330//330 360//360 331//331
f 331//331 360//360 361//361
f 331//331 361//361 332//332
f 332//332 361//361 362//362
f 332//332 362//362 333//333
f 333//333 362//362 363//363
f 127//127 364//364 334//334
f 320//320 349//349 365//365
f 320//320 365//365 335//335
f 335//335 365//365 366//366
f 335//335 366//366 336//336
f 336//336 366//366 367//367
f 336//336 367//367 337//337
f 337//337 367//367 368//368
f 337//337 368//368 338//338
f 338//338 368//368 369//369
f 338//338 369//369 339//339
f 339//339 369//369 370//370
f 339//339 370//370 340//340
f 340//340 370//370 371//371
f 340//340 371//371 341//341
f 341//341 371//371 372//372
f 341//341 372//372 342//342
f 342//342 372//372 373//373
f 342//342 373//373 343//343
f 343//343 373//373 374//374
f 343//343 374//374 344//344
f 344//344 374//374 375//375
f 344//344 375//375 345//345
f 345//345 375//375 376//376
f 345//345 376//376 346//346
f 346//346 376//376 377//377
f 346//346 377//377 347//347
f 347//347 377//377 378//378
f 347//347 378//378 348//348
f 348//348 378//378 379//379
f 127//127 380//380 349//349
f 334//334 364//364 381//381
f 334//334 381//381 350//350
f 350//350 381//381 382//382
f 350//350 382//382 351//351
f 351//351 382//382 383//383
f 351//351 383//383 352//352
f 352//352 383//383 384//384
f 352//352 384//384 353//353
f 353//353 384//384 385//385
f 353//353 385//385 354//354
f 354//354 385//385 386//386
f 354//354 386//386 355//355
f 355//355 386//386 387//387
f 355//355 387//387 356//356
f 356//356 387//387 388//388
f 356//356 388//388 357//357
f 357//357 388//388 389//389
f 357//357 389//389 358//358
f 358//358 389//389 390//390
f 358//358 390//390 359//359
f 359//359 390//390 391//391
f 359//359 391//391 360//360
f 360//360 391//391 392//392
f 360//360 392//392 361//361
f 361//361 392//392 393//393
f 361//361 393//393 362//362
f 362//362 393//393 394//394
f 362//362 394//394 363//363
f 363//363 394//394 395//395
f 127//127 396//396 364//364
f 364//364 396//396 397//397
f 364//364 397//397 381//381
f 381//381 397//397 398//398
f 381//381 398//398 382//382
f 382//382 398//398 399//399
f 382//382 399//399 383//383
f 383//383 399//399 400//400
f 383//383 400//400 384//384
f 384//384 400//400 401//401
f 384//384 401//401 385//385
f 385//385 401//401 402//402
f 385//385 402//402 386//386
f 386//386 402//402 403//403
f 386//386 403//403 387//387
f 387//387 403//403 404//404
f 387//387 404//404 388//388
f 388//388 404//404 405//405
f 388//388 405//405 389//389
f 389//389 405//405 406//406
f 389//389 406//406 390//390
f 390//390 406//406 407//407
f 390//390 407//407 391//391
f 391//391 407//407 408//408
f 391//391 408//408 392//392
f 392//392 408//408 409//409
f 392//392 409//409 393//393
f 393//393 409//409 410//410
f 393//393 410//410 394//394
f 394//394 410//410 411//411
f 394//394 411//411 395//395
f 395//395 411//411 412//412
f 127//127 413//413 396//396
f 349//349 380//380 414//414
f 349//349 414//414 365//365
f 365//365 414//414 415//415
f 365//365 415//415 366//366
f 366//366 415//415 416//416
f 366//366 416//416 367//367
f 367//367 416//416 417//417
f 367//367 417//417 368//368
f 368//368 417//417 418//418
f 368//368 418//418 369//369
f 369//369 418//418 419//419
f 369//369 419//419 370//370
f 370//370 419//419 420//420
f 370//370 420//420 371//371
f 371//371 420//420 421//421
f 371//371 421//421 372//372
f 372//372 421//421 422//422
f 372//372 422//422 373//373
f 373//373 422//422 423//423
f 373//373 423//423 374//374
f 374//374 423//423 424//424
f 374//374 424//424 375//375
f 375//375 424//424 425//425
f 375//375 425//425 376//376
f 376//376 425//425 426//426
f 376//376 426//426 377//377
f 377//377 426//426 427//427
f 377//377 427//427 378//378
f 378//378 427//427 428//428
f 378//378 428//428 379//379
f 379//379 428//428 429//429
f 430//430 431//431 432//432
f 396//396 413//413 433//433
f 396//396 433//433 397//397
f 397//397 433//433 434//434
f 397//397 434//434 398//398
f 398//398 434//434 435//435
f 398//398 435//435 399//399
f 399//399 435//435 436//436
f 399//399 436//436 400//400
f 400//400 436//436 437//437
f 400//400 437//437 401//401
f 401//401 437//437 438//438
f 401//401 438//438 402//402
f 402//402 438//438 439//439
f 402//402 439//439 403//403
f 403//403 439//439 440//440
f 403//403 440//440 404//404
f 404//404 440//440 441//441
f 404//404 441//441 405//405
f 405//405 441//441 442//442
f 405//405 442//442 406//406
f 406//406 442//442 443//443
f 406//406 443//443 407//407
f 407//407 443//443 444//444
f 407//407 444//444 408//408
f 408//408 444//444 445//445
f 408//408 445//445 409//409
f 409//409 445//445 446//446
f 409//409 446//446 410//410
f 410//410 446//446 447//447
f 410//410 447//447 411//411
f 411//411 447//447 448//448
f 411//411 448//448 412//412
f 412//412 448//448 107//107
f 126//126 128//128 449//449
f 126//126 449//449 450//450
f 450//450 449//449 451//451
f 450//450 451//451 452//452
f 452//452 451//451 453//453
f 452//452 453//453 454//454
f 454//454 453//453 455//455
f 454//454 455//455 456//456
f 456//456 455//455 457//457
f 456//456 457//457 458//458
f 458//458 457//457 459//459
f 458//458 459//459 460//460
f 460//460 459//459 461//461
f 460//460 461//461 462//462
f 462//462 461//461 463//463
f 462//462 463//463 464//464
f 464//464 463//463 465//465
f 464//464 465//465 466//466
f 466//466 465//465 467//467
f 466//466 467//467 468//468
f 468//468 467//467 469//469
f 468//468 469//469 470//470
f 470//470 469//469 471//471
f 470//470 471//471 472//472
f 472//472 471//471 473//473
f 472//472 473//473 474//474
f 474//474 473//473 475//475
f 474//474 475//475 476//476
f 476//476 475//475 477//477
f 476//476 477//477 478//478
f 478//478 477//477 479//479
f 478//478 479//479 480//480
f 480//480 479//479 481//481
f 482//482 483//483 484//484
f 482//482 484//484 485//485
f 485//485 484//484 486//486
f 485//485 486//486 487//487
f 487//487 486//486 488//488
f 487//487 488//488 489//489
f 489//489 488//488 490//490
f 489//489 490//490 491//491
f 491//491 490//490 492//492
f 491//491 492//492 493//493
f 493//493 492//492 494//494
f 493//493 494//494 495//495
f 495//495 494//494 496//496
f 495//495 496//496 497//497
f 497//497 496//496 498//498
f 497//497 498//498 499//499
f 499//499 498//498 500//500
f 501//501 502//502 503//503
f 501//501 503//503 504//504
f 504//504 503//503 505//505
f 504//504 505//505 506//506
f 506//506 505//505 507//507
f 506//506 507//507 508//508
f 508//508 507//507 509//509
f 508//508 509//509 510//510
f 510//510 509//509 511//511
f 510//510 511//511 512//512
f 512//512 511//511 513//513
f 512//512 513//513 514//514
f 514//514 513//513 515//515
f 514//514 515//515 516//516
f 516//516 515//515 517//517
f 516//516 517//517 518//518
f 518//518 517//517 519//519
f 518//518 519//519 520//520
f 520//520 519//519 521//521
f 520//520 521//521 522//522
f 522//522 521//521 523//523
f 524//524 525//525 526//526
f 524//524 526//526 527//527
f 527//527 526//526 528//528
f 527//527 528//528 529//529
f 529//529 528//528 530//530
f 529//529 530//530 531//531
f 531//531 530//530 532//532
f 531//531 532//532 533//533
f 533//533 532//532 534//534
f 533//533 534//534 535//535
f 535//535 534//534 536//536
f 535//535 536//536 537//537
f 537//537 536//536 538//538
f 537//537 538//538 539//539
f 539//539 538//538 540//540
f 539//539 540//540 541//541
f 541//541 540//540 542//542
f 541//541 542//542 543//543
f 543//543 542//542 544//544
f 543//543 544//544 545//545
f 545//545 544//544 546//546
f 545//545 546//546 547//547
f 547//547 546//546 548//548
f 547//547 548//548 549//549
f 549//549 548//548 550//550
f 551//551 552//552 553//553
f 551//551 553//553 554//554
f 554//554 553//553 555//555
f 554//554 555//555 556//556
f 556//556 555//555 557//557
f 556//556 557//557 558//558
f 558//558 557//557 559//559
f 558//558 559//559 560//560
f 560//560 559//559 561//561
f 560//560 561//561 562//562
f 562//562 561//561 563//563
f 562//562 563//563 564//564
f 564//564 563//563 565//565
f 564//564 565//565 566//566
f 566//566 565//565 567//567
f 566//566 567//567 568//568
f 568//568 567//567 569//569
f 568//568 569//569 570//570
f 570//570 569//569 571//571
f 570//570 571//571 572//572
f 572//572 571//571 573//573
f 572//572 573//573 574//574
f 574//574 573//573 575//575
f 574//574 575//575 576//576
f 576//576 575//575 577//577
f 576//576 577//577 578//578
f 578//578 577//577 579//579
f 578//578 579//579 580//580
f 580//580 579//579 581//581
f 582//582 583//583 584//584
f 582//582 584//584 585//585
f 585//585 584//584 586//586
f 587//587 588//588 589//589
f 587//587 589//589 590//590
f 590//590 589//589 591//591
f 590//590 591//591 592//592
f 592//592 591//591 593//593
f 592//592 593//593 594//594
f 594//594 593//593 595//595
f 596//596 597//597 598//598
f 596//596 598//598 599//599
f 599//599 598//598 600//600
f 599//599 600//600 601//601
f 601//601 600//600 602//602
f 601//601 602//602 603//603
f 603//603 602//602 604//604
f 603//603 604//604 605//605
f 605//605 604//604 606//606
f 605//605 606//606 607//607
f 607//607 606//606 608//608
f 609//609 610//610 611//611
f 609//609 611//611 612//612
f 612//612 611//611 613//613
f 612//612 613//613 614//614
f 614//614 613//613 615//615
f 614//614 615//615 616//616
f 616//616 615//615 617//617
f 616//616 617//617 618//618
f 618//618 617//617 619//619
f 618//618 619//619 620//620
f 620//620 619//619 621//621
f 620//620 621//621 622//622
f 622//622 621//621 623//623
f 622//622 623//623 624//624
f 624//624 623//623 625//625
f 626//626 627//627 628//628
f 626//626 628//628 629//629
f 629//629 628//628 630//630
f 629//629 630//630 631//631
f 631//631 630//630 632//632
f 631//631 632//632 633//633
f 633//633 632//632 634//634
f 633//633 634//634 635//635
f 635//635 634//634 636//636
f 635//635 636//636 637//637
f 637//637 636//636 638//638
f 637//637 638//638 639//639
f 639//639 638//638 640//640
f 639//639 640//640 641//641
f 641//641 640//640 642//642
f 641//641 642//642 643//643
f 643//643 642//642 644//644
f 643//643 644//644 645//645
f 645//645 644//644 646//646
f 645//645 646//646 647//647
f 647//647 646//646 648//648
f 647//647 648//648 649//649
f 649//649 648//648 650//650
f 649//649 650//650 651//651
f 651//651 650//650 652//652
f 651//651 652//652 653//653
f 653//653 652//652 654//654
f 653//653 654//654 655//655
f 655//655 654//654 656//656
f 655//655 656//656 657//657
f 657//657 656//656 658//658
f 657//657 658//658 659//659
f 659//659 658//658 660//660
f 659//659 660//660 661//661
f 661//661 660//660 127//127
f 662//662 481//481 479//479
f 662//662 479//479 663//663
f 663//663 479//479 477//477
f 663//663 477//477 664//664
f 664//664 477//477 475//475
f 664//664 475//475 665//665
f 665//665 475//475 473//473
f 665//665 473//473 666//666
f 666//666 473//473 471//471
f 666//666 471//471 667//667
f 667//667 471//471 469//469
f 667//667 469//469 668//668
f 668//668 469//469 467//467
f 668//668 467//467 669//669
f 669//669 467//467 465//465
f 669//669 465//465 670//670
f 670//670 465//465 463//463
f 670//670 463//463 671//671
f 671//671 463//463 461//461
f 671//671 461//461 672//672
f 672//672 461//461 459//459
f 672//672 459//459 673//673
f 673//673 459//459 457//457
f 673//673 457//457 674//674
f 674//674 457//457 455//455
f 674//674 455//455 675//675
f 675//675 455//455 453//453
f 675//675 453//453 676//676
f 676//676 453//453 451//451
f 676//676 451//451 677//677
f 677//677 451//451 449//449
f 677//677 449//449 678//678
f 678//678 449//449 128//128
f 678//678 128//128 679//679
f 679//679 128//128 127//127
f 432//432 680//680 681//681
f 432//432 681//681 430//430
f 430//430 681//681 682//682
f 683//683 684//684 685//685
f 683//683 685//685 682//682
f 682//682 685//685 686//686
f 682//682 686//686 430//430
f 430//430 686//686 687//687
f 430//430 687//687 431//431
f 431//431 687//687 688//688
f 684//684 117//117 119//119
f 684//684 119//119 685//685
f 685//685 119//119 689//689
f 685//685 689//689 686//686
f 686//686 689//689 690//690
f 686//686 690//690 687//687
f 687//687 690//690 691//691
f 687//687 691//691 688//688
f 688//688 691//691 692//692
f 118//118 693//693 694//694
f 118//118 694//694 119//119
f 119//119 694//694 695//695
f 119//119 695//695 689//689
f 689//689 695//695 696//696
f 689//689 696//696 690//690
f 690//690 696//696 697//697
f 690//690 697//697 691//691
f 691//691 697//697 698//698
f 691//691 698//698 692//692
f 692//692 698//698 699//699
f 693//693 114//114 116//116
f 693//693 116//116 694//694
f 694//694 116//116 700//700
f 694//694 700//700 695//695
f 695//695 700//700 701//701
f 695//695 701//701 696//696
f 696//696 701//701 702//702
f 696//696 702//702 697//697
f 697//697 702//702 703//703
f 697//697 703//703 698//698
f 698//698 703//703 704//704
f 698//698 704//704 699//699
f 699//699 704//704 705//705
f 115//115 706//706 707//707
f 115//115 707//707 116//116
f 116//116 707//707 708//708
f 116//116 708//708 700//700
f 700//700 708//708 709//709
f 700//700 709//709 701//701
f 701//701 709//709 710//710
f 701//701 710//710 702//702
f 702//702 710//710 711//711
f 702//702 711//711 703//703
f 703//703 711//711 712//712
f 703//703 712//712 704//704
f 704//704 712//712 713//713
f 704//704 713//713 705//705
f 705//705 713//713 714//714
f 706//706 715//715 482//482
f 706//706 482//482 707//707
f 707//707 482//482 485//485
f 707//707 485//485 708//708
f 708//708 485//485 487//487
f 708//708 487//487 709//709
f 709//709 487//487 489//489
f 709//709 489//489 710//710
f 710//710 489//489 491//491
f 710//710 491//491 711//711
f 711//711 491//491 493//493
f 711//711 493//493 712//712
f 712//712 493//493 495//495
f 712//712 495//495 713//713
f 713//713 495//495 497//497
f 713//713 497//497 714//714
f 714//714 497//497 499//499
f 716//716 483//483 482//482
f 716//716 482//482 717//717
f 717//717 482//482 715//715
f 716//716 718//718 501//501
f 716//716 501//501 483//483
f 483//483 501//501 504//504
f 483//483 504//504 484//484
f 484//484 504//504 506//506
f 484//484 506//506 486//486
f 486//486 506//506 508//508
f 486//486 508//508 488//488
f 488//488 508//508 510//510
f 488//488 510//510 490//490
f 490//490 510//510 512//512
f 490//490 512//512 492//492
f 492//492 512//512 514//514
f 492//492 514//514 494//494
f 494//494 514//514 516//516
f 494//494 516//516 496//496
f 496//496 516//516 518//518
f 496//496 518//518 498//498
f 498//498 518//518 520//520
f 498//498 520//520 500//500
f 500//500 520//520 522//522
f 719//719 502//502 501//501
f 719//719 501//501 720//720
f 720//720 501//501 718//718
f 719//719 721//721 524//524
f 719//719 524//524 502//502
f 502//502 524//524 527//527
f 502//502 527//527 503//503
f 503//503 527//527 529//529
f 503//503 529//529 505//505
f 505//505 529//529 531//531
f 505//505 531//531 507//507
f 507//507 531//531 533//533
f 507//507 533//533 509//509
f 509//509 533//533 535//535
f 509//509 535//535 511//511
f 511//511 535//535 537//537
f 511//511 537//537 513//513
f 513//513 537//537 539//539
f 513//513 539//539 515//515
f 515//515 539//539 541//541
f 515//515 541//541 517//517
f 517//517 541//541 543//543
f 517//517 543//543 519//519
f 519//519 543//543 545//545
f 519//519 545//545 521//521
f 521//521 545//545 547//547
f 521//521 547//547 523//523
f 523//523 547//547 549//549
f 722//722 525//525 524//524
f 722//722 524//524 723//723
f 723//723 524//524 721//721
f 722//722 724//724 551//551
f 722//722 551//551 525//525
f 525//525 551//551 554//554
f 525//525 554//554 526//526
f 526//526 554//554 556//556
f 526//526 556//556 528//528
f 528//528 556//556 558//558
f 528//528 558//558 530//530
f 530//530 558//558 560//560
f 530//530 560//560 532//532
f 532//532 560//560 562//562
f 532//532 562//562 534//534
f 534//534 562//562 564//564
f 534//534 564//564 536//536
f 536//536 564//564 566//566
f 536//536 566//566 538//538
f 538//538 566//566 568//568
f 538//538 568//568 540//540
f 540//540 568//568 570//570
f 540//540 570//570 542//542
f 542//542 570//570 572//572
f 542//542 572//572 544//544
f 544//544 572//572 574//574
f 544//544 574//574 546//546
f 546//546 574//574 576//576
f 546//546 576//576 548//548
f 548//548 576//576 578//578
f 548//548 578//578 550//550
f 550//550 578//578 580//580
f 725//725 552//552 551//551
f 725//725 551//551 726//726
f 726//726 551//551 724//724
f 725//725 727//727 728//728
f 725//725 728//728 552//552
f 552//552 728//728 729//729
f 552//552 729//729 553//553
f 553//553 729//729 730//730
f 553//553 730//730 555//555
f 555//555 730//730 731//731
f 555//555 731//731 557//557
f 557//557 731//731 732//732
f 557//557 732//732 559//559
f 559//559 732//732 733//733
f 559//559 733//733 561//561
f 561//561 733//733 734//734
f 561//561 734//734 563//563
f 563//563 734//734 735//735
f 563//563 735//735 565//565
f 565//565 735//735 736//736
f 565//565 736//736 567//567
f 567//567 736//736 737//737
f 567//567 737//737 569//569
f 569//569 737//737 738//738
f 569//569 738//738 571//571
f 571//571 738//738 739//739
f 571//571 739//739 573//573
f 573//573 739//739 740//740
f 573//573 740//740 575//575
f 575//575 740//740 741//741
f 575//575 741//741 577//577
f 577//577 741//741 742//742
f 577//577 742//742 579//579
f 579//579 742//742 743//743
f 579//579 743//743 581//581
f 581//581 743//743 744//744
f 727//727 111//111 113//113
f 727//727 113//113 728//728
f 728//728 113//113 745//745
f 728//728 745//745 729//729
f 729//729 745//745 746//746
f 729//729 746//746 730//730
f 730//730 746//746 747//747
f 730//730 747//747 731//731
f 731//731 747//747 748//748
f 731//731 748//748 732//732
f 732//732 748//748 749//749
f 732//732 749//749 733//733
f 733//733 749//749 750//750
f 733//733 750//750 734//734
f 734//734 750//750 751//751
f 734//734 751//751 735//735
f 735//735 751//751 752//752
f 735//735 752//752 736//736
f 736//736 752//752 753//753
f 736//736 753//753 737//737
f 737//737 753//753 754//754
f 737//737 754//754 738//738
f 738//738 754//754 755//755
f 738//738 755//755 739//739
f 739//739 755//755 756//756
f 739//739 756//756 740//740
f 740//740 756//756 757//757
f 740//740 757//757 741//741
f 741//741 757//757 758//758
f 741//741 758//758 742//742
f 742//742 758//758 759//759
f 742//742 759//759 743//743
f 743//743 759//759 760//760
f 743//743 760//760 744//744
f 744//744 760//760 761//761
f 112//112 762//762 763//763
f 112//112 763//763 113//113
f 113//113 763//763 764//764
f 113//113 764//764 745//745
f 745//745 764//764 765//765
f 745//745 765//765 746//746
f 746//746 765//765 766//766
f 746//746 766//766 747//747
f 747//747 766//766 767//767
f 747//747 767//767 748//748
f 748//748 767//767 768//768
f 748//748 768//768 749//749
f 749//749 768//768 769//769
f 749//749 769//769 750//750
f 750//750 769//769 770//770
f 750//750 770//770 751//751
f 751//751 770//770 771//771
f 751//751 771//771 752//752
f 752//752 771//771 772//772
f 752//752 772//772 753//753
f 753//753 772//772 773//773
f 753//753 773//773 754//754
f 754//754 773//773 774//774
f 754//754 774//774 755//755
f 755//755 774//774 775//775
f 755//755 775//775 756//756
f 756//756 775//775 776//776
f 756//756 776//776 757//757
f 757//757 776//776 777//777
f 757//757 777//777 758//758
f 758//758 777//777 778//778
f 758//758 778//778 759//759
f 759//759 778//778 779//779
f 759//759 779//779 760//760
f 760//760 779//779 780//780
f 760//760 780//780 761//761
f 762//762 108//108 110//110
f 762//762 110//110 763//763
f 763//763 110//110 781//781
f 763//763 781//781 764//764
f 764//764 781//781 782//782
f 764//764 782//782 765//765
f 765//765 782//782 783//783
f 765//765 783//783 766//766
f 766//766 783//783 784//784
f 766//766 784//784 767//767
f 767//767 784//784 785//785
f 767//767 785//785 768//768
f 768//768 785//785 786//786
f 768//768 786//786 769//769
f 769//769 786//786 787//787
f 769//769 787//787 770//770
f 770//770 787//787 788//788
f 770//770 788//788 771//771
f 771//771 788//788 789//789
f 771//771 789//789 772//772
f 772//772 789//789 790//790
f 772//772 790//790 773//773
f 773//773 790//790 791//791
f 773//773 791//791 774//774
f 774//774 791//791 792//792
f 774//774 792//792 775//775
f 775//775 792//792 793//793
f 775//775 793//793 776//776
f 776//776 793//793 794//794
f 776//776 794//794 777//777
f 777//777 794//794 795//795
f 777//777 795//795 778//778
f 778//778 795//795 796//796
f 778//778 796//796 779//779
f 779//779 796//796 797//797
f 779//779 797//797 780//780
f 780//780 797//797 127//127
f 127//127 761//761 780//780
f 429//429 680//680 432//432
f 429//429 432//432 379//379
f 379//379 432//432 431//431
f 379//379 431//431 348//348
f 348//348 431//431 688//688
f 348//348 688//688 319//319
f 319//319 688//688 692//692
f 319//319 692//692 292//292
f 292//292 692//692 699//699
f 292//292 699//699 267//267
f 267//267 699//699 705//705
f 267//267 705//705 244//244
f 244//244 705//705 714//714
f 244//244 714//714 223//223
f 223//223 714//714 499//499
f 223//223 499//499 204//204
f 204//204 499//499 500//500
f 204//204 500//500 187//187
f 187//187 500//500 522//522
f 187//187 522//522 172//172
f 172//172 522//522 523//523
f 172//172 523//523 159//159
f 159//159 523//523 549//549
f 159//159 549//549 148//148
f 148//148 549//549 550//550
f 148//148 550//550 139//139
f 139//139 550//550 580//580
f 139//139 580//580 132//132
f 132//132 580//580 581//581
f 132//132 581//581 124//124
f 124//124 581//581 744//744
f 124//124 744//744 125//125
f 125//125 744//744 761//761
f 125//125 761//761 127//127
f 109//109 798//798 799//799
f 109//109 799//799 110//110
f 110//110 799//799 800//800
f 110//110 800//800 781//781
f 781//781 800//800 801//801
f 781//781 801//801 782//782
f 782//782 801//801 802//802
f 782//782 802//802 783//783
f 783//783 802//802 803//803
f 783//783 803//803 784//784
f 784//784 803//803 804//804
f 784//784 804//804 785//785
f 785//785 804//804 805//805
f 785//785 805//805 786//786
f 786//786 805//805 806//806
f 786//786 806//806 787//787
f 787//787 806//806 807//807
f 787//787 807//807 788//788
f 788//788 807//807 808//808
f 788//788 808//808 789//789
f 789//789 808//808 809//809
f 789//789 809//809 790//790
f 790//790 809//809 810//810
f 790//790 810//810 791//791
f 791//791 810//810 811//811
f 791//791 811//811 792//792
f 792//792 811//811 812//812
f 792//792 812//812 793//793
f 793//793 812//812 813//813
f 793//793 813//813 794//794
f 794//794 813//813 814//814
f 794//794 814//814 795//795
f 795//795 814//814 815//815
f 795//795 815//815 796//796
f 796//796 815//815 816//816
f 796//796 816//816 797//797
f 797//797 816//816 127//127
f 798//798 105//105 107//107
f 798//798 107//107 799//799
f 799//799 107//107 448//448
f 799//799 448//448 800//800
f 800//800 448//448 447//447
f 800//800 447//447 801//801
f 801//801 447//447 446//446
f 801//801 446//446 802//802
f 802//802 446//446 445//445
f 802//802 445//445 803//803
f 803//803 445//445 444//444
f 803//803 444//444 804//804
f 804//804 444//444 443//443
f 804//804 443//443 805//805
f 805//805 443//443 442//442
f 805//805 442//442 806//806
f 806//806 442//442 441//441
f 806//806 441//441 807//807
f 807//807 441//441 440//440
f 807//807 440//440 808//808
f 808//808 440//440 439//439
f 808//808 439//439 809//809
f 809//809 439//439 438//438
f 809//809 438//438 810//810
f 810//810 438//438 437//437
f 810//810 437//437 811//811
f 811//811 437//437 436//436
f 811//811 436//436 812//812
f 812//812 436//436 435//435
f 812//812 435//435 813//813
f 813//813 435//435 434//434
f 813//813 434//434 814//814
f 814//814 434//434 433//433
f 814//814 433//433 815//815
f 815//815 433//433 413//413
f 815//815 413//413 816//816
f 816//816 413//413 127//127
f 817//817 818//818 106//106
f 817//817 819//819 582//582
f 817//817 582//582 818//818
f 818//818 582//582 585//585
f 820//820 583//583 582//582
f 820//820 582//582 821//821
f 821//821 582//582 819//819
f 820//820 822//822 587//587
f 820//820 587//587 583//583
f 583//583 587//587 590//590
f 583//583 590//590 584//584
f 584//584 590//590 592//592
f 584//584 592//592 586//586
f 586//586 592//592 594//594
f 823//823 588//588 587//587
f 823//823 587//587 824//824
f 824//824 587//587 822//822
f 823//823 825//825 596//596
f 823//823 596//596 588//588
f 588//588 596//596 599//599
f 588//588 599//599 589//589
f 589//589 599//599 601//601
f 589//589 601//601 591//591
f 591//591 601//601 603//603
f 591//591 603//603 593//593
f 593//593 603//603 605//605
f 593//593 605//605 595//595
f 595//595 605//605 607//607
f 826//826 597//597 596//596
f 826//826 596//596 827//827
f 827//827 596//596 825//825
f 826//826 828//828 609//609
f 826//826 609//609 597//597
f 597//597 609//609 612//612
f 597//597 612//612 598//598
f 598//598 612//612 614//614
f 598//598 614//614 600//600
f 600//600 614//614 616//616
f 600//600 616//616 602//602
f 602//602 616//616 618//618
f 602//602 618//618 604//604
f 604//604 618//618 620//620
f 604//604 620//620 606//606
f 606//606 620//620 622//622
f 606//606 622//622 608//608
f 608//608 622//622 624//624
f 829//829 610//610 609//609
f 829//829 609//609 830//830
f 830//830 609//609 828//828
f 829//829 831//831 832//832
f 829//829 832//832 610//610
f 610//610 832//832 833//833
f 610//610 833//833 611//611
f 611//611 833//833 834//834
f 611//611 834//834 613//613
f 613//613 834//834 835//835
f 613//613 835//835 615//615
f 615//615 835//835 836//836
f 615//615 836//836 617//617
f 617//617 836//836 837//837
f 617//617 837//837 619//619
f 619//619 837//837 838//838
f 619//619 838//838 621//621
f 621//621 838//838 839//839
f 621//621 839//839 623//623
f 623//623 839//839 840//840
f 623//623 840//840 625//625
f 625//625 840//840 841//841
f 831//831 102//102 104//104
f 831//831 104//104 832//832
f 832//832 104//104 842//842
f 832//832 842//842 833//833
f 833//833 842//842 843//843
f 833//833 843//843 834//834
f 834//834 843//843 844//844
f 834//834 844//844 835//835
f 835//835 844//844 845//845
f 835//835 845//845 836//836
f 836//836 845//845 846//846
f 836//836 846//846 837//837
f 837//837 846//846 847//847
f 837//837 847//847 838//838
f 838//838 847//847 848//848
f 838//838 848//848 839//839
f 839//839 848//848 849//849
f 839//839 849//849 840//840
f 840//840 849//849 850//850
f 840//840 850//850 841//841
f 841//841 850//850 851//851
f 103//103 852//852 853//853
f 103//103 853//853 104//104
f 104//104 853//853 854//854
f 104//104 854//854 842//842
f 842//842 854//854 855//855
f 842//842 855//855 843//843
f 843//843 855//855 856//856
f 843//843 856//856 844//844
f 844//844 856//856 857//857
f 844//844 857//857 845//845
f 845//845 857//857 858//858
f 845//845 858//858 846//846
f 846//846 858//858 859//859
f 846//846 859//859 847//847
f 847//847 859//859 860//860
f 847//847 860//860 848//848
f 848//848 860//860 861//861
f 848//848 861//861 849//849
f 849//849 861//861 862//862
f 849//849 862//862 850//850
f 850//850 862//862 863//863
f 850//850 863//863 851//851
f 851//851 863//863 864//864
f 852//852 99//99 101//101
f 852//852 101//101 853//853
f 853//853 101//101 865//865
f 853//853 865//865 854//854
f 854//854 865//865 866//866
f 854//854 866//866 855//855
f 855//855 866//866 867//867
f 855//855 867//867 856//856
f 856//856 867//867 868//868
f 856//856 868//868 857//857
f 857//857 868//868 869//869
f 857//857 869//869 858//858
f 858//858 869//869 870//870
f 858//858 870//870 859//859
f 859//859 870//870 871//871
f 859//859 871//871 860//860
f 860//860 871//871 872//872
f 860//860 872//872 861//861
f 861//861 872//872 873//873
f 861//861 873//873 862//862
f 862//862 873//873 874//874
f 862//862 874//874 863//863
f 863//863 874//874 875//875
f 863//863 875//875 864//864
f 864//864 875//875 876//876
f 100//100 877//877 878//878
f 100//100 878//878 101//101
f 101//101 878//878 879//879
f 101//101 879//879 865//865
f 865//865 879//879 880//880
f 865//865 880//880 866//866
f 866//866 880//880 881//881
f 866//866 881//881 867//867
f 867//867 881//881 882//882
f 867//867 882//882 868//868
f 868//868 882//882 883//883
f 868//868 883//883 869//869
f 869//869 883//883 884//884
f 869//869 884//884 870//870
f 870//870 884//884 885//885
f 870//870 885//885 871//871
f 871//871 885//885 886//886
f 871//871 886//886 872//872
f 872//872 886//886 887//887
f 872//872 887//887 873//873
f 873//873 887//887 888//888
f 873//873 888//888 874//874
f 874//874 888//888 889//889
f 874//874 889//889 875//875
f 875//875 889//889 890//890
f 875//875 890//890 876//876
f 876//876 890//890 891//891
f 877//877 96//96 98//98
f 877//877 98//98 878//878
f 878//878 98//98 892//892
f 878//878 892//892 879//879
f 879//879 892//892 893//893
f 879//879 893//893 880//880
f 880//880 893//893 894//894
f 880//880 894//894 881//881
f 881//881 894//894 895//895
f 881//881 895//895 882//882
f 882//882 895//895 896//896
f 882//882 896//896 883//883
f 883//883 896//896 897//897
f 883//883 897//897 884//884
f 884//884 897//897 898//898
f 884//884 898//898 885//885
f 885//885 898//898 899//899
f 885//885 899//899 886//886
f 886//886 899//899 900//900
f 886//886 900//900 887//887
f 887//887 900//900 901//901
f 887//887 901//901 888//888
f 888//888 901//901 902//902
f 888//888 902//902 889//889
f 889//889 902//902 903//903
f 889//889 903//903 890//890
f 890//890 903//903 904//904
f 890//890 904//904 891//891
f 891//891 904//904 905//905
f 97//97 906//906 907//907
f 97//97 907//907 98//98
f 98//98 907//907 908//908
f 98//98 908//908 892//892
f 892//892 908//908 909//909
f 892//892 909//909 893//893
f 893//893 909//909 910//910
f 893//893 910//910 894//894
f 894//894 910//910 911//911
f 894//894 911//911 895//895
f 895//895 911//911 912//912
f 895//895 912//912 896//896
f 896//896 912//912 913//913
f 896//896 913//913 897//897
f 897//897 913//913 914//914
f 897//897 914//914 898//898
f 898//898 914//914 915//915
f 898//898 915//915 899//899
f 899//899 915//915 916//916
f 899//899 916//916 900//900
f 900//900 916//916 917//917
f 900//900 917//917 901//901
f 901//901 917//917 918//918
f 901//901 918//918 902//902
f 902//902 918//918 919//919
f 902//902 919//919 903//903
f 903//903 919//919 920//920
f 903//903 920//920 904//904
f 904//904 920//920 921//921
f 904//904 921//921 905//905
f 905//905 921//921 922//922
f 906//906 93//93 95//95
f 906//906 95//95 907//907
f 907//907 95//95 923//923
f 907//907 923//923 908//908
f 908//908 923//923 924//924
f 908//908 924//924 909//909
f 909//909 924//924 925//925
f 909//909 925//925 910//910
f 910//910 925//925 926//926
f 910//910 926//926 911//911
f 911//911 926//926 927//927
f 911//911 927//927 912//912
f 912//912 927//927 928//928
f 912//912 928//928 913//913
f 913//913 928//928 929//929
f 913//913 929//929 914//914
f 914//914 929//929 930//930
f 914//914 930//930 915//915
f 915//915 930//930 931//931
f 915//915 931//931 916//916
f 916//916 931//931 932//932
f 916//916 932//932 917//917
f 917//917 932//932 933//933
f 917//917 933//933 918//918
f 918//918 933//933 934//934
f 918//918 934//934 919//919
f 919//919 934//934 935//935
f 919//919 935//935 920//920
f 920//920 935//935 936//936
f 920//920 936//936 921//921
f 921//921 936//936 937//937
f 921//921 937//937 922//922
f 922//922 937//937 938//938
f 94//94 939//939 940//940
f 94//94 940//940 95//95
f 95//95 940//940 941//941
f 95//95 941//941 923//923
f 923//923 941//941 942//942
f 923//923 942//942 924//924
f 924//924 942//942 943//943
f 924//924 943//943 925//925
f 925//925 943//943 944//944
f 925//925 944//944 926//926
f 926//926 944//944 945//945
f 926//926 945//945 927//927
f 927//927 945//945 946//946
f 927//927 946//946 928//928
f 928//928 946//946 947//947
f 928//928 947//947 929//929
f 929//929 947//947 948//948
f 929//929 948//948 930//930
f 930//930 948//948 949//949
f 930//930 949//949 931//931
f 931//931 949//949 950//950
f 931//931 950//950 932//932
f 932//932 950//950 951//951
f 932//932 951//951 933//933
f 933//933 951//951 952//952
f 933//933 952//952 934//934
f 934//934 952//952 953//953
f 934//934 953//953 935//935
f 935//935 953//953 954//954
f 935//935 954//954 936//936
f 936//936 954//954 955//955
f 936//936 955//955 937//937
f 937//937 955//955 956//956
f 937//937 956//956 938//938
f 938//938 956//956 957//957
f 939//939 958//958 626//626
f 939//939 626//626 940//940
f 940//940 626//626 629//629
f 940//940 629//629 941//941
f 941//941 629//629 631//631
f 941//941 631//631 942//942
f 942//942 631//631 633//633
f 942//942 633//633 943//943
f 943//943 633//633 635//635
f 943//943 635//635 944//944
f 944//944 635//635 637//637
f 944//944 637//637 945//945
f 945//945 637//637 639//639
f 945//945 639//639 946//946
f 946//946 639//639 641//641
f 946//946 641//641 947//947
f 947//947 641//641 643//643
f 947//947 643//643 948//948
f 948//948 643//643 645//645
f 948//948 645//645 949//949
f 949//949 645//645 647//647
f 949//949 647//647 950//950
f 950//950 647//647 649//649
f 950//950 649//649 951//951
f 951//951 649//649 651//651
f 951//951 651//651 952//952
f 952//952 651//651 653//653
f 952//952 653//653 953//953
f 953//953 653//653 655//655
f 953//953 655//655 954//954
f 954//954 655//655 657//657
f 954//954 657//657 955//955
f 955//955 657//657 659//659
f 955//955 659//659 956//956
f 956//956 659//659 661//661
f 956//956 661//661 957//957
f 957//957 661//661 127//127
f 959//959 627//627 626//626
f 959//959 626//626 960//960
f 960//960 626//626 958//958
f 959//959 961//961 662//662
f 959//959 662//662 627//627
f 627//627 662//662 663//663
f 627//627 663//663 628//628
f 628//628 663//663 664//664
f 628//628 664//664 630//630
f 630//630 664//664 665//665
f 630//630 665//665 632//632
f 632//632 665//665 666//666
f 632//632 666//666 634//634
f 634//634 666//666 667//667
f 634//634 667//667 636//636
f 636//636 667//667 668//668
f 636//636 668//668 638//638
f 638//638 668//668 669//669
f 638//638 669//669 640//640
f 640//640 669//669 670//670
f 640//640 670//670 642//642
f 642//642 670//670 671//671
f 642//642 671//671 644//644
f 644//644 671//671 672//672
f 644//644 672//672 646//646
f 646//646 672//672 673//673
f 646//646 673//673 648//648
f 648//648 673//673 674//674
f 648//648 674//674 650//650
f 650//650 674//674 675//675
f 650//650 675//675 652//652
f 652//652 675//675 676//676
f 652//652 676//676 654//654
f 654//654 676//676 677//677
f 654//654 677//677 656//656
f 656//656 677//677 678//678
f 656//656 678//678 658//658
f 658//658 678//678 679//679
f 658//658 679//679 660//660
f 660//660 679//679 127//127
f 107//107 106//106 818//818
f 107//107 818//818 412//412
f 412//412 818//818 585//585
f 412//412 585//585 395//395
f 395//395 585//585 586//586
f 395//395 586//586 363//363
f 363//363 586//586 594//594
f 363//363 594//594 333//333
f 333//333 594//594 595//595
f 333//333 595//595 305//305
f 305//305 595//595 607//607
f 305//305 607//607 279//279
f 279//279 607//607 608//608
f 279//279 608//608 255//255
f 255//255 608//608 624//624
f 255//255 624//624 233//233
f 233//233 624//624 625//625
f 233//233 625//625 213//213
f 213//213 625//625 841//841
f 213//213 841//841 195//195
f 195//195 841//841 851//851
f 195//195 851//851 179//179
f 179//179 851//851 864//864
f 179//179 864//864 165//165
f 165//165 864//864 876//876
f 165//165 876//876 153//153
f 153//153 876//876 891//891
f 153//153 891//891 143//143
f 143//143 891//891 905//905
f 143//143 905//905 135//135
f 135//135 905//905 922//922
f 135//135 922//922 121//121
f 121//121 922//922 938//938
f 121//121 938//938 122//122
f 122//122 938//938 957//957
f 122//122 957//957 127//127
f 962//962 480//480 481//481
f 962//962 481//481 963//963
f 963//963 481//481 662//662
f 963//963 662//662 964//964
f 964//964 662//662 961//961
f 965//965 966//966 962//962
f 965//965 962//962 967//967
f 967//967 962//962 963//963
f 968//968 683//683 682//682
f 968//968 682//682 969//969
f 969//969 682//682 681//681
f 969//969 681//681 966//966
f 966//966 681//681 680//680
f 966//966 680//680 962//962
f 962//962 680//680 429//429
f 962//962 429//429 480//480
f 480//480 429//429 428//428
f 480//480 428//428 478//478
f 478//478 428//428 427//427
f 478//478 427//427 476//476
f 476//476 427//427 426//426
f 476//476 426//426 474//474
f 474//474 426//426 425//425
f 474//474 425//425 472//472
f 472//472 425//425 424//424
f 472//472 424//424 470//470
f 470//470 424//424 423//423
f 470//470 423//423 468//468
f 468//468 423//423 422//422
f 468//468 422//422 466//466
f 466//466 422//422 421//421
f 466//466 421//421 464//464
f 464//464 421//421 420//420
f 464//464 420//420 462//462
f 462//462 420//420 419//419
f 462//462 419//419 460//460
f 460//460 419//419 418//418
f 460//460 418//418 458//458
f 458//458 418//418 417//417
f 458//458 417//417 456//456
f 456//456 417//417 416//416
f 456//456 416//416 454//454
f 454//454 416//416 415//415
f 454//454 415//415 452//452
f 452//452 415//415 414//414
f 452//452 414//414 450//450
f 450//450 414//414 380//380
f 450//450 380//380 126//126
f 126//126 380//380 127//127
f 970//970 971//971 972//972
f 973//973 974//974 972//972
f 973//973 972//972 975//975
f 975//975 972//972 971//971
f 976//976 977//977 978//978
f 976//976 978//978 979//979
f 980//980 979//979 978//978
f 980//980 978//978 981//981
f 981//981 978//978 982//982
f 983//983 984//984 982//982
f 983//983 982//982 985//985
f 985//985 982//982 978//978
f 97//97 986//986 987//987
f 97//97 987//987 972//972
f 972//972 987//987 977//977
f 972//972 977//977 970//970
f 970//970 977//977 976//976
f 988//988 989//989 103//103
f 990//990 986//986 97//97
f 990//990 97//97 991//991
f 991//991 97//97 96//96
f 991//991 96//96 992//992
f 992//992 96//96 877//877
f 992//992 877//877 993//993
f 993//993 877//877 100//100
f 993//993 100//100 994//994
f 994//994 100//100 99//99
f 994//994 99//99 995//995
f 995//995 99//99 852//852
f 995//995 852//852 996//996
f 996//996 852//852 103//103
f 996//996 103//103 997//997
f 997//997 103//103 989//989
f 998//998 988//988 103//103
f 998//998 103//103 999//999
f 999//999 103//103 1000//1000
f 999//999 1000//1000 1001//1001
f 1001//1001 1000//1000 1002//1002
f 1001//1001 1002//1002 1003//1003
f 1004//1004 1003//1003 1002//1002
f 1004//1004 1002//1002 1005//1005
f 1005//1005 1002//1002 1006//1006
f 1005//1005 1006//1006 1007//1007
f 982//982 984//984 1008//1008
f 982//982 1008//1008 1009//1009
f 1009//1009 1008//1008 1005//1005
f 1009//1009 1005//1005 1010//1010
f 1010//1010 1005//1005 1007//1007
f 1011//1011 1012//1012 1013//1013
f 1011//1011 1013//1013 1014//1014
f 1014//1014 1013//1013 1015//1015
f 1016//1016 1015//1015 1013//1013
f 1016//1016 1013//1013 1017//1017
f 1017//1017 1013//1013 1018//1018
f 1017//1017 1018//1018 1019//1019
f 1019//1019 1018//1018 972//972
f 1019//1019 972//972 1020//1020
f 1020//1020 972//972 974//974
f 1021//1021 824//824 822//822
f 1021//1021 822//822 1022//1022
f 1022//1022 822//822 820//820
f 1023//1023 827//827 825//825
f 1023//1023 825//825 1021//1021
f 1021//1021 825//825 823//823
f 1021//1021 823//823 824//824
f 826//826 827//827 1023//1023
f 826//826 1023//1023 828//828
f 828//828 1023//1023 1024//1024
f 830//830 828//828 1024//1024
f 830//830 1024//1024 829//829
f 829//829 1024//1024 1025//1025
f 1012//1012 1000//1000 103//103
f 1012//1012 103//103 1013//1013
f 1013//1013 103//103 102//102
f 1013//1013 102//102 1025//1025
f 1025//1025 102//102 831//831
f 1025//1025 831//831 829//829
f 1026//1026 94//94 93//93
f 1026//1026 93//93 972//972
f 972//972 93//93 906//906
f 972//972 906//906 97//97
f 1027//1027 960//960 958//958
f 1027//1027 958//958 1026//1026
f 1026//1026 958//958 939//939
f 1026//1026 939//939 94//94
f 1028//1028 964//964 961//961
f 1028//1028 961//961 1027//1027
f 1027//1027 961//961 959//959
f 1027//1027 959//959 960//960
f 963//963 964//964 1028//1028
f 963//963 1028//1028 967//967
f 967//967 1028//1028 1029//1029
f 965//965 967//967 1029//1029
f 965//965 1029//1029 966//966
f 966//966 1029//1029 1030//1030
f 1031//1031 683//683 968//968
f 1031//1031 968//968 1030//1030
f 1030//1030 968//968 1032//1032
f 1030//1030 1032//1032 966//966
f 1033//1033 118//118 117//117
f 1033//1033 117//117 1031//1031
f 1031//1031 117//117 684//684
f 1031//1031 684//684 683//683
f 1034//1034 115//115 114//114
f 1034//1034 114//114 1033//1033
f 1033//1033 114//114 693//693
f 1033//1033 693//693 118//118
f 1035//1035 717//717 715//715
f 1035//1035 715//715 1034//1034
f 1034//1034 715//715 706//706
f 1034//1034 706//706 115//115
f 1036//1036 720//720 718//718
f 1036//1036 718//718 1035//1035
f 1035//1035 718//718 716//716
f 1035//1035 716//716 717//717
f 1037//1037 723//723 721//721
f 1037//1037 721//721 1036//1036
f 1036//1036 721//721 719//719
f 1036//1036 719//719 720//720
f 722//722 723//723 1037//1037
f 722//722 1037//1037 724//724
f 724//724 1037//1037 1038//1038
f 726//726 724//724 1038//1038
f 726//726 1038//1038 725//725
f 725//725 1038//1038 1039//1039
f 1040//1040 112//112 111//111
f 1040//1040 111//111 1039//1039
f 1039//1039 111//111 727//727
f 1039//1039 727//727 725//725
f 1041//1041 109//109 108//108
f 1041//1041 108//108 1040//1040
f 1040//1040 108//108 762//762
f 1040//1040 762//762 112//112
f 1042//1042 106//106 105//105
f 1042//1042 105//105 1041//1041
f 1041//1041 105//105 798//798
f 1041//1041 798//798 109//109
f 817//817 106//106 1042//1042
f 817//817 1042//1042 819//819
f 819//819 1042//1042 1022//1022
f 819//819 1022//1022 1043//1043
f 1043//1043 1022//1022 820//820
f 1031//1031 81//81 79//79
f 1031//1031 79//79 1033//1033
f 1033//1033 79//79 77//77
f 1033//1033 77//77 1034//1034
f 1034//1034 77//77 75//75
f 1034//1034 75//75 1035//1035
f 1035//1035 75//75 73//73
f 1035//1035 73//73 1036//1036
f 1036//1036 73//73 71//71
f 1036//1036 71//71 1037//1037
f 1037//1037 71//71 69//69
f 1037//1037 69//69 1038//1038
f 1038//1038 69//69 67//67
f 1013//1013 30//30 27//27
f 1013//1013 27//27 1018//1018
f 1018//1018 27//27 22//22
f 1018//1018 22//22 972//972
f 972//972 22//22 89//89
f 972//972 89//89 1026//1026
f 1026//1026 89//89 87//87
f 1026//1026 87//87 1027//1027
f 1027//1027 87//87 85//85
f 1027//1027 85//85 1028//1028
f 1028//1028 85//85 83//83
f 1028//1028 83//83 1029//1029
f 1029//1029 83//83 81//81
f 1029//1029 81//81 1030//1030
f 1030//1030 81//81 1031//1031
f 1039//1039 1038//1038 67//67
f 1039//1039 67//67 1040//1040
f 1040//1040 67//67 65//65
f 1040//1040 65//65 1041//1041
f 1041//1041 65//65 63//63
f 1041//1041 63//63 1042//1042
f 1042//1042 63//63 61//61
f 1042//1042 61//61 1022//1022
f 1022//1022 61//61 59//59
f 1022//1022 59//59 1021//1021
f 1021//1021 59//59 57//57
f 1021//1021 57//57 1023//1023
f 1023//1023 57//57 55//55
f 1023//1023 55//55 1024//1024
f 1024//1024 55//55 30//30
f 1024//1024 30//30 1025//1025
f 1025//1025 30//30 1013//1013
f 38//38 1001//1001 41//41
f 41//41 1001//1001 1003//1003
f 41//41 1003//1003 47//47
f 47//47 1003//1003 1004//1004
f 47//47 1004//1004 46//46
f 46//46 1004//1004 1005//1005
f 46//46 1005//1005 1044//1044
f 1044//1044 1005//1005 1045//1045
f 1044//1044 1045//1045 984//984
f 1044//1044 984//984 43//43
f 43//43 984//984 983//983
f 43//43 983//983 4//4
f 4//4 983//983 985//985
f 4//4 985//985 1//1
f 1//1 985//985 978//978
f 1//1 978//978 2//2
f 2//2 978//978 977//977
f 2//2 977//977 15//15
f 15//15 977//977 987//987
f 15//15 987//987 14//14
f 14//14 987//987 986//986
f 14//14 986//986 19//19
f 19//19 986//986 990//990
f 11//11 19//19 990//990
f 11//11 990//990 10//10
f 10//10 990//990 991//991
f 10//10 991//991 9//9
f 1001//1001 38//38 36//36
f 1001//1001 36//36 999//999
f 999//999 36//36 49//49
f 999//999 49//49 998//998
f 998//998 49//49 48//48
f 998//998 48//48 988//988
f 988//988 48//48 51//51
f 988//988 51//51 989//989
f 989//989 51//51 52//52
f 989//989 52//52 997//997
f 997//997 52//52 53//53
f 997//997 53//53 996//996
f 996//996 53//53 54//54
f 996//996 54//54 995//995
f 995//995 54//54 1046//1046
f 995//995 1046//1046 1047//1047
f 1047//1047 1046//1046 8//8
f 1047//1047 8//8 993//993
f 993//993 8//8 9//9
f 993//993 9//9 992//992
f 992//992 9//9 991//991
f 28//28 1014//1014 29//29
f 29//29 1014//1014 1015//1015
f 29//29 1015//1015 33//33
f 33//33 1015//1015 1016//1016
f 33//33 1016//1016 32//32
f 32//32 1016//1016 1017//1017
f 32//32 1017//1017 1048//1048
f 1048//1048 1017//1017 1049//1049
f 1048//1048 1049//1049 1020//1020
f 1048//1048 1020//1020 26//26
f 26//26 1020//1020 974//974
f 26//26 974//974 25//25
f 25//25 974//974 973//973
f 25//25 973//973 24//24
f 24//24 973//973 975//975
f 24//24 975//975 23//23
f 23//23 975//975 971//971
f 23//23 971//971 20//20
f 20//20 971//971 970//970
f 20//20 970//970 21//21
f 21//21 970//970 976//976
f 21//21 976//976 18//18
f 18//18 976//976 979//979
f 12//12 18//18 979//979
f 12//12 979//979 13//13
f 13//13 979//979 980//980
f 13//13 980//980 17//17
f 1014//1014 28//28 34//34
f 1014//1014 34//34 1011//1011
f 1011//1011 34//34 35//35
f 1011//1011 35//35 1012//1012
f 1012//1012 35//35 37//37
f 1012//1012 37//37 1000//1000
f 1000//1000 37//37 39//39
f 1000//1000 39//39 1002//1002
f 1002//1002 39//39 40//40
f 1002//1002 40//40 1006//1006
f 1006//1006 40//40 42//42
f 1006//1006 42//42 1007//1007
f 1007//1007 42//42 45//45
f 1007//1007 45//45 1010//1010
f 1010//1010 45//45 1050//1050
f 1010//1010 1050//1050 1051//1051
f 1051//1051 1050//1050 16//16
f 1051//1051 16//16 982//982
f 982//982 16//16 17//17
f 982//982 17//17 981//981
f 981//981 17//17 980//980
f 1052//1052 1053//1053 1054//1054
f 1052//1052 1054//1054 1055//1055
f 1055//1055 1054//1054 1056//1056
f 1055//1055 1056//1056 1057//1057
f 1057//1057 1056//1056 1058//1058
f 1057//1057 1058//1058 1059//1059
f 1059//1059 1058//1058 1060//1060
f 1061//1061 1053//1053 1052//1052
f 1061//1061 1052//1052 1062//1062
f 1062//1062 1052//1052 1063//1063
f 1064//1064 1062//1062 1063//1063
f 1064//1064 1063//1063 1065//1065
f 1065//1065 1063//1063 1066//1066
f 1067//1067 1065//1065 1066//1066
f 1067//1067 1066//1066 1068//1068
f 1068//1068 1066//1066 1069//1069
f 1070//1070 1068//1068 1069//1069
f 1070//1070 1069//1069 1071//1071
f 1071//1071 1069//1069 1072//1072
f 1073//1073 1074//1074 1075//1075
f 1073//1073 1075//1075 1072//1072
f 1072//1072 1075//1075 1076//1076
f 1072//1072 1076//1076 1071//1071
f 1077//1077 1074//1074 1073//1073
f 1077//1077 1073//1073 1078//1078
f 1078//1078 1073//1073 1079//1079
f 1080//1080 1078//1078 1079//1079
f 1080//1080 1079//1079 1081//1081
f 1081//1081 1079//1079 1082//1082
f 1083//1083 1081//1081 1082//1082
f 1083//1083 1082//1082 1084//1084
f 1084//1084 1082//1082 1085//1085
f 1086//1086 1084//1084 1085//1085
f 1086//1086 1085//1085 1087//1087
f 1087//1087 1085//1085 1088//1088
f 1089//1089 1090//1090 1091//1091
f 1089//1089 1091//1091 1088//1088
f 1088//1088 1091//1091 1092//1092
f 1088//1088 1092//1092 1087//1087
f 1093//1093 1090//1090 1089//1089
f 1093//1093 1089//1089 1094//1094
f 1094//1094 1089//1089 1095//1095
f 1096//1096 1094//1094 1095//1095
f 1096//1096 1095//1095 1097//1097
f 1097//1097 1095//1095 1098//1098
f 1099//1099 1100//1100 1101//1101
f 1099//1099 1101//1101 1098//1098
f 1098//1098 1101//1101 1102//1102
f 1098//1098 1102//1102 1097//1097
f 1103//1103 1104//1104 1105//1105
f 1106//1106 1107//1107 1108//1108
f 1109//1109 1110//1110 1111//1111
f 1106//1106 1108//1108 1112//1112
f 1110//1110 1113//1113 1114//1114
f 1110//1110 1114//1114 1115//1115
f 1115//1115 1114//1114 1116//1116
f 1117//1117 1111//1111 1110//1110
f 1117//1117 1110//1110 1118//1118
f 1118//1118 1110//1110 1105//1105
f 1118//1118 1105//1105 1119//1119
f 1119//1119 1105//1105 1104//1104
f 1120//1120 1121//1121 1122//1122
f 1120//1120 1122//1122 1123//1123
f 1123//1123 1122//1122 1115//1115
f 1123//1123 1115//1115 1124//1124
f 1124//1124 1115//1115 1116//1116
f 1099//1099 1122//1122 1121//1121
f 1099//1099 1121//1121 1100//1100
f 1100//1100 1121//1121 1106//1106
f 1100//1100 1106//1106 1105//1105
f 1105//1105 1106//1106 1112//1112
f 1105//1105 1112//1112 1103//1103
f 1110//1110 1109//1109 1125//1125
f 1110//1110 1125//1125 1113//1113
f 1113//1113 1125//1125 1126//1126
f 1113//1113 1126//1126 1127//1127
f 1127//1127 1126//1126 1128//1128
f 1127//1127 1128//1128 1129//1129
f 1129//1129 1128//1128 1108//1108
f 1129//1129 1108//1108 1130//1130
f 1130//1130 1108//1108 1107//1107
f 1131//1131 1132//1132 1133//1133
f 1131//1131 1133//1133 1134//1134
f 1134//1134 1133//1133 1135//1135
f 1136//1136 1137//1137 1138//1138
f 1139//1139 1134//1134 1135//1135
f 1139//1139 1135//1135 1140//1140
f 1140//1140 1135//1135 1141//1141
f 1140//1140 1141//1141 1142//1142
f 1138//1138 1137//1137 1143//1143
f 1144//1144 1145//1145 1146//1146
f 1144//1144 1146//1146 1147//1147
f 1147//1147 1146//1146 1148//1148
f 1147//1147 1148//1148 1149//1149
f 1149//1149 1148//1148 1142//1142
f 1149//1149 1142//1142 1150//1150
f 1150//1150 1142//1142 1141//1141
f 1151//1151 1145//1145 1144//1144
f 1151//1151 1144//1144 1152//1152
f 1152//1152 1144//1144 1153//1153
f 1152//1152 1153//1153 1154//1154
f 1154//1154 1153//1153 1155//1155
f 1137//1137 1136//1136 1154//1154
f 1137//1137 1154//1154 1156//1156
f 1156//1156 1154//1154 1155//1155
f 1157//1157 1138//1138 1143//1143
f 1157//1157 1143//1143 1158//1158
f 1158//1158 1143//1143 1159//1159
f 1158//1158 1159//1159 1160//1160
f 1160//1160 1159//1159 1161//1161
f 1160//1160 1161//1161 1162//1162
f 1110//1110 1163//1163 1164//1164
f 1110//1110 1164//1164 1105//1105
f 1105//1105 1164//1164 1165//1165
f 1105//1105 1165//1165 1166//1166
f 1166//1166 1165//1165 1162//1162
f 1166//1166 1162//1162 1167//1167
f 1167//1167 1162//1162 1161//1161
f 1168//1168 1163//1163 1110//1110
f 1168//1168 1110//1110 1169//1169
f 1169//1169 1110//1110 1170//1170
f 1169//1169 1170//1170 1171//1171
f 1171//1171 1170//1170 1172//1172
f 1133//1133 1132//1132 1171//1171
f 1133//1133 1171//1171 1173//1173
f 1173//1173 1171//1171 1172//1172
f 1174//1174 1175//1175 1059//1059
f 1174//1174 1059//1059 1176//1176
f 1176//1176 1059//1059 1060//1060
f 1177//1177 1176//1176 1060//1060
f 1177//1177 1060//1060 1178//1178
f 1178//1178 1060//1060 1179//1179
f 1180//1180 1181//1181 1179//1179
f 1180//1180 1179//1179 1182//1182
f 1182//1182 1179//1179 1060//1060
f 1182//1182 1060//1060 1183//1183
f 1183//1183 1060//1060 1144//1144
f 1183//1183 1144//1144 1184//1184
f 1184//1184 1144//1144 1185//1185
f 1147//1147 1186//1186 1187//1187
f 1147//1147 1187//1187 1144//1144
f 1144//1144 1187//1187 1188//1188
f 1144//1144 1188//1188 1185//1185
f 1189//1189 1181//1181 1180//1180
f 1189//1189 1180//1180 1190//1190
f 1190//1190 1180//1180 1191//1191
f 1190//1190 1191//1191 1192//1192
f 1192//1192 1191//1191 1193//1193
f 1192//1192 1193//1193 1194//1194
f 1195//1195 1192//1192 1194//1194
f 1195//1195 1194//1194 1196//1196
f 1196//1196 1194//1194 1175//1175
f 1196//1196 1175//1175 1197//1197
f 1197//1197 1175//1175 1174//1174
f 1198//1198 1175//1175 1194//1194
f 1198//1198 1194//1194 1147//1147
f 1147//1147 1194//1194 1199//1199
f 1147//1147 1199//1199 1186//1186
f 1135//1135 1200//1200 1201//1201
f 1135//1135 1201//1201 1202//1202
f 1203//1203 1204//1204 1133//1133
f 1203//1203 1133//1133 1205//1205
f 1205//1205 1133//1133 1206//1206
f 1207//1207 1200//1200 1135//1135
f 1207//1207 1135//1135 1208//1208
f 1208//1208 1135//1135 1133//1133
f 1208//1208 1133//1133 1209//1209
f 1209//1209 1133//1133 1204//1204
f 1210//1210 1211//1211 1212//1212
f 1213//1213 1214//1214 1215//1215
f 1213//1213 1215//1215 1216//1216
f 1217//1217 1218//1218 1219//1219
f 1217//1217 1219//1219 1220//1220
f 1220//1220 1219//1219 1221//1221
f 1143//1143 1222//1222 1223//1223
f 1143//1143 1223//1223 1218//1218
f 1218//1218 1223//1223 1224//1224
f 1218//1218 1224//1224 1219//1219
f 1221//1221 1225//1225 1226//1226
f 1221//1221 1226//1226 1227//1227
f 1228//1228 1229//1229 1230//1230
f 1231//1231 1220//1220 1221//1221
f 1231//1231 1221//1221 1232//1232
f 1232//1232 1221//1221 1227//1227
f 1233//1233 1232//1232 1227//1227
f 1233//1233 1227//1227 1234//1234
f 1234//1234 1227//1227 1215//1215
f 1234//1234 1215//1215 1235//1235
f 1235//1235 1215//1215 1214//1214
f 1137//1137 1236//1236 1228//1228
f 1237//1237 1222//1222 1143//1143
f 1237//1237 1143//1143 1238//1238
f 1238//1238 1143//1143 1137//1137
f 1239//1239 1240//1240 1241//1241
f 1239//1239 1241//1241 1242//1242
f 1242//1242 1241//1241 1243//1243
f 1242//1242 1243//1243 1236//1236
f 1236//1236 1243//1243 1244//1244
f 1236//1236 1244//1244 1228//1228
f 1230//1230 1229//1229 1245//1245
f 1246//1246 1238//1238 1137//1137
f 1246//1246 1137//1137 1247//1247
f 1247//1247 1137//1137 1228//1228
f 1247//1247 1228//1228 1248//1248
f 1248//1248 1228//1228 1230//1230
f 1230//1230 1245//1245 1225//1225
f 1230//1230 1225//1225 1249//1249
f 1249//1249 1225//1225 1221//1221
f 1250//1250 1251//1251 1210//1210
f 1250//1250 1210//1210 1252//1252
f 1252//1252 1210//1210 1212//1212
f 1252//1252 1212//1212 1253//1253
f 1253//1253 1212//1212 1254//1254
f 1255//1255 1256//1256 1257//1257
f 1258//1258 1259//1259 1260//1260
f 1258//1258 1260//1260 1239//1239
f 1239//1239 1260//1260 1261//1261
f 1216//1216 1240//1240 1239//1239
f 1216//1216 1239//1239 1213//1213
f 1213//1213 1239//1239 1261//1261
f 1213//1213 1261//1261 1262//1262
f 1262//1262 1261//1261 1263//1263
f 1262//1262 1263//1263 1264//1264
f 1264//1264 1263//1263 1254//1254
f 1255//1255 1257//1257 1260//1260
f 1255//1255 1260//1260 1265//1265
f 1265//1265 1260//1260 1259//1259
f 1266//1266 1210//1210 1251//1251
f 1266//1266 1251//1251 1267//1267
f 1267//1267 1251//1251 1268//1268
f 1267//1267 1268//1268 1269//1269
f 1269//1269 1268//1268 1270//1270
f 1269//1269 1270//1270 1271//1271
f 1271//1271 1270//1270 1272//1272
f 1271//1271 1272//1272 1273//1273
f 1273//1273 1272//1272 1257//1257
f 1273//1273 1257//1257 1274//1274
f 1274//1274 1257//1257 1256//1256
f 1275//1275 1276//1276 1212//1212
f 1275//1275 1212//1212 1277//1277
f 1278//1278 1277//1277 1212//1212
f 1278//1278 1212//1212 1279//1279
f 1279//1279 1212//1212 1211//1211
f 1280//1280 1159//1159 1281//1281
f 1282//1282 1283//1283 1212//1212
f 1282//1282 1212//1212 1284//1284
f 1284//1284 1212//1212 1276//1276
f 1284//1284 1276//1276 1285//1285
f 1285//1285 1276//1276 1286//1286
f 1285//1285 1286//1286 1287//1287
f 1287//1287 1286//1286 1280//1280
f 1287//1287 1280//1280 1288//1288
f 1288//1288 1280//1280 1281//1281
f 1289//1289 1283//1283 1290//1290
f 1289//1289 1290//1290 1291//1291
f 1291//1291 1290//1290 1292//1292
f 1293//1293 1281//1281 1159//1159
f 1293//1293 1159//1159 1294//1294
f 1294//1294 1159//1159 1143//1143
f 1294//1294 1143//1143 1295//1295
f 1295//1295 1143//1143 1218//1218
f 1295//1295 1218//1218 1292//1292
f 1292//1292 1218//1218 1296//1296
f 1292//1292 1296//1296 1291//1291
f 1297//1297 1264//1264 1254//1254
f 1297//1297 1254//1254 1298//1298
f 1298//1298 1254//1254 1212//1212
f 1298//1298 1212//1212 1299//1299
f 1299//1299 1212//1212 1283//1283
f 1299//1299 1283//1283 1300//1300
f 1300//1300 1283//1283 1289//1289
f 1301//1301 1302//1302 1303//1303
f 1301//1301 1303//1303 1304//1304
f 1304//1304 1303//1303 1305//1305
f 1306//1306 1307//1307 1308//1308
f 1306//1306 1308//1308 1301//1301
f 1301//1301 1308//1308 1309//1309
f 1301//1301 1309//1309 1302//1302
f 1310//1310 1307//1307 1306//1306
f 1310//1310 1306//1306 1311//1311
f 1311//1311 1306//1306 1312//1312
f 1311//1311 1312//1312 1313//1313
f 1313//1313 1312//1312 1314//1314
f 1313//1313 1314//1314 1315//1315
f 1315//1315 1314//1314 1316//1316
f 1315//1315 1316//1316 1317//1317
f 1318//1318 1317//1317 1316//1316
f 1318//1318 1316//1316 1319//1319
f 1319//1319 1316//1316 1320//1320
f 1321//1321 1322//1322 1323//1323
f 1321//1321 1323//1323 1320//1320
f 1320//1320 1323//1323 1324//1324
f 1320//1320 1324//1324 1319//1319
f 1325//1325 1326//1326 1327//1327
f 1325//1325 1327//1327 1321//1321
f 1321//1321 1327//1327 1328//1328
f 1321//1321 1328//1328 1322//1322
f 1329//1329 1326//1326 1325//1325
f 1329//1329 1325//1325 1330//1330
f 1330//1330 1325//1325 1331//1331
f 1332//1332 1333//1333 1334//1334
f 1332//1332 1334//1334 1331//1331
f 1331//1331 1334//1334 1335//1335
f 1331//1331 1335//1335 1330//1330
f 1336//1336 1337//1337 1338//1338
f 1339//1339 1340//1340 1341//1341
f 1339//1339 1341//1341 1342//1342
f 1342//1342 1341//1341 1343//1343
f 1344//1344 1345//1345 1346//1346
f 1338//1338 1337//1337 1347//1347
f 1175//1175 1348//1348 1059//1059
f 1349//1349 1346//1346 1345//1345
f 1349//1349 1345//1345 1350//1350
f 1350//1350 1345//1345 1351//1351
f 1350//1350 1351//1351 1352//1352
f 1352//1352 1351//1351 1353//1353
f 1352//1352 1353//1353 1354//1354
f 1354//1354 1353//1353 1342//1342
f 1354//1354 1342//1342 1355//1355
f 1355//1355 1342//1342 1343//1343
f 1314//1314 1356//1356 1357//1357
f 1314//1314 1357//1357 1316//1316
f 1316//1316 1357//1357 1358//1358
f 1316//1316 1358//1358 1320//1320
f 1320//1320 1358//1358 1359//1359
f 1320//1320 1359//1359 1321//1321
f 1321//1321 1359//1359 1360//1360
f 1321//1321 1360//1360 1325//1325
f 1325//1325 1360//1360 1361//1361
f 1325//1325 1361//1361 1345//1345
f 1362//1362 1336//1336 1057//1057
f 1362//1362 1057//1057 1363//1363
f 1363//1363 1057//1057 1059//1059
f 1364//1364 1365//1365 1366//1366
f 1367//1367 1338//1338 1347//1347
f 1367//1367 1347//1347 1368//1368
f 1368//1368 1347//1347 1369//1369
f 1368//1368 1369//1369 1370//1370
f 1370//1370 1369//1369 1349//1349
f 1370//1370 1349//1349 1371//1371
f 1371//1371 1349//1349 1350//1350
f 1348//1348 1364//1364 1366//1366
f 1348//1348 1366//1366 1059//1059
f 1059//1059 1366//1366 1372//1372
f 1059//1059 1372//1372 1363//1363
f 1325//1325 1345//1345 1344//1344
f 1325//1325 1344//1344 1331//1331
f 1331//1331 1344//1344 1373//1373
f 1331//1331 1373//1373 1332//1332
f 1332//1332 1373//1373 1366//1366
f 1332//1332 1366//1366 1374//1374
f 1374//1374 1366//1366 1365//1365
f 1375//1375 1301//1301 1376//1376
f 1377//1377 1378//1378 1379//1379
f 1377//1377 1379//1379 1380//1380
f 1379//1379 1122//1122 1099//1099
f 1379//1379 1099//1099 1380//1380
f 1380//1380 1099//1099 1098//1098
f 1380//1380 1098//1098 1381//1381
f 1381//1381 1098//1098 1382//1382
f 1306//1306 1301//1301 1375//1375
f 1306//1306 1375//1375 1312//1312
f 1312//1312 1375//1375 1383//1383
f 1312//1312 1383//1383 1314//1314
f 1314//1314 1383//1383 1384//1384
f 1385//1385 1378//1378 1377//1377
f 1385//1385 1377//1377 1386//1386
f 1386//1386 1377//1377 1376//1376
f 1386//1386 1376//1376 1304//1304
f 1304//1304 1376//1376 1301//1301
f 1387//1387 1388//1388 1389//1389
f 1387//1387 1389//1389 1390//1390
f 1390//1390 1389//1389 1391//1391
f 1390//1390 1391//1391 1384//1384
f 1384//1384 1391//1391 1341//1341
f 1384//1384 1341//1341 1314//1314
f 1314//1314 1341//1341 1340//1340
f 1314//1314 1340//1340 1356//1356
f 1392//1392 1388//1388 1387//1387
f 1392//1392 1387//1387 1393//1393
f 1393//1393 1387//1387 1394//1394
f 1393//1393 1394//1394 1395//1395
f 1085//1085 1082//1082 1393//1393
f 1085//1085 1393//1393 1088//1088
f 1088//1088 1393//1393 1089//1089
f 1395//1395 1382//1382 1098//1098
f 1395//1395 1098//1098 1393//1393
f 1393//1393 1098//1098 1095//1095
f 1393//1393 1095//1095 1089//1089
f 1396//1396 1397//1397 1393//1393
f 1396//1396 1393//1393 1398//1398
f 1398//1398 1393//1393 1082//1082
f 1398//1398 1082//1082 1399//1399
f 1399//1399 1082//1082 1400//1400
f 1063//1063 1052//1052 1401//1401
f 1063//1063 1401//1401 1066//1066
f 1066//1066 1401//1401 1402//1402
f 1066//1066 1402//1402 1069//1069
f 1069//1069 1402//1402 1403//1403
f 1069//1069 1403//1403 1072//1072
f 1072//1072 1403//1403 1404//1404
f 1072//1072 1404//1404 1073//1073
f 1073//1073 1404//1404 1400//1400
f 1073//1073 1400//1400 1079//1079
f 1079//1079 1400//1400 1082//1082
f 1401//1401 1052//1052 1055//1055
f 1401//1401 1055//1055 1405//1405
f 1405//1405 1055//1055 1057//1057
f 1057//1057 1336//1336 1338//1338
f 1057//1057 1338//1338 1405//1405
f 1405//1405 1338//1338 1406//1406
f 1407//1407 1392//1392 1393//1393
f 1407//1407 1393//1393 1408//1408
f 1408//1408 1393//1393 1397//1397
f 1408//1408 1397//1397 1409//1409
f 1409//1409 1397//1397 1410//1410
f 1409//1409 1410//1410 1411//1411
f 1411//1411 1410//1410 1406//1406
f 1411//1411 1406//1406 1412//1412
f 1412//1412 1406//1406 1338//1338
f 1115//1115 1122//1122 1413//1413
f 1413//1413 1122//1122 1379//1379
f 1413//1413 1379//1379 1414//1414
f 1414//1414 1379//1379 1378//1378
f 1414//1414 1378//1378 1415//1415
f 1415//1415 1378//1378 1385//1385
f 1415//1415 1385//1385 1416//1416
f 1416//1416 1385//1385 1386//1386
f 1416//1416 1386//1386 1305//1305
f 1305//1305 1386//1386 1304//1304
f 1333//1333 1332//1332 1417//1417
f 1417//1417 1332//1332 1374//1374
f 1417//1417 1374//1374 1418//1418
f 1418//1418 1374//1374 1365//1365
f 1418//1418 1365//1365 1419//1419
f 1419//1419 1365//1365 1364//1364
f 1419//1419 1364//1364 1420//1420
f 1420//1420 1364//1364 1348//1348
f 1420//1420 1348//1348 1198//1198
f 1198//1198 1348//1348 1175//1175
f 1421//1421 1422//1422 1423//1423
f 1421//1421 1423//1423 1424//1424
f 1424//1424 1423//1423 1425//1425
f 1164//1164 1426//1426 1427//1427
f 1164//1164 1427//1427 1428//1428
f 1429//1429 1430//1430 1431//1431
f 1429//1429 1431//1431 1432//1432
f 1433//1433 1432//1432 1431//1431
f 1433//1433 1431//1431 1434//1434
f 1434//1434 1431//1431 1427//1427
f 1434//1434 1427//1427 1435//1435
f 1435//1435 1427//1427 1426//1426
f 1436//1436 1426//1426 1164//1164
f 1436//1436 1164//1164 1437//1437
f 1437//1437 1164//1164 1438//1438
f 1439//1439 1440//1440 1168//1168
f 1439//1439 1168//1168 1441//1441
f 1441//1441 1168//1168 1442//1442
f 1443//1443 1438//1438 1164//1164
f 1443//1443 1164//1164 1444//1444
f 1444//1444 1164//1164 1163//1163
f 1444//1444 1163//1163 1445//1445
f 1445//1445 1163//1163 1168//1168
f 1445//1445 1168//1168 1446//1446
f 1446//1446 1168//1168 1440//1440
f 1447//1447 1448//1448 1449//1449
f 1450//1450 1430//1430 1429//1429
f 1450//1450 1429//1429 1451//1451
f 1451//1451 1429//1429 1452//1452
f 1451//1451 1452//1452 1453//1453
f 1453//1453 1452//1452 1454//1454
f 1453//1453 1454//1454 1455//1455
f 1455//1455 1454//1454 1456//1456
f 1455//1455 1456//1456 1457//1457
f 1455//1455 1457//1457 1458//1458
f 1455//1455 1458//1458 1459//1459
f 1459//1459 1458//1458 1460//1460
f 1461//1461 1460//1460 1458//1458
f 1461//1461 1458//1458 1462//1462
f 1462//1462 1458//1458 1447//1447
f 1462//1462 1447//1447 1463//1463
f 1463//1463 1447//1447 1449//1449
f 1464//1464 1463//1463 1449//1449
f 1464//1464 1449//1449 1465//1465
f 1465//1465 1449//1449 1466//1466
f 1467//1467 1466//1466 1449//1449
f 1467//1467 1449//1449 1468//1468
f 1468//1468 1449//1449 1469//1469
f 1468//1468 1469//1469 1470//1470
f 1470//1470 1469//1469 1423//1423
f 1470//1470 1423//1423 1471//1471
f 1471//1471 1423//1423 1422//1422
f 1472//1472 1473//1473 1474//1474
f 1475//1475 1476//1476 1151//1151
f 1475//1475 1151//1151 1477//1477
f 1477//1477 1151//1151 1478//1478
f 1472//1472 1474//1474 1479//1479
f 1480//1480 1481//1481 1482//1482
f 1480//1480 1482//1482 1483//1483
f 1484//1484 1483//1483 1482//1482
f 1484//1484 1482//1482 1485//1485
f 1485//1485 1482//1482 1474//1474
f 1485//1485 1474//1474 1486//1486
f 1486//1486 1474//1474 1473//1473
f 1487//1487 1473//1473 1472//1472
f 1487//1487 1472//1472 1488//1488
f 1488//1488 1472//1472 1489//1489
f 1490//1490 1491//1491 1492//1492
f 1490//1490 1492//1492 1493//1493
f 1493//1493 1492//1492 1494//1494
f 1495//1495 1489//1489 1472//1472
f 1495//1495 1472//1472 1496//1496
f 1496//1496 1472//1472 1497//1497
f 1496//1496 1497//1497 1498//1498
f 1498//1498 1497//1497 1492//1492
f 1498//1498 1492//1492 1499//1499
f 1499//1499 1492//1492 1491//1491
f 1500//1500 1501//1501 1146//1146
f 1502//1502 1481//1481 1480//1480
f 1502//1502 1480//1480 1503//1503
f 1503//1503 1480//1480 1504//1504
f 1503//1503 1504//1504 1505//1505
f 1505//1505 1504//1504 1506//1506
f 1505//1505 1506//1506 1507//1507
f 1507//1507 1506//1506 1508//1508
f 1507//1507 1508//1508 1509//1509
f 1507//1507 1509//1509 1510//1510
f 1507//1507 1510//1510 1511//1511
f 1511//1511 1510//1510 1512//1512
f 1513//1513 1512//1512 1510//1510
f 1513//1513 1510//1510 1514//1514
f 1514//1514 1510//1510 1500//1500
f 1514//1514 1500//1500 1515//1515
f 1515//1515 1500//1500 1146//1146
f 1516//1516 1515//1515 1146//1146
f 1516//1516 1146//1146 1517//1517
f 1517//1517 1146//1146 1518//1518
f 1519//1519 1518//1518 1146//1146
f 1519//1519 1146//1146 1520//1520
f 1520//1520 1146//1146 1145//1145
f 1520//1520 1145//1145 1521//1521
f 1521//1521 1145//1145 1151//1151
f 1521//1521 1151//1151 1522//1522
f 1522//1522 1151//1151 1476//1476
f 1501//1501 1494//1494 1492//1492
f 1501//1501 1492//1492 1146//1146
f 1146//1146 1492//1492 1523//1523
f 1146//1146 1523//1523 1148//1148
f 1148//1148 1523//1523 1524//1524
f 1148//1148 1524//1524 1142//1142
f 1142//1142 1524//1524 1525//1525
f 1142//1142 1525//1525 1140//1140
f 1140//1140 1525//1525 1526//1526
f 1140//1140 1526//1526 1139//1139
f 1139//1139 1526//1526 1527//1527
f 1139//1139 1527//1527 1134//1134
f 1134//1134 1527//1527 1528//1528
f 1134//1134 1528//1528 1131//1131
f 1131//1131 1528//1528 1529//1529
f 1131//1131 1529//1529 1132//1132
f 1132//1132 1529//1529 1530//1530
f 1132//1132 1530//1530 1171//1171
f 1171//1171 1530//1530 1531//1531
f 1171//1171 1531//1531 1169//1169
f 1169//1169 1531//1531 1449//1449
f 1169//1169 1449//1449 1168//1168
f 1168//1168 1449//1449 1448//1448
f 1168//1168 1448//1448 1442//1442
f 1428//1428 1425//1425 1423//1423
f 1428//1428 1423//1423 1164//1164
f 1164//1164 1423//1423 1532//1532
f 1164//1164 1532//1532 1165//1165
f 1165//1165 1532//1532 1533//1533
f 1165//1165 1533//1533 1162//1162
f 1162//1162 1533//1533 1534//1534
f 1162//1162 1534//1534 1160//1160
f 1160//1160 1534//1534 1535//1535
f 1160//1160 1535//1535 1158//1158
f 1158//1158 1535//1535 1536//1536
f 1158//1158 1536//1536 1157//1157
f 1157//1157 1536//1536 1537//1537
f 1157//1157 1537//1537 1138//1138
f 1138//1138 1537//1537 1538//1538
f 1138//1138 1538//1538 1136//1136
f 1136//1136 1538//1538 1539//1539
f 1136//1136 1539//1539 1154//1154
f 1154//1154 1539//1539 1540//1540
f 1154//1154 1540//1540 1152//1152
f 1152//1152 1540//1540 1472//1472
f 1152//1152 1472//1472 1151//1151
f 1151//1151 1472//1472 1479//1479
f 1151//1151 1479//1479 1478//1478
f 1472//1472 1540//1540 1541//1541
f 1472//1472 1541//1541 1497//1497
f 1497//1497 1541//1541 1492//1492
f 1538//1538 1537//1537 1541//1541
f 1538//1538 1541//1541 1539//1539
f 1539//1539 1541//1541 1540//1540
f 1535//1535 1534//1534 1541//1541
f 1535//1535 1541//1541 1536//1536
f 1536//1536 1541//1541 1537//1537
f 1532//1532 1423//1423 1541//1541
f 1532//1532 1541//1541 1533//1533
f 1533//1533 1541//1541 1534//1534
f 1449//1449 1531//1531 1541//1541
f 1449//1449 1541//1541 1469//1469
f 1469//1469 1541//1541 1423//1423
f 1529//1529 1528//1528 1541//1541
f 1529//1529 1541//1541 1530//1530
f 1530//1530 1541//1541 1531//1531
f 1526//1526 1525//1525 1541//1541
f 1526//1526 1541//1541 1527//1527
f 1527//1527 1541//1541 1528//1528
f 1523//1523 1492//1492 1541//1541
f 1523//1523 1541//1541 1524//1524
f 1524//1524 1541//1541 1525//1525
f 1355//1355 1343//1343 1220//1220
f 1355//1355 1220//1220 1354//1354
f 1354//1354 1220//1220 1231//1231
f 1354//1354 1231//1231 1352//1352
f 1352//1352 1231//1231 1232//1232
f 1352//1352 1232//1232 1350//1350
f 1350//1350 1232//1232 1233//1233
f 1350//1350 1233//1233 1371//1371
f 1371//1371 1233//1233 1234//1234
f 1371//1371 1234//1234 1370//1370
f 1370//1370 1234//1234 1235//1235
f 1370//1370 1235//1235 1368//1368
f 1368//1368 1235//1235 1214//1214
f 1368//1368 1214//1214 1367//1367
f 1367//1367 1214//1214 1213//1213
f 1367//1367 1213//1213 1338//1338
f 1338//1338 1213//1213 1262//1262
f 1338//1338 1262//1262 1412//1412
f 1412//1412 1262//1262 1264//1264
f 1412//1412 1264//1264 1411//1411
f 1411//1411 1264//1264 1297//1297
f 1411//1411 1297//1297 1409//1409
f 1409//1409 1297//1297 1298//1298
f 1409//1409 1298//1298 1408//1408
f 1408//1408 1298//1298 1299//1299
f 1408//1408 1299//1299 1407//1407
f 1407//1407 1299//1299 1300//1300
f 1407//1407 1300//1300 1392//1392
f 1392//1392 1300//1300 1289//1289
f 1392//1392 1289//1289 1388//1388
f 1388//1388 1289//1289 1291//1291
f 1388//1388 1291//1291 1389//1389
f 1389//1389 1291//1291 1296//1296
f 1389//1389 1296//1296 1391//1391
f 1391//1391 1296//1296 1218//1218
f 1391//1391 1218//1218 1341//1341
f 1341//1341 1218//1218 1217//1217
f 1341//1341 1217//1217 1343//1343
f 1343//1343 1217//1217 1220//1220
f 1268//1268 1404//1404 1403//1403
f 1268//1268 1403//1403 1270//1270
f 1270//1270 1403//1403 1402//1402
f 1270//1270 1402//1402 1272//1272
f 1272//1272 1402//1402 1401//1401
f 1272//1272 1401//1401 1257//1257
f 1257//1257 1401//1401 1405//1405
f 1257//1257 1405//1405 1260//1260
f 1260//1260 1405//1405 1406//1406
f 1260//1260 1406//1406 1261//1261
f 1261//1261 1406//1406 1410//1410
f 1261//1261 1410//1410 1263//1263
f 1263//1263 1410//1410 1397//1397
f 1263//1263 1397//1397 1254//1254
f 1254//1254 1397//1397 1396//1396
f 1254//1254 1396//1396 1253//1253
f 1253//1253 1396//1396 1398//1398
f 1253//1253 1398//1398 1252//1252
f 1252//1252 1398//1398 1399//1399
f 1252//1252 1399//1399 1250//1250
f 1250//1250 1399//1399 1400//1400
f 1250//1250 1400//1400 1251//1251
f 1251//1251 1400//1400 1404//1404
f 1251//1251 1404//1404 1268//1268
f 1284//1284 1395//1395 1394//1394
f 1284//1284 1394//1394 1282//1282
f 1282//1282 1394//1394 1387//1387
f 1282//1282 1387//1387 1283//1283
f 1283//1283 1387//1387 1390//1390
f 1283//1283 1390//1390 1290//1290
f 1290//1290 1390//1390 1384//1384
f 1290//1290 1384//1384 1292//1292
f 1292//1292 1384//1384 1383//1383
f 1292//1292 1383//1383 1295//1295
f 1295//1295 1383//1383 1375//1375
f 1295//1295 1375//1375 1294//1294
f 1294//1294 1375//1375 1376//1376
f 1294//1294 1376//1376 1293//1293
f 1293//1293 1376//1376 1377//1377
f 1293//1293 1377//1377 1281//1281
f 1281//1281 1377//1377 1380//1380
f 1281//1281 1380//1380 1288//1288
f 1288//1288 1380//1380 1381//1381
f 1288//1288 1381//1381 1287//1287
f 1287//1287 1381//1381 1382//1382
f 1287//1287 1382//1382 1285//1285
f 1285//1285 1382//1382 1395//1395
f 1285//1285 1395//1395 1284//1284
f 1221//1221 1353//1353 1351//1351
f 1221//1221 1351//1351 1249//1249
f 1249//1249 1351//1351 1345//1345
f 1249//1249 1345//1345 1230//1230
f 1230//1230 1345//1345 1361//1361
f 1230//1230 1361//1361 1248//1248
f 1248//1248 1361//1361 1360//1360
f 1248//1248 1360//1360 1247//1247
f 1247//1247 1360//1360 1359//1359
f 1247//1247 1359//1359 1246//1246
f 1246//1246 1359//1359 1358//1358
f 1246//1246 1358//1358 1238//1238
f 1238//1238 1358//1358 1357//1357
f 1238//1238 1357//1357 1237//1237
f 1237//1237 1357//1357 1356//1356
f 1237//1237 1356//1356 1222//1222
f 1222//1222 1356//1356 1340//1340
f 1222//1222 1340//1340 1223//1223
f 1223//1223 1340//1340 1339//1339
f 1223//1223 1339//1339 1224//1224
f 1224//1224 1339//1339 1342//1342
f 1224//1224 1342//1342 1219//1219
f 1219//1219 1342//1342 1353//1353
f 1219//1219 1353//1353 1221//1221
f 1216//1216 1336//1336 1362//1362
f 1216//1216 1362//1362 1240//1240
f 1240//1240 1362//1362 1363//1363
f 1240//1240 1363//1363 1241//1241
f 1241//1241 1363//1363 1372//1372
f 1241//1241 1372//1372 1243//1243
f 1243//1243 1372//1372 1366//1366
f 1243//1243 1366//1366 1244//1244
f 1244//1244 1366//1366 1373//1373
f 1244//1244 1373//1373 1228//1228
f 1228//1228 1373//1373 1344//1344
f 1228//1228 1344//1344 1229//1229
f 1229//1229 1344//1344 1346//1346
f 1229//1229 1346//1346 1245//1245
f 1245//1245 1346//1346 1349//1349
f 1245//1245 1349//1349 1225//1225
f 1225//1225 1349//1349 1369//1369
f 1225//1225 1369//1369 1226//1226
f 1226//1226 1369//1369 1347//1347
f 1226//1226 1347//1347 1227//1227
f 1227//1227 1347//1347 1337//1337
f 1227//1227 1337//1337 1215//1215
f 1215//1215 1337//1337 1336//1336
f 1215//1215 1336//1336 1216//1216
f 1456//1456 1454//1454 1126//1126
f 1441//1441 1111//1111 1439//1439
f 1439//1439 1111//1111 1117//1117
f 1111//1111 1441//1441 1442//1442
f 1111//1111 1442//1442 1109//1109
f 1109//1109 1442//1442 1448//1448
f 1109//1109 1448//1448 1447//1447
f 1109//1109 1447//1447 1125//1125
f 1125//1125 1447//1447 1458//1458
f 1456//1456 1126//1126 1125//1125
f 1456//1456 1125//1125 1457//1457
f 1457//1457 1125//1125 1458//1458
f 1126//1126 1454//1454 1452//1452
f 1126//1126 1452//1452 1128//1128
f 1128//1128 1452//1452 1429//1429
f 1128//1128 1429//1429 1108//1108
f 1108//1108 1429//1429 1432//1432
f 1108//1108 1432//1432 1433//1433
f 1108//1108 1433//1433 1112//1112
f 1112//1112 1433//1433 1434//1434
f 1112//1112 1434//1434 1435//1435
f 1112//1112 1435//1435 1103//1103
f 1103//1103 1435//1435 1426//1426
f 1103//1103 1426//1426 1436//1436
f 1103//1103 1436//1436 1104//1104
f 1104//1104 1436//1436 1437//1437
f 1443//1443 1119//1119 1104//1104
f 1443//1443 1104//1104 1438//1438
f 1438//1438 1104//1104 1437//1437
f 1440//1440 1439//1439 1117//1117
f 1440//1440 1117//1117 1446//1446
f 1446//1446 1117//1117 1118//1118
f 1446//1446 1118//1118 1445//1445
f 1445//1445 1118//1118 1119//1119
f 1445//1445 1119//1119 1444//1444
f 1444//1444 1119//1119 1443//1443
f 1519//1519 1520//1520 1186//1186
f 1513//1513 1193//1193 1512//1512
f 1512//1512 1193//1193 1191//1191
f 1193//1193 1513//1513 1514//1514
f 1193//1193 1514//1514 1194//1194
f 1194//1194 1514//1514 1515//1515
f 1194//1194 1515//1515 1516//1516
f 1194//1194 1516//1516 1199//1199
f 1199//1199 1516//1516 1517//1517
f 1519//1519 1186//1186 1199//1199
f 1519//1519 1199//1199 1518//1518
f 1518//1518 1199//1199 1517//1517
f 1186//1186 1520//1520 1521//1521
f 1186//1186 1521//1521 1187//1187
f 1187//1187 1521//1521 1522//1522
f 1187//1187 1522//1522 1188//1188
f 1188//1188 1522//1522 1476//1476
f 1188//1188 1476//1476 1475//1475
f 1188//1188 1475//1475 1185//1185
f 1185//1185 1475//1475 1477//1477
f 1185//1185 1477//1477 1478//1478
f 1185//1185 1478//1478 1184//1184
f 1184//1184 1478//1478 1479//1479
f 1184//1184 1479//1479 1474//1474
f 1184//1184 1474//1474 1183//1183
f 1183//1183 1474//1474 1482//1482
f 1502//1502 1182//1182 1183//1183
f 1502//1502 1183//1183 1481//1481
f 1481//1481 1183//1183 1482//1482
f 1511//1511 1512//1512 1191//1191
f 1511//1511 1191//1191 1507//1507
f 1507//1507 1191//1191 1180//1180
f 1507//1507 1180//1180 1505//1505
f 1505//1505 1180//1180 1182//1182
f 1505//1505 1182//1182 1503//1503
f 1503//1503 1182//1182 1502//1502
f 1467//1467 1468//1468 1124//1124
f 1461//1461 1113//1113 1460//1460
f 1460//1460 1113//1113 1127//1127
f 1113//1113 1461//1461 1462//1462
f 1113//1113 1462//1462 1114//1114
f 1114//1114 1462//1462 1463//1463
f 1114//1114 1463//1463 1464//1464
f 1114//1114 1464//1464 1116//1116
f 1116//1116 1464//1464 1465//1465
f 1467//1467 1124//1124 1116//1116
f 1467//1467 1116//1116 1466//1466
f 1466//1466 1116//1116 1465//1465
f 1124//1124 1468//1468 1470//1470
f 1124//1124 1470//1470 1123//1123
f 1123//1123 1470//1470 1471//1471
f 1123//1123 1471//1471 1120//1120
f 1120//1120 1471//1471 1422//1422
f 1120//1120 1422//1422 1421//1421
f 1120//1120 1421//1421 1121//1121
f 1121//1121 1421//1421 1424//1424
f 1121//1121 1424//1424 1425//1425
f 1121//1121 1425//1425 1106//1106
f 1106//1106 1425//1425 1428//1428
f 1106//1106 1428//1428 1427//1427
f 1106//1106 1427//1427 1107//1107
f 1107//1107 1427//1427 1431//1431
f 1450//1450 1130//1130 1107//1107
f 1450//1450 1107//1107 1430//1430
f 1430//1430 1107//1107 1431//1431
f 1459//1459 1460//1460 1127//1127
f 1459//1459 1127//1127 1455//1455
f 1455//1455 1127//1127 1129//1129
f 1455//1455 1129//1129 1453//1453
f 1453//1453 1129//1129 1130//1130
f 1453//1453 1130//1130 1451//1451
f 1451//1451 1130//1130 1450//1450
f 1508//1508 1506//1506 1192//1192
f 1493//1493 1197//1197 1490//1490
f 1490//1490 1197//1197 1174//1174
f 1197//1197 1493//1493 1494//1494
f 1197//1197 1494//1494 1196//1196
f 1196//1196 1494//1494 1501//1501
f 1196//1196 1501//1501 1500//1500
f 1196//1196 1500//1500 1195//1195
f 1195//1195 1500//1500 1510//1510
f 1508//1508 1192//1192 1195//1195
f 1508//1508 1195//1195 1509//1509
f 1509//1509 1195//1195 1510//1510
f 1192//1192 1506//1506 1504//1504
f 1192//1192 1504//1504 1190//1190
f 1190//1190 1504//1504 1480//1480
f 1190//1190 1480//1480 1189//1189
f 1189//1189 1480//1480 1483//1483
f 1189//1189 1483//1483 1484//1484
f 1189//1189 1484//1484 1181//1181
f 1181//1181 1484//1484 1485//1485
f 1181//1181 1485//1485 1486//1486
f 1181//1181 1486//1486 1179//1179
f 1179//1179 1486//1486 1473//1473
f 1179//1179 1473//1473 1487//1487
f 1179//1179 1487//1487 1178//1178
f 1178//1178 1487//1487 1488//1488
f 1495//1495 1177//1177 1178//1178
f 1495//1495 1178//1178 1489//1489
f 1489//1489 1178//1178 1488//1488
f 1491//1491 1490//1490 1174//1174
f 1491//1491 1174//1174 1499//1499
f 1499//1499 1174//1174 1176//1176
f 1499//1499 1176//1176 1498//1498
f 1498//1498 1176//1176 1177//1177
f 1498//1498 1177//1177 1496//1496
f 1496//1496 1177//1177 1495//1495
f 1542//1542 1543//1543 1172//1172
f 1544//1544 1545//1545 1110//1110
f 1546//1546 1544//1544 1110//1110
f 1546//1546 1110//1110 1547//1547
f 1547//1547 1110//1110 1115//1115
f 1548//1548 1549//1549 1170//1170
f 1548//1548 1170//1170 1550//1550
f 1550//1550 1170//1170 1110//1110
f 1550//1550 1110//1110 1551//1551
f 1551//1551 1110//1110 1545//1545
f 1542//1542 1172//1172 1170//1170
f 1542//1542 1170//1170 1552//1552
f 1552//1552 1170//1170 1549//1549
f 1553//1553 1554//1554 1173//1173
f 1553//1553 1173//1173 1555//1555
f 1555//1555 1173//1173 1172//1172
f 1555//1555 1172//1172 1556//1556
f 1556//1556 1172//1172 1543//1543
f 1206//1206 1133//1133 1173//1173
f 1206//1206 1173//1173 1557//1557
f 1557//1557 1173//1173 1554//1554
f 1558//1558 1559//1559 1560//1560
f 1561//1561 1557//1557 1554//1554
f 1561//1561 1554//1554 1562//1562
f 1562//1562 1554//1554 1553//1553
f 1562//1562 1553//1553 1555//1555
f 1562//1562 1555//1555 1563//1563
f 1563//1563 1555//1555 1556//1556
f 1563//1563 1556//1556 1564//1564
f 1564//1564 1556//1556 1543//1543
f 1564//1564 1543//1543 1542//1542
f 1564//1564 1542//1542 1565//1565
f 1565//1565 1542//1542 1552//1552
f 1565//1565 1552//1552 1566//1566
f 1566//1566 1552//1552 1549//1549
f 1566//1566 1549//1549 1567//1567
f 1567//1567 1549//1549 1548//1548
f 1560//1560 1559//1559 1568//1568
f 1560//1560 1568//1568 1569//1569
f 1569//1569 1568//1568 1570//1570
f 1569//1569 1570//1570 1571//1571
f 1571//1571 1570//1570 1572//1572
f 1571//1571 1572//1572 1573//1573
f 1573//1573 1572//1572 1574//1574
f 1573//1573 1574//1574 1575//1575
f 1575//1575 1574//1574 1576//1576
f 1575//1575 1576//1576 1577//1577
f 1577//1577 1576//1576 1578//1578
f 1577//1577 1578//1578 1579//1579
f 1579//1579 1578//1578 1580//1580
f 1579//1579 1580//1580 1581//1581
f 1581//1581 1580//1580 1582//1582
f 1581//1581 1582//1582 1583//1583
f 1583//1583 1582//1582 1584//1584
f 1583//1583 1584//1584 1585//1585
f 1585//1585 1584//1584 1586//1586
f 1585//1585 1586//1586 1587//1587
f 1587//1587 1586//1586 1588//1588
f 1587//1587 1588//1588 1305//1305
f 1305//1305 1588//1588 1416//1416
f 1559//1559 1589//1589 1590//1590
f 1559//1559 1590//1590 1568//1568
f 1568//1568 1590//1590 1591//1591
f 1568//1568 1591//1591 1570//1570
f 1570//1570 1591//1591 1592//1592
f 1570//1570 1592//1592 1572//1572
f 1572//1572 1592//1592 1593//1593
f 1572//1572 1593//1593 1574//1574
f 1574//1574 1593//1593 1594//1594
f 1574//1574 1594//1594 1576//1576
f 1576//1576 1594//1594 1595//1595
f 1576//1576 1595//1595 1578//1578
f 1578//1578 1595//1595 1596//1596
f 1578//1578 1596//1596 1580//1580
f 1580//1580 1596//1596 1597//1597
f 1580//1580 1597//1597 1582//1582
f 1582//1582 1597//1597 1598//1598
f 1582//1582 1598//1598 1584//1584
f 1584//1584 1598//1598 1599//1599
f 1584//1584 1599//1599 1586//1586
f 1586//1586 1599//1599 1600//1600
f 1586//1586 1600//1600 1588//1588
f 1588//1588 1600//1600 1601//1601
f 1588//1588 1601//1601 1416//1416
f 1416//1416 1601//1601 1415//1415
f 1590//1590 1589//1589 1602//1602
f 1590//1590 1602//1602 1591//1591
f 1591//1591 1602//1602 1603//1603
f 1591//1591 1603//1603 1592//1592
f 1592//1592 1603//1603 1604//1604
f 1592//1592 1604//1604 1593//1593
f 1593//1593 1604//1604 1605//1605
f 1593//1593 1605//1605 1594//1594
f 1594//1594 1605//1605 1606//1606
f 1594//1594 1606//1606 1595//1595
f 1595//1595 1606//1606 1607//1607
f 1595//1595 1607//1607 1596//1596
f 1596//1596 1607//1607 1608//1608
f 1596//1596 1608//1608 1597//1597
f 1597//1597 1608//1608 1609//1609
f 1597//1597 1609//1609 1598//1598
f 1598//1598 1609//1609 1610//1610
f 1598//1598 1610//1610 1599//1599
f 1599//1599 1610//1610 1611//1611
f 1599//1599 1611//1611 1600//1600
f 1600//1600 1611//1611 1612//1612
f 1600//1600 1612//1612 1601//1601
f 1601//1601 1612//1612 1613//1613
f 1601//1601 1613//1613 1415//1415
f 1415//1415 1613//1613 1414//1414
f 1589//1589 1206//1206 1557//1557
f 1589//1589 1557//1557 1602//1602
f 1602//1602 1557//1557 1561//1561
f 1602//1602 1561//1561 1603//1603
f 1603//1603 1561//1561 1562//1562
f 1603//1603 1562//1562 1604//1604
f 1604//1604 1562//1562 1563//1563
f 1604//1604 1563//1563 1605//1605
f 1605//1605 1563//1563 1564//1564
f 1605//1605 1564//1564 1606//1606
f 1606//1606 1564//1564 1565//1565
f 1606//1606 1565//1565 1607//1607
f 1607//1607 1565//1565 1566//1566
f 1607//1607 1566//1566 1608//1608
f 1608//1608 1566//1566 1567//1567
f 1608//1608 1567//1567 1609//1609
f 1609//1609 1567//1567 1614//1614
f 1609//1609 1614//1614 1610//1610
f 1610//1610 1614//1614 1615//1615
f 1610//1610 1615//1615 1611//1611
f 1611//1611 1615//1615 1616//1616
f 1611//1611 1616//1616 1612//1612
f 1612//1612 1616//1616 1617//1617
f 1612//1612 1617//1617 1613//1613
f 1613//1613 1617//1617 1618//1618
f 1613//1613 1618//1618 1414//1414
f 1414//1414 1618//1618 1413//1413
f 1559//1559 1558//1558 1619//1619
f 1559//1559 1619//1619 1589//1589
f 1589//1589 1619//1619 1206//1206
f 1567//1567 1548//1548 1550//1550
f 1567//1567 1550//1550 1614//1614
f 1614//1614 1550//1550 1551//1551
f 1614//1614 1551//1551 1615//1615
f 1615//1615 1551//1551 1545//1545
f 1615//1615 1545//1545 1616//1616
f 1616//1616 1545//1545 1544//1544
f 1616//1616 1544//1544 1617//1617
f 1617//1617 1544//1544 1546//1546
f 1617//1617 1546//1546 1618//1618
f 1618//1618 1546//1546 1547//1547
f 1618//1618 1547//1547 1413//1413
f 1413//1413 1547//1547 1115//1115
f 1311//1311 1620//1620 1310//1310
f 1206//1206 1619//1619 1205//1205
f 1621//1621 1622//1622 1334//1334
f 1623//1623 1621//1621 1334//1334
f 1623//1623 1334//1334 1624//1624
f 1624//1624 1334//1334 1333//1333
f 1625//1625 1626//1626 1627//1627
f 1625//1625 1627//1627 1628//1628
f 1628//1628 1627//1627 1629//1629
f 1630//1630 1619//1619 1558//1558
f 1630//1630 1558//1558 1631//1631
f 1631//1631 1558//1558 1560//1560
f 1632//1632 1560//1560 1569//1569
f 1632//1632 1569//1569 1633//1633
f 1633//1633 1569//1569 1571//1571
f 1573//1573 1634//1634 1571//1571
f 1575//1575 1577//1577 1635//1635
f 1575//1575 1635//1635 1573//1573
f 1573//1573 1635//1635 1636//1636
f 1581//1581 1583//1583 1637//1637
f 1581//1581 1637//1637 1579//1579
f 1579//1579 1637//1637 1577//1577
f 1587//1587 1305//1305 1303//1303
f 1587//1587 1303//1303 1585//1585
f 1622//1622 1638//1638 1639//1639
f 1622//1622 1639//1639 1334//1334
f 1334//1334 1639//1639 1640//1640
f 1334//1334 1640//1640 1335//1335
f 1330//1330 1335//1335 1640//1640
f 1330//1330 1640//1640 1329//1329
f 1329//1329 1640//1640 1641//1641
f 1329//1329 1641//1641 1326//1326
f 1326//1326 1641//1641 1642//1642
f 1327//1327 1326//1326 1642//1642
f 1327//1327 1642//1642 1328//1328
f 1328//1328 1642//1642 1643//1643
f 1328//1328 1643//1643 1322//1322
f 1322//1322 1643//1643 1644//1644
f 1322//1322 1644//1644 1323//1323
f 1323//1323 1644//1644 1645//1645
f 1323//1323 1645//1645 1324//1324
f 1319//1319 1324//1324 1645//1645
f 1319//1319 1645//1645 1318//1318
f 1318//1318 1645//1645 1646//1646
f 1318//1318 1646//1646 1317//1317
f 1317//1317 1646//1646 1647//1647
f 1317//1317 1647//1647 1315//1315
f 1315//1315 1647//1647 1620//1620
f 1315//1315 1620//1620 1313//1313
f 1313//1313 1620//1620 1311//1311
f 1648//1648 1307//1307 1310//1310
f 1648//1648 1310//1310 1649//1649
f 1649//1649 1310//1310 1620//1620
f 1583//1583 1585//1585 1303//1303
f 1583//1583 1303//1303 1637//1637
f 1637//1637 1303//1303 1302//1302
f 1637//1637 1302//1302 1650//1650
f 1650//1650 1302//1302 1309//1309
f 1650//1650 1309//1309 1648//1648
f 1648//1648 1309//1309 1308//1308
f 1648//1648 1308//1308 1307//1307
f 1635//1635 1577//1577 1637//1637
f 1635//1635 1637//1637 1636//1636
f 1636//1636 1637//1637 1650//1650
f 1636//1636 1650//1650 1651//1651
f 1651//1651 1650//1650 1648//1648
f 1651//1651 1648//1648 1652//1652
f 1652//1652 1648//1648 1649//1649
f 1652//1652 1649//1649 1653//1653
f 1653//1653 1649//1649 1620//1620
f 1653//1653 1620//1620 1654//1654
f 1654//1654 1620//1620 1647//1647
f 1654//1654 1647//1647 1655//1655
f 1655//1655 1647//1647 1646//1646
f 1655//1655 1646//1646 1656//1656
f 1656//1656 1646//1646 1645//1645
f 1656//1656 1645//1645 1657//1657
f 1657//1657 1645//1645 1644//1644
f 1657//1657 1644//1644 1658//1658
f 1658//1658 1644//1644 1643//1643
f 1658//1658 1643//1643 1659//1659
f 1659//1659 1643//1643 1642//1642
f 1659//1659 1642//1642 1660//1660
f 1660//1660 1642//1642 1641//1641
f 1660//1660 1641//1641 1661//1661
f 1661//1661 1641//1641 1640//1640
f 1661//1661 1640//1640 1662//1662
f 1662//1662 1640//1640 1639//1639
f 1634//1634 1573//1573 1636//1636
f 1634//1634 1636//1636 1663//1663
f 1663//1663 1636//1636 1651//1651
f 1663//1663 1651//1651 1664//1664
f 1664//1664 1651//1651 1652//1652
f 1664//1664 1652//1652 1665//1665
f 1665//1665 1652//1652 1653//1653
f 1665//1665 1653//1653 1666//1666
f 1666//1666 1653//1653 1654//1654
f 1666//1666 1654//1654 1667//1667
f 1667//1667 1654//1654 1655//1655
f 1667//1667 1655//1655 1668//1668
f 1668//1668 1655//1655 1656//1656
f 1668//1668 1656//1656 1669//1669
f 1669//1669 1656//1656 1657//1657
f 1669//1669 1657//1657 1670//1670
f 1670//1670 1657//1657 1658//1658
f 1670//1670 1658//1658 1671//1671
f 1671//1671 1658//1658 1659//1659
f 1671//1671 1659//1659 1672//1672
f 1672//1672 1659//1659 1660//1660
f 1672//1672 1660//1660 1673//1673
f 1673//1673 1660//1660 1661//1661
f 1673//1673 1661//1661 1674//1674
f 1674//1674 1661//1661 1662//1662
f 1674//1674 1662//1662 1675//1675
f 1675//1675 1662//1662 1639//1639
f 1675//1675 1639//1639 1676//1676
f 1676//1676 1639//1639 1638//1638
f 1633//1633 1571//1571 1634//1634
f 1633//1633 1634//1634 1632//1632
f 1632//1632 1634//1634 1663//1663
f 1632//1632 1663//1663 1677//1677
f 1677//1677 1663//1663 1664//1664
f 1677//1677 1664//1664 1678//1678
f 1678//1678 1664//1664 1665//1665
f 1678//1678 1665//1665 1679//1679
f 1679//1679 1665//1665 1666//1666
f 1679//1679 1666//1666 1680//1680
f 1680//1680 1666//1666 1667//1667
f 1680//1680 1667//1667 1681//1681
f 1681//1681 1667//1667 1668//1668
f 1681//1681 1668//1668 1682//1682
f 1682//1682 1668//1668 1669//1669
f 1682//1682 1669//1669 1683//1683
f 1683//1683 1669//1669 1670//1670
f 1683//1683 1670//1670 1684//1684
f 1684//1684 1670//1670 1671//1671
f 1684//1684 1671//1671 1685//1685
f 1685//1685 1671//1671 1672//1672
f 1685//1685 1672//1672 1686//1686
f 1686//1686 1672//1672 1673//1673
f 1686//1686 1673//1673 1687//1687
f 1687//1687 1673//1673 1674//1674
f 1631//1631 1560//1560 1632//1632
f 1631//1631 1632//1632 1630//1630
f 1630//1630 1632//1632 1677//1677
f 1630//1630 1677//1677 1688//1688
f 1688//1688 1677//1677 1678//1678
f 1688//1688 1678//1678 1689//1689
f 1689//1689 1678//1678 1679//1679
f 1689//1689 1679//1679 1690//1690
f 1690//1690 1679//1679 1680//1680
f 1690//1690 1680//1680 1691//1691
f 1691//1691 1680//1680 1681//1681
f 1691//1691 1681//1681 1692//1692
f 1692//1692 1681//1681 1682//1682
f 1692//1692 1682//1682 1693//1693
f 1693//1693 1682//1682 1683//1683
f 1693//1693 1683//1683 1626//1626
f 1626//1626 1683//1683 1684//1684
f 1626//1626 1684//1684 1627//1627
f 1627//1627 1684//1684 1685//1685
f 1627//1627 1685//1685 1629//1629
f 1629//1629 1685//1685 1686//1686
f 1629//1629 1686//1686 1694//1694
f 1694//1694 1686//1686 1687//1687
f 1205//1205 1619//1619 1630//1630
f 1205//1205 1630//1630 1203//1203
f 1203//1203 1630//1630 1688//1688
f 1203//1203 1688//1688 1204//1204
f 1204//1204 1688//1688 1689//1689
f 1204//1204 1689//1689 1209//1209
f 1209//1209 1689//1689 1690//1690
f 1209//1209 1690//1690 1208//1208
f 1208//1208 1690//1690 1691//1691
f 1208//1208 1691//1691 1207//1207
f 1207//1207 1691//1691 1692//1692
f 1207//1207 1692//1692 1200//1200
f 1200//1200 1692//1692 1693//1693
f 1200//1200 1693//1693 1201//1201
f 1201//1201 1693//1693 1626//1626
f 1201//1201 1626//1626 1202//1202
f 1202//1202 1626//1626 1625//1625
f 1695//1695 1696//1696 1697//1697
f 1695//1695 1697//1697 1202//1202
f 1698//1698 1697//1697 1696//1696
f 1698//1698 1696//1696 1699//1699
f 1700//1700 1701//1701 1702//1702
f 1700//1700 1702//1702 1703//1703
f 1704//1704 1705//1705 1703//1703
f 1704//1704 1703//1703 1706//1706
f 1706//1706 1703//1703 1702//1702
f 1707//1707 1705//1705 1704//1704
f 1707//1707 1704//1704 1708//1708
f 1708//1708 1704//1704 1709//1709
f 1708//1708 1709//1709 1710//1710
f 1711//1711 1712//1712 1710//1710
f 1711//1711 1710//1710 1713//1713
f 1713//1713 1710//1710 1709//1709
f 1714//1714 1712//1712 1711//1711
f 1714//1714 1711//1711 1715//1715
f 1715//1715 1711//1711 1716//1716
f 1715//1715 1716//1716 1717//1717
f 1717//1717 1716//1716 1718//1718
f 1717//1717 1718//1718 1719//1719
f 1719//1719 1718//1718 1720//1720
f 1719//1719 1720//1720 1721//1721
f 1721//1721 1720//1720 1722//1722
f 1721//1721 1722//1722 1198//1198
f 1198//1198 1722//1722 1420//1420
f 1723//1723 1724//1724 1725//1725
f 1723//1723 1725//1725 1702//1702
f 1702//1702 1725//1725 1726//1726
f 1702//1702 1726//1726 1706//1706
f 1706//1706 1726//1726 1727//1727
f 1706//1706 1727//1727 1704//1704
f 1704//1704 1727//1727 1728//1728
f 1704//1704 1728//1728 1709//1709
f 1709//1709 1728//1728 1729//1729
f 1709//1709 1729//1729 1713//1713
f 1713//1713 1729//1729 1730//1730
f 1713//1713 1730//1730 1711//1711
f 1711//1711 1730//1730 1731//1731
f 1711//1711 1731//1731 1716//1716
f 1716//1716 1731//1731 1732//1732
f 1716//1716 1732//1732 1718//1718
f 1718//1718 1732//1732 1733//1733
f 1718//1718 1733//1733 1720//1720
f 1720//1720 1733//1733 1734//1734
f 1720//1720 1734//1734 1722//1722
f 1722//1722 1734//1734 1735//1735
f 1722//1722 1735//1735 1420//1420
f 1420//1420 1735//1735 1419//1419
f 1724//1724 1695//1695 1736//1736
f 1724//1724 1736//1736 1725//1725
f 1725//1725 1736//1736 1737//1737
f 1725//1725 1737//1737 1726//1726
f 1726//1726 1737//1737 1738//1738
f 1726//1726 1738//1738 1727//1727
f 1727//1727 1738//1738 1739//1739
f 1727//1727 1739//1739 1728//1728
f 1728//1728 1739//1739 1740//1740
f 1728//1728 1740//1740 1729//1729
f 1729//1729 1740//1740 1741//1741
f 1729//1729 1741//1741 1730//1730
f 1730//1730 1741//1741 1742//1742
f 1730//1730 1742//1742 1731//1731
f 1731//1731 1742//1742 1743//1743
f 1731//1731 1743//1743 1732//1732
f 1732//1732 1743//1743 1744//1744
f 1732//1732 1744//1744 1733//1733
f 1733//1733 1744//1744 1745//1745
f 1733//1733 1745//1745 1734//1734
f 1734//1734 1745//1745 1746//1746
f 1734//1734 1746//1746 1735//1735
f 1735//1735 1746//1746 1747//1747
f 1735//1735 1747//1747 1419//1419
f 1419//1419 1747//1747 1418//1418
f 1695//1695 1202//1202 1625//1625
f 1695//1695 1625//1625 1736//1736
f 1736//1736 1625//1625 1748//1748
f 1736//1736 1748//1748 1737//1737
f 1737//1737 1748//1748 1749//1749
f 1737//1737 1749//1749 1738//1738
f 1738//1738 1749//1749 1750//1750
f 1738//1738 1750//1750 1739//1739
f 1739//1739 1750//1750 1751//1751
f 1739//1739 1751//1751 1740//1740
f 1740//1740 1751//1751 1752//1752
f 1740//1740 1752//1752 1741//1741
f 1741//1741 1752//1752 1753//1753
f 1741//1741 1753//1753 1742//1742
f 1742//1742 1753//1753 1754//1754
f 1742//1742 1754//1754 1743//1743
f 1743//1743 1754//1754 1755//1755
f 1743//1743 1755//1755 1744//1744
f 1744//1744 1755//1755 1756//1756
f 1744//1744 1756//1756 1745//1745
f 1745//1745 1756//1756 1757//1757
f 1745//1745 1757//1757 1746//1746
f 1746//1746 1757//1757 1758//1758
f 1746//1746 1758//1758 1747//1747
f 1747//1747 1758//1758 1759//1759
f 1747//1747 1759//1759 1418//1418
f 1418//1418 1759//1759 1417//1417
f 1748//1748 1625//1625 1628//1628
f 1748//1748 1628//1628 1749//1749
f 1749//1749 1628//1628 1629//1629
f 1749//1749 1629//1629 1750//1750
f 1750//1750 1629//1629 1694//1694
f 1750//1750 1694//1694 1751//1751
f 1751//1751 1694//1694 1687//1687
f 1751//1751 1687//1687 1752//1752
f 1752//1752 1687//1687 1674//1674
f 1752//1752 1674//1674 1753//1753
f 1753//1753 1674//1674 1675//1675
f 1753//1753 1675//1675 1754//1754
f 1754//1754 1675//1675 1676//1676
f 1754//1754 1676//1676 1755//1755
f 1755//1755 1676//1676 1638//1638
f 1755//1755 1638//1638 1756//1756
f 1756//1756 1638//1638 1622//1622
f 1756//1756 1622//1622 1757//1757
f 1757//1757 1622//1622 1621//1621
f 1757//1757 1621//1621 1758//1758
f 1758//1758 1621//1621 1623//1623
f 1758//1758 1623//1623 1759//1759
f 1759//1759 1623//1623 1624//1624
f 1759//1759 1624//1624 1417//1417
f 1417//1417 1624//1624 1333//1333
f 1702//1702 1701//1701 1699//1699
f 1702//1702 1699//1699 1723//1723
f 1723//1723 1699//1699 1696//1696
f 1723//1723 1696//1696 1724//1724
f 1724//1724 1696//1696 1695//1695
f 1701//1701 1141//1141 1699//1699
f 1135//1135 1202//1202 1697//1697
f 1135//1135 1697//1697 1141//1141
f 1141//1141 1697//1697 1698//1698
f 1141//1141 1698//1698 1699//1699
f 1141//1141 1701//1701 1700//1700
f 1141//1141 1700//1700 1150//1150
f 1150//1150 1700//1700 1703//1703
f 1708//1708 1710//1710 1149//1149
f 1708//1708 1149//1149 1707//1707
f 1707//1707 1149//1149 1150//1150
f 1707//1707 1150//1150 1705//1705
f 1705//1705 1150//1150 1703//1703
f 1721//1721 1198//1198 1147//1147
f 1721//1721 1147//1147 1719//1719
f 1719//1719 1147//1147 1717//1717
f 1715//1715 1717//1717 1147//1147
f 1715//1715 1147//1147 1714//1714
f 1714//1714 1147//1147 1149//1149
f 1714//1714 1149//1149 1712//1712
f 1712//1712 1149//1149 1710//1710
f 1159//1159 1280//1280 1760//1760
f 1159//1159 1760//1760 1161//1161
f 1161//1161 1760//1760 1761//1761
f 1161//1161 1761//1761 1762//1762
f 1161//1161 1762//1762 1167//1167
f 1167//1167 1762//1762 1763//1763
f 1167//1167 1763//1763 1764//1764
f 1167//1167 1764//1764 1166//1166
f 1166//1166 1764//1764 1765//1765
f 1166//1166 1765//1765 1766//1766
f 1166//1166 1766//1766 1105//1105
f 1105//1105 1766//1766 1100//1100
f 1762//1762 1761//1761 1767//1767
f 1763//1763 1762//1762 1768//1768
f 1766//1766 1765//1765 1769//1769
f 1100//1100 1766//1766 1101//1101
f 1101//1101 1766//1766 1769//1769
f 1101//1101 1769//1769 1102//1102
f 1102//1102 1769//1769 1770//1770
f 1097//1097 1102//1102 1770//1770
f 1097//1097 1770//1770 1096//1096
f 1096//1096 1770//1770 1771//1771
f 1094//1094 1096//1096 1771//1771
f 1094//1094 1771//1771 1093//1093
f 1093//1093 1771//1771 1772//1772
f 1093//1093 1772//1772 1090//1090
f 1090//1090 1772//1772 1773//1773
f 1090//1090 1773//1773 1091//1091
f 1091//1091 1773//1773 1774//1774
f 1091//1091 1774//1774 1092//1092
f 1087//1087 1092//1092 1774//1774
f 1087//1087 1774//1774 1086//1086
f 1086//1086 1774//1774 1775//1775
f 1086//1086 1775//1775 1084//1084
f 1084//1084 1775//1775 1776//1776
f 1084//1084 1776//1776 1083//1083
f 1083//1083 1776//1776 1777//1777
f 1081//1081 1083//1083 1777//1777
f 1081//1081 1777//1777 1080//1080
f 1080//1080 1777//1777 1778//1778
f 1078//1078 1080//1080 1778//1778
f 1078//1078 1778//1778 1077//1077
f 1077//1077 1778//1778 1779//1779
f 1077//1077 1779//1779 1074//1074
f 1074//1074 1779//1779 1780//1780
f 1074//1074 1780//1780 1075//1075
f 1075//1075 1780//1780 1781//1781
f 1075//1075 1781//1781 1076//1076
f 1071//1071 1076//1076 1781//1781
f 1071//1071 1781//1781 1070//1070
f 1070//1070 1781//1781 1782//1782
f 1070//1070 1782//1782 1068//1068
f 1068//1068 1782//1782 1783//1783
f 1068//1068 1783//1783 1067//1067
f 1067//1067 1783//1783 1784//1784
f 1065//1065 1067//1067 1784//1784
f 1065//1065 1784//1784 1064//1064
f 1064//1064 1784//1784 1785//1785
f 1062//1062 1064//1064 1785//1785
f 1062//1062 1785//1785 1061//1061
f 1061//1061 1785//1785 1786//1786
f 1061//1061 1786//1786 1053//1053
f 1053//1053 1786//1786 1787//1787
f 1056//1056 1054//1054 1788//1788
f 1056//1056 1788//1788 1058//1058
f 1058//1058 1788//1788 1060//1060
f 1764//1764 1763//1763 1789//1789
f 1764//1764 1789//1789 1765//1765
f 1769//1769 1765//1765 1789//1789
f 1769//1769 1789//1789 1770//1770
f 1770//1770 1789//1789 1790//1790
f 1770//1770 1790//1790 1771//1771
f 1771//1771 1790//1790 1791//1791
f 1771//1771 1791//1791 1772//1772
f 1772//1772 1791//1791 1792//1792
f 1772//1772 1792//1792 1773//1773
f 1773//1773 1792//1792 1793//1793
f 1773//1773 1793//1793 1774//1774
f 1774//1774 1793//1793 1794//1794
f 1774//1774 1794//1794 1775//1775
f 1775//1775 1794//1794 1795//1795
f 1775//1775 1795//1795 1776//1776
f 1776//1776 1795//1795 1796//1796
f 1776//1776 1796//1796 1777//1777
f 1777//1777 1796//1796 1797//1797
f 1777//1777 1797//1797 1778//1778
f 1778//1778 1797//1797 1798//1798
f 1778//1778 1798//1798 1779//1779
f 1779//1779 1798//1798 1799//1799
f 1779//1779 1799//1799 1780//1780
f 1780//1780 1799//1799 1800//1800
f 1780//1780 1800//1800 1781//1781
f 1781//1781 1800//1800 1801//1801
f 1781//1781 1801//1801 1782//1782
f 1782//1782 1801//1801 1802//1802
f 1782//1782 1802//1802 1783//1783
f 1783//1783 1802//1802 1803//1803
f 1783//1783 1803//1803 1784//1784
f 1784//1784 1803//1803 1804//1804
f 1784//1784 1804//1804 1785//1785
f 1785//1785 1804//1804 1805//1805
f 1785//1785 1805//1805 1786//1786
f 1786//1786 1805//1805 1806//1806
f 1786//1786 1806//1806 1787//1787
f 1787//1787 1806//1806 1807//1807
f 1789//1789 1763//1763 1768//1768
f 1789//1789 1768//1768 1790//1790
f 1790//1790 1768//1768 1808//1808
f 1790//1790 1808//1808 1791//1791
f 1791//1791 1808//1808 1809//1809
f 1791//1791 1809//1809 1792//1792
f 1792//1792 1809//1809 1810//1810
f 1792//1792 1810//1810 1793//1793
f 1793//1793 1810//1810 1811//1811
f 1793//1793 1811//1811 1794//1794
f 1794//1794 1811//1811 1812//1812
f 1794//1794 1812//1812 1795//1795
f 1795//1795 1812//1812 1813//1813
f 1795//1795 1813//1813 1796//1796
f 1796//1796 1813//1813 1814//1814
f 1796//1796 1814//1814 1797//1797
f 1797//1797 1814//1814 1815//1815
f 1797//1797 1815//1815 1798//1798
f 1798//1798 1815//1815 1816//1816
f 1798//1798 1816//1816 1799//1799
f 1799//1799 1816//1816 1817//1817
f 1799//1799 1817//1817 1800//1800
f 1800//1800 1817//1817 1818//1818
f 1800//1800 1818//1818 1801//1801
f 1801//1801 1818//1818 1819//1819
f 1801//1801 1819//1819 1802//1802
f 1802//1802 1819//1819 1820//1820
f 1802//1802 1820//1820 1803//1803
f 1803//1803 1820//1820 1821//1821
f 1803//1803 1821//1821 1804//1804
f 1804//1804 1821//1821 1822//1822
f 1804//1804 1822//1822 1805//1805
f 1805//1805 1822//1822 1823//1823
f 1805//1805 1823//1823 1806//1806
f 1806//1806 1823//1823 1824//1824
f 1806//1806 1824//1824 1807//1807
f 1807//1807 1824//1824 1825//1825
f 1826//1826 1060//1060 1788//1788
f 1826//1826 1788//1788 1827//1827
f 1827//1827 1788//1788 1828//1828
f 1827//1827 1828//1828 1829//1829
f 1829//1829 1828//1828 1830//1830
f 1829//1829 1830//1830 1831//1831
f 1831//1831 1830//1830 1832//1832
f 1768//1768 1762//1762 1767//1767
f 1768//1768 1767//1767 1808//1808
f 1808//1808 1767//1767 1833//1833
f 1808//1808 1833//1833 1809//1809
f 1809//1809 1833//1833 1834//1834
f 1809//1809 1834//1834 1810//1810
f 1810//1810 1834//1834 1835//1835
f 1810//1810 1835//1835 1811//1811
f 1811//1811 1835//1835 1836//1836
f 1811//1811 1836//1836 1812//1812
f 1812//1812 1836//1836 1837//1837
f 1812//1812 1837//1837 1813//1813
f 1813//1813 1837//1837 1838//1838
f 1813//1813 1838//1838 1814//1814
f 1814//1814 1838//1838 1839//1839
f 1814//1814 1839//1839 1815//1815
f 1815//1815 1839//1839 1840//1840
f 1815//1815 1840//1840 1816//1816
f 1816//1816 1840//1840 1841//1841
f 1816//1816 1841//1841 1817//1817
f 1817//1817 1841//1841 1842//1842
f 1817//1817 1842//1842 1818//1818
f 1818//1818 1842//1842 1843//1843
f 1818//1818 1843//1843 1819//1819
f 1819//1819 1843//1843 1844//1844
f 1819//1819 1844//1844 1820//1820
f 1820//1820 1844//1844 1845//1845
f 1820//1820 1845//1845 1821//1821
f 1821//1821 1845//1845 1846//1846
f 1821//1821 1846//1846 1822//1822
f 1822//1822 1846//1846 1847//1847
f 1822//1822 1847//1847 1823//1823
f 1823//1823 1847//1847 1848//1848
f 1823//1823 1848//1848 1824//1824
f 1824//1824 1848//1848 1849//1849
f 1824//1824 1849//1849 1825//1825
f 1825//1825 1849//1849 1850//1850
f 1760//1760 1851//1851 1761//1761
f 1767//1767 1761//1761 1851//1851
f 1767//1767 1851//1851 1833//1833
f 1833//1833 1851//1851 1852//1852
f 1833//1833 1852//1852 1834//1834
f 1834//1834 1852//1852 1853//1853
f 1834//1834 1853//1853 1835//1835
f 1835//1835 1853//1853 1854//1854
f 1835//1835 1854//1854 1836//1836
f 1836//1836 1854//1854 1855//1855
f 1836//1836 1855//1855 1837//1837
f 1837//1837 1855//1855 1856//1856
f 1837//1837 1856//1856 1838//1838
f 1838//1838 1856//1856 1857//1857
f 1838//1838 1857//1857 1839//1839
f 1839//1839 1857//1857 1858//1858
f 1839//1839 1858//1858 1840//1840
f 1840//1840 1858//1858 1859//1859
f 1840//1840 1859//1859 1841//1841
f 1841//1841 1859//1859 1860//1860
f 1841//1841 1860//1860 1842//1842
f 1842//1842 1860//1860 1861//1861
f 1842//1842 1861//1861 1843//1843
f 1843//1843 1861//1861 1862//1862
f 1843//1843 1862//1862 1844//1844
f 1844//1844 1862//1862 1863//1863
f 1844//1844 1863//1863 1845//1845
f 1845//1845 1863//1863 1864//1864
f 1845//1845 1864//1864 1846//1846
f 1846//1846 1864//1864 1865//1865
f 1846//1846 1865//1865 1847//1847
f 1847//1847 1865//1865 1866//1866
f 1847//1847 1866//1866 1848//1848
f 1848//1848 1866//1866 1867//1867
f 1848//1848 1867//1867 1849//1849
f 1849//1849 1867//1867 1868//1868
f 1849//1849 1868//1868 1850//1850
f 1850//1850 1868//1868 1869//1869
f 1870//1870 1871//1871 1872//1872
f 1870//1870 1872//1872 1832//1832
f 1832//1832 1872//1872 1873//1873
f 1832//1832 1873//1873 1831//1831
f 1259//1259 1869//1869 1868//1868
f 1259//1259 1868//1868 1265//1265
f 1265//1265 1868//1868 1867//1867
f 1265//1265 1867//1867 1255//1255
f 1255//1255 1867//1867 1866//1866
f 1255//1255 1866//1866 1256//1256
f 1256//1256 1866//1866 1865//1865
f 1256//1256 1865//1865 1274//1274
f 1274//1274 1865//1865 1864//1864
f 1274//1274 1864//1864 1273//1273
f 1273//1273 1864//1864 1863//1863
f 1273//1273 1863//1863 1271//1271
f 1271//1271 1863//1863 1862//1862
f 1271//1271 1862//1862 1269//1269
f 1269//1269 1862//1862 1861//1861
f 1269//1269 1861//1861 1267//1267
f 1267//1267 1861//1861 1860//1860
f 1267//1267 1860//1860 1266//1266
f 1266//1266 1860//1860 1859//1859
f 1266//1266 1859//1859 1210//1210
f 1210//1210 1859//1859 1858//1858
f 1210//1210 1858//1858 1211//1211
f 1211//1211 1858//1858 1857//1857
f 1211//1211 1857//1857 1279//1279
f 1279//1279 1857//1857 1856//1856
f 1279//1279 1856//1856 1278//1278
f 1278//1278 1856//1856 1855//1855
f 1278//1278 1855//1855 1277//1277
f 1277//1277 1855//1855 1854//1854
f 1277//1277 1854//1854 1275//1275
f 1275//1275 1854//1854 1853//1853
f 1275//1275 1853//1853 1276//1276
f 1276//1276 1853//1853 1852//1852
f 1276//1276 1852//1852 1286//1286
f 1286//1286 1852//1852 1851//1851
f 1286//1286 1851//1851 1280//1280
f 1280//1280 1851//1851 1760//1760
f 1239//1239 1242//1242 1869//1869
f 1239//1239 1869//1869 1258//1258
f 1258//1258 1869//1869 1259//1259
f 1054//1054 1053//1053 1787//1787
f 1054//1054 1787//1787 1788//1788
f 1788//1788 1787//1787 1807//1807
f 1788//1788 1807//1807 1828//1828
f 1828//1828 1807//1807 1825//1825
f 1828//1828 1825//1825 1830//1830
f 1830//1830 1825//1825 1850//1850
f 1830//1830 1850//1850 1832//1832
f 1832//1832 1850//1850 1869//1869
f 1832//1832 1869//1869 1870//1870
f 1870//1870 1869//1869 1242//1242
f 1870//1870 1242//1242 1871//1871
f 1871//1871 1242//1242 1236//1236
f 1871//1871 1236//1236 1137//1137
f 1871//1871 1137//1137 1156//1156
f 1872//1872 1871//1871 1156//1156
f 1872//1872 1156//1156 1873//1873
f 1873//1873 1156//1156 1155//1155
f 1831//1831 1873//1873 1155//1155
f 1831//1831 1155//1155 1829//1829
f 1829//1829 1155//1155 1153//1153
f 1144//1144 1060//1060 1826//1826
f 1144//1144 1826//1826 1153//1153
f 1153//1153 1826//1826 1827//1827
f 1153//1153 1827//1827 1829//1829
f 1874//1874 1875//1875 1876//1876
f 1874//1874 1876//1876 1877//1877
f 1878//1878 1879//1879 1880//1880
f 1878//1878 1880//1880 1881//1881
f 1882//1882 1883//1883 1884//1884
f 1882//1882 1884//1884 1885//1885
f 1886//1886 1887//1887 1888//1888
f 1886//1886 1888//1888 1889//1889
f 1890//1890 1891//1891 1892//1892
f 1890//1890 1892//1892 1893//1893
f 1892//1892 1878//1878 1894//1894
f 1892//1892 1894//1894 1893//1893
f 1893//1893 1894//1894 1895//1895
f 1893//1893 1895//1895 1896//1896
f 1897//1897 1898//1898 1899//1899
f 1897//1897 1899//1899 1900//1900
f 1899//1899 1893//1893 1896//1896
f 1899//1899 1896//1896 1900//1900
f 1900//1900 1896//1896 1901//1901
f 1900//1900 1901//1901 1902//1902
f 1903//1903 1904//1904 1905//1905
f 1903//1903 1905//1905 1906//1906
f 1888//1888 1900//1900 1902//1902
f 1888//1888 1902//1902 1889//1889
f 1889//1889 1902//1902 1907//1907
f 1889//1889 1907//1907 1905//1905
f 1905//1905 1907//1907 1908//1908
f 1905//1905 1908//1908 1906//1906
f 1906//1906 1908//1908 1909//1909
f 1906//1906 1909//1909 1910//1910
f 1911//1911 1912//1912 1913//1913
f 1914//1914 1915//1915 1916//1916
f 1914//1914 1916//1916 1917//1917
f 1918//1918 1919//1919 1920//1920
f 1918//1918 1920//1920 1910//1910
f 1921//1921 1922//1922 1923//1923
f 1921//1921 1923//1923 1924//1924
f 1925//1925 1926//1926 1927//1927
f 1925//1925 1927//1927 1928//1928
f 1929//1929 1930//1930 1931//1931
f 1929//1929 1931//1931 1932//1932
f 1933//1933 1934//1934 1935//1935
f 1933//1933 1935//1935 1936//1936
f 1937//1937 1938//1938 1939//1939
f 1940//1940 1941//1941 1942//1942
f 1940//1940 1942//1942 1943//1943
f 1944//1944 1945//1945 1946//1946
f 1944//1944 1946//1946 1947//1947
f 1948//1948 1936//1936 1935//1935
f 1948//1948 1935//1935 1949//1949
f 1949//1949 1935//1935 1874//1874
f 1949//1949 1874//1874 1950//1950
f 1950//1950 1874//1874 1877//1877
f 1950//1950 1877//1877 1951//1951
f 1951//1951 1877//1877 1929//1929
f 1951//1951 1929//1929 1952//1952
f 1952//1952 1929//1929 1932//1932
f 1952//1952 1932//1932 1953//1953
f 1953//1953 1932//1932 1925//1925
f 1953//1953 1925//1925 1954//1954
f 1954//1954 1925//1925 1928//1928
f 1954//1954 1928//1928 1955//1955
f 1955//1955 1928//1928 1921//1921
f 1955//1955 1921//1921 1956//1956
f 1956//1956 1921//1921 1924//1924
f 1956//1956 1924//1924 1957//1957
f 1957//1957 1924//1924 1918//1918
f 1957//1957 1918//1918 1958//1958
f 1958//1958 1918//1918 1910//1910
f 1958//1958 1910//1910 1959//1959
f 1959//1959 1910//1910 1909//1909
f 1960//1960 1961//1961 1962//1962
f 1960//1960 1962//1962 1963//1963
f 1964//1964 1965//1965 1966//1966
f 1964//1964 1966//1966 1962//1962
f 1962//1962 1966//1966 1967//1967
f 1962//1962 1967//1967 1963//1963
f 1963//1963 1967//1967 1968//1968
f 1963//1963 1968//1968 1943//1943
f 1969//1969 1894//1894 1878//1878
f 1969//1969 1878//1878 1970//1970
f 1970//1970 1878//1878 1881//1881
f 1970//1970 1881//1881 1971//1971
f 1971//1971 1881//1881 1914//1914
f 1971//1971 1914//1914 1972//1972
f 1972//1972 1914//1914 1917//1917
f 1972//1972 1917//1917 1973//1973
f 1973//1973 1917//1917 1882//1882
f 1973//1973 1882//1882 1974//1974
f 1974//1974 1882//1882 1885//1885
f 1974//1974 1885//1885 1975//1975
f 1975//1975 1885//1885 1944//1944
f 1975//1975 1944//1944 1976//1976
f 1976//1976 1944//1944 1947//1947
f 1976//1976 1947//1947 1977//1977
f 1977//1977 1947//1947 1940//1940
f 1977//1977 1940//1940 1978//1978
f 1978//1978 1940//1940 1943//1943
f 1978//1978 1943//1943 1979//1979
f 1979//1979 1943//1943 1968//1968
f 1980//1980 1939//1939 1938//1938
f 1980//1980 1938//1938 1981//1981
f 1981//1981 1938//1938 1936//1936
f 1981//1981 1936//1936 1982//1982
f 1982//1982 1936//1936 1948//1948
f 1964//1964 1913//1913 1912//1912
f 1964//1964 1912//1912 1965//1965
f 1965//1965 1912//1912 1980//1980
f 1965//1965 1980//1980 1983//1983
f 1983//1983 1980//1980 1981//1981
f 1931//1931 1930//1930 1984//1984
f 1931//1931 1984//1984 1985//1985
f 1927//1927 1926//1926 1986//1986
f 1927//1927 1986//1986 1987//1987
f 1923//1923 1922//1922 1988//1988
f 1923//1923 1988//1988 1989//1989
f 1920//1920 1919//1919 1990//1990
f 1920//1920 1990//1990 1991//1991
f 1904//1904 1903//1903 1992//1992
f 1904//1904 1992//1992 1993//1993
f 1887//1887 1886//1886 1994//1994
f 1887//1887 1994//1994 1995//1995
f 1898//1898 1897//1897 1996//1996
f 1898//1898 1996//1996 1997//1997
f 1891//1891 1890//1890 1998//1998
f 1891//1891 1998//1998 1999//1999
f 1880//1880 1879//1879 2000//2000
f 1880//1880 2000//2000 2001//2001
f 1916//1916 1915//1915 2002//2002
f 1916//1916 2002//2002 2003//2003
f 1884//1884 1883//1883 2004//2004
f 1884//1884 2004//2004 2005//2005
f 1946//1946 1945//1945 2006//2006
f 1946//1946 2006//2006 2007//2007
f 1942//1942 1941//1941 2008//2008
f 1942//1942 2008//2008 2009//2009
f 1961//1961 1960//1960 2010//2010
f 1961//1961 2010//2010 2011//2011
f 1911//1911 1913//1913 2012//2012
f 1911//1911 2012//2012 2013//2013
f 1937//1937 1939//1939 2014//2014
f 1937//1937 2014//2014 2015//2015
f 1934//1934 1933//1933 2016//2016
f 1934//1934 2016//2016 2017//2017
f 1876//1876 1875//1875 2018//2018
f 1876//1876 2018//2018 2019//2019
f 2020//2020 2021//2021 1894//1894
f 2022//2022 2020//2020 1894//1894
f 2022//2022 1894//1894 2023//2023
f 2023//2023 1894//1894 1969//1969
f 2023//2023 1969//1969 2024//2024
f 2024//2024 1969//1969 1970//1970
f 2024//2024 1970//1970 2025//2025
f 2025//2025 1970//1970 1971//1971
f 2025//2025 1971//1971 2026//2026
f 2026//2026 1971//1971 1972//1972
f 2026//2026 1972//1972 2027//2027
f 2027//2027 1972//1972 1973//1973
f 2027//2027 1973//1973 2028//2028
f 2028//2028 1973//1973 1974//1974
f 2028//2028 1974//1974 2029//2029
f 2029//2029 1974//1974 1975//1975
f 2029//2029 1975//1975 2030//2030
f 2030//2030 1975//1975 1976//1976
f 2030//2030 1976//1976 2031//2031
f 2031//2031 1976//1976 1977//1977
f 2031//2031 1977//1977 2032//2032
f 2032//2032 1977//1977 1978//1978
f 2032//2032 1978//1978 2033//2033
f 2033//2033 1978//1978 1979//1979
f 2033//2033 1979//1979 2034//2034
f 2034//2034 1979//1979 1968//1968
f 1895//1895 1894//1894 2021//2021
f 1895//1895 2021//2021 1896//1896
f 1896//1896 2021//2021 2035//2035
f 1896//1896 2035//2035 1901//1901
f 1901//1901 2035//2035 2036//2036
f 1901//1901 2036//2036 1902//1902
f 1902//1902 2036//2036 2037//2037
f 1902//1902 2037//2037 1907//1907
f 1907//1907 2037//2037 2038//2038
f 1907//1907 2038//2038 1908//1908
f 1908//1908 2038//2038 2039//2039
f 1908//1908 2039//2039 1909//1909
f 1909//1909 2039//2039 2040//2040
f 1909//1909 2040//2040 1959//1959
f 1959//1959 2040//2040 2041//2041
f 1959//1959 2041//2041 1958//1958
f 1958//1958 2041//2041 2042//2042
f 1958//1958 2042//2042 1957//1957
f 1957//1957 2042//2042 2043//2043
f 1957//1957 2043//2043 1956//1956
f 1956//1956 2043//2043 2044//2044
f 1956//1956 2044//2044 1955//1955
f 1955//1955 2044//2044 2045//2045
f 1955//1955 2045//2045 1954//1954
f 1954//1954 2045//2045 2046//2046
f 1954//1954 2046//2046 1953//1953
f 1953//1953 2046//2046 2047//2047
f 1953//1953 2047//2047 1952//1952
f 1952//1952 2047//2047 2048//2048
f 1952//1952 2048//2048 1951//1951
f 1951//1951 2048//2048 2049//2049
f 1951//1951 2049//2049 1950//1950
f 1950//1950 2049//2049 2050//2050
f 1950//1950 2050//2050 1949//1949
f 1949//1949 2050//2050 2051//2051
f 1949//1949 2051//2051 1948//1948
f 1948//1948 2051//2051 2052//2052
f 1948//1948 2052//2052 1982//1982
f 1982//1982 2052//2052 2053//2053
f 1982//1982 2053//2053 1981//1981
f 1981//1981 2053//2053 2054//2054
f 1981//1981 2054//2054 1983//1983
f 1983//1983 2054//2054 2055//2055
f 1983//1983 2055//2055 1965//1965
f 1965//1965 2055//2055 2056//2056
f 1965//1965 2056//2056 1966//1966
f 1966//1966 2056//2056 2057//2057
f 1966//1966 2057//2057 1967//1967
f 1967//1967 2057//2057 2058//2058
f 1967//1967 2058//2058 1968//1968
f 1968//1968 2058//2058 2059//2059
f 1968//1968 2059//2059 2034//2034
f 2034//2034 2060//2060 2061//2061
f 2034//2034 2061//2061 2062//2062
f 2063//2063 2064//2064 2065//2065
f 2066//2066 2067//2067 2068//2068
f 2069//2069 2065//2065 2064//2064
f 2069//2069 2064//2064 2070//2070
f 2070//2070 2064//2064 2071//2071
f 2070//2070 2071//2071 2072//2072
f 2072//2072 2071//2071 2073//2073
f 2072//2072 2073//2073 2074//2074
f 2074//2074 2073//2073 2066//2066
f 2074//2074 2066//2066 2075//2075
f 2075//2075 2066//2066 2068//2068
f 2076//2076 2063//2063 2065//2065
f 2076//2076 2065//2065 2077//2077
f 2077//2077 2065//2065 2020//2020
f 2078//2078 2077//2077 2020//2020
f 2078//2078 2020//2020 2079//2079
f 2079//2079 2020//2020 2022//2022
f 2079//2079 2022//2022 2080//2080
f 2080//2080 2022//2022 2081//2081
f 2080//2080 2081//2081 2082//2082
f 2082//2082 2081//2081 2024//2024
f 2082//2082 2024//2024 2083//2083
f 2083//2083 2024//2024 2025//2025
f 2083//2083 2025//2025 2084//2084
f 2084//2084 2025//2025 2085//2085
f 2086//2086 2029//2029 2087//2087
f 2034//2034 2062//2062 2088//2088
f 2034//2034 2088//2088 2033//2033
f 2033//2033 2088//2088 2089//2089
f 2033//2033 2089//2089 2032//2032
f 2032//2032 2089//2089 2090//2090
f 2032//2032 2090//2090 2031//2031
f 2031//2031 2090//2090 2087//2087
f 2031//2031 2087//2087 2030//2030
f 2030//2030 2087//2087 2029//2029
f 2091//2091 2085//2085 2025//2025
f 2091//2091 2025//2025 2092//2092
f 2092//2092 2025//2025 2026//2026
f 2092//2092 2026//2026 2093//2093
f 2093//2093 2026//2026 2027//2027
f 2093//2093 2027//2027 2086//2086
f 2086//2086 2027//2027 2028//2028
f 2086//2086 2028//2028 2029//2029
f 2067//2067 2094//2094 2095//2095
f 2096//2096 2097//2097 2098//2098
f 2099//2099 2091//2091 2092//2092
f 2099//2099 2092//2092 2094//2094
f 2094//2094 2092//2092 2100//2100
f 2094//2094 2100//2100 2095//2095
f 2101//2101 2102//2102 2103//2103
f 2101//2101 2103//2103 2104//2104
f 2104//2104 2103//2103 2105//2105
f 2104//2104 2105//2105 2097//2097
f 2097//2097 2105//2105 2106//2106
f 2097//2097 2106//2106 2098//2098
f 2068//2068 2067//2067 2095//2095
f 2068//2068 2095//2095 2107//2107
f 2107//2107 2095//2095 2108//2108
f 2107//2107 2108//2108 2109//2109
f 2109//2109 2108//2108 2096//2096
f 2109//2109 2096//2096 2110//2110
f 2110//2110 2096//2096 2098//2098
f 2111//2111 2112//2112 2049//2049
f 2111//2111 2049//2049 2113//2113
f 2114//2114 2115//2115 2116//2116
f 2114//2114 2116//2116 2117//2117
f 2116//2116 2118//2118 2119//2119
f 2116//2116 2119//2119 2117//2117
f 2117//2117 2119//2119 2120//2120
f 2117//2117 2120//2120 2121//2121
f 2121//2121 2120//2120 2122//2122
f 2121//2121 2122//2122 2123//2123
f 2123//2123 2122//2122 2124//2124
f 2123//2123 2124//2124 2125//2125
f 2125//2125 2124//2124 2103//2103
f 2125//2125 2103//2103 2034//2034
f 2034//2034 2103//2103 2102//2102
f 2034//2034 2102//2102 2060//2060
f 2126//2126 2125//2125 2034//2034
f 2126//2126 2034//2034 2127//2127
f 2127//2127 2034//2034 2059//2059
f 2127//2127 2059//2059 2128//2128
f 2057//2057 2129//2129 2128//2128
f 2057//2057 2128//2128 2058//2058
f 2058//2058 2128//2128 2059//2059
f 2054//2054 2130//2130 2131//2131
f 2054//2054 2131//2131 2055//2055
f 2055//2055 2131//2131 2129//2129
f 2055//2055 2129//2129 2056//2056
f 2056//2056 2129//2129 2057//2057
f 2049//2049 2112//2112 2132//2132
f 2049//2049 2132//2132 2050//2050
f 2050//2050 2132//2132 2133//2133
f 2050//2050 2133//2133 2051//2051
f 2051//2051 2133//2133 2134//2134
f 2051//2051 2134//2134 2052//2052
f 2052//2052 2134//2134 2130//2130
f 2052//2052 2130//2130 2053//2053
f 2053//2053 2130//2130 2054//2054
f 2043//2043 2116//2116 2044//2044
f 2115//2115 2113//2113 2049//2049
f 2115//2115 2049//2049 2116//2116
f 2116//2116 2049//2049 2048//2048
f 2116//2116 2048//2048 2047//2047
f 2045//2045 2044//2044 2116//2116
f 2045//2045 2116//2116 2046//2046
f 2046//2046 2116//2116 2047//2047
f 2043//2043 2135//2135 2136//2136
f 2043//2043 2136//2136 2116//2116
f 2116//2116 2136//2136 2137//2137
f 2116//2116 2137//2137 2138//2138
f 2139//2139 2140//2140 2036//2036
f 2037//2037 2036//2036 2140//2140
f 2037//2037 2140//2140 2038//2038
f 2038//2038 2140//2140 2141//2141
f 2038//2038 2141//2141 2039//2039
f 2039//2039 2141//2141 2142//2142
f 2039//2039 2142//2142 2040//2040
f 2040//2040 2142//2142 2143//2143
f 2040//2040 2143//2143 2041//2041
f 2041//2041 2143//2143 2144//2144
f 2041//2041 2144//2144 2042//2042
f 2042//2042 2144//2144 2145//2145
f 2042//2042 2145//2145 2043//2043
f 2043//2043 2145//2145 2146//2146
f 2043//2043 2146//2146 2135//2135
f 2116//2116 2138//2138 2147//2147
f 2116//2116 2147//2147 2118//2118
f 2118//2118 2147//2147 2148//2148
f 2118//2118 2148//2148 2149//2149
f 2149//2149 2148//2148 2150//2150
f 2151//2151 2149//2149 2150//2150
f 2151//2151 2150//2150 2152//2152
f 2152//2152 2150//2150 2153//2153
f 2152//2152 2153//2153 2065//2065
f 2065//2065 2153//2153 2154//2154
f 2065//2065 2154//2154 2020//2020
f 2020//2020 2154//2154 2155//2155
f 2020//2020 2155//2155 2021//2021
f 2021//2021 2155//2155 2139//2139
f 2021//2021 2139//2139 2035//2035
f 2035//2035 2139//2139 2036//2036
f 2156//2156 1995//1995 2157//2157
f 2158//2158 2019//2019 2159//2159
f 2160//2160 2017//2017 2161//2161
f 2162//2162 2163//2163 2010//2010
f 2164//2164 2165//2165 2166//2166
f 2164//2164 2166//2166 2011//2011
f 2167//2167 2168//2168 2169//2169
f 2167//2167 2169//2169 2170//2170
f 2170//2170 2169//2169 2166//2166
f 2170//2170 2166//2166 1368//1368
f 1368//1368 2166//2166 2165//2165
f 2171//2171 2168//2168 2159//2159
f 2171//2171 2159//2159 2172//2172
f 2172//2172 2159//2159 2019//2019
f 2173//2173 2174//2174 2013//2013
f 2173//2173 2013//2013 2014//2014
f 2014//2014 2013//2013 2012//2012
f 2014//2014 2012//2012 2011//2011
f 2011//2011 2012//2012 2175//2175
f 2011//2011 2175//2175 2176//2176
f 2177//2177 2172//2172 2019//2019
f 2177//2177 2019//2019 2178//2178
f 2178//2178 2019//2019 2018//2018
f 2178//2178 2018//2018 2179//2179
f 2179//2179 2018//2018 2180//2180
f 2181//2181 2182//2182 2015//2015
f 2181//2181 2015//2015 2016//2016
f 2018//2018 2161//2161 2017//2017
f 2018//2018 2017//2017 2180//2180
f 2180//2180 2017//2017 2016//2016
f 2180//2180 2016//2016 2183//2183
f 2183//2183 2016//2016 2015//2015
f 2183//2183 2015//2015 2184//2184
f 2184//2184 2015//2015 2014//2014
f 2184//2184 2014//2014 2185//2185
f 2185//2185 2014//2014 2011//2011
f 2185//2185 2011//2011 2186//2186
f 2186//2186 2011//2011 2166//2166
f 2187//2187 2188//2188 2000//2000
f 2187//2187 2000//2000 2189//2189
f 2189//2189 2000//2000 2190//2190
f 2191//2191 2192//2192 2007//2007
f 2191//2191 2007//2007 2008//2008
f 2193//2193 2194//2194 2001//2001
f 2193//2193 2001//2001 2002//2002
f 2002//2002 2001//2001 1398//1398
f 2002//2002 1398//1398 2003//2003
f 2003//2003 1398//1398 2195//2195
f 2196//2196 2197//2197 2005//2005
f 2196//2196 2005//2005 2006//2006
f 2198//2198 2199//2199 1998//1998
f 2200//2200 2201//2201 2009//2009
f 2200//2200 2009//2009 2202//2202
f 2202//2202 2009//2009 2008//2008
f 2202//2202 2008//2008 2203//2203
f 2203//2203 2008//2008 2007//2007
f 2203//2203 2007//2007 2204//2204
f 2204//2204 2007//2007 2006//2006
f 2204//2204 2006//2006 2205//2205
f 2205//2205 2006//2006 2005//2005
f 2205//2205 2005//2005 1398//1398
f 1398//1398 2005//2005 2004//2004
f 1398//1398 2004//2004 2195//2195
f 2195//2195 2004//2004 2206//2206
f 2000//2000 2207//2207 2208//2208
f 2000//2000 2208//2208 2190//2190
f 2190//2190 2208//2208 1999//1999
f 2190//2190 1999//1999 2209//2209
f 2209//2209 1999//1999 1998//1998
f 2001//2001 2000//2000 2188//2188
f 2001//2001 2188//2188 1398//1398
f 1398//1398 2188//2188 2210//2210
f 1398//1398 2210//2210 2211//2211
f 2211//2211 2210//2210 2212//2212
f 2211//2211 2212//2212 2213//2213
f 2213//2213 2212//2212 2214//2214
f 2213//2213 2214//2214 2215//2215
f 2216//2216 2217//2217 2164//2164
f 2216//2216 2164//2164 2218//2218
f 2218//2218 2164//2164 2201//2201
f 2219//2219 2009//2009 2201//2201
f 2219//2219 2201//2201 2163//2163
f 2163//2163 2201//2201 2164//2164
f 2163//2163 2164//2164 2010//2010
f 2010//2010 2164//2164 2011//2011
f 2220//2220 2209//2209 1998//1998
f 2220//2220 1998//1998 2221//2221
f 2221//2221 1998//1998 2199//2199
f 2222//2222 2223//2223 2213//2213
f 2222//2222 2213//2213 2224//2224
f 2224//2224 2213//2213 2215//2215
f 1388//1388 2223//2223 2222//2222
f 1388//1388 2222//2222 2225//2225
f 2225//2225 2222//2222 2226//2226
f 2227//2227 2221//2221 2199//2199
f 2227//2227 2199//2199 2222//2222
f 2222//2222 2199//2199 2228//2228
f 2222//2222 2228//2228 2226//2226
f 2229//2229 2164//2164 2217//2217
f 2229//2229 2217//2217 2230//2230
f 2230//2230 2217//2217 2231//2231
f 2230//2230 2231//2231 2232//2232
f 2232//2232 2231//2231 2233//2233
f 2232//2232 2233//2233 2234//2234
f 2234//2234 2233//2233 2213//2213
f 2234//2234 2213//2213 2235//2235
f 2235//2235 2213//2213 2223//2223
f 2236//2236 1997//1997 2237//2237
f 2238//2238 1993//1993 2239//2239
f 2240//2240 2241//2241 1991//1991
f 2240//2240 1991//1991 1992//1992
f 2242//2242 1996//1996 2243//2243
f 2244//2244 2245//2245 1990//1990
f 2246//2246 2247//2247 2159//2159
f 2246//2246 2159//2159 2248//2248
f 1995//1995 1994//1994 1340//1340
f 1995//1995 1340//1340 2157//2157
f 2157//2157 1340//1340 2249//2249
f 2157//2157 2249//2249 1996//1996
f 1996//1996 2249//2249 2250//2250
f 1996//1996 2250//2250 2243//2243
f 1990//1990 2251//2251 2252//2252
f 1990//1990 2252//2252 1991//1991
f 1994//1994 2239//2239 1993//1993
f 1994//1994 1993//1993 1340//1340
f 1340//1340 1993//1993 1992//1992
f 1340//1340 1992//1992 2253//2253
f 2253//2253 1992//1992 1991//1991
f 2253//2253 1991//1991 2254//2254
f 2254//2254 1991//1991 2252//2252
f 2242//2242 2255//2255 2256//2256
f 2257//2257 2256//2256 2255//2255
f 2257//2257 2255//2255 1350//1350
f 1350//1350 2255//2255 2248//2248
f 1350//1350 2248//2248 2258//2258
f 2258//2258 2248//2248 2159//2159
f 2258//2258 2159//2159 2259//2259
f 2259//2259 2159//2159 2168//2168
f 2259//2259 2168//2168 2260//2260
f 2260//2260 2168//2168 2167//2167
f 2198//2198 2237//2237 1997//1997
f 2198//2198 1997//1997 2199//2199
f 2199//2199 1997//1997 1996//1996
f 2199//2199 1996//1996 1343//1343
f 1343//1343 1996//1996 2242//2242
f 1343//1343 2242//2242 2261//2261
f 2261//2261 2242//2242 2256//2256
f 1987//1987 1986//1986 1989//1989
f 2262//2262 1989//1989 2245//2245
f 2263//2263 2264//2264 1987//1987
f 2263//2263 1987//1987 1988//1988
f 1988//1988 1987//1987 1989//1989
f 2159//2159 1985//1985 1984//1984
f 2159//2159 1984//1984 2158//2158
f 2158//2158 1984//1984 2265//2265
f 2266//2266 1985//1985 2267//2267
f 1986//1986 2267//2267 1985//1985
f 1986//1986 1985//1985 1989//1989
f 1989//1989 1985//1985 2159//2159
f 1989//1989 2159//2159 2245//2245
f 2245//2245 2159//2159 2247//2247
f 2245//2245 2247//2247 1990//1990
f 1990//1990 2247//2247 2268//2268
f 1990//1990 2268//2268 2251//2251
f 1875//1875 1874//1874 2161//2161
f 1875//1875 2161//2161 2018//2018
f 1874//1874 1935//1935 2160//2160
f 1874//1874 2160//2160 2161//2161
f 1934//1934 2017//2017 2160//2160
f 1934//1934 2160//2160 1935//1935
f 1933//1933 1936//1936 2181//2181
f 1933//1933 2181//2181 2016//2016
f 1936//1936 1938//1938 2182//2182
f 1936//1936 2182//2182 2181//2181
f 1937//1937 2015//2015 2182//2182
f 1937//1937 2182//2182 1938//1938
f 1939//1939 1980//1980 2173//2173
f 1939//1939 2173//2173 2014//2014
f 1980//1980 1912//1912 2174//2174
f 1980//1980 2174//2174 2173//2173
f 1911//1911 2013//2013 2174//2174
f 1911//1911 2174//2174 1912//1912
f 1913//1913 1964//1964 2175//2175
f 1913//1913 2175//2175 2012//2012
f 1964//1964 1962//1962 2176//2176
f 1964//1964 2176//2176 2175//2175
f 1961//1961 2011//2011 2176//2176
f 1961//1961 2176//2176 1962//1962
f 1960//1960 1963//1963 2162//2162
f 1960//1960 2162//2162 2010//2010
f 1943//1943 2219//2219 2163//2163
f 1943//1943 2163//2163 1963//1963
f 1963//1963 2163//2163 2162//2162
f 1942//1942 2009//2009 2219//2219
f 1942//1942 2219//2219 1943//1943
f 1941//1941 1940//1940 2191//2191
f 1941//1941 2191//2191 2008//2008
f 1940//1940 1947//1947 2192//2192
f 1940//1940 2192//2192 2191//2191
f 1946//1946 2007//2007 2192//2192
f 1946//1946 2192//2192 1947//1947
f 1945//1945 1944//1944 2196//2196
f 1945//1945 2196//2196 2006//2006
f 1944//1944 1885//1885 2197//2197
f 1944//1944 2197//2197 2196//2196
f 1884//1884 2005//2005 2197//2197
f 1884//1884 2197//2197 1885//1885
f 1883//1883 1882//1882 2206//2206
f 1883//1883 2206//2206 2004//2004
f 1882//1882 1917//1917 2195//2195
f 1882//1882 2195//2195 2206//2206
f 1916//1916 2003//2003 2195//2195
f 1916//1916 2195//2195 1917//1917
f 1915//1915 1914//1914 2193//2193
f 1915//1915 2193//2193 2002//2002
f 1914//1914 1881//1881 2194//2194
f 1914//1914 2194//2194 2193//2193
f 1880//1880 2001//2001 2194//2194
f 1880//1880 2194//2194 1881//1881
f 1879//1879 1878//1878 2207//2207
f 1879//1879 2207//2207 2000//2000
f 1878//1878 1892//1892 2208//2208
f 1878//1878 2208//2208 2207//2207
f 1891//1891 1999//1999 2208//2208
f 1891//1891 2208//2208 1892//1892
f 1893//1893 2237//2237 2198//2198
f 1893//1893 2198//2198 1890//1890
f 1890//1890 2198//2198 1998//1998
f 1893//1893 1899//1899 2236//2236
f 1893//1893 2236//2236 2237//2237
f 1898//1898 1997//1997 2236//2236
f 1898//1898 2236//2236 1899//1899
f 1897//1897 1900//1900 2157//2157
f 1897//1897 2157//2157 1996//1996
f 1900//1900 1888//1888 2156//2156
f 1900//1900 2156//2156 2157//2157
f 1887//1887 1995//1995 2156//2156
f 1887//1887 2156//2156 1888//1888
f 1886//1886 1889//1889 2239//2239
f 1886//1886 2239//2239 1994//1994
f 1889//1889 1905//1905 2238//2238
f 1889//1889 2238//2238 2239//2239
f 1904//1904 1993//1993 2238//2238
f 1904//1904 2238//2238 1905//1905
f 1903//1903 1906//1906 2240//2240
f 1903//1903 2240//2240 1992//1992
f 1906//1906 1910//1910 2241//2241
f 1906//1906 2241//2241 2240//2240
f 1920//1920 1991//1991 2241//2241
f 1920//1920 2241//2241 1910//1910
f 1919//1919 1918//1918 2244//2244
f 1919//1919 2244//2244 1990//1990
f 1924//1924 2262//2262 2245//2245
f 1924//1924 2245//2245 1918//1918
f 1918//1918 2245//2245 2244//2244
f 1923//1923 1989//1989 2262//2262
f 1923//1923 2262//2262 1924//1924
f 1922//1922 1921//1921 2263//2263
f 1922//1922 2263//2263 1988//1988
f 1921//1921 1928//1928 2264//2264
f 1921//1921 2264//2264 2263//2263
f 1927//1927 1987//1987 2264//2264
f 1927//1927 2264//2264 1928//1928
f 1926//1926 1925//1925 2267//2267
f 1926//1926 2267//2267 1986//1986
f 1925//1925 1932//1932 2266//2266
f 1925//1925 2266//2266 2267//2267
f 1931//1931 1985//1985 2266//2266
f 1931//1931 2266//2266 1932//1932
f 1930//1930 1929//1929 2265//2265
f 1930//1930 2265//2265 1984//1984
f 1929//1929 1877//1877 2158//2158
f 1929//1929 2158//2158 2265//2265
f 1876//1876 2019//2019 2158//2158
f 1876//1876 2158//2158 1877//1877
f 2103//2103 1368//1368 2165//2165
f 2103//2103 2165//2165 2105//2105
f 2105//2105 2165//2165 2164//2164
f 2105//2105 2164//2164 2106//2106
f 2259//2259 2260//2260 2119//2119
f 2259//2259 2119//2119 2258//2258
f 2258//2258 2119//2119 2118//2118
f 2258//2258 2118//2118 1350//1350
f 1350//1350 2118//2118 2149//2149
f 1350//1350 2149//2149 2257//2257
f 2257//2257 2149//2149 2151//2151
f 2257//2257 2151//2151 2256//2256
f 2256//2256 2151//2151 2152//2152
f 2256//2256 2152//2152 2261//2261
f 2261//2261 2152//2152 2065//2065
f 2261//2261 2065//2065 1343//1343
f 1343//1343 2065//2065 2069//2069
f 1343//1343 2069//2069 2199//2199
f 2199//2199 2069//2069 2070//2070
f 2199//2199 2070//2070 2228//2228
f 2228//2228 2070//2070 2072//2072
f 2228//2228 2072//2072 2226//2226
f 2226//2226 2072//2072 2074//2074
f 2226//2226 2074//2074 2269//2269
f 2269//2269 2074//2074 2075//2075
f 2269//2269 2075//2075 1388//1388
f 1388//1388 2075//2075 2068//2068
f 1388//1388 2068//2068 2223//2223
f 2223//2223 2068//2068 2107//2107
f 2223//2223 2107//2107 2235//2235
f 2235//2235 2107//2107 2109//2109
f 2235//2235 2109//2109 2234//2234
f 2234//2234 2109//2109 2110//2110
f 2234//2234 2110//2110 2232//2232
f 2232//2232 2110//2110 2098//2098
f 2232//2232 2098//2098 2230//2230
f 2230//2230 2098//2098 2106//2106
f 2230//2230 2106//2106 2229//2229
f 2229//2229 2106//2106 2164//2164
f 2119//2119 2260//2260 2167//2167
f 2119//2119 2167//2167 2120//2120
f 2120//2120 2167//2167 2170//2170
f 2120//2120 2170//2170 2270//2270
f 2270//2270 2170//2170 1368//1368
f 2270//2270 1368//1368 2124//2124
f 2124//2124 1368//1368 2103//2103
f 2166//2166 2271//2271 2272//2272
f 2273//2273 2186//2186 2166//2166
f 2273//2273 2166//2166 2274//2274
f 2274//2274 2166//2166 2272//2272
f 2275//2275 2276//2276 2185//2185
f 2275//2275 2185//2185 2277//2277
f 2277//2277 2185//2185 2186//2186
f 2277//2277 2186//2186 2278//2278
f 2278//2278 2186//2186 2273//2273
f 2185//2185 2276//2276 2279//2279
f 2185//2185 2279//2279 2184//2184
f 2184//2184 2279//2279 2280//2280
f 2184//2184 2280//2280 2281//2281
f 2184//2184 2281//2281 2183//2183
f 2183//2183 2281//2281 2282//2282
f 2183//2183 2282//2282 2283//2283
f 2183//2183 2283//2283 2180//2180
f 2180//2180 2283//2283 2284//2284
f 2285//2285 2179//2179 2180//2180
f 2285//2285 2180//2180 2286//2286
f 2286//2286 2180//2180 2284//2284
f 2287//2287 2288//2288 2178//2178
f 2287//2287 2178//2178 2289//2289
f 2289//2289 2178//2178 2179//2179
f 2289//2289 2179//2179 2290//2290
f 2290//2290 2179//2179 2285//2285
f 2178//2178 2288//2288 2291//2291
f 2178//2178 2291//2291 2177//2177
f 2177//2177 2291//2291 2292//2292
f 2177//2177 2292//2292 2293//2293
f 2177//2177 2293//2293 2172//2172
f 2172//2172 2293//2293 2294//2294
f 2172//2172 2294//2294 2295//2295
f 2172//2172 2295//2295 2171//2171
f 2171//2171 2295//2295 2296//2296
f 2297//2297 2168//2168 2171//2171
f 2297//2297 2171//2171 2298//2298
f 2298//2298 2171//2171 2296//2296
f 2299//2299 2272//2272 2271//2271
f 2299//2299 2271//2271 2300//2300
f 2300//2300 2271//2271 2168//2168
f 2300//2300 2168//2168 2301//2301
f 2301//2301 2168//2168 2297//2297
f 2132//2132 2112//2112 2289//2289
f 2287//2287 2289//2289 2112//2112
f 2287//2287 2112//2112 2288//2288
f 2288//2288 2112//2112 2111//2111
f 2291//2291 2288//2288 2111//2111
f 2291//2291 2111//2111 2292//2292
f 2292//2292 2111//2111 2113//2113
f 2292//2292 2113//2113 2293//2293
f 2293//2293 2113//2113 2115//2115
f 2294//2294 2293//2293 2115//2115
f 2294//2294 2115//2115 2295//2295
f 2295//2295 2115//2115 2114//2114
f 2296//2296 2295//2295 2114//2114
f 2296//2296 2114//2114 2298//2298
f 2298//2298 2114//2114 2117//2117
f 2298//2298 2117//2117 2297//2297
f 2297//2297 2117//2117 2121//2121
f 2301//2301 2297//2297 2121//2121
f 2301//2301 2121//2121 2300//2300
f 2300//2300 2121//2121 2302//2302
f 2300//2300 2302//2302 2303//2303
f 2303//2303 2302//2302 2125//2125
f 2272//2272 2303//2303 2125//2125
f 2272//2272 2125//2125 2274//2274
f 2274//2274 2125//2125 2126//2126
f 2274//2274 2126//2126 2273//2273
f 2273//2273 2126//2126 2127//2127
f 2278//2278 2273//2273 2127//2127
f 2278//2278 2127//2127 2277//2277
f 2277//2277 2127//2127 2128//2128
f 2275//2275 2277//2277 2128//2128
f 2275//2275 2128//2128 2276//2276
f 2276//2276 2128//2128 2129//2129
f 2276//2276 2129//2129 2279//2279
f 2279//2279 2129//2129 2131//2131
f 2280//2280 2279//2279 2131//2131
f 2280//2280 2131//2131 2281//2281
f 2281//2281 2131//2131 2130//2130
f 2282//2282 2281//2281 2130//2130
f 2282//2282 2130//2130 2283//2283
f 2283//2283 2130//2130 2134//2134
f 2284//2284 2283//2283 2134//2134
f 2284//2284 2134//2134 2286//2286
f 2286//2286 2134//2134 2133//2133
f 2286//2286 2133//2133 2304//2304
f 2304//2304 2133//2133 2132//2132
f 2304//2304 2132//2132 2290//2290
f 2290//2290 2132//2132 2289//2289
f 2249//2249 1340//1340 2305//2305
f 2306//2306 2250//2250 2249//2249
f 2306//2306 2249//2249 2307//2307
f 2307//2307 2249//2249 2305//2305
f 2308//2308 2309//2309 2243//2243
f 2308//2308 2243//2243 2310//2310
f 2310//2310 2243//2243 2250//2250
f 2310//2310 2250//2250 2311//2311
f 2311//2311 2250//2250 2306//2306
f 2243//2243 2309//2309 2312//2312
f 2243//2243 2312//2312 2313//2313
f 2313//2313 2312//2312 2314//2314
f 2313//2313 2314//2314 2255//2255
f 2255//2255 2314//2314 2315//2315
f 2255//2255 2315//2315 2248//2248
f 2248//2248 2315//2315 2316//2316
f 2248//2248 2316//2316 2317//2317
f 2248//2248 2317//2317 2246//2246
f 2246//2246 2317//2317 2318//2318
f 2319//2319 2247//2247 2246//2246
f 2319//2319 2246//2246 2320//2320
f 2320//2320 2246//2246 2318//2318
f 2321//2321 2322//2322 2268//2268
f 2321//2321 2268//2268 2323//2323
f 2323//2323 2268//2268 2247//2247
f 2323//2323 2247//2247 2324//2324
f 2324//2324 2247//2247 2319//2319
f 2268//2268 2322//2322 2325//2325
f 2268//2268 2325//2325 2251//2251
f 2251//2251 2325//2325 2326//2326
f 2251//2251 2326//2326 2327//2327
f 2251//2251 2327//2327 2252//2252
f 2252//2252 2327//2327 2328//2328
f 2252//2252 2328//2328 2329//2329
f 2252//2252 2329//2329 2254//2254
f 2254//2254 2329//2329 2330//2330
f 2331//2331 2253//2253 2254//2254
f 2331//2331 2254//2254 2332//2332
f 2332//2332 2254//2254 2330//2330
f 2333//2333 2305//2305 1340//1340
f 2333//2333 1340//1340 2334//2334
f 2334//2334 1340//1340 2253//2253
f 2334//2334 2253//2253 2335//2335
f 2335//2335 2253//2253 2331//2331
f 2189//2189 2190//2190 2336//2336
f 2337//2337 2187//2187 2189//2189
f 2337//2337 2189//2189 2338//2338
f 2338//2338 2189//2189 2336//2336
f 2339//2339 2340//2340 2188//2188
f 2339//2339 2188//2188 2341//2341
f 2341//2341 2188//2188 2187//2187
f 2341//2341 2187//2187 2342//2342
f 2342//2342 2187//2187 2337//2337
f 2188//2188 2340//2340 2343//2343
f 2188//2188 2343//2343 2210//2210
f 2210//2210 2343//2343 2344//2344
f 2210//2210 2344//2344 2345//2345
f 2210//2210 2345//2345 2212//2212
f 2212//2212 2345//2345 2346//2346
f 2212//2212 2346//2346 2347//2347
f 2212//2212 2347//2347 2214//2214
f 2214//2214 2347//2347 2348//2348
f 2349//2349 2350//2350 2222//2222
f 2349//2349 2222//2222 2351//2351
f 2351//2351 2222//2222 2224//2224
f 2351//2351 2224//2224 2352//2352
f 2352//2352 2224//2224 2353//2353
f 2352//2352 2353//2353 2354//2354
f 2354//2354 2353//2353 2214//2214
f 2354//2354 2214//2214 2355//2355
f 2355//2355 2214//2214 2348//2348
f 2222//2222 2350//2350 2356//2356
f 2222//2222 2356//2356 2227//2227
f 2227//2227 2356//2356 2357//2357
f 2227//2227 2357//2357 2358//2358
f 2227//2227 2358//2358 2221//2221
f 2221//2221 2358//2358 2359//2359
f 2221//2221 2359//2359 2360//2360
f 2221//2221 2360//2360 2220//2220
f 2220//2220 2360//2360 2361//2361
f 2362//2362 2209//2209 2220//2220
f 2362//2362 2220//2220 2363//2363
f 2363//2363 2220//2220 2361//2361
f 2364//2364 2336//2336 2190//2190
f 2364//2364 2190//2190 2365//2365
f 2365//2365 2190//2190 2209//2209
f 2365//2365 2209//2209 2366//2366
f 2366//2366 2209//2209 2362//2362
f 2205//2205 1398//1398 2367//2367
f 2368//2368 2204//2204 2205//2205
f 2368//2368 2205//2205 2369//2369
f 2369//2369 2205//2205 2367//2367
f 2370//2370 2371//2371 2203//2203
f 2370//2370 2203//2203 2372//2372
f 2372//2372 2203//2203 2204//2204
f 2372//2372 2204//2204 2373//2373
f 2373//2373 2204//2204 2368//2368
f 2203//2203 2371//2371 2374//2374
f 2203//2203 2374//2374 2202//2202
f 2202//2202 2374//2374 2375//2375
f 2202//2202 2375//2375 2376//2376
f 2202//2202 2376//2376 2200//2200
f 2200//2200 2376//2376 2377//2377
f 2200//2200 2377//2377 2378//2378
f 2200//2200 2378//2378 2201//2201
f 2201//2201 2378//2378 2379//2379
f 2380//2380 2218//2218 2201//2201
f 2380//2380 2201//2201 2381//2381
f 2381//2381 2201//2201 2379//2379
f 2382//2382 2383//2383 2216//2216
f 2382//2382 2216//2216 2384//2384
f 2384//2384 2216//2216 2218//2218
f 2384//2384 2218//2218 2385//2385
f 2385//2385 2218//2218 2380//2380
f 2216//2216 2383//2383 2386//2386
f 2216//2216 2386//2386 2217//2217
f 2217//2217 2386//2386 2387//2387
f 2217//2217 2387//2387 2388//2388
f 2217//2217 2388//2388 2389//2389
f 2389//2389 2388//2388 2390//2390
f 2389//2389 2390//2390 2233//2233
f 2233//2233 2390//2390 2391//2391
f 2233//2233 2391//2391 2213//2213
f 2213//2213 2391//2391 2392//2392
f 2393//2393 2211//2211 2213//2213
f 2393//2393 2213//2213 2394//2394
f 2394//2394 2213//2213 2392//2392
f 2395//2395 2367//2367 1398//1398
f 2395//2395 1398//1398 2396//2396
f 2396//2396 1398//1398 2211//2211
f 2396//2396 2211//2211 2397//2397
f 2397//2397 2211//2211 2393//2393
f 2101//2101 2104//2104 2384//2384
f 2382//2382 2384//2384 2104//2104
f 2382//2382 2104//2104 2383//2383
f 2383//2383 2104//2104 2097//2097
f 2386//2386 2383//2383 2097//2097
f 2386//2386 2097//2097 2387//2387
f 2387//2387 2097//2097 2096//2096
f 2387//2387 2096//2096 2388//2388
f 2388//2388 2096//2096 2108//2108
f 2390//2390 2388//2388 2108//2108
f 2390//2390 2108//2108 2391//2391
f 2391//2391 2108//2108 2095//2095
f 2392//2392 2391//2391 2095//2095
f 2392//2392 2095//2095 2394//2394
f 2394//2394 2095//2095 2100//2100
f 2394//2394 2100//2100 2393//2393
f 2393//2393 2100//2100 2092//2092
f 2397//2397 2393//2393 2092//2092
f 2397//2397 2092//2092 2396//2396
f 2396//2396 2092//2092 2093//2093
f 2396//2396 2093//2093 2395//2395
f 2395//2395 2093//2093 2086//2086
f 2367//2367 2395//2395 2086//2086
f 2367//2367 2086//2086 2369//2369
f 2369//2369 2086//2086 2087//2087
f 2369//2369 2087//2087 2368//2368
f 2368//2368 2087//2087 2090//2090
f 2373//2373 2368//2368 2090//2090
f 2373//2373 2090//2090 2372//2372
f 2372//2372 2090//2090 2089//2089
f 2370//2370 2372//2372 2089//2089
f 2370//2370 2089//2089 2371//2371
f 2371//2371 2089//2089 2088//2088
f 2371//2371 2088//2088 2374//2374
f 2374//2374 2088//2088 2062//2062
f 2375//2375 2374//2374 2062//2062
f 2375//2375 2062//2062 2376//2376
f 2376//2376 2062//2062 2061//2061
f 2377//2377 2376//2376 2061//2061
f 2377//2377 2061//2061 2378//2378
f 2378//2378 2061//2061 2060//2060
f 2379//2379 2378//2378 2060//2060
f 2379//2379 2060//2060 2381//2381
f 2381//2381 2060//2060 2102//2102
f 2381//2381 2102//2102 2380//2380
f 2380//2380 2102//2102 2101//2101
f 2380//2380 2101//2101 2385//2385
f 2385//2385 2101//2101 2384//2384
f 2071//2071 2064//2064 2351//2351
f 2349//2349 2351//2351 2064//2064
f 2349//2349 2064//2064 2350//2350
f 2350//2350 2064//2064 2063//2063
f 2356//2356 2350//2350 2063//2063
f 2356//2356 2063//2063 2357//2357
f 2357//2357 2063//2063 2076//2076
f 2357//2357 2076//2076 2358//2358
f 2358//2358 2076//2076 2077//2077
f 2359//2359 2358//2358 2077//2077
f 2359//2359 2077//2077 2360//2360
f 2360//2360 2077//2077 2078//2078
f 2361//2361 2360//2360 2078//2078
f 2361//2361 2078//2078 2363//2363
f 2363//2363 2078//2078 2079//2079
f 2363//2363 2079//2079 2362//2362
f 2362//2362 2079//2079 2080//2080
f 2366//2366 2362//2362 2080//2080
f 2366//2366 2080//2080 2365//2365
f 2365//2365 2080//2080 2398//2398
f 2365//2365 2398//2398 2399//2399
f 2399//2399 2398//2398 2083//2083
f 2336//2336 2399//2399 2083//2083
f 2336//2336 2083//2083 2338//2338
f 2338//2338 2083//2083 2084//2084
f 2338//2338 2084//2084 2337//2337
f 2337//2337 2084//2084 2085//2085
f 2342//2342 2337//2337 2085//2085
f 2342//2342 2085//2085 2341//2341
f 2341//2341 2085//2085 2091//2091
f 2339//2339 2341//2341 2091//2091
f 2339//2339 2091//2091 2340//2340
f 2340//2340 2091//2091 2099//2099
f 2340//2340 2099//2099 2343//2343
f 2343//2343 2099//2099 2094//2094
f 2344//2344 2343//2343 2094//2094
f 2344//2344 2094//2094 2345//2345
f 2345//2345 2094//2094 2067//2067
f 2346//2346 2345//2345 2067//2067
f 2346//2346 2067//2067 2347//2347
f 2347//2347 2067//2067 2066//2066
f 2348//2348 2347//2347 2066//2066
f 2348//2348 2066//2066 2355//2355
f 2355//2355 2066//2066 2073//2073
f 2355//2355 2073//2073 2400//2400
f 2400//2400 2073//2073 2071//2071
f 2400//2400 2071//2071 2352//2352
f 2352//2352 2071//2071 2351//2351
f 2135//2135 2146//2146 2323//2323
f 2321//2321 2323//2323 2146//2146
f 2321//2321 2146//2146 2322//2322
f 2322//2322 2146//2146 2145//2145
f 2325//2325 2322//2322 2145//2145
f 2325//2325 2145//2145 2326//2326
f 2326//2326 2145//2145 2144//2144
f 2326//2326 2144//2144 2327//2327
f 2327//2327 2144//2144 2143//2143
f 2328//2328 2327//2327 2143//2143
f 2328//2328 2143//2143 2329//2329
f 2329//2329 2143//2143 2142//2142
f 2330//2330 2329//2329 2142//2142
f 2330//2330 2142//2142 2332//2332
f 2332//2332 2142//2142 2141//2141
f 2332//2332 2141//2141 2331//2331
f 2331//2331 2141//2141 2140//2140
f 2335//2335 2331//2331 2140//2140
f 2335//2335 2140//2140 2334//2334
f 2334//2334 2140//2140 2139//2139
f 2334//2334 2139//2139 2333//2333
f 2333//2333 2139//2139 2155//2155
f 2305//2305 2333//2333 2155//2155
f 2305//2305 2155//2155 2307//2307
f 2307//2307 2155//2155 2154//2154
f 2307//2307 2154//2154 2306//2306
f 2306//2306 2154//2154 2153//2153
f 2311//2311 2306//2306 2153//2153
f 2311//2311 2153//2153 2310//2310
f 2310//2310 2153//2153 2150//2150
f 2308//2308 2310//2310 2150//2150
f 2308//2308 2150//2150 2309//2309
f 2309//2309 2150//2150 2148//2148
f 2309//2309 2148//2148 2312//2312
f 2312//2312 2148//2148 2147//2147
f 2314//2314 2312//2312 2147//2147
f 2314//2314 2147//2147 2315//2315
f 2315//2315 2147//2147 2138//2138
f 2316//2316 2315//2315 2138//2138
f 2316//2316 2138//2138 2317//2317
f 2317//2317 2138//2138 2137//2137
f 2318//2318 2317//2317 2137//2137
f 2318//2318 2137//2137 2320//2320
f 2320//2320 2137//2137 2136//2136
f 2320//2320 2136//2136 2319//2319
f 2319//2319 2136//2136 2135//2135
f 2319//2319 2135//2135 2324//2324
f 2324//2324 2135//2135 2323//2323
f 2401//2401 2402//2402 2403//2403
f 2401//2401 2403//2403 2404//2404
f 2404//2404 2403//2403 2405//2405
f 2404//2404 2405//2405 2406//2406
f 2406//2406 2405//2405 2407//2407
f 2406//2406 2407//2407 2408//2408
f 2408//2408 2407//2407 2409//2409
f 2408//2408 2409//2409 2410//2410
f 2410//2410 2409//2409 2411//2411
f 2410//2410 2411//2411 2412//2412
f 2412//2412 2411//2411 2413//2413
f 2412//2412 2413//2413 2414//2414
f 2414//2414 2413//2413 2415//2415
f 2414//2414 2415//2415 2416//2416
f 2416//2416 2415//2415 2417//2417
f 2418//2418 2416//2416 2417//2417
f 2418//2418 2417//2417 2419//2419
f 2419//2419 2417//2417 2420//2420
f 2419//2419 2420//2420 2421//2421
f 2421//2421 2420//2420 2422//2422
f 2421//2421 2422//2422 2423//2423
f 2423//2423 2422//2422 2424//2424
f 2423//2423 2424//2424 2425//2425
f 2425//2425 2424//2424 2426//2426
f 2425//2425 2426//2426 2427//2427
f 2427//2427 2426//2426 2428//2428
f 2427//2427 2428//2428 2429//2429
f 2429//2429 2428//2428 2430//2430
f 2429//2429 2430//2430 2431//2431
f 2431//2431 2430//2430 2432//2432
f 2431//2431 2432//2432 2433//2433
f 2433//2433 2432//2432 2434//2434
f 2433//2433 2434//2434 2435//2435
f 2435//2435 2434//2434 2436//2436
f 2435//2435 2436//2436 2437//2437
f 2437//2437 2436//2436 2402//2402
f 2437//2437 2402//2402 2438//2438
f 2438//2438 2402//2402 2401//2401
f 2439//2439 2440//2440 2441//2441
f 2439//2439 2441//2441 2442//2442
f 2442//2442 2441//2441 2443//2443
f 2442//2442 2443//2443 2444//2444
f 2444//2444 2443//2443 2445//2445
f 2444//2444 2445//2445 2446//2446
f 2446//2446 2445//2445 2447//2447
f 2446//2446 2447//2447 2448//2448
f 2448//2448 2447//2447 2449//2449
f 2448//2448 2449//2449 2450//2450
f 2450//2450 2449//2449 2451//2451
f 2450//2450 2451//2451 2452//2452
f 2452//2452 2451//2451 2453//2453
f 2452//2452 2453//2453 2454//2454
f 2454//2454 2453//2453 2455//2455
f 2454//2454 2455//2455 2456//2456
f 2456//2456 2455//2455 2457//2457
f 2456//2456 2457//2457 2458//2458
f 2458//2458 2457//2457 2459//2459
f 2460//2460 2458//2458 2459//2459
f 2460//2460 2459//2459 2461//2461
f 2461//2461 2459//2459 2462//2462
f 2461//2461 2462//2462 2463//2463
f 2463//2463 2462//2462 2464//2464
f 2463//2463 2464//2464 2465//2465
f 2465//2465 2464//2464 2466//2466
f 2465//2465 2466//2466 2467//2467
f 2467//2467 2466//2466 2468//2468
f 2467//2467 2468//2468 2469//2469
f 2469//2469 2468//2468 2470//2470
f 2469//2469 2470//2470 2471//2471
f 2471//2471 2470//2470 2472//2472
f 2471//2471 2472//2472 2473//2473
f 2473//2473 2472//2472 2474//2474
f 2473//2473 2474//2474 2475//2475
f 2475//2475 2474//2474 2440//2440
f 2475//2475 2440//2440 2476//2476
f 2476//2476 2440//2440 2439//2439
f 51//51 53//53 2401//2401
f 2477//2477 2438//2438 2401//2401
f 2477//2477 2401//2401 2478//2478
f 2478//2478 2401//2401 53//53
f 2479//2479 34//34 2476//2476
f 48//48 51//51 2401//2401
f 48//48 2401//2401 49//49
f 49//49 2401//2401 35//35
f 36//36 49//49 35//35
f 36//36 35//35 38//38
f 38//38 35//35 37//37
f 38//38 37//37 39//39
f 2480//2480 2479//2479 2481//2481
f 2481//2481 2479//2479 2476//2476
f 2481//2481 2476//2476 2482//2482
f 2482//2482 2476//2476 2483//2483
f 2484//2484 2485//2485 2483//2483
f 2484//2484 2483//2483 2486//2486
f 2486//2486 2483//2483 2476//2476
f 2486//2486 2476//2476 2487//2487
f 2487//2487 2476//2476 2488//2488
f 2489//2489 2488//2488 2476//2476
f 2489//2489 2476//2476 2490//2490
f 2490//2490 2476//2476 2439//2439
f 2491//2491 2492//2492 2437//2437
f 2493//2493 2490//2490 2439//2439
f 2493//2493 2439//2439 2494//2494
f 2494//2494 2439//2439 2442//2442
f 2494//2494 2442//2442 2495//2495
f 2496//2496 2495//2495 2442//2442
f 2496//2496 2442//2442 2497//2497
f 2497//2497 2442//2442 2498//2498
f 2491//2491 2499//2499 2500//2500
f 2483//2483 2485//2485 2501//2501
f 2483//2483 2501//2501 2502//2502
f 2502//2502 2501//2501 2503//2503
f 2502//2502 2503//2503 2504//2504
f 2504//2504 2503//2503 2505//2505
f 2504//2504 2505//2505 2506//2506
f 2506//2506 2505//2505 2507//2507
f 2506//2506 2507//2507 2508//2508
f 2508//2508 2507//2507 2500//2500
f 2508//2508 2500//2500 2509//2509
f 2509//2509 2500//2500 2499//2499
f 2510//2510 2511//2511 25//25
f 2510//2510 25//25 2512//2512
f 2512//2512 25//25 2513//2513
f 2512//2512 2513//2513 2514//2514
f 2515//2515 2499//2499 2491//2491
f 2515//2515 2491//2491 2510//2510
f 2510//2510 2491//2491 2437//2437
f 20//20 2511//2511 2510//2510
f 20//20 2510//2510 21//21
f 21//21 2510//2510 2437//2437
f 21//21 2437//2437 18//18
f 18//18 2437//2437 12//12
f 2516//2516 2514//2514 2513//2513
f 2516//2516 2513//2513 2517//2517
f 2517//2517 2513//2513 2518//2518
f 2517//2517 2518//2518 2519//2519
f 2519//2519 2518//2518 2520//2520
f 2519//2519 2520//2520 2521//2521
f 2521//2521 2520//2520 2522//2522
f 2521//2521 2522//2522 2523//2523
f 2523//2523 2522//2522 2479//2479
f 2523//2523 2479//2479 2524//2524
f 2524//2524 2479//2479 2480//2480
f 12//12 2//2 2525//2525
f 38//38 39//39 2526//2526
f 38//38 2526//2526 2527//2527
f 2527//2527 2526//2526 2528//2528
f 2527//2527 2528//2528 2529//2529
f 2529//2529 2528//2528 2530//2530
f 2529//2529 2530//2530 2531//2531
f 2531//2531 2530//2530 2532//2532
f 2531//2531 2532//2532 2533//2533
f 2533//2533 2532//2532 2525//2525
f 2533//2533 2525//2525 4//4
f 4//4 2525//2525 2//2
f 15//15 2//2 12//12
f 15//15 12//12 14//14
f 14//14 12//12 2437//2437
f 14//14 2437//2437 19//19
f 11//11 19//19 2437//2437
f 11//11 2437//2437 9//9
f 9//9 2437//2437 2438//2438
f 9//9 2438//2438 2534//2534
f 2534//2534 2438//2438 2477//2477
f 2535//2535 2536//2536 2537//2537
f 2538//2538 2539//2539 2461//2461
f 2540//2540 2460//2460 2461//2461
f 2540//2540 2461//2461 2541//2541
f 2541//2541 2461//2461 2539//2539
f 2542//2542 2543//2543 2418//2418
f 2418//2418 2543//2543 2535//2535
f 2544//2544 2538//2538 2461//2461
f 2544//2544 2461//2461 2545//2545
f 2545//2545 2461//2461 2535//2535
f 2545//2545 2535//2535 2546//2546
f 2546//2546 2535//2535 2537//2537
f 2547//2547 2542//2542 2548//2548
f 2548//2548 2542//2542 2418//2418
f 2548//2548 2418//2418 2549//2549
f 2549//2549 2418//2418 2550//2550
f 2551//2551 2552//2552 2550//2550
f 2551//2551 2550//2550 2553//2553
f 2553//2553 2550//2550 2418//2418
f 2553//2553 2418//2418 2554//2554
f 2554//2554 2418//2418 2555//2555
f 2556//2556 2555//2555 2418//2418
f 2556//2556 2418//2418 2557//2557
f 2557//2557 2418//2418 2419//2419
f 2558//2558 2557//2557 2419//2419
f 2558//2558 2419//2419 2559//2559
f 2559//2559 2419//2419 2421//2421
f 2559//2559 2421//2421 2560//2560
f 2561//2561 2560//2560 2421//2421
f 2561//2561 2421//2421 2562//2562
f 2562//2562 2421//2421 2563//2563
f 2564//2564 2565//2565 2566//2566
f 2564//2564 2566//2566 2567//2567
f 2567//2567 2566//2566 2568//2568
f 2567//2567 2568//2568 2569//2569
f 2550//2550 2552//2552 2570//2570
f 2550//2550 2570//2570 2571//2571
f 2571//2571 2570//2570 2572//2572
f 2571//2571 2572//2572 2573//2573
f 2573//2573 2572//2572 2574//2574
f 2573//2573 2574//2574 2575//2575
f 2575//2575 2574//2574 2576//2576
f 2575//2575 2576//2576 2577//2577
f 2577//2577 2576//2576 2578//2578
f 2577//2577 2578//2578 2579//2579
f 2579//2579 2578//2578 2580//2580
f 2579//2579 2580//2580 2581//2581
f 2581//2581 2580//2580 2582//2582
f 2564//2564 2582//2582 2580//2580
f 2564//2564 2580//2580 2458//2458
f 2458//2458 2580//2580 2583//2583
f 2458//2458 2583//2583 2563//2563
f 2584//2584 2565//2565 2564//2564
f 2584//2584 2564//2564 2585//2585
f 2585//2585 2564//2564 2458//2458
f 2585//2585 2458//2458 2586//2586
f 2586//2586 2458//2458 2587//2587
f 2587//2587 2588//2588 2589//2589
f 2587//2587 2589//2589 2590//2590
f 2590//2590 2589//2589 2591//2591
f 2590//2590 2591//2591 2592//2592
f 2592//2592 2591//2591 2593//2593
f 2592//2592 2593//2593 2594//2594
f 2594//2594 2593//2593 2595//2595
f 2594//2594 2595//2595 2596//2596
f 2596//2596 2595//2595 2597//2597
f 2596//2596 2597//2597 2598//2598
f 2598//2598 2597//2597 2537//2537
f 2598//2598 2537//2537 2599//2599
f 2599//2599 2537//2537 2536//2536
f 2600//2600 2588//2588 2587//2587
f 2600//2600 2587//2587 2601//2601
f 2601//2601 2587//2587 2458//2458
f 2601//2601 2458//2458 2602//2602
f 2603//2603 2602//2602 2458//2458
f 2603//2603 2458//2458 2604//2604
f 2604//2604 2458//2458 2460//2460
f 2604//2604 2460//2460 2605//2605
f 2605//2605 2460//2460 2540//2540
f 2606//2606 2569//2569 2568//2568
f 2606//2606 2568//2568 2607//2607
f 2607//2607 2568//2568 2608//2608
f 2607//2607 2608//2608 2609//2609
f 2609//2609 2608//2608 2610//2610
f 2609//2609 2610//2610 2611//2611
f 2611//2611 2610//2610 2612//2612
f 2611//2611 2612//2612 2613//2613
f 2613//2613 2612//2612 2542//2542
f 2613//2613 2542//2542 2614//2614
f 2614//2614 2542//2542 2547//2547
f 2458//2458 2563//2563 2421//2421
f 2458//2458 2421//2421 2456//2456
f 2456//2456 2421//2421 2423//2423
f 2456//2456 2423//2423 2454//2454
f 2454//2454 2423//2423 2425//2425
f 2454//2454 2425//2425 2452//2452
f 2452//2452 2425//2425 2427//2427
f 2452//2452 2427//2427 2615//2615
f 2452//2452 2615//2615 2616//2616
f 2616//2616 2615//2615 2431//2431
f 2448//2448 2616//2616 2431//2431
f 2448//2448 2431//2431 2446//2446
f 2446//2446 2431//2431 2433//2433
f 2446//2446 2433//2433 2444//2444
f 2444//2444 2433//2433 2435//2435
f 2444//2444 2435//2435 2442//2442
f 2442//2442 2435//2435 2437//2437
f 2442//2442 2437//2437 2498//2498
f 2498//2498 2437//2437 2492//2492
f 2418//2418 2535//2535 2461//2461
f 2418//2418 2461//2461 2416//2416
f 2416//2416 2461//2461 2463//2463
f 2416//2416 2463//2463 2414//2414
f 2414//2414 2463//2463 2465//2465
f 2414//2414 2465//2465 2412//2412
f 2412//2412 2465//2465 2467//2467
f 2412//2412 2467//2467 2410//2410
f 2410//2410 2467//2467 2469//2469
f 2410//2410 2469//2469 2408//2408
f 2408//2408 2469//2469 2471//2471
f 2408//2408 2471//2471 2406//2406
f 2406//2406 2471//2471 2473//2473
f 2406//2406 2473//2473 2404//2404
f 2404//2404 2473//2473 2475//2475
f 2404//2404 2475//2475 2401//2401
f 2401//2401 2475//2475 2476//2476
f 2401//2401 2476//2476 35//35
f 35//35 2476//2476 34//34
f 2617//2617 2618//2618 2619//2619
f 2620//2620 2619//2619 2618//2618
f 2620//2620 2618//2618 2621//2621
f 2621//2621 2618//2618 2622//2622
f 2621//2621 2622//2622 2623//2623
f 2623//2623 2622//2622 2624//2624
f 2625//2625 2402//2402 2436//2436
f 2625//2625 2436//2436 2626//2626
f 2626//2626 2436//2436 2627//2627
f 2628//2628 2627//2627 2436//2436
f 2628//2628 2436//2436 2629//2629
f 2629//2629 2436//2436 2630//2630
f 2631//2631 2630//2630 2632//2632
f 2633//2633 2631//2631 2632//2632
f 2633//2633 2632//2632 2634//2634
f 2634//2634 2632//2632 2635//2635
f 2634//2634 2635//2635 2636//2636
f 2637//2637 2638//2638 2639//2639
f 2632//2632 2630//2630 2436//2436
f 2632//2632 2436//2436 2640//2640
f 2640//2640 2436//2436 2637//2637
f 2639//2639 2638//2638 2641//2641
f 2639//2639 2641//2641 2642//2642
f 2642//2642 2641//2641 2643//2643
f 2642//2642 2643//2643 2644//2644
f 2644//2644 2643//2643 2645//2645
f 2646//2646 2638//2638 2637//2637
f 2646//2646 2637//2637 2647//2647
f 2647//2647 2637//2637 2436//2436
f 2647//2647 2436//2436 2648//2648
f 2649//2649 2618//2618 2617//2617
f 2649//2649 2617//2617 2650//2650
f 2650//2650 2617//2617 2441//2441
f 2650//2650 2441//2441 2651//2651
f 2651//2651 2441//2441 2652//2652
f 2653//2653 2652//2652 2441//2441
f 2653//2653 2441//2441 2654//2654
f 2654//2654 2441//2441 2440//2440
f 2655//2655 2654//2654 2440//2440
f 2655//2655 2440//2440 2656//2656
f 2656//2656 2440//2440 2474//2474
f 2656//2656 2474//2474 2657//2657
f 2658//2658 2657//2657 2474//2474
f 2658//2658 2474//2474 2659//2659
f 2659//2659 2474//2474 2660//2660
f 2661//2661 2660//2660 2662//2662
f 2661//2661 2662//2662 2663//2663
f 2663//2663 2662//2662 2664//2664
f 2623//2623 2624//2624 2665//2665
f 2623//2623 2665//2665 2666//2666
f 2666//2666 2665//2665 2667//2667
f 2666//2666 2667//2667 2668//2668
f 2668//2668 2667//2667 2664//2664
f 2668//2668 2664//2664 2669//2669
f 2669//2669 2664//2664 2662//2662
f 2662//2662 2660//2660 2474//2474
f 2662//2662 2474//2474 2670//2670
f 2670//2670 2474//2474 2671//2671
f 2672//2672 2645//2645 2643//2643
f 2672//2672 2643//2643 2673//2673
f 2673//2673 2643//2643 2674//2674
f 2673//2673 2674//2674 2675//2675
f 2675//2675 2674//2674 2676//2676
f 2675//2675 2676//2676 2677//2677
f 2677//2677 2676//2676 2678//2678
f 2679//2679 2680//2680 2681//2681
f 2679//2679 2681//2681 2682//2682
f 2682//2682 2681//2681 2683//2683
f 2682//2682 2683//2683 2684//2684
f 2684//2684 2683//2683 2685//2685
f 2684//2684 2685//2685 2686//2686
f 2686//2686 2685//2685 2687//2687
f 2686//2686 2687//2687 2688//2688
f 2688//2688 2687//2687 2636//2636
f 2688//2688 2636//2636 2689//2689
f 2689//2689 2636//2636 2635//2635
f 2474//2474 2690//2690 2677//2677
f 2474//2474 2677//2677 2671//2671
f 2671//2671 2677//2677 2678//2678
f 2691//2691 2681//2681 2680//2680
f 2691//2691 2680//2680 2692//2692
f 2692//2692 2680//2680 2403//2403
f 2692//2692 2403//2403 2693//2693
f 2694//2694 2693//2693 2403//2403
f 2694//2694 2403//2403 2695//2695
f 2695//2695 2403//2403 2402//2402
f 2695//2695 2402//2402 2696//2696
f 2696//2696 2402//2402 2625//2625
f 2697//2697 2459//2459 2457//2457
f 2697//2697 2457//2457 2698//2698
f 2698//2698 2457//2457 2699//2699
f 2700//2700 2699//2699 2457//2457
f 2700//2700 2457//2457 2701//2701
f 2701//2701 2457//2457 2702//2702
f 2703//2703 2702//2702 2704//2704
f 2705//2705 2703//2703 2704//2704
f 2705//2705 2704//2704 2706//2706
f 2706//2706 2704//2704 2707//2707
f 2706//2706 2707//2707 2708//2708
f 2709//2709 2710//2710 2711//2711
f 2704//2704 2702//2702 2457//2457
f 2704//2704 2457//2457 2712//2712
f 2712//2712 2457//2457 2709//2709
f 2711//2711 2710//2710 2713//2713
f 2711//2711 2713//2713 2714//2714
f 2714//2714 2713//2713 2715//2715
f 2714//2714 2715//2715 2716//2716
f 2716//2716 2715//2715 2717//2717
f 2718//2718 2719//2719 2720//2720
f 2721//2721 2720//2720 2719//2719
f 2721//2721 2719//2719 2722//2722
f 2722//2722 2719//2719 2723//2723
f 2722//2722 2723//2723 2724//2724
f 2725//2725 2710//2710 2709//2709
f 2725//2725 2709//2709 2726//2726
f 2726//2726 2709//2709 2457//2457
f 2726//2726 2457//2457 2727//2727
f 2728//2728 2719//2719 2718//2718
f 2728//2728 2718//2718 2729//2729
f 2729//2729 2718//2718 2420//2420
f 2729//2729 2420//2420 2730//2730
f 2730//2730 2420//2420 2731//2731
f 2732//2732 2731//2731 2420//2420
f 2732//2732 2420//2420 2733//2733
f 2733//2733 2420//2420 2417//2417
f 2734//2734 2735//2735 2736//2736
f 2734//2734 2736//2736 2737//2737
f 2737//2737 2736//2736 2738//2738
f 2737//2737 2738//2738 2739//2739
f 2739//2739 2738//2738 2740//2740
f 2739//2739 2740//2740 2741//2741
f 2741//2741 2740//2740 2742//2742
f 2741//2741 2742//2742 2743//2743
f 2743//2743 2742//2742 2708//2708
f 2743//2743 2708//2708 2744//2744
f 2744//2744 2708//2708 2707//2707
f 2745//2745 2733//2733 2417//2417
f 2745//2745 2417//2417 2746//2746
f 2746//2746 2417//2417 2415//2415
f 2746//2746 2415//2415 2747//2747
f 2748//2748 2747//2747 2415//2415
f 2748//2748 2415//2415 2749//2749
f 2749//2749 2415//2415 2750//2750
f 2751//2751 2750//2750 2752//2752
f 2751//2751 2752//2752 2753//2753
f 2753//2753 2752//2752 2754//2754
f 2753//2753 2754//2754 2755//2755
f 2755//2755 2754//2754 2756//2756
f 2755//2755 2756//2756 2757//2757
f 2757//2757 2756//2756 2758//2758
f 2757//2757 2758//2758 2759//2759
f 2759//2759 2758//2758 2724//2724
f 2759//2759 2724//2724 2760//2760
f 2760//2760 2724//2724 2723//2723
f 2752//2752 2750//2750 2415//2415
f 2752//2752 2415//2415 2761//2761
f 2761//2761 2415//2415 2762//2762
f 2763//2763 2717//2717 2715//2715
f 2763//2763 2715//2715 2764//2764
f 2764//2764 2715//2715 2765//2765
f 2764//2764 2765//2765 2766//2766
f 2766//2766 2765//2765 2767//2767
f 2766//2766 2767//2767 2768//2768
f 2768//2768 2767//2767 2769//2769
f 2415//2415 2770//2770 2768//2768
f 2415//2415 2768//2768 2762//2762
f 2762//2762 2768//2768 2769//2769
f 2771//2771 2736//2736 2735//2735
f 2771//2771 2735//2735 2772//2772
f 2772//2772 2735//2735 2462//2462
f 2772//2772 2462//2462 2773//2773
f 2774//2774 2773//2773 2462//2462
f 2774//2774 2462//2462 2775//2775
f 2775//2775 2462//2462 2459//2459
f 2775//2775 2459//2459 2776//2776
f 2776//2776 2459//2459 2697//2697
f 2617//2617 2648//2648 2436//2436
f 2617//2617 2436//2436 2441//2441
f 2441//2441 2436//2436 2434//2434
f 2441//2441 2434//2434 2443//2443
f 2443//2443 2434//2434 2432//2432
f 2443//2443 2432//2432 2445//2445
f 2445//2445 2432//2432 2430//2430
f 2445//2445 2430//2430 2447//2447
f 2447//2447 2430//2430 2777//2777
f 2447//2447 2777//2777 2778//2778
f 2778//2778 2777//2777 2426//2426
f 2778//2778 2426//2426 2451//2451
f 2451//2451 2426//2426 2424//2424
f 2451//2451 2424//2424 2453//2453
f 2453//2453 2424//2424 2422//2422
f 2453//2453 2422//2422 2455//2455
f 2455//2455 2422//2422 2420//2420
f 2455//2455 2420//2420 2457//2457
f 2457//2457 2420//2420 2718//2718
f 2457//2457 2718//2718 2727//2727
f 2735//2735 2770//2770 2415//2415
f 2735//2735 2415//2415 2462//2462
f 2462//2462 2415//2415 2413//2413
f 2462//2462 2413//2413 2464//2464
f 2464//2464 2413//2413 2411//2411
f 2464//2464 2411//2411 2466//2466
f 2466//2466 2411//2411 2779//2779
f 2466//2466 2779//2779 2780//2780
f 2780//2780 2779//2779 2407//2407
f 2780//2780 2407//2407 2470//2470
f 2470//2470 2407//2407 2405//2405
f 2470//2470 2405//2405 2472//2472
f 2472//2472 2405//2405 2403//2403
f 2472//2472 2403//2403 2474//2474
f 2474//2474 2403//2403 2680//2680
f 2474//2474 2680//2680 2690//2690
f 2676//2676 2674//2674 2523//2523
f 2676//2676 2523//2523 2524//2524
f 2676//2676 2524//2524 2480//2480
f 2676//2676 2480//2480 2678//2678
f 2678//2678 2480//2480 2481//2481
f 2678//2678 2481//2481 2671//2671
f 2671//2671 2481//2481 2482//2482
f 2671//2671 2482//2482 2670//2670
f 2670//2670 2482//2482 2483//2483
f 2662//2662 2670//2670 2483//2483
f 2662//2662 2483//2483 2669//2669
f 2669//2669 2483//2483 2502//2502
f 2669//2669 2502//2502 2668//2668
f 2668//2668 2502//2502 2504//2504
f 2668//2668 2504//2504 2781//2781
f 2781//2781 2504//2504 2782//2782
f 2781//2781 2782//2782 2508//2508
f 2781//2781 2508//2508 2623//2623
f 2623//2623 2508//2508 2509//2509
f 2621//2621 2623//2623 2509//2509
f 2621//2621 2509//2509 2620//2620
f 2620//2620 2509//2509 2499//2499
f 2620//2620 2499//2499 2515//2515
f 2620//2620 2515//2515 2619//2619
f 2619//2619 2515//2515 2510//2510
f 2619//2619 2510//2510 2617//2617
f 2617//2617 2510//2510 2512//2512
f 2617//2617 2512//2512 2648//2648
f 2648//2648 2512//2512 2514//2514
f 2648//2648 2514//2514 2647//2647
f 2647//2647 2514//2514 2646//2646
f 2523//2523 2674//2674 2643//2643
f 2523//2523 2643//2643 2521//2521
f 2521//2521 2643//2643 2783//2783
f 2521//2521 2783//2783 2784//2784
f 2784//2784 2783//2783 2638//2638
f 2784//2784 2638//2638 2517//2517
f 2517//2517 2638//2638 2646//2646
f 2517//2517 2646//2646 2516//2516
f 2516//2516 2646//2646 2514//2514
f 2717//2717 2785//2785 2568//2568
f 2717//2717 2568//2568 2566//2566
f 2716//2716 2717//2717 2566//2566
f 2716//2716 2566//2566 2714//2714
f 2714//2714 2566//2566 2565//2565
f 2714//2714 2565//2565 2584//2584
f 2714//2714 2584//2584 2711//2711
f 2711//2711 2584//2584 2585//2585
f 2711//2711 2585//2585 2709//2709
f 2709//2709 2585//2585 2586//2586
f 2709//2709 2586//2586 2712//2712
f 2712//2712 2586//2586 2587//2587
f 2704//2704 2712//2712 2587//2587
f 2704//2704 2587//2587 2707//2707
f 2707//2707 2587//2587 2590//2590
f 2707//2707 2590//2590 2592//2592
f 2707//2707 2592//2592 2744//2744
f 2744//2744 2592//2592 2786//2786
f 2744//2744 2786//2786 2787//2787
f 2787//2787 2786//2786 2596//2596
f 2787//2787 2596//2596 2741//2741
f 2741//2741 2596//2596 2598//2598
f 2739//2739 2741//2741 2598//2598
f 2739//2739 2598//2598 2737//2737
f 2737//2737 2598//2598 2599//2599
f 2737//2737 2599//2599 2536//2536
f 2737//2737 2536//2536 2734//2734
f 2734//2734 2536//2536 2535//2535
f 2734//2734 2535//2535 2735//2735
f 2735//2735 2535//2535 2543//2543
f 2735//2735 2543//2543 2770//2770
f 2770//2770 2543//2543 2542//2542
f 2768//2768 2770//2770 2542//2542
f 2768//2768 2542//2542 2766//2766
f 2766//2766 2542//2542 2612//2612
f 2766//2766 2612//2612 2764//2764
f 2764//2764 2612//2612 2610//2610
f 2764//2764 2610//2610 2785//2785
f 2785//2785 2610//2610 2788//2788
f 2785//2785 2788//2788 2568//2568
f 2663//2663 2664//2664 2501//2501
f 2663//2663 2501//2501 2485//2485
f 2663//2663 2485//2485 2484//2484
f 2663//2663 2484//2484 2661//2661
f 2661//2661 2484//2484 2486//2486
f 2661//2661 2486//2486 2660//2660
f 2660//2660 2486//2486 2487//2487
f 2660//2660 2487//2487 2659//2659
f 2659//2659 2487//2487 2488//2488
f 2658//2658 2659//2659 2488//2488
f 2658//2658 2488//2488 2657//2657
f 2657//2657 2488//2488 2489//2489
f 2657//2657 2489//2489 2656//2656
f 2656//2656 2489//2489 2490//2490
f 2656//2656 2490//2490 2789//2789
f 2789//2789 2490//2490 2790//2790
f 2789//2789 2790//2790 2494//2494
f 2789//2789 2494//2494 2654//2654
f 2654//2654 2494//2494 2495//2495
f 2653//2653 2654//2654 2495//2495
f 2653//2653 2495//2495 2652//2652
f 2652//2652 2495//2495 2496//2496
f 2652//2652 2496//2496 2497//2497
f 2652//2652 2497//2497 2651//2651
f 2651//2651 2497//2497 2498//2498
f 2651//2651 2498//2498 2650//2650
f 2650//2650 2498//2498 2492//2492
f 2650//2650 2492//2492 2649//2649
f 2649//2649 2492//2492 2491//2491
f 2649//2649 2491//2491 2618//2618
f 2618//2618 2491//2491 2622//2622
f 2501//2501 2664//2664 2667//2667
f 2501//2501 2667//2667 2503//2503
f 2503//2503 2667//2667 2791//2791
f 2503//2503 2791//2791 2792//2792
f 2792//2792 2791//2791 2624//2624
f 2792//2792 2624//2624 2507//2507
f 2507//2507 2624//2624 2622//2622
f 2507//2507 2622//2622 2500//2500
f 2500//2500 2622//2622 2491//2491
f 2708//2708 2793//2793 2591//2591
f 2708//2708 2591//2591 2589//2589
f 2706//2706 2708//2708 2589//2589
f 2706//2706 2589//2589 2705//2705
f 2705//2705 2589//2589 2588//2588
f 2705//2705 2588//2588 2600//2600
f 2705//2705 2600//2600 2703//2703
f 2703//2703 2600//2600 2601//2601
f 2703//2703 2601//2601 2702//2702
f 2702//2702 2601//2601 2602//2602
f 2702//2702 2602//2602 2701//2701
f 2701//2701 2602//2602 2603//2603
f 2700//2700 2701//2701 2603//2603
f 2700//2700 2603//2603 2699//2699
f 2699//2699 2603//2603 2604//2604
f 2699//2699 2604//2604 2605//2605
f 2699//2699 2605//2605 2698//2698
f 2698//2698 2605//2605 2794//2794
f 2698//2698 2794//2794 2795//2795
f 2795//2795 2794//2794 2541//2541
f 2795//2795 2541//2541 2776//2776
f 2776//2776 2541//2541 2539//2539
f 2775//2775 2776//2776 2539//2539
f 2775//2775 2539//2539 2774//2774
f 2774//2774 2539//2539 2538//2538
f 2774//2774 2538//2538 2544//2544
f 2774//2774 2544//2544 2773//2773
f 2773//2773 2544//2544 2545//2545
f 2773//2773 2545//2545 2772//2772
f 2772//2772 2545//2545 2546//2546
f 2772//2772 2546//2546 2771//2771
f 2771//2771 2546//2546 2537//2537
f 2736//2736 2771//2771 2537//2537
f 2736//2736 2537//2537 2738//2738
f 2738//2738 2537//2537 2597//2597
f 2738//2738 2597//2597 2740//2740
f 2740//2740 2597//2597 2595//2595
f 2740//2740 2595//2595 2793//2793
f 2793//2793 2595//2595 2796//2796
f 2793//2793 2796//2796 2591//2591
f 2682//2682 2684//2684 2526//2526
f 2682//2682 2526//2526 39//39
f 2682//2682 39//39 37//37
f 2682//2682 37//37 2679//2679
f 2679//2679 37//37 35//35
f 2679//2679 35//35 2680//2680
f 2680//2680 35//35 34//34
f 2680//2680 34//34 2690//2690
f 2690//2690 34//34 2479//2479
f 2677//2677 2690//2690 2479//2479
f 2677//2677 2479//2479 2675//2675
f 2675//2675 2479//2479 2522//2522
f 2675//2675 2522//2522 2673//2673
f 2673//2673 2522//2522 2520//2520
f 2673//2673 2520//2520 2797//2797
f 2797//2797 2520//2520 2798//2798
f 2797//2797 2798//2798 2513//2513
f 2797//2797 2513//2513 2645//2645
f 2645//2645 2513//2513 25//25
f 2644//2644 2645//2645 25//25
f 2644//2644 25//25 2642//2642
f 2642//2642 25//25 2511//2511
f 2642//2642 2511//2511 20//20
f 2642//2642 20//20 2639//2639
f 2639//2639 20//20 21//21
f 2639//2639 21//21 2637//2637
f 2637//2637 21//21 18//18
f 2637//2637 18//18 2640//2640
f 2640//2640 18//18 12//12
f 2640//2640 12//12 2632//2632
f 2632//2632 12//12 2635//2635
f 2526//2526 2684//2684 2686//2686
f 2526//2526 2686//2686 2528//2528
f 2528//2528 2686//2686 2799//2799
f 2528//2528 2799//2799 2800//2800
f 2800//2800 2799//2799 2689//2689
f 2800//2800 2689//2689 2532//2532
f 2532//2532 2689//2689 2635//2635
f 2532//2532 2635//2635 2525//2525
f 2525//2525 2635//2635 12//12
f 2724//2724 2801//2801 2577//2577
f 2724//2724 2577//2577 2579//2579
f 2722//2722 2724//2724 2579//2579
f 2722//2722 2579//2579 2721//2721
f 2721//2721 2579//2579 2581//2581
f 2721//2721 2581//2581 2582//2582
f 2721//2721 2582//2582 2720//2720
f 2720//2720 2582//2582 2564//2564
f 2720//2720 2564//2564 2718//2718
f 2718//2718 2564//2564 2567//2567
f 2718//2718 2567//2567 2727//2727
f 2727//2727 2567//2567 2569//2569
f 2726//2726 2727//2727 2569//2569
f 2726//2726 2569//2569 2725//2725
f 2725//2725 2569//2569 2606//2606
f 2725//2725 2606//2606 2607//2607
f 2725//2725 2607//2607 2710//2710
f 2710//2710 2607//2607 2802//2802
f 2710//2710 2802//2802 2803//2803
f 2803//2803 2802//2802 2611//2611
f 2803//2803 2611//2611 2715//2715
f 2715//2715 2611//2611 2613//2613
f 2765//2765 2715//2715 2613//2613
f 2765//2765 2613//2613 2767//2767
f 2767//2767 2613//2613 2614//2614
f 2767//2767 2614//2614 2547//2547
f 2767//2767 2547//2547 2769//2769
f 2769//2769 2547//2547 2548//2548
f 2769//2769 2548//2548 2762//2762
f 2762//2762 2548//2548 2549//2549
f 2762//2762 2549//2549 2761//2761
f 2761//2761 2549//2549 2550//2550
f 2752//2752 2761//2761 2550//2550
f 2752//2752 2550//2550 2754//2754
f 2754//2754 2550//2550 2571//2571
f 2754//2754 2571//2571 2756//2756
f 2756//2756 2571//2571 2573//2573
f 2756//2756 2573//2573 2801//2801
f 2801//2801 2573//2573 2804//2804
f 2801//2801 2804//2804 2577//2577
f 2694//2694 2695//2695 53//53
f 2694//2694 53//53 51//51
f 2694//2694 51//51 48//48
f 2694//2694 48//48 2693//2693
f 2693//2693 48//48 49//49
f 2693//2693 49//49 2692//2692
f 2692//2692 49//49 36//36
f 2692//2692 36//36 2691//2691
f 2691//2691 36//36 38//38
f 2681//2681 2691//2691 38//38
f 2681//2681 38//38 2683//2683
f 2683//2683 38//38 2527//2527
f 2683//2683 2527//2527 2685//2685
f 2685//2685 2527//2527 2529//2529
f 2685//2685 2529//2529 2805//2805
f 2805//2805 2529//2529 2806//2806
f 2805//2805 2806//2806 2533//2533
f 2805//2805 2533//2533 2636//2636
f 2636//2636 2533//2533 4//4
f 2634//2634 2636//2636 4//4
f 2634//2634 4//4 2633//2633
f 2633//2633 4//4 2//2
f 2633//2633 2//2 15//15
f 2633//2633 15//15 2631//2631
f 2631//2631 15//15 14//14
f 2631//2631 14//14 2630//2630
f 2630//2630 14//14 19//19
f 2630//2630 19//19 2629//2629
f 2629//2629 19//19 11//11
f 2629//2629 11//11 2628//2628
f 2628//2628 11//11 2627//2627
f 53//53 2695//2695 2696//2696
f 53//53 2696//2696 2478//2478
f 2478//2478 2696//2696 2807//2807
f 2478//2478 2807//2807 2808//2808
f 2808//2808 2807//2807 2626//2626
f 2808//2808 2626//2626 2534//2534
f 2534//2534 2626//2626 2627//2627
f 2534//2534 2627//2627 9//9
f 9//9 2627//2627 11//11
f 2733//2733 2809//2809 2559//2559
f 2733//2733 2559//2559 2560//2560
f 2732//2732 2733//2733 2560//2560
f 2732//2732 2560//2560 2731//2731
f 2731//2731 2560//2560 2561//2561
f 2731//2731 2561//2561 2562//2562
f 2731//2731 2562//2562 2730//2730
f 2730//2730 2562//2562 2563//2563
f 2730//2730 2563//2563 2729//2729
f 2729//2729 2563//2563 2583//2583
f 2729//2729 2583//2583 2728//2728
f 2728//2728 2583//2583 2580//2580
f 2719//2719 2728//2728 2580//2580
f 2719//2719 2580//2580 2723//2723
f 2723//2723 2580//2580 2578//2578
f 2723//2723 2578//2578 2576//2576
f 2723//2723 2576//2576 2760//2760
f 2760//2760 2576//2576 2810//2810
f 2760//2760 2810//2810 2811//2811
f 2811//2811 2810//2810 2572//2572
f 2811//2811 2572//2572 2757//2757
f 2757//2757 2572//2572 2570//2570
f 2755//2755 2757//2757 2570//2570
f 2755//2755 2570//2570 2753//2753
f 2753//2753 2570//2570 2552//2552
f 2753//2753 2552//2552 2551//2551
f 2753//2753 2551//2551 2751//2751
f 2751//2751 2551//2551 2553//2553
f 2751//2751 2553//2553 2750//2750
f 2750//2750 2553//2553 2554//2554
f 2750//2750 2554//2554 2749//2749
f 2749//2749 2554//2554 2555//2555
f 2748//2748 2749//2749 2555//2555
f 2748//2748 2555//2555 2747//2747
f 2747//2747 2555//2555 2556//2556
f 2747//2747 2556//2556 2746//2746
f 2746//2746 2556//2556 2557//2557
f 2746//2746 2557//2557 2809//2809
f 2809//2809 2557//2557 2812//2812
f 2809//2809 2812//2812 2559//2559
# 5640 faces, 0 coords texture

# End of File
